"STATION","NAME","LATITUDE","LONGITUDE","ELEVATION","DATE","AWND","AWND_ATTRIBUTES","DAPR","DAPR_ATTRIBUTES","MDPR","MDPR_ATTRIBUTES","PGTM","PGTM_ATTRIBUTES","PRCP","PRCP_ATTRIBUTES","SNOW","SNOW_ATTRIBUTES","SNWD","SNWD_ATTRIBUTES","TAVG","TAVG_ATTRIBUTES","TMAX","TMAX_ATTRIBUTES","TMIN","TMIN_ATTRIBUTES","TOBS","TOBS_ATTRIBUTES","WDF2","WDF2_ATTRIBUTES","WDF5","WDF5_ATTRIBUTES","WESD","WESD_ATTRIBUTES","WESF","WESF_ATTRIBUTES","WSF2","WSF2_ATTRIBUTES","WSF5","WSF5_ATTRIBUTES","WT01","WT01_ATTRIBUTES","WT02","WT02_ATTRIBUTES","WT03","WT03_ATTRIBUTES","WT06","WT06_ATTRIBUTES","WT08","WT08_ATTRIBUTES"
"USW00093812","CINCINNATI MUNICIPAL AIRPORT LUNKEN FIELD, OH US","39.106","-84.41609","144.8","2025-06-01","1.2",",,W",,,,,,,"0.0",",,W,2400",,,,,,,"23.9",",,W","5.6",",,W",,,"  360",",,W","  350",",,W",,,,,"6.3",",,W","8.1",",,W",,,,,,,,,,
"USW00093812","CINCINNATI MUNICIPAL AIRPORT LUNKEN FIELD, OH US","39.106","-84.41609","144.8","2025-06-02","1.0",",,W",,,,,,,"0.0",",,W,2400",,,,,,,"27.2",",,W","7.8",",,W",,,"  170",",,W","  170",",,W",,,,,"4.0",",,W","6.3",",,W","    1",",,W","    1",",,W",,,,,,
"USW00093812","CINCINNATI MUNICIPAL AIRPORT LUNKEN FIELD, OH US","39.106","-84.41609","144.8","2025-06-03","1.4",",,W",,,,,,,"0.0",",,W,2400",,,,,,,"31.7",",,W","9.4",",,W",,,"  230",",,W","  200",",,W",,,,,"6.7",",,W","9.4",",,W","    1",",,W",,,,,,,,
"USW00093812","CINCINNATI MUNICIPAL AIRPORT LUNKEN FIELD, OH US","39.106","-84.41609","144.8","2025-06-04","3.0",",,W",,,,,,,"0.0",",,W,2400",,,,,,,"31.1",",,W","16.7",",,W",,,"  190",",,W","  210",",,W",,,,,"8.9",",,W","12.5",",,W","    1",",,W",,,,,,,"    1",",,W"
"USW00093812","CINCINNATI MUNICIPAL AIRPORT LUNKEN FIELD, OH US","39.106","-84.41609","144.8","2025-06-05","0.9",",,W",,,,,,,"6.1",",,W,2400",,,,,,,"27.8",",,W","17.2",",,W",,,"  280",",,W","  260",",,W",,,,,"7.6",",,W","9.8",",,W","    1",",,W","    1",",,W","    1",",,W",,,"    1",",,W"
"USW00093812","CINCINNATI MUNICIPAL AIRPORT LUNKEN FIELD, OH US","39.106","-84.41609","144.8","2025-06-06","2.4",",,W",,,,,,,"49.8",",,W,2400",,,,,,,"30.0",",,W","19.4",",,W",,,"  200",",,W","  160",",,W",,,,,"13.9",",,W","20.1",",,W","    1",",,W","    1",",,W","    1",",,W",,,,
"USW00093812","CINCINNATI MUNICIPAL AIRPORT LUNKEN FIELD, OH US","39.106","-84.41609","144.8","2025-06-07","0.5",",,W",,,,,,,"9.1",",,W,2400",,,,,,,"26.1",",,W","20.0",",,W",,,"  170",",,W","  150",",,W",,,,,"4.0",",,W","5.4",",,W","    1",",,W",,,,,,,"    1",",,W"
"USW00093812","CINCINNATI MUNICIPAL AIRPORT LUNKEN FIELD, OH US","39.106","-84.41609","144.8","2025-06-08","2.4",",,W",,,,,,,"8.4",",,W,2400",,,,,,,"26.1",",,W","17.8",",,W",,,"  290",",,W","  290",",,W",,,,,"9.8",",,W","14.8",",,W","    1",",,W",,,,,,,,
"USW00093812","CINCINNATI MUNICIPAL AIRPORT LUNKEN FIELD, OH US","39.106","-84.41609","144.8","2025-06-09","2.6",",,W",,,,,,,"0.5",",,W,2400",,,,,,,"23.9",",,W","16.7",",,W",,,"  220",",,W","  230",",,W",,,,,"8.1",",,W","11.6",",,W","    1",",,W",,,,,,,,
"USW00093812","CINCINNATI MUNICIPAL AIRPORT LUNKEN FIELD, OH US","39.106","-84.41609","144.8","2025-06-10","1.8",",,W",,,,,,,"0.0",",,W,2400",,,,,,,"26.1",",,W","13.3",",,W",,,"  270",",,W","  240",",,W",,,,,"7.2",",,W","10.7",",,W","    1",",,W","    1",",,W",,,,,,
"USW00093812","CINCINNATI MUNICIPAL AIRPORT LUNKEN FIELD, OH US","39.106","-84.41609","144.8","2025-06-11","1.5",",,W",,,,,,,"0.0",",,W,2400",,,,,,,"28.9",",,W","12.2",",,W",,,"  230",",,W","  200",",,W",,,,,"5.8",",,W","7.6",",,W","    1",",,W","    1",",,W",,,,,,
"USW00093812","CINCINNATI MUNICIPAL AIRPORT LUNKEN FIELD, OH US","39.106","-84.41609","144.8","2025-06-12","0.7",",,W",,,,,,,"0.0",",,W,2400",,,,,,,"30.6",",,W","13.9",",,W",,,"  200",",,W","  190",",,W",,,,,"5.4",",,W","6.3",",,W","    1",",,W","    1",",,W",,,,,,
"USW00093812","CINCINNATI MUNICIPAL AIRPORT LUNKEN FIELD, OH US","39.106","-84.41609","144.8","2025-06-13","1.3",",,W",,,,,,,"6.6",",,W,2400",,,,,,,"27.2",",,W","19.4",",,W",,,"  140",",,W","  130",",,W",,,,,"4.0",",,W","5.8",",,W","    1",",,W",,,"    1",",,W",,,,
"USW00093812","CINCINNATI MUNICIPAL AIRPORT LUNKEN FIELD, OH US","39.106","-84.41609","144.8","2025-06-14","2.1",",,W",,,,,,,"2.3",",,W,2400",,,,,,,"28.9",",,W","20.0",",,W",,,"  180",",,W","  170",",,W",,,,,"6.3",",,W","7.6",",,W","    1",",,W",,,,,,,,
"USW00093812","CINCINNATI MUNICIPAL AIRPORT LUNKEN FIELD, OH US","39.106","-84.41609","144.8","2025-06-15","2.0",",,W",,,,,,,"4.1",",,W,2400",,,,,,,"29.4",",,W","20.6",",,W",,,"  350",",,W","  320",",,W",,,,,"6.3",",,W","8.9",",,W","    1",",,W",,,,,,,,
"USW00093812","CINCINNATI MUNICIPAL AIRPORT LUNKEN FIELD, OH US","39.106","-84.41609","144.8","2025-06-16","0.6",",,W",,,,,,,"8.4",",,W,2400",,,,,,,"30.0",",,W","18.9",",,W",,,"  350",",,W","  350",",,W",,,,,"4.5",",,W","5.4",",,W","    1",",,W",,,,,,,,
"USW00093812","CINCINNATI MUNICIPAL AIRPORT LUNKEN FIELD, OH US","39.106","-84.41609","144.8","2025-06-17","2.4",",,W",,,,,,,"5.8",",,W,2400",,,,,,,"27.8",",,W","20.6",",,W",,,"  250",",,W","  230",",,W",,,,,"7.2",",,W","8.5",",,W","    1",",,W",,,"    1",",,W",,,,
"USW00093812","CINCINNATI MUNICIPAL AIRPORT LUNKEN FIELD, OH US","39.106","-84.41609","144.8","2025-06-18","4.2",",,W",,,,,,,"45.0",",,W,2400",,,,,,,"31.1",",,W","20.0",",,W",,,"  250",",,W","  240",",,W",,,,,"19.7",",,W","30.4",",,W","    1",",,W",,,"    1",",,W",,,"    1",",,W"
"US1OHWR0030","MASON 4.3 SSW, OH US","39.300429","-84.329996","265.5","2025-06-06",,,,,,,,,"2.3",",,N",,,,,,,,,,,,,,,,,,,,,,,,,,,,,,,,,,
"US1OHWR0030","MASON 4.3 SSW, OH US","39.300429","-84.329996","265.5","2025-06-07",,,,,,,,,"8.6",",,N",,,,,,,,,,,,,,,,,,,,,,,,,,,,,,,,,,
"US1OHWR0030","MASON 4.3 SSW, OH US","39.300429","-84.329996","265.5","2025-06-08",,,,,,,,,"11.7",",,N",,,,,,,,,,,,,,,,,,,,,,,,,,,,,,,,,,
"US1OHWR0030","MASON 4.3 SSW, OH US","39.300429","-84.329996","265.5","2025-06-09",,,,,,,,,"1.0",",,N",,,,,,,,,,,,,,,,,,,,,,,,,,,,,,,,,,
"US1OHWR0030","MASON 4.3 SSW, OH US","39.300429","-84.329996","265.5","2025-06-14",,,,,,,,,"2.8",",,N",,,,,,,,,,,,,,,,,,,,,,,,,,,,,,,,,,
"US1OHWR0030","MASON 4.3 SSW, OH US","39.300429","-84.329996","265.5","2025-06-17",,,,,,,,,"6.9",",,N",,,,,,,,,,,,,,,,,,,,,,,,,,,,,,,,,,
"USW00093814","CINCINNATI NORTHERN KENTUCKY INTERNATIONAL AIRPORT, KY US","39.04443","-84.67241","262.4","2025-06-01","2.2",",,W",,,,,,,"0.0",",,W,2400","0.0",",,W,2400","0.0",",,W,2400",,,"21.7",",,W","6.1",",,W",,,"  330",",,W","  360",",,W",,,,,"6.7",",,W","10.7",",,W",,,,,,,,,,
"USW00093814","CINCINNATI NORTHERN KENTUCKY INTERNATIONAL AIRPORT, KY US","39.04443","-84.67241","262.4","2025-06-02","1.5",",,W",,,,,,,"0.0",",,W,2400","0.0",",,W,2400","0.0",",,W,2400",,,"26.1",",,W","7.8",",,W",,,"  350",",,W","  200",",,W",,,,,"4.5",",,W","5.8",",,W",,,,,,,,,,
"USW00093814","CINCINNATI NORTHERN KENTUCKY INTERNATIONAL AIRPORT, KY US","39.04443","-84.67241","262.4","2025-06-03","3.9",",,W",,,,,,,"0.0",",,W,2400","0.0",",,W,2400","0.0",",,W,2400",,,"30.0",",,W","14.4",",,W",,,"  190",",,W","  230",",,W",,,,,"7.6",",,W","10.7",",,W",,,,,,,,,,
"USW00093814","CINCINNATI NORTHERN KENTUCKY INTERNATIONAL AIRPORT, KY US","39.04443","-84.67241","262.4","2025-06-04","4.1",",,W",,,,,,,"0.0",",,W,2400","0.0",",,W,2400","0.0",",,W,2400",,,"29.4",",,W","18.9",",,W",,,"  180",",,W","  200",",,W",,,,,"8.1",",,W","11.6",",,W",,,,,,,,,"    1",",,W"
"USW00093814","CINCINNATI NORTHERN KENTUCKY INTERNATIONAL AIRPORT, KY US","39.04443","-84.67241","262.4","2025-06-05","2.5",",,W",,,,,,,"4.1",",,W,2400","0.0",",,W,2400","0.0",",,W,2400",,,"26.7",",,W","20.0",",,W",,,"  290",",,W","  290",",,W",,,,,"6.3",",,W","8.9",",,W","    1",",,W",,,,,,,,
"USW00093814","CINCINNATI NORTHERN KENTUCKY INTERNATIONAL AIRPORT, KY US","39.04443","-84.67241","262.4","2025-06-06","2.8",",,W",,,,,,,"4.3",",,W,2400","0.0",",,W,2400","0.0",",,W,2400",,,"27.8",",,W","18.9",",,W",,,"  300",",,W","  290",",,W",,,,,"8.1",",,W","12.5",",,W","    1",",,W",,,"    1",",,W",,,,
"USW00093814","CINCINNATI NORTHERN KENTUCKY INTERNATIONAL AIRPORT, KY US","39.04443","-84.67241","262.4","2025-06-07","1.8",",,W",,,,,,,"6.6",",,W,2400","0.0",",,W,2400","0.0",",,W,2400",,,"24.4",",,W","18.9",",,W",,,"  350",",,W","  330",",,W",,,,,"4.5",",,W","6.3",",,W","    1",",,W",,,,,,,"    1",",,W"
"USW00093814","CINCINNATI NORTHERN KENTUCKY INTERNATIONAL AIRPORT, KY US","39.04443","-84.67241","262.4","2025-06-08","3.6",",,W",,,,,,,"4.1",",,W,2400","0.0",",,W,2400","0.0",",,W,2400",,,"24.4",",,W","17.8",",,W",,,"  300",",,W","  300",",,W",,,,,"10.3",",,W","13.4",",,W","    1",",,W",,,,,,,,
"USW00093814","CINCINNATI NORTHERN KENTUCKY INTERNATIONAL AIRPORT, KY US","39.04443","-84.67241","262.4","2025-06-09","3.7",",,W",,,,,,,"0.0","T,,W,2400","0.0",",,W,2400","0.0",",,W,2400",,,"23.3",",,W","17.2",",,W",,,"  200",",,W","  190",",,W",,,,,"8.1",",,W","13.0",",,W",,,,,,,,,,
"USW00093814","CINCINNATI NORTHERN KENTUCKY INTERNATIONAL AIRPORT, KY US","39.04443","-84.67241","262.4","2025-06-10","2.5",",,W",,,,,,,"0.0",",,W,2400","0.0",",,W,2400","0.0",",,W,2400",,,"25.0",",,W","14.4",",,W",,,"  280",",,W","  230",",,W",,,,,"8.1",",,W","11.6",",,W","    1",",,W",,,,,,,,
"USW00093814","CINCINNATI NORTHERN KENTUCKY INTERNATIONAL AIRPORT, KY US","39.04443","-84.67241","262.4","2025-06-11","1.9",",,W",,,,,,,"0.0",",,W,2400","0.0",",,W,2400","0.0",",,W,2400",,,"27.2",",,W","13.9",",,W",,,"  210",",,W","  210",",,W",,,,,"5.4",",,W","7.2",",,W",,,,,,,,,,
"USW00093814","CINCINNATI NORTHERN KENTUCKY INTERNATIONAL AIRPORT, KY US","39.04443","-84.67241","262.4","2025-06-12","1.3",",,W",,,,,,,"0.0",",,W,2400","0.0",",,W,2400","0.0",",,W,2400",,,"28.9",",,W","16.1",",,W",,,"  230",",,W","  200",",,W",,,,,"4.0",",,W","5.8",",,W","    1",",,W",,,,,,,"    1",",,W"
"USW00093814","CINCINNATI NORTHERN KENTUCKY INTERNATIONAL AIRPORT, KY US","39.04443","-84.67241","262.4","2025-06-13","2.6",",,W",,,,,,,"3.8",",,W,2400","0.0",",,W,2400","0.0",",,W,2400",,,"26.7",",,W","21.1",",,W",,,"  170",",,W","  140",",,W",,,,,"5.8",",,W","7.6",",,W","    1",",,W",,,,,,,,
"USW00093814","CINCINNATI NORTHERN KENTUCKY INTERNATIONAL AIRPORT, KY US","39.04443","-84.67241","262.4","2025-06-14","2.8",",,W",,,,,,,"0.0",",,W,2400","0.0",",,W,2400","0.0",",,W,2400",,,"27.2",",,W","20.0",",,W",,,"  180",",,W","  170",",,W",,,,,"6.3",",,W","7.6",",,W",,,,,,,,,,
"USW00093814","CINCINNATI NORTHERN KENTUCKY INTERNATIONAL AIRPORT, KY US","39.04443","-84.67241","262.4","2025-06-15","3.0",",,W",,,,,,,"0.0",",,W,2400","0.0",",,W,2400","0.0",",,W,2400",,,"27.2",",,W","21.1",",,W",,,"  340",",,W","  340",",,W",,,,,"7.2",",,W","11.2",",,W","    1",",,W",,,,,,,,
"USW00093814","CINCINNATI NORTHERN KENTUCKY INTERNATIONAL AIRPORT, KY US","39.04443","-84.67241","262.4","2025-06-16","1.7",",,W",,,,,,,"0.0","T,,W,2400","0.0",",,W,2400","0.0",",,W,2400",,,"28.9",",,W","20.6",",,W",,,"  310",",,W","  350",",,W",,,,,"4.0",",,W","5.4",",,W",,,,,,,,,,
"USW00093814","CINCINNATI NORTHERN KENTUCKY INTERNATIONAL AIRPORT, KY US","39.04443","-84.67241","262.4","2025-06-17","2.9",",,W",,,,,,,"14.5",",,W,2400","0.0",",,W,2400","0.0",",,W,2400",,,"26.1",",,W","21.1",",,W",,,"  290",",,W","  300",",,W",,,,,"8.1",",,W","10.3",",,W","    1",",,W",,,"    1",",,W",,,,
"USW00093814","CINCINNATI NORTHERN KENTUCKY INTERNATIONAL AIRPORT, KY US","39.04443","-84.67241","262.4","2025-06-18","4.7",",,W",,,,,,,"21.6",",,W,2400","0.0",",,W,2400","0.0",",,W,2400",,,"30.0",",,W","19.4",",,W",,,"  270",",,W","  270",",,W",,,,,"17.4",",,W","27.7",",,W","    1",",,W",,,"    1",",,W",,,"    1",",,W"
"US1OHCM0018","WITHAMSVILLE 1.4 NW, OH US","39.07155","-84.29","279.8","2025-06-01",,,,,,,,,"0.0",",,N","0.0",",,N",,,,,,,,,,,,,,,,,,,,,,,,,,,,,,,,
"US1OHCM0018","WITHAMSVILLE 1.4 NW, OH US","39.07155","-84.29","279.8","2025-06-02",,,,,,,,,"0.0",",,N","0.0",",,N",,,,,,,,,,,,,,,,,,,,,,,,,,,,,,,,
"US1OHCM0018","WITHAMSVILLE 1.4 NW, OH US","39.07155","-84.29","279.8","2025-06-03",,,,,,,,,"0.0",",,N","0.0",",,N",,,,,,,,,,,,,,,,,,,,,,,,,,,,,,,,
"US1OHCM0018","WITHAMSVILLE 1.4 NW, OH US","39.07155","-84.29","279.8","2025-06-04",,,,,,,,,"0.0",",,N","0.0",",,N",,,,,,,,,,,,,,,,,,,,,,,,,,,,,,,,
"US1OHCM0018","WITHAMSVILLE 1.4 NW, OH US","39.07155","-84.29","279.8","2025-06-05",,,,,,,,,"0.0",",,N","0.0",",,N",,,,,,,,,,,,,,,,,,,,,,,,,,,,,,,,
"US1OHCM0018","WITHAMSVILLE 1.4 NW, OH US","39.07155","-84.29","279.8","2025-06-06",,,,,,,,,"6.4",",,N",,,,,,,,,,,,,,,,,,,,,,,,,,,,,,,,,,
"US1OHCM0018","WITHAMSVILLE 1.4 NW, OH US","39.07155","-84.29","279.8","2025-06-07",,,,,,,,,"51.1",",,N",,,,,,,,,,,,,,,,,,,,,,,,,,,,,,,,,,
"US1OHCM0018","WITHAMSVILLE 1.4 NW, OH US","39.07155","-84.29","279.8","2025-06-08",,,,,,,,,"2.8",",,N",,,,,,,,,,,,,,,,,,,,,,,,,,,,,,,,,,
"US1OHCM0018","WITHAMSVILLE 1.4 NW, OH US","39.07155","-84.29","279.8","2025-06-09",,,,,,,,,"4.6",",,N",,,,,,,,,,,,,,,,,,,,,,,,,,,,,,,,,,
"US1OHCM0018","WITHAMSVILLE 1.4 NW, OH US","39.07155","-84.29","279.8","2025-06-10",,,,,,,,,"0.8",",,N",,,,,,,,,,,,,,,,,,,,,,,,,,,,,,,,,,
"US1OHCM0018","WITHAMSVILLE 1.4 NW, OH US","39.07155","-84.29","279.8","2025-06-11",,,,,,,,,"0.0",",,N","0.0",",,N",,,,,,,,,,,,,,,,,,,,,,,,,,,,,,,,
"US1OHCM0018","WITHAMSVILLE 1.4 NW, OH US","39.07155","-84.29","279.8","2025-06-12",,,,,,,,,"0.0",",,N","0.0",",,N",,,,,,,,,,,,,,,,,,,,,,,,,,,,,,,,
"US1OHCM0018","WITHAMSVILLE 1.4 NW, OH US","39.07155","-84.29","279.8","2025-06-13",,,,,,,,,"0.0",",,N","0.0",",,N",,,,,,,,,,,,,,,,,,,,,,,,,,,,,,,,
"US1OHCM0018","WITHAMSVILLE 1.4 NW, OH US","39.07155","-84.29","279.8","2025-06-14",,,,,,,,,"6.6",",,N",,,,,,,,,,,,,,,,,,,,,,,,,,,,,,,,,,
"US1OHCM0018","WITHAMSVILLE 1.4 NW, OH US","39.07155","-84.29","279.8","2025-06-15",,,,,,,,,"0.5",",,N",,,,,,,,,,,,,,,,,,,,,,,,,,,,,,,,,,
"US1OHCM0018","WITHAMSVILLE 1.4 NW, OH US","39.07155","-84.29","279.8","2025-06-16",,,,,,,,,"4.1",",,N",,,,,,,,,,,,,,,,,,,,,,,,,,,,,,,,,,
"US1OHCM0018","WITHAMSVILLE 1.4 NW, OH US","39.07155","-84.29","279.8","2025-06-17",,,,,,,,,"2.0",",,N",,,,,,,,,,,,,,,,,,,,,,,,,,,,,,,,,,
"US1OHCM0018","WITHAMSVILLE 1.4 NW, OH US","39.07155","-84.29","279.8","2025-06-18",,,,,,,,,"2.3",",,N",,,,,,,,,,,,,,,,,,,,,,,,,,,,,,,,,,
"US1OHWR0051","MASON 2.6 SSW, OH US","39.3258427","-84.3278586","274.6","2025-06-06",,,,,,,,,"4.1",",,N",,,,,,,,,,,,,,,,,,,,,,,,,,,,,,,,,,
"US1OHWR0051","MASON 2.6 SSW, OH US","39.3258427","-84.3278586","274.6","2025-06-07",,,,,,,,,"7.9",",,N",,,,,,,,,,,,,,,,,,,,,,,,,,,,,,,,,,
"US1OHWR0051","MASON 2.6 SSW, OH US","39.3258427","-84.3278586","274.6","2025-06-08",,,,,,,,,"3.8",",,N",,,,,,,,,,,,,,,,,,,,,,,,,,,,,,,,,,
"US1OHWR0051","MASON 2.6 SSW, OH US","39.3258427","-84.3278586","274.6","2025-06-09",,,,,,,,,"5.1",",,N",,,,,,,,,,,,,,,,,,,,,,,,,,,,,,,,,,
"US1OHWR0051","MASON 2.6 SSW, OH US","39.3258427","-84.3278586","274.6","2025-06-10",,,,,,,,,"2.8",",,N",,,,,,,,,,,,,,,,,,,,,,,,,,,,,,,,,,
"US1OHWR0051","MASON 2.6 SSW, OH US","39.3258427","-84.3278586","274.6","2025-06-14",,,,,,,,,"4.3",",,N",,,,,,,,,,,,,,,,,,,,,,,,,,,,,,,,,,
"US1OHWR0051","MASON 2.6 SSW, OH US","39.3258427","-84.3278586","274.6","2025-06-17",,,,,,,,,"5.6",",,N",,,,,,,,,,,,,,,,,,,,,,,,,,,,,,,,,,
"US1OHWR0051","MASON 2.6 SSW, OH US","39.3258427","-84.3278586","274.6","2025-06-18",,,,,,,,,"1.3",",,N",,,,,,,,,,,,,,,,,,,,,,,,,,,,,,,,,,
"US1OHHM0096","NORTHBROOK 1.1 ENE, OH US","39.253901","-84.559518","251.8","2025-06-01",,,,,,,,,"0.0",",,N","0.0",",,N",,,,,,,,,,,,,,,,,,,,,,,,,,,,,,,,
"US1OHHM0096","NORTHBROOK 1.1 ENE, OH US","39.253901","-84.559518","251.8","2025-06-02",,,,,,,,,"0.0",",,N","0.0",",,N",,,,,,,,,,,,,,,,,,,,,,,,,,,,,,,,
"US1OHHM0096","NORTHBROOK 1.1 ENE, OH US","39.253901","-84.559518","251.8","2025-06-03",,,,,,,,,"0.0",",,N","0.0",",,N",,,,,,,,,,,,,,,,,,,,,,,,,,,,,,,,
"US1OHHM0096","NORTHBROOK 1.1 ENE, OH US","39.253901","-84.559518","251.8","2025-06-04",,,,,,,,,"0.0",",,N","0.0",",,N",,,,,,,,,,,,,,,,,,,,,,,,,,,,,,,,
"US1OHHM0096","NORTHBROOK 1.1 ENE, OH US","39.253901","-84.559518","251.8","2025-06-05",,,,,,,,,"0.0",",,N","0.0",",,N",,,,,,,,,,,,,,,,,,,,,,,,,,,,,,,,
"US1OHHM0096","NORTHBROOK 1.1 ENE, OH US","39.253901","-84.559518","251.8","2025-06-06",,,,,,,,,"1.5",",,N",,,,,,,,,,,,,,,,,,,,,,,,,,,,,,,,,,
"US1OHHM0096","NORTHBROOK 1.1 ENE, OH US","39.253901","-84.559518","251.8","2025-06-07",,,,,,,,,"51.6",",,N",,,,,,,,,,,,,,,,,,,,,,,,,,,,,,,,,,
"US1OHHM0096","NORTHBROOK 1.1 ENE, OH US","39.253901","-84.559518","251.8","2025-06-08",,,,,,,,,"17.8",",,N",,,,,,,,,,,,,,,,,,,,,,,,,,,,,,,,,,
"US1OHHM0096","NORTHBROOK 1.1 ENE, OH US","39.253901","-84.559518","251.8","2025-06-09",,,,,,,,,"2.3",",,N",,,,,,,,,,,,,,,,,,,,,,,,,,,,,,,,,,
"US1OHHM0096","NORTHBROOK 1.1 ENE, OH US","39.253901","-84.559518","251.8","2025-06-10",,,,,,,,,"2.3",",,N",,,,,,,,,,,,,,,,,,,,,,,,,,,,,,,,,,
"US1OHHM0096","NORTHBROOK 1.1 ENE, OH US","39.253901","-84.559518","251.8","2025-06-11",,,,,,,,,"0.0",",,N","0.0",",,N",,,,,,,,,,,,,,,,,,,,,,,,,,,,,,,,
"US1OHHM0096","NORTHBROOK 1.1 ENE, OH US","39.253901","-84.559518","251.8","2025-06-12",,,,,,,,,"0.0",",,N","0.0",",,N",,,,,,,,,,,,,,,,,,,,,,,,,,,,,,,,
"US1OHHM0096","NORTHBROOK 1.1 ENE, OH US","39.253901","-84.559518","251.8","2025-06-14",,,"    2",",,N","5.3",",,N",,,,,,,,,,,,,,,,,,,,,,,,,,,,,,,,,,,,,,
"US1OHHM0096","NORTHBROOK 1.1 ENE, OH US","39.253901","-84.559518","251.8","2025-06-15",,,,,,,,,"11.2",",,N",,,,,,,,,,,,,,,,,,,,,,,,,,,,,,,,,,
"US1OHHM0096","NORTHBROOK 1.1 ENE, OH US","39.253901","-84.559518","251.8","2025-06-16",,,,,,,,,"0.0",",,N","0.0",",,N",,,,,,,,,,,,,,,,,,,,,,,,,,,,,,,,
"US1OHHM0096","NORTHBROOK 1.1 ENE, OH US","39.253901","-84.559518","251.8","2025-06-17",,,,,,,,,"5.3",",,N",,,,,,,,,,,,,,,,,,,,,,,,,,,,,,,,,,
"US1OHHM0096","NORTHBROOK 1.1 ENE, OH US","39.253901","-84.559518","251.8","2025-06-18",,,,,,,,,"2.3",",,N",,,,,,,,,,,,,,,,,,,,,,,,,,,,,,,,,,
"US1OHHM0075","CLEVES 0.7 NNE, OH US","39.1715","-84.7446","203.3","2025-06-01",,,,,,,,,"0.0",",,N","0.0",",,N","0.0",",,N",,,,,,,,,,,,,,,,,,,,,,,,,,,,,,
"US1OHHM0075","CLEVES 0.7 NNE, OH US","39.1715","-84.7446","203.3","2025-06-02",,,,,,,,,"0.0",",,N","0.0",",,N","0.0",",,N",,,,,,,,,,,,,,,,,,,,,,,,,,,,,,
"US1OHHM0075","CLEVES 0.7 NNE, OH US","39.1715","-84.7446","203.3","2025-06-03",,,,,,,,,"0.0",",,N","0.0",",,N","0.0",",,N",,,,,,,,,,,,,,,,,,,,,,,,,,,,,,
"US1OHHM0075","CLEVES 0.7 NNE, OH US","39.1715","-84.7446","203.3","2025-06-04",,,,,,,,,"0.0",",,N","0.0",",,N","0.0",",,N",,,,,,,,,,,,,,,,,,,,,,,,,,,,,,
"US1OHHM0075","CLEVES 0.7 NNE, OH US","39.1715","-84.7446","203.3","2025-06-05",,,,,,,,,"0.0",",,N","0.0",",,N","0.0",",,N",,,,,,,,,,,,,,,,,,,,,,,,,,,,,,
"US1OHHM0075","CLEVES 0.7 NNE, OH US","39.1715","-84.7446","203.3","2025-06-06",,,,,,,,,"5.3",",,N","0.0",",,N","0.0",",,N",,,,,,,,,,,,,,,,,,,,,,,,,,,,,,
"US1OHHM0075","CLEVES 0.7 NNE, OH US","39.1715","-84.7446","203.3","2025-06-07",,,,,,,,,"17.8",",,N","0.0",",,N","0.0",",,N",,,,,,,,,,,,,,,,,,,,,,,,,,,,,,
"US1OHHM0075","CLEVES 0.7 NNE, OH US","39.1715","-84.7446","203.3","2025-06-08",,,,,,,,,"18.8",",,N","0.0",",,N","0.0",",,N",,,,,,,,,,,,,,,,,,,,,,,,,,,,,,
"US1OHHM0075","CLEVES 0.7 NNE, OH US","39.1715","-84.7446","203.3","2025-06-09",,,,,,,,,"9.1",",,N","0.0",",,N","0.0",",,N",,,,,,,,,,,,,,,,,,,,,,,,,,,,,,
"US1OHHM0075","CLEVES 0.7 NNE, OH US","39.1715","-84.7446","203.3","2025-06-10",,,,,,,,,"0.3",",,N","0.0",",,N","0.0",",,N",,,,,,,,,,,,,,,,,,,,,,,,,,,,,,
"US1OHHM0075","CLEVES 0.7 NNE, OH US","39.1715","-84.7446","203.3","2025-06-11",,,,,,,,,"0.0",",,N","0.0",",,N","0.0",",,N",,,,,,,,,,,,,,,,,,,,,,,,,,,,,,
"US1OHHM0075","CLEVES 0.7 NNE, OH US","39.1715","-84.7446","203.3","2025-06-12",,,,,,,,,"0.0",",,N","0.0",",,N","0.0",",,N",,,,,,,,,,,,,,,,,,,,,,,,,,,,,,
"US1OHHM0075","CLEVES 0.7 NNE, OH US","39.1715","-84.7446","203.3","2025-06-13",,,,,,,,,"0.0",",,N","0.0",",,N","0.0",",,N",,,,,,,,,,,,,,,,,,,,,,,,,,,,,,
"US1OHHM0075","CLEVES 0.7 NNE, OH US","39.1715","-84.7446","203.3","2025-06-14",,,,,,,,,"5.6",",,N","0.0",",,N","0.0",",,N",,,,,,,,,,,,,,,,,,,,,,,,,,,,,,
"US1OHHM0075","CLEVES 0.7 NNE, OH US","39.1715","-84.7446","203.3","2025-06-15",,,,,,,,,"2.0",",,N","0.0",",,N","0.0",",,N",,,,,,,,,,,,,,,,,,,,,,,,,,,,,,
"US1OHHM0075","CLEVES 0.7 NNE, OH US","39.1715","-84.7446","203.3","2025-06-16",,,,,,,,,"0.0",",,N","0.0",",,N","0.0",",,N",,,,,,,,,,,,,,,,,,,,,,,,,,,,,,
"US1OHHM0075","CLEVES 0.7 NNE, OH US","39.1715","-84.7446","203.3","2025-06-17",,,,,,,,,"0.5",",,N","0.0",",,N","0.0",",,N",,,,,,,,,,,,,,,,,,,,,,,,,,,,,,
"US1OHHM0075","CLEVES 0.7 NNE, OH US","39.1715","-84.7446","203.3","2025-06-18",,,,,,,,,"2.5",",,N","0.0",",,N","0.0",",,N",,,,,,,,,,,,,,,,,,,,,,,,,,,,,,
"US1OHBT0037","BECKETT RIDGE 3.3 ESE, OH US","39.326599","-84.3797077","260.0","2025-06-01",,,,,,,,,"0.0",",,N","0.0",",,N",,,,,,,,,,,,,,,,,,,,,,,,,,,,,,,,
"US1OHBT0037","BECKETT RIDGE 3.3 ESE, OH US","39.326599","-84.3797077","260.0","2025-06-02",,,,,,,,,"0.0",",,N","0.0",",,N",,,,,,,,,,,,,,,,,,,,,,,,,,,,,,,,
"US1OHBT0037","BECKETT RIDGE 3.3 ESE, OH US","39.326599","-84.3797077","260.0","2025-06-03",,,,,,,,,"0.0",",,N","0.0",",,N",,,,,,,,,,,,,,,,,,,,,,,,,,,,,,,,
"US1OHBT0037","BECKETT RIDGE 3.3 ESE, OH US","39.326599","-84.3797077","260.0","2025-06-04",,,,,,,,,"0.0",",,N","0.0",",,N",,,,,,,,,,,,,,,,,,,,,,,,,,,,,,,,
"US1OHBT0037","BECKETT RIDGE 3.3 ESE, OH US","39.326599","-84.3797077","260.0","2025-06-05",,,,,,,,,"0.0",",,N","0.0",",,N",,,,,,,,,,,,,,,,,,,,,,,,,,,,,,,,
"US1OHBT0037","BECKETT RIDGE 3.3 ESE, OH US","39.326599","-84.3797077","260.0","2025-06-06",,,,,,,,,"3.6",",,N",,,,,,,,,,,,,,,,,,,,,,,,,,,,,,,,,,
"US1OHBT0037","BECKETT RIDGE 3.3 ESE, OH US","39.326599","-84.3797077","260.0","2025-06-07",,,,,,,,,"6.1",",,N",,,,,,,,,,,,,,,,,,,,,,,,,,,,,,,,,,
"US1OHBT0037","BECKETT RIDGE 3.3 ESE, OH US","39.326599","-84.3797077","260.0","2025-06-09",,,"    2",",,N","10.4",",,N",,,,,,,,,,,,,,,,,,,,,,,,,,,,,,,,,,,,,,
"US1OHBT0037","BECKETT RIDGE 3.3 ESE, OH US","39.326599","-84.3797077","260.0","2025-06-10",,,,,,,,,"2.8",",,N",,,,,,,,,,,,,,,,,,,,,,,,,,,,,,,,,,
"US1OHBT0037","BECKETT RIDGE 3.3 ESE, OH US","39.326599","-84.3797077","260.0","2025-06-11",,,,,,,,,"0.0",",,N","0.0",",,N",,,,,,,,,,,,,,,,,,,,,,,,,,,,,,,,
"US1OHBT0037","BECKETT RIDGE 3.3 ESE, OH US","39.326599","-84.3797077","260.0","2025-06-12",,,,,,,,,"0.0",",,N","0.0",",,N",,,,,,,,,,,,,,,,,,,,,,,,,,,,,,,,
"US1OHBT0037","BECKETT RIDGE 3.3 ESE, OH US","39.326599","-84.3797077","260.0","2025-06-13",,,,,,,,,"0.0",",,N","0.0",",,N",,,,,,,,,,,,,,,,,,,,,,,,,,,,,,,,
"US1OHBT0037","BECKETT RIDGE 3.3 ESE, OH US","39.326599","-84.3797077","260.0","2025-06-14",,,,,,,,,"8.1",",,N",,,,,,,,,,,,,,,,,,,,,,,,,,,,,,,,,,
"US1OHBT0037","BECKETT RIDGE 3.3 ESE, OH US","39.326599","-84.3797077","260.0","2025-06-15",,,,,,,,,"0.3",",,N",,,,,,,,,,,,,,,,,,,,,,,,,,,,,,,,,,
"US1OHBT0037","BECKETT RIDGE 3.3 ESE, OH US","39.326599","-84.3797077","260.0","2025-06-16",,,,,,,,,"0.0",",,N","0.0",",,N",,,,,,,,,,,,,,,,,,,,,,,,,,,,,,,,
"US1OHBT0037","BECKETT RIDGE 3.3 ESE, OH US","39.326599","-84.3797077","260.0","2025-06-17",,,,,,,,,"2.5",",,N",,,,,,,,,,,,,,,,,,,,,,,,,,,,,,,,,,
"US1OHBT0037","BECKETT RIDGE 3.3 ESE, OH US","39.326599","-84.3797077","260.0","2025-06-18",,,,,,,,,"0.8",",,N",,,,,,,,,,,,,,,,,,,,,,,,,,,,,,,,,,
"US1OHHM0094","SILVERTON 0.2 NE, OH US","39.1912","-84.3982","251.2","2025-06-01",,,,,,,,,"0.0","T,,N",,,,,,,,,,,,,,,,,,,,,,,,,,,,,,,,,,
"US1OHHM0094","SILVERTON 0.2 NE, OH US","39.1912","-84.3982","251.2","2025-06-02",,,,,,,,,"0.0","T,,N",,,,,,,,,,,,,,,,,,,,,,,,,,,,,,,,,,
"US1OHHM0094","SILVERTON 0.2 NE, OH US","39.1912","-84.3982","251.2","2025-06-03",,,,,,,,,"0.0",",,N","0.0",",,N",,,,,,,,,,,,,,,,,,,,,,,,,,,,,,,,
"US1OHHM0094","SILVERTON 0.2 NE, OH US","39.1912","-84.3982","251.2","2025-06-05",,,,,,,,,"0.0",",,N","0.0",",,N",,,,,,,,,,,,,,,,,,,,,,,,,,,,,,,,
"US1OHHM0094","SILVERTON 0.2 NE, OH US","39.1912","-84.3982","251.2","2025-06-06",,,,,,,,,"3.8",",,N",,,,,,,,,,,,,,,,,,,,,,,,,,,,,,,,,,
"US1OHHM0094","SILVERTON 0.2 NE, OH US","39.1912","-84.3982","251.2","2025-06-07",,,,,,,,,"27.9",",,N",,,,,,,,,,,,,,,,,,,,,,,,,,,,,,,,,,
"US1OHHM0094","SILVERTON 0.2 NE, OH US","39.1912","-84.3982","251.2","2025-06-08",,,,,,,,,"11.7",",,N",,,,,,,,,,,,,,,,,,,,,,,,,,,,,,,,,,
"US1OHHM0094","SILVERTON 0.2 NE, OH US","39.1912","-84.3982","251.2","2025-06-09",,,,,,,,,"8.4",",,N",,,,,,,,,,,,,,,,,,,,,,,,,,,,,,,,,,
"US1OHHM0094","SILVERTON 0.2 NE, OH US","39.1912","-84.3982","251.2","2025-06-10",,,,,,,,,"0.5",",,N",,,,,,,,,,,,,,,,,,,,,,,,,,,,,,,,,,
"US1OHHM0094","SILVERTON 0.2 NE, OH US","39.1912","-84.3982","251.2","2025-06-11",,,,,,,,,"0.0",",,N","0.0",",,N",,,,,,,,,,,,,,,,,,,,,,,,,,,,,,,,
"US1OHHM0094","SILVERTON 0.2 NE, OH US","39.1912","-84.3982","251.2","2025-06-12",,,,,,,,,"0.0",",,N","0.0",",,N",,,,,,,,,,,,,,,,,,,,,,,,,,,,,,,,
"US1OHHM0094","SILVERTON 0.2 NE, OH US","39.1912","-84.3982","251.2","2025-06-13",,,,,,,,,"0.0",",,N","0.0",",,N",,,,,,,,,,,,,,,,,,,,,,,,,,,,,,,,
"US1OHHM0094","SILVERTON 0.2 NE, OH US","39.1912","-84.3982","251.2","2025-06-14",,,,,,,,,"5.6",",,N",,,,,,,,,,,,,,,,,,,,,,,,,,,,,,,,,,
"US1OHHM0094","SILVERTON 0.2 NE, OH US","39.1912","-84.3982","251.2","2025-06-15",,,,,,,,,"1.5",",,N",,,,,,,,,,,,,,,,,,,,,,,,,,,,,,,,,,
"US1OHHM0094","SILVERTON 0.2 NE, OH US","39.1912","-84.3982","251.2","2025-06-16",,,,,,,,,"0.0","T,,N",,,,,,,,,,,,,,,,,,,,,,,,,,,,,,,,,,
"US1OHHM0094","SILVERTON 0.2 NE, OH US","39.1912","-84.3982","251.2","2025-06-17",,,,,,,,,"11.9",",,N",,,,,,,,,,,,,,,,,,,,,,,,,,,,,,,,,,
"US1OHHM0094","SILVERTON 0.2 NE, OH US","39.1912","-84.3982","251.2","2025-06-18",,,,,,,,,"3.8",",,N",,,,,,,,,,,,,,,,,,,,,,,,,,,,,,,,,,
"US1OHCM0032","MOUNT CARMEL 0.5 WNW, OH US","39.1002973","-84.3066885","262.1","2025-06-01",,,,,,,,,"0.0",",,N","0.0",",,N",,,,,,,,,,,,,,,,,,,,,,,,,,,,,,,,
"US1OHCM0032","MOUNT CARMEL 0.5 WNW, OH US","39.1002973","-84.3066885","262.1","2025-06-02",,,,,,,,,"0.0",",,N","0.0",",,N",,,,,,,,,,,,,,,,,,,,,,,,,,,,,,,,
"US1OHCM0032","MOUNT CARMEL 0.5 WNW, OH US","39.1002973","-84.3066885","262.1","2025-06-03",,,,,,,,,"0.0",",,N","0.0",",,N",,,,,,,,,,,,,,,,,,,,,,,,,,,,,,,,
"US1OHCM0032","MOUNT CARMEL 0.5 WNW, OH US","39.1002973","-84.3066885","262.1","2025-06-04",,,,,,,,,"0.0",",,N","0.0",",,N",,,,,,,,,,,,,,,,,,,,,,,,,,,,,,,,
"US1OHCM0032","MOUNT CARMEL 0.5 WNW, OH US","39.1002973","-84.3066885","262.1","2025-06-05",,,,,,,,,"0.0",",,N","0.0",",,N",,,,,,,,,,,,,,,,,,,,,,,,,,,,,,,,
"US1OHCM0032","MOUNT CARMEL 0.5 WNW, OH US","39.1002973","-84.3066885","262.1","2025-06-06",,,,,,,,,"10.2",",,N",,,,,,,,,,,,,,,,,,,,,,,,,,,,,,,,,,
"US1OHCM0032","MOUNT CARMEL 0.5 WNW, OH US","39.1002973","-84.3066885","262.1","2025-06-07",,,,,,,,,"42.2",",,N",,,,,,,,,,,,,,,,,,,,,,,,,,,,,,,,,,
"US1OHCM0032","MOUNT CARMEL 0.5 WNW, OH US","39.1002973","-84.3066885","262.1","2025-06-08",,,,,,,,,"2.8",",,N",,,,,,,,,,,,,,,,,,,,,,,,,,,,,,,,,,
"US1OHCM0032","MOUNT CARMEL 0.5 WNW, OH US","39.1002973","-84.3066885","262.1","2025-06-09",,,,,,,,,"8.1",",,N",,,,,,,,,,,,,,,,,,,,,,,,,,,,,,,,,,
"US1OHCM0032","MOUNT CARMEL 0.5 WNW, OH US","39.1002973","-84.3066885","262.1","2025-06-10",,,,,,,,,"0.8",",,N",,,,,,,,,,,,,,,,,,,,,,,,,,,,,,,,,,
"US1OHCM0032","MOUNT CARMEL 0.5 WNW, OH US","39.1002973","-84.3066885","262.1","2025-06-11",,,,,,,,,"0.0",",,N","0.0",",,N",,,,,,,,,,,,,,,,,,,,,,,,,,,,,,,,
"US1OHCM0032","MOUNT CARMEL 0.5 WNW, OH US","39.1002973","-84.3066885","262.1","2025-06-12",,,,,,,,,"0.0",",,N","0.0",",,N",,,,,,,,,,,,,,,,,,,,,,,,,,,,,,,,
"US1OHCM0032","MOUNT CARMEL 0.5 WNW, OH US","39.1002973","-84.3066885","262.1","2025-06-13",,,,,,,,,"0.0",",,N","0.0",",,N",,,,,,,,,,,,,,,,,,,,,,,,,,,,,,,,
"US1OHCM0032","MOUNT CARMEL 0.5 WNW, OH US","39.1002973","-84.3066885","262.1","2025-06-14",,,,,,,,,"4.6",",,N",,,,,,,,,,,,,,,,,,,,,,,,,,,,,,,,,,
"US1OHCM0032","MOUNT CARMEL 0.5 WNW, OH US","39.1002973","-84.3066885","262.1","2025-06-15",,,,,,,,,"0.5",",,N",,,,,,,,,,,,,,,,,,,,,,,,,,,,,,,,,,
"US1OHCM0032","MOUNT CARMEL 0.5 WNW, OH US","39.1002973","-84.3066885","262.1","2025-06-16",,,,,,,,,"1.8",",,N",,,,,,,,,,,,,,,,,,,,,,,,,,,,,,,,,,
"US1OHCM0032","MOUNT CARMEL 0.5 WNW, OH US","39.1002973","-84.3066885","262.1","2025-06-17",,,,,,,,,"1.8",",,N",,,,,,,,,,,,,,,,,,,,,,,,,,,,,,,,,,
"US1OHCM0032","MOUNT CARMEL 0.5 WNW, OH US","39.1002973","-84.3066885","262.1","2025-06-18",,,,,,,,,"0.8",",,N",,,,,,,,,,,,,,,,,,,,,,,,,,,,,,,,,,
"USW00053855","HAMILTON BUTLER CO REGIONAL AIRPORT, OH US","39.36119","-84.52063","184.7","2025-06-01","1.3",",,W",,,,,,,"0.0",",,W",,,,,,,"22.2",",,W","5.0",",,W",,,"  330",",,W","   10",",,W",,,,,"5.8",",,W","7.6",",,W",,,,,,,,,,
"USW00053855","HAMILTON BUTLER CO REGIONAL AIRPORT, OH US","39.36119","-84.52063","184.7","2025-06-02","0.5",",,W",,,,,,,"0.0",",,W",,,,,,,"26.7",",,W","5.6",",,W",,,"  350",",,W","  300",",,W",,,,,"4.0",",,W","6.3",",,W","    1",",,W",,,,,,,"    1",",,W"
"USW00053855","HAMILTON BUTLER CO REGIONAL AIRPORT, OH US","39.36119","-84.52063","184.7","2025-06-03","0.9",",,W",,,,,,,"0.0",",,W",,,,,,,"31.1",",,W","10.0",",,W",,,"  200",",,W","  190",",,W",,,,,"4.0",",,W","8.1",",,W",,,,,,,,,,
"USW00053855","HAMILTON BUTLER CO REGIONAL AIRPORT, OH US","39.36119","-84.52063","184.7","2025-06-04","1.0",",,W",,,,,,,"0.0",",,W",,,,,,,"30.0",",,W","18.3",",,W",,,"  200",",,W","  230",",,W",,,,,"4.5",",,W","10.3",",,W",,,,,,,,,,
"USW00053855","HAMILTON BUTLER CO REGIONAL AIRPORT, OH US","39.36119","-84.52063","184.7","2025-06-05","0.3",",,W",,,,,,,"6.9",",,W",,,,,,,"26.7",",,W","17.2",",,W",,,"  300",",,W","  270",",,W",,,,,"6.3",",,W","10.3",",,W","    1",",,W",,,"    1",",,W",,,"    1",",,W"
"USW00053855","HAMILTON BUTLER CO REGIONAL AIRPORT, OH US","39.36119","-84.52063","184.7","2025-06-06","0.8",",,W",,,,,,,"17.3",",,W",,,,,,,"28.3",",,W","18.9",",,W",,,"  290",",,W","  240",",,W",,,,,"5.4",",,W","9.4",",,W","    1",",,W","    1",",,W","    1",",,W",,,,
"USW00053855","HAMILTON BUTLER CO REGIONAL AIRPORT, OH US","39.36119","-84.52063","184.7","2025-06-07","0.9",",,W",,,,,,,"1.3",",,W",,,,,,,"25.0",",,W","19.4",",,W",,,"   50",",,W","  150",",,W",,,,,"3.1",",,W","11.6",",,W","    1",",,W",,,,,,,"    1",",,W"
"USW00053855","HAMILTON BUTLER CO REGIONAL AIRPORT, OH US","39.36119","-84.52063","184.7","2025-06-08","1.2",",,W",,,,,,,"10.2",",,W",,,,,,,"25.6",",,W","16.7",",,W",,,"  290",",,W","  300",",,W",,,,,"7.2",",,W","11.6",",,W","    1",",,W",,,,,,,,
"USW00053855","HAMILTON BUTLER CO REGIONAL AIRPORT, OH US","39.36119","-84.52063","184.7","2025-06-09","0.9",",,W",,,,,,,"1.5",",,W",,,,,,,"23.9",",,W","15.0",",,W",,,"  170",",,W","  190",",,W",,,,,"4.0",",,W","9.8",",,W","    1",",,W",,,,,,,,
"USW00053855","HAMILTON BUTLER CO REGIONAL AIRPORT, OH US","39.36119","-84.52063","184.7","2025-06-10","0.9",",,W",,,,,,,"0.0",",,W",,,,,,,"24.4",",,W","12.8",",,W",,,"  300",",,W","  290",",,W",,,,,"6.3",",,W","9.8",",,W","    1",",,W",,,,,,,,
"USW00053855","HAMILTON BUTLER CO REGIONAL AIRPORT, OH US","39.36119","-84.52063","184.7","2025-06-11","0.5",",,W",,,,,,,"0.0",",,W",,,,,,,"28.3",",,W","11.1",",,W",,,"  290",",,W","  180",",,W",,,,,"3.6",",,W","6.3",",,W","    1",",,W",,,,,,,,
"USW00053855","HAMILTON BUTLER CO REGIONAL AIRPORT, OH US","39.36119","-84.52063","184.7","2025-06-12","0.3",",,W",,,,,,,"0.0",",,W",,,,,,,"29.4",",,W","13.9",",,W",,,"  300",",,W","  270",",,W",,,,,"3.1",",,W","4.5",",,W","    1",",,W",,,,,,,,
"USW00053855","HAMILTON BUTLER CO REGIONAL AIRPORT, OH US","39.36119","-84.52063","184.7","2025-06-13","0.6",",,W",,,,,,,"21.8",",,W",,,,,,,"27.8",",,W","18.9",",,W",,,"  300",",,W","  290",",,W",,,,,"5.4",",,W","6.3",",,W","    1",",,W",,,"    1",",,W",,,"    1",",,W"
"USW00053855","HAMILTON BUTLER CO REGIONAL AIRPORT, OH US","39.36119","-84.52063","184.7","2025-06-14","0.9",",,W",,,,,,,"5.3",",,W",,,,,,,"28.9",",,W","21.1",",,W",,,"   50",",,W","  190",",,W",,,,,"3.6",",,W","5.8",",,W","    1",",,W",,,"    1",",,W",,,,
"USW00053855","HAMILTON BUTLER CO REGIONAL AIRPORT, OH US","39.36119","-84.52063","184.7","2025-06-15","2.2",",,W",,,,,,,"0.0","T,,W",,,,,,,"27.8",",,W","20.6",",,W",,,"   20",",,W","   20",",,W",,,,,"5.8",",,W","7.6",",,W","    1",",,W",,,"    1",",,W",,,"    1",",,W"
"USW00053855","HAMILTON BUTLER CO REGIONAL AIRPORT, OH US","39.36119","-84.52063","184.7","2025-06-16","0.3",",,W",,,,,,,"0.0","T,,W",,,,,,,"28.3",",,W","18.3",",,W",,,"  350",",,W","  360",",,W",,,,,"3.6",",,W","4.9",",,W","    1",",,W",,,,,,,,
"USW00053855","HAMILTON BUTLER CO REGIONAL AIRPORT, OH US","39.36119","-84.52063","184.7","2025-06-17","0.3",",,W",,,,,,,"12.4",",,W",,,,,,,"26.1",",,W","21.1",",,W",,,"  200",",,W","  200",",,W",,,,,"3.1",",,W","7.2",",,W","    1",",,W",,,"    1",",,W",,,,
"USW00053855","HAMILTON BUTLER CO REGIONAL AIRPORT, OH US","39.36119","-84.52063","184.7","2025-06-18","0.9",",,W",,,,,,,"16.3",",,W",,,,,,,"31.1",",,W","19.4",",,W",,,"  250",",,W","  240",",,W",,,,,"6.3",",,W","15.2",",,W","    1",",,W","    1",",,W","    1",",,W",,,,
"US1OHHM0092","SHERWOOD 1.2 W, OH US","39.084208","-84.38374","227.7","2025-06-01",,,,,,,,,"0.5",",,N",,,,,,,,,,,,,,,,,,,,,,,,,,,,,,,,,,
"US1OHHM0092","SHERWOOD 1.2 W, OH US","39.084208","-84.38374","227.7","2025-06-02",,,,,,,,,"0.0",",,N","0.0",",,N",,,,,,,,,,,,,,,,,,,,,,,,,,,,,,,,
"US1OHHM0092","SHERWOOD 1.2 W, OH US","39.084208","-84.38374","227.7","2025-06-03",,,,,,,,,"0.0",",,N","0.0",",,N",,,,,,,,,,,,,,,,,,,,,,,,,,,,,,,,
"US1OHHM0092","SHERWOOD 1.2 W, OH US","39.084208","-84.38374","227.7","2025-06-05",,,,,,,,,"0.0",",,N","0.0",",,N",,,,,,,,,,,,,,,,,,,,,,,,,,,,,,,,
"US1OHHM0092","SHERWOOD 1.2 W, OH US","39.084208","-84.38374","227.7","2025-06-06",,,,,,,,,"5.6",",,N",,,,,,,,,,,,,,,,,,,,,,,,,,,,,,,,,,
"US1OHHM0092","SHERWOOD 1.2 W, OH US","39.084208","-84.38374","227.7","2025-06-07",,,,,,,,,"41.4",",,N",,,,,,,,,,,,,,,,,,,,,,,,,,,,,,,,,,
"US1OHHM0092","SHERWOOD 1.2 W, OH US","39.084208","-84.38374","227.7","2025-06-08",,,,,,,,,"4.8",",,N",,,,,,,,,,,,,,,,,,,,,,,,,,,,,,,,,,
"US1OHHM0092","SHERWOOD 1.2 W, OH US","39.084208","-84.38374","227.7","2025-06-09",,,,,,,,,"0.5",",,N",,,,,,,,,,,,,,,,,,,,,,,,,,,,,,,,,,
"US1OHHM0092","SHERWOOD 1.2 W, OH US","39.084208","-84.38374","227.7","2025-06-10",,,,,,,,,"0.8",",,N",,,,,,,,,,,,,,,,,,,,,,,,,,,,,,,,,,
"US1OHHM0092","SHERWOOD 1.2 W, OH US","39.084208","-84.38374","227.7","2025-06-12",,,,,,,,,"0.0",",,N","0.0",",,N",,,,,,,,,,,,,,,,,,,,,,,,,,,,,,,,
"US1OHHM0092","SHERWOOD 1.2 W, OH US","39.084208","-84.38374","227.7","2025-06-13",,,,,,,,,"0.0",",,N","0.0",",,N",,,,,,,,,,,,,,,,,,,,,,,,,,,,,,,,
"US1OHHM0092","SHERWOOD 1.2 W, OH US","39.084208","-84.38374","227.7","2025-06-14",,,,,,,,,"6.9",",,N",,,,,,,,,,,,,,,,,,,,,,,,,,,,,,,,,,
"US1OHHM0092","SHERWOOD 1.2 W, OH US","39.084208","-84.38374","227.7","2025-06-15",,,,,,,,,"0.0","T,,N",,,,,,,,,,,,,,,,,,,,,,,,,,,,,,,,,,
"US1OHHM0092","SHERWOOD 1.2 W, OH US","39.084208","-84.38374","227.7","2025-06-17",,,,,,,,,"3.3",",,N",,,,,,,,,,,,,,,,,,,,,,,,,,,,,,,,,,
"US1OHHM0092","SHERWOOD 1.2 W, OH US","39.084208","-84.38374","227.7","2025-06-18",,,,,,,,,"1.3",",,N",,,,,,,,,,,,,,,,,,,,,,,,,,,,,,,,,,
"US1OHHM0071","CINCINNATI 3.0 ENE, OH US","39.149955","-84.451206","198.1","2025-06-02",,,,,,,,,"0.0",",,N","0.0",",,N",,,,,,,,,,,,,,,,,,,,,,,,,,,,,,,,
"US1OHHM0071","CINCINNATI 3.0 ENE, OH US","39.149955","-84.451206","198.1","2025-06-03",,,,,,,,,"0.0",",,N","0.0",",,N",,,,,,,,,,,,,,,,,,,,,,,,,,,,,,,,
"US1OHHM0071","CINCINNATI 3.0 ENE, OH US","39.149955","-84.451206","198.1","2025-06-04",,,,,,,,,"0.0",",,N","0.0",",,N",,,,,,,,,,,,,,,,,,,,,,,,,,,,,,,,
"US1OHHM0071","CINCINNATI 3.0 ENE, OH US","39.149955","-84.451206","198.1","2025-06-05",,,,,,,,,"0.0",",,N","0.0",",,N",,,,,,,,,,,,,,,,,,,,,,,,,,,,,,,,
"US1OHHM0071","CINCINNATI 3.0 ENE, OH US","39.149955","-84.451206","198.1","2025-06-06",,,,,,,,,"3.0",",,N",,,,,,,,,,,,,,,,,,,,,,,,,,,,,,,,,,
"US1OHHM0071","CINCINNATI 3.0 ENE, OH US","39.149955","-84.451206","198.1","2025-06-07",,,,,,,,,"41.7",",,N",,,,,,,,,,,,,,,,,,,,,,,,,,,,,,,,,,
"US1OHHM0071","CINCINNATI 3.0 ENE, OH US","39.149955","-84.451206","198.1","2025-06-08",,,,,,,,,"18.5",",,N",,,,,,,,,,,,,,,,,,,,,,,,,,,,,,,,,,
"US1OHHM0071","CINCINNATI 3.0 ENE, OH US","39.149955","-84.451206","198.1","2025-06-09",,,,,,,,,"8.6",",,N",,,,,,,,,,,,,,,,,,,,,,,,,,,,,,,,,,
"US1OHHM0071","CINCINNATI 3.0 ENE, OH US","39.149955","-84.451206","198.1","2025-06-10",,,,,,,,,"0.5",",,N",,,,,,,,,,,,,,,,,,,,,,,,,,,,,,,,,,
"US1OHHM0071","CINCINNATI 3.0 ENE, OH US","39.149955","-84.451206","198.1","2025-06-11",,,,,,,,,"0.0",",,N","0.0",",,N",,,,,,,,,,,,,,,,,,,,,,,,,,,,,,,,
"US1OHHM0071","CINCINNATI 3.0 ENE, OH US","39.149955","-84.451206","198.1","2025-06-12",,,,,,,,,"0.0",",,N","0.0",",,N",,,,,,,,,,,,,,,,,,,,,,,,,,,,,,,,
"US1OHHM0071","CINCINNATI 3.0 ENE, OH US","39.149955","-84.451206","198.1","2025-06-13",,,,,,,,,"0.0",",,N","0.0",",,N",,,,,,,,,,,,,,,,,,,,,,,,,,,,,,,,
"US1OHHM0071","CINCINNATI 3.0 ENE, OH US","39.149955","-84.451206","198.1","2025-06-14",,,,,,,,,"4.8",",,N",,,,,,,,,,,,,,,,,,,,,,,,,,,,,,,,,,
"US1OHHM0071","CINCINNATI 3.0 ENE, OH US","39.149955","-84.451206","198.1","2025-06-15",,,,,,,,,"0.0",",,N","0.0",",,N",,,,,,,,,,,,,,,,,,,,,,,,,,,,,,,,
"US1OHHM0071","CINCINNATI 3.0 ENE, OH US","39.149955","-84.451206","198.1","2025-06-16",,,,,,,,,"0.0",",,N","0.0",",,N",,,,,,,,,,,,,,,,,,,,,,,,,,,,,,,,
"US1OHHM0071","CINCINNATI 3.0 ENE, OH US","39.149955","-84.451206","198.1","2025-06-17",,,,,,,,,"19.8",",,N",,,,,,,,,,,,,,,,,,,,,,,,,,,,,,,,,,
"US1OHHM0071","CINCINNATI 3.0 ENE, OH US","39.149955","-84.451206","198.1","2025-06-18",,,,,,,,,"2.0",",,N",,,,,,,,,,,,,,,,,,,,,,,,,,,,,,,,,,
"US1KYKN0027","INDEPENDENCE 2.2 W, KY US","38.95982","-84.58806","267.3","2025-06-01",,,,,,,,,"0.0",",,N","0.0",",,N",,,,,,,,,,,,,,,,,,,,,,,,,,,,,,,,
"US1KYKN0027","INDEPENDENCE 2.2 W, KY US","38.95982","-84.58806","267.3","2025-06-02",,,,,,,,,"0.0",",,N","0.0",",,N",,,,,,,,,,,,,,,,,,,,,,,,,,,,,,,,
"US1KYKN0027","INDEPENDENCE 2.2 W, KY US","38.95982","-84.58806","267.3","2025-06-03",,,,,,,,,"0.0",",,N","0.0",",,N",,,,,,,,,,,,,,,,,,,,,,,,,,,,,,,,
"US1KYKN0027","INDEPENDENCE 2.2 W, KY US","38.95982","-84.58806","267.3","2025-06-04",,,,,,,,,"0.0",",,N","0.0",",,N",,,,,,,,,,,,,,,,,,,,,,,,,,,,,,,,
"US1KYKN0027","INDEPENDENCE 2.2 W, KY US","38.95982","-84.58806","267.3","2025-06-05",,,,,,,,,"0.0",",,N","0.0",",,N",,,,,,,,,,,,,,,,,,,,,,,,,,,,,,,,
"US1KYKN0027","INDEPENDENCE 2.2 W, KY US","38.95982","-84.58806","267.3","2025-06-06",,,,,,,,,"1.5",",,N",,,,,,,,,,,,,,,,,,,,,,,,,,,,,,,,,,
"US1KYKN0027","INDEPENDENCE 2.2 W, KY US","38.95982","-84.58806","267.3","2025-06-07",,,,,,,,,"4.1",",,N",,,,,,,,,,,,,,,,,,,,,,,,,,,,,,,,,,
"US1KYKN0027","INDEPENDENCE 2.2 W, KY US","38.95982","-84.58806","267.3","2025-06-08",,,,,,,,,"10.4",",,N",,,,,,,,,,,,,,,,,,,,,,,,,,,,,,,,,,
"US1KYKN0027","INDEPENDENCE 2.2 W, KY US","38.95982","-84.58806","267.3","2025-06-09",,,,,,,,,"3.6",",,N",,,,,,,,,,,,,,,,,,,,,,,,,,,,,,,,,,
"US1KYKN0027","INDEPENDENCE 2.2 W, KY US","38.95982","-84.58806","267.3","2025-06-10",,,,,,,,,"2.8",",,N",,,,,,,,,,,,,,,,,,,,,,,,,,,,,,,,,,
"US1KYKN0027","INDEPENDENCE 2.2 W, KY US","38.95982","-84.58806","267.3","2025-06-11",,,,,,,,,"0.0",",,N","0.0",",,N",,,,,,,,,,,,,,,,,,,,,,,,,,,,,,,,
"US1KYKN0027","INDEPENDENCE 2.2 W, KY US","38.95982","-84.58806","267.3","2025-06-12",,,,,,,,,"0.0",",,N","0.0",",,N",,,,,,,,,,,,,,,,,,,,,,,,,,,,,,,,
"US1KYKN0027","INDEPENDENCE 2.2 W, KY US","38.95982","-84.58806","267.3","2025-06-13",,,,,,,,,"0.0",",,N","0.0",",,N",,,,,,,,,,,,,,,,,,,,,,,,,,,,,,,,
"US1KYKN0027","INDEPENDENCE 2.2 W, KY US","38.95982","-84.58806","267.3","2025-06-14",,,,,,,,,"27.4",",,N",,,,,,,,,,,,,,,,,,,,,,,,,,,,,,,,,,
"US1KYKN0027","INDEPENDENCE 2.2 W, KY US","38.95982","-84.58806","267.3","2025-06-15",,,,,,,,,"4.8",",,N",,,,,,,,,,,,,,,,,,,,,,,,,,,,,,,,,,
"US1KYKN0027","INDEPENDENCE 2.2 W, KY US","38.95982","-84.58806","267.3","2025-06-16",,,,,,,,,"7.9",",,N",,,,,,,,,,,,,,,,,,,,,,,,,,,,,,,,,,
"US1KYKN0027","INDEPENDENCE 2.2 W, KY US","38.95982","-84.58806","267.3","2025-06-17",,,,,,,,,"4.8",",,N",,,,,,,,,,,,,,,,,,,,,,,,,,,,,,,,,,
"US1KYKN0027","INDEPENDENCE 2.2 W, KY US","38.95982","-84.58806","267.3","2025-06-18",,,,,,,,,"0.5",",,N",,,,,,,,,,,,,,,,,,,,,,,,,,,,,,,,,,
"US1KYBN0024","FLORENCE 1.4 WSW, KY US","38.9873","-84.66775","268.8","2025-06-01",,,,,,,,,"0.0",",,N","0.0",",,N",,,,,,,,,,,,,,,,,,,,,,,,,,,,,,,,
"US1KYBN0024","FLORENCE 1.4 WSW, KY US","38.9873","-84.66775","268.8","2025-06-02",,,,,,,,,"0.0",",,N","0.0",",,N",,,,,,,,,,,,,,,,,,,,,,,,,,,,,,,,
"US1KYBN0024","FLORENCE 1.4 WSW, KY US","38.9873","-84.66775","268.8","2025-06-03",,,,,,,,,"0.0",",,N","0.0",",,N",,,,,,,,,,,,,,,,,,,,,,,,,,,,,,,,
"US1KYBN0024","FLORENCE 1.4 WSW, KY US","38.9873","-84.66775","268.8","2025-06-04",,,,,,,,,"0.0",",,N","0.0",",,N",,,,,,,,,,,,,,,,,,,,,,,,,,,,,,,,
"US1KYBN0024","FLORENCE 1.4 WSW, KY US","38.9873","-84.66775","268.8","2025-06-05",,,,,,,,,"0.0",",,N","0.0",",,N",,,,,,,,,,,,,,,,,,,,,,,,,,,,,,,,
"US1KYBN0024","FLORENCE 1.4 WSW, KY US","38.9873","-84.66775","268.8","2025-06-06",,,,,,,,,"3.6",",,N",,,,,,,,,,,,,,,,,,,,,,,,,,,,,,,,,,
"US1KYBN0024","FLORENCE 1.4 WSW, KY US","38.9873","-84.66775","268.8","2025-06-07",,,,,,,,,"5.3",",,N",,,,,,,,,,,,,,,,,,,,,,,,,,,,,,,,,,
"US1KYBN0024","FLORENCE 1.4 WSW, KY US","38.9873","-84.66775","268.8","2025-06-08",,,,,,,,,"7.9",",,N",,,,,,,,,,,,,,,,,,,,,,,,,,,,,,,,,,
"US1KYBN0024","FLORENCE 1.4 WSW, KY US","38.9873","-84.66775","268.8","2025-06-09",,,,,,,,,"2.0",",,N",,,,,,,,,,,,,,,,,,,,,,,,,,,,,,,,,,
"US1KYBN0024","FLORENCE 1.4 WSW, KY US","38.9873","-84.66775","268.8","2025-06-10",,,,,,,,,"0.5",",,N",,,,,,,,,,,,,,,,,,,,,,,,,,,,,,,,,,
"US1KYBN0024","FLORENCE 1.4 WSW, KY US","38.9873","-84.66775","268.8","2025-06-11",,,,,,,,,"0.0",",,N","0.0",",,N",,,,,,,,,,,,,,,,,,,,,,,,,,,,,,,,
"US1KYBN0024","FLORENCE 1.4 WSW, KY US","38.9873","-84.66775","268.8","2025-06-12",,,,,,,,,"0.0",",,N","0.0",",,N",,,,,,,,,,,,,,,,,,,,,,,,,,,,,,,,
"US1KYBN0024","FLORENCE 1.4 WSW, KY US","38.9873","-84.66775","268.8","2025-06-13",,,,,,,,,"0.0",",,N","0.0",",,N",,,,,,,,,,,,,,,,,,,,,,,,,,,,,,,,
"US1KYBN0024","FLORENCE 1.4 WSW, KY US","38.9873","-84.66775","268.8","2025-06-14",,,,,,,,,"4.8",",,N",,,,,,,,,,,,,,,,,,,,,,,,,,,,,,,,,,
"US1KYBN0024","FLORENCE 1.4 WSW, KY US","38.9873","-84.66775","268.8","2025-06-15",,,,,,,,,"1.0",",,N","0.0",",,N",,,,,,,,,,,,,,,,,,,,,,,,,,,,,,,,
"US1KYBN0024","FLORENCE 1.4 WSW, KY US","38.9873","-84.66775","268.8","2025-06-16",,,,,,,,,"0.0",",,N","0.0",",,N",,,,,,,,,,,,,,,,,,,,,,,,,,,,,,,,
"US1KYBN0024","FLORENCE 1.4 WSW, KY US","38.9873","-84.66775","268.8","2025-06-17",,,,,,,,,"9.1",",,N",,,,,,,,,,,,,,,,,,,,,,,,,,,,,,,,,,
"US1KYBN0024","FLORENCE 1.4 WSW, KY US","38.9873","-84.66775","268.8","2025-06-18",,,,,,,,,"7.9",",,N",,,,,,,,,,,,,,,,,,,,,,,,,,,,,,,,,,
"US1KYKN0029","COVINGTON 1.3 SSE, KY US","39.06645","-84.50026","157.0","2025-06-01",,,"    2",",,N","29.2",",,N",,,,,,,,,,,,,,,,,,,,,,,,,,,,,,,,,,,,,,
"US1KYKN0029","COVINGTON 1.3 SSE, KY US","39.06645","-84.50026","157.0","2025-06-02",,,,,,,,,"0.0","T,,N",,,,,,,,,,,,,,,,,,,,,,,,,,,,,,,,,,
"US1KYKN0029","COVINGTON 1.3 SSE, KY US","39.06645","-84.50026","157.0","2025-06-03",,,,,,,,,"0.0","T,,N",,,,,,,,,,,,,,,,,,,,,,,,,,,,,,,,,,
"US1KYKN0029","COVINGTON 1.3 SSE, KY US","39.06645","-84.50026","157.0","2025-06-04",,,,,,,,,"0.0",",,N","0.0",",,N",,,,,,,,,,,,,,,,,,,,,,,,,,,,,,,,
"US1KYKN0029","COVINGTON 1.3 SSE, KY US","39.06645","-84.50026","157.0","2025-06-06",,,"    2",",,N","4.3",",,N",,,,,,,,,,,,,,,,,,,,,,,,,,,,,,,,,,,,,,
"US1KYKN0029","COVINGTON 1.3 SSE, KY US","39.06645","-84.50026","157.0","2025-06-08",,,,,,,,,"6.4",",,N",,,,,,,,,,,,,,,,,,,,,,,,,,,,,,,,,,
"US1KYKN0029","COVINGTON 1.3 SSE, KY US","39.06645","-84.50026","157.0","2025-06-09",,,,,,,,,"0.5",",,N",,,,,,,,,,,,,,,,,,,,,,,,,,,,,,,,,,
"US1KYKN0029","COVINGTON 1.3 SSE, KY US","39.06645","-84.50026","157.0","2025-06-10",,,,,,,,,"0.3",",,N",,,,,,,,,,,,,,,,,,,,,,,,,,,,,,,,,,
"US1KYKN0029","COVINGTON 1.3 SSE, KY US","39.06645","-84.50026","157.0","2025-06-11",,,,,,,,,"0.0","T,,N",,,,,,,,,,,,,,,,,,,,,,,,,,,,,,,,,,
"US1KYKN0029","COVINGTON 1.3 SSE, KY US","39.06645","-84.50026","157.0","2025-06-12",,,,,,,,,"0.0",",,N","0.0",",,N",,,,,,,,,,,,,,,,,,,,,,,,,,,,,,,,
"US1KYKN0029","COVINGTON 1.3 SSE, KY US","39.06645","-84.50026","157.0","2025-06-13",,,,,,,,,"0.0",",,N","0.0",",,N",,,,,,,,,,,,,,,,,,,,,,,,,,,,,,,,
"US1KYKN0029","COVINGTON 1.3 SSE, KY US","39.06645","-84.50026","157.0","2025-06-14",,,,,,,,,"5.3",",,N",,,,,,,,,,,,,,,,,,,,,,,,,,,,,,,,,,
"US1KYKN0029","COVINGTON 1.3 SSE, KY US","39.06645","-84.50026","157.0","2025-06-15",,,,,,,,,"0.3",",,N",,,,,,,,,,,,,,,,,,,,,,,,,,,,,,,,,,
"US1KYKN0029","COVINGTON 1.3 SSE, KY US","39.06645","-84.50026","157.0","2025-06-16",,,,,,,,,"0.3",",,N",,,,,,,,,,,,,,,,,,,,,,,,,,,,,,,,,,
"US1KYKN0029","COVINGTON 1.3 SSE, KY US","39.06645","-84.50026","157.0","2025-06-17",,,,,,,,,"9.7",",,N",,,,,,,,,,,,,,,,,,,,,,,,,,,,,,,,,,
"US1KYKN0029","COVINGTON 1.3 SSE, KY US","39.06645","-84.50026","157.0","2025-06-18",,,,,,,,,"8.1",",,N",,,,,,,,,,,,,,,,,,,,,,,,,,,,,,,,,,
"US1OHHM0037","CHERRY GROVE 0.4 NW, OH US","39.08405","-84.32803","262.7","2025-06-01",,,,,,,,,"0.0",",,N","0.0",",,N",,,,,,,,,,,,,,,,,,,,,,,,,,,,,,,,
"US1OHHM0037","CHERRY GROVE 0.4 NW, OH US","39.08405","-84.32803","262.7","2025-06-02",,,,,,,,,"0.0",",,N","0.0",",,N",,,,,,,,,,,,,,,,,,,,,,,,,,,,,,,,
"US1OHHM0037","CHERRY GROVE 0.4 NW, OH US","39.08405","-84.32803","262.7","2025-06-03",,,,,,,,,"0.0",",,N","0.0",",,N",,,,,,,,,,,,,,,,,,,,,,,,,,,,,,,,
"US1OHHM0037","CHERRY GROVE 0.4 NW, OH US","39.08405","-84.32803","262.7","2025-06-04",,,,,,,,,"0.0",",,N","0.0",",,N",,,,,,,,,,,,,,,,,,,,,,,,,,,,,,,,
"US1OHHM0037","CHERRY GROVE 0.4 NW, OH US","39.08405","-84.32803","262.7","2025-06-05",,,,,,,,,"0.0",",,N","0.0",",,N",,,,,,,,,,,,,,,,,,,,,,,,,,,,,,,,
"US1OHHM0037","CHERRY GROVE 0.4 NW, OH US","39.08405","-84.32803","262.7","2025-06-06",,,,,,,,,"5.8",",,N",,,,,,,,,,,,,,,,,,,,,,,,,,,,,,,,,,
"US1OHHM0037","CHERRY GROVE 0.4 NW, OH US","39.08405","-84.32803","262.7","2025-06-07",,,,,,,,,"52.8",",,N",,,,,,,,,,,,,,,,,,,,,,,,,,,,,,,,,,
"US1OHHM0037","CHERRY GROVE 0.4 NW, OH US","39.08405","-84.32803","262.7","2025-06-08",,,,,,,,,"3.3",",,N",,,,,,,,,,,,,,,,,,,,,,,,,,,,,,,,,,
"US1OHHM0037","CHERRY GROVE 0.4 NW, OH US","39.08405","-84.32803","262.7","2025-06-09",,,,,,,,,"3.8",",,N",,,,,,,,,,,,,,,,,,,,,,,,,,,,,,,,,,
"US1OHHM0037","CHERRY GROVE 0.4 NW, OH US","39.08405","-84.32803","262.7","2025-06-10",,,,,,,,,"0.8",",,N",,,,,,,,,,,,,,,,,,,,,,,,,,,,,,,,,,
"US1OHHM0037","CHERRY GROVE 0.4 NW, OH US","39.08405","-84.32803","262.7","2025-06-11",,,,,,,,,"0.0",",,N","0.0",",,N",,,,,,,,,,,,,,,,,,,,,,,,,,,,,,,,
"US1OHHM0037","CHERRY GROVE 0.4 NW, OH US","39.08405","-84.32803","262.7","2025-06-12",,,,,,,,,"0.0",",,N","0.0",",,N",,,,,,,,,,,,,,,,,,,,,,,,,,,,,,,,
"US1OHHM0037","CHERRY GROVE 0.4 NW, OH US","39.08405","-84.32803","262.7","2025-06-13",,,,,,,,,"0.0",",,N","0.0",",,N",,,,,,,,,,,,,,,,,,,,,,,,,,,,,,,,
"US1OHHM0037","CHERRY GROVE 0.4 NW, OH US","39.08405","-84.32803","262.7","2025-06-14",,,,,,,,,"6.1",",,N",,,,,,,,,,,,,,,,,,,,,,,,,,,,,,,,,,
"US1OHHM0037","CHERRY GROVE 0.4 NW, OH US","39.08405","-84.32803","262.7","2025-06-15",,,,,,,,,"0.5",",,N",,,,,,,,,,,,,,,,,,,,,,,,,,,,,,,,,,
"US1OHHM0037","CHERRY GROVE 0.4 NW, OH US","39.08405","-84.32803","262.7","2025-06-16",,,,,,,,,"17.0",",,N",,,,,,,,,,,,,,,,,,,,,,,,,,,,,,,,,,
"US1OHHM0037","CHERRY GROVE 0.4 NW, OH US","39.08405","-84.32803","262.7","2025-06-17",,,,,,,,,"2.3",",,N",,,,,,,,,,,,,,,,,,,,,,,,,,,,,,,,,,
"US1OHHM0037","CHERRY GROVE 0.4 NW, OH US","39.08405","-84.32803","262.7","2025-06-18",,,,,,,,,"2.0",",,N",,,,,,,,,,,,,,,,,,,,,,,,,,,,,,,,,,
"US1OHHM0056","CINCINNATI 7.4 NNW, OH US","39.206787","-84.545949","266.7","2025-06-01",,,,,,,,,"0.0",",,N","0.0",",,N","0.0",",,N",,,,,,,,,,,,,"0.0",",,N","0.0",",,N",,,,,,,,,,,,,,
"US1OHHM0056","CINCINNATI 7.4 NNW, OH US","39.206787","-84.545949","266.7","2025-06-02",,,,,,,,,"0.0",",,N","0.0",",,N","0.0",",,N",,,,,,,,,,,,,"0.0",",,N","0.0",",,N",,,,,,,,,,,,,,
"US1OHHM0056","CINCINNATI 7.4 NNW, OH US","39.206787","-84.545949","266.7","2025-06-03",,,,,,,,,"0.0",",,N","0.0",",,N","0.0",",,N",,,,,,,,,,,,,"0.0",",,N","0.0",",,N",,,,,,,,,,,,,,
"US1OHHM0056","CINCINNATI 7.4 NNW, OH US","39.206787","-84.545949","266.7","2025-06-04",,,,,,,,,"0.0",",,N","0.0",",,N","0.0",",,N",,,,,,,,,,,,,"0.0",",,N","0.0",",,N",,,,,,,,,,,,,,
"US1OHHM0056","CINCINNATI 7.4 NNW, OH US","39.206787","-84.545949","266.7","2025-06-05",,,,,,,,,"0.0",",,N","0.0",",,N","0.0",",,N",,,,,,,,,,,,,"0.0",",,N","0.0",",,N",,,,,,,,,,,,,,
"US1OHHM0056","CINCINNATI 7.4 NNW, OH US","39.206787","-84.545949","266.7","2025-06-06",,,,,,,,,"3.0",",,N","0.0",",,N","0.0",",,N",,,,,,,,,,,,,"0.0",",,N","0.0",",,N",,,,,,,,,,,,,,
"US1OHHM0056","CINCINNATI 7.4 NNW, OH US","39.206787","-84.545949","266.7","2025-06-07",,,,,,,,,"26.9",",,N","0.0",",,N","0.0",",,N",,,,,,,,,,,,,"0.0",",,N","0.0",",,N",,,,,,,,,,,,,,
"US1OHHM0056","CINCINNATI 7.4 NNW, OH US","39.206787","-84.545949","266.7","2025-06-08",,,,,,,,,"21.3",",,N","0.0",",,N","0.0",",,N",,,,,,,,,,,,,"0.0",",,N","0.0",",,N",,,,,,,,,,,,,,
"US1OHHM0056","CINCINNATI 7.4 NNW, OH US","39.206787","-84.545949","266.7","2025-06-09",,,,,,,,,"4.8",",,N","0.0",",,N","0.0",",,N",,,,,,,,,,,,,"0.0",",,N","0.0",",,N",,,,,,,,,,,,,,
"US1OHHM0056","CINCINNATI 7.4 NNW, OH US","39.206787","-84.545949","266.7","2025-06-10",,,,,,,,,"0.3",",,N","0.0",",,N","0.0",",,N",,,,,,,,,,,,,"0.0",",,N","0.0",",,N",,,,,,,,,,,,,,
"US1OHHM0056","CINCINNATI 7.4 NNW, OH US","39.206787","-84.545949","266.7","2025-06-11",,,,,,,,,"0.0",",,N","0.0",",,N","0.0",",,N",,,,,,,,,,,,,"0.0",",,N","0.0",",,N",,,,,,,,,,,,,,
"US1OHHM0056","CINCINNATI 7.4 NNW, OH US","39.206787","-84.545949","266.7","2025-06-12",,,,,,,,,"0.0",",,N","0.0",",,N","0.0",",,N",,,,,,,,,,,,,"0.0",",,N","0.0",",,N",,,,,,,,,,,,,,
"US1OHHM0056","CINCINNATI 7.4 NNW, OH US","39.206787","-84.545949","266.7","2025-06-13",,,,,,,,,"0.0",",,N","0.0",",,N","0.0",",,N",,,,,,,,,,,,,"0.0",",,N","0.0",",,N",,,,,,,,,,,,,,
"US1OHHM0056","CINCINNATI 7.4 NNW, OH US","39.206787","-84.545949","266.7","2025-06-14",,,,,,,,,"5.3",",,N","0.0",",,N","0.0",",,N",,,,,,,,,,,,,"0.0",",,N","0.0",",,N",,,,,,,,,,,,,,
"US1OHHM0056","CINCINNATI 7.4 NNW, OH US","39.206787","-84.545949","266.7","2025-06-15",,,,,,,,,"0.3",",,N","0.0",",,N","0.0",",,N",,,,,,,,,,,,,"0.0",",,N","0.0",",,N",,,,,,,,,,,,,,
"US1OHHM0056","CINCINNATI 7.4 NNW, OH US","39.206787","-84.545949","266.7","2025-06-16",,,,,,,,,"0.0",",,N","0.0",",,N","0.0",",,N",,,,,,,,,,,,,"0.0",",,N","0.0",",,N",,,,,,,,,,,,,,
"US1OHHM0056","CINCINNATI 7.4 NNW, OH US","39.206787","-84.545949","266.7","2025-06-17",,,,,,,,,"9.4",",,N","0.0",",,N","0.0",",,N",,,,,,,,,,,,,"0.0",",,N","0.0",",,N",,,,,,,,,,,,,,
"US1OHHM0056","CINCINNATI 7.4 NNW, OH US","39.206787","-84.545949","266.7","2025-06-18",,,,,,,,,"5.8",",,N","0.0",",,N","0.0",",,N",,,,,,,,,,,,,"0.0",",,N","0.0",",,N",,,,,,,,,,,,,,
"US1OHHM0078","GLENDALE 0.2 WNW, OH US","39.272121","-84.461928","203.3","2025-06-01",,,,,,,,,"0.0",",,N","0.0",",,N",,,,,,,,,,,,,,,,,,,,,,,,,,,,,,,,
"US1OHHM0078","GLENDALE 0.2 WNW, OH US","39.272121","-84.461928","203.3","2025-06-02",,,,,,,,,"0.0",",,N","0.0",",,N",,,,,,,,,,,,,,,,,,,,,,,,,,,,,,,,
"US1OHHM0078","GLENDALE 0.2 WNW, OH US","39.272121","-84.461928","203.3","2025-06-03",,,,,,,,,"0.0",",,N","0.0",",,N",,,,,,,,,,,,,,,,,,,,,,,,,,,,,,,,
"US1OHHM0078","GLENDALE 0.2 WNW, OH US","39.272121","-84.461928","203.3","2025-06-04",,,,,,,,,"0.0",",,N","0.0",",,N",,,,,,,,,,,,,,,,,,,,,,,,,,,,,,,,
"US1OHHM0078","GLENDALE 0.2 WNW, OH US","39.272121","-84.461928","203.3","2025-06-05",,,,,,,,,"0.0",",,N","0.0",",,N",,,,,,,,,,,,,,,,,,,,,,,,,,,,,,,,
"US1OHHM0078","GLENDALE 0.2 WNW, OH US","39.272121","-84.461928","203.3","2025-06-06",,,,,,,,,"0.0",",,N","0.0",",,N",,,,,,,,,,,,,,,,,,,,,,,,,,,,,,,,
"US1OHHM0078","GLENDALE 0.2 WNW, OH US","39.272121","-84.461928","203.3","2025-06-07",,,,,,,,,"19.1",",,N",,,,,,,,,,,,,,,,,,,,,,,,,,,,,,,,,,
"US1OHHM0078","GLENDALE 0.2 WNW, OH US","39.272121","-84.461928","203.3","2025-06-08",,,,,,,,,"11.4",",,N",,,,,,,,,,,,,,,,,,,,,,,,,,,,,,,,,,
"US1OHHM0078","GLENDALE 0.2 WNW, OH US","39.272121","-84.461928","203.3","2025-06-09",,,,,,,,,"3.8",",,N",,,,,,,,,,,,,,,,,,,,,,,,,,,,,,,,,,
"US1OHHM0078","GLENDALE 0.2 WNW, OH US","39.272121","-84.461928","203.3","2025-06-10",,,,,,,,,"0.0",",,N","0.0",",,N",,,,,,,,,,,,,,,,,,,,,,,,,,,,,,,,
"US1OHHM0078","GLENDALE 0.2 WNW, OH US","39.272121","-84.461928","203.3","2025-06-11",,,,,,,,,"0.0",",,N","0.0",",,N",,,,,,,,,,,,,,,,,,,,,,,,,,,,,,,,
"US1OHHM0078","GLENDALE 0.2 WNW, OH US","39.272121","-84.461928","203.3","2025-06-12",,,,,,,,,"0.0",",,N","0.0",",,N",,,,,,,,,,,,,,,,,,,,,,,,,,,,,,,,
"US1OHHM0078","GLENDALE 0.2 WNW, OH US","39.272121","-84.461928","203.3","2025-06-13",,,,,,,,,"0.0",",,N","0.0",",,N",,,,,,,,,,,,,,,,,,,,,,,,,,,,,,,,
"US1OHHM0078","GLENDALE 0.2 WNW, OH US","39.272121","-84.461928","203.3","2025-06-14",,,,,,,,,"3.8",",,N",,,,,,,,,,,,,,,,,,,,,,,,,,,,,,,,,,
"US1OHHM0078","GLENDALE 0.2 WNW, OH US","39.272121","-84.461928","203.3","2025-06-15",,,,,,,,,"1.3",",,N",,,,,,,,,,,,,,,,,,,,,,,,,,,,,,,,,,
"US1OHHM0013","CINCINNATI 8.9 NW, OH US","39.25","-84.579","252.7","2025-06-01",,,,,,,,,"0.0",",,N","0.0",",,N",,,,,,,,,,,,,,,,,,,,,,,,,,,,,,,,
"US1OHHM0013","CINCINNATI 8.9 NW, OH US","39.25","-84.579","252.7","2025-06-02",,,,,,,,,"0.0",",,N","0.0",",,N",,,,,,,,,,,,,,,,,,,,,,,,,,,,,,,,
"US1OHHM0013","CINCINNATI 8.9 NW, OH US","39.25","-84.579","252.7","2025-06-03",,,,,,,,,"0.0",",,N","0.0",",,N",,,,,,,,,,,,,,,,,,,,,,,,,,,,,,,,
"US1OHHM0013","CINCINNATI 8.9 NW, OH US","39.25","-84.579","252.7","2025-06-04",,,,,,,,,"0.0",",,N","0.0",",,N",,,,,,,,,,,,,,,,,,,,,,,,,,,,,,,,
"US1OHHM0013","CINCINNATI 8.9 NW, OH US","39.25","-84.579","252.7","2025-06-05",,,,,,,,,"0.0",",,N","0.0",",,N",,,,,,,,,,,,,,,,,,,,,,,,,,,,,,,,
"US1OHHM0013","CINCINNATI 8.9 NW, OH US","39.25","-84.579","252.7","2025-06-06",,,,,,,,,"2.3",",,N",,,,,,,,,,,,,,,,,,,,,,,,,,,,,,,,,,
"US1OHHM0013","CINCINNATI 8.9 NW, OH US","39.25","-84.579","252.7","2025-06-07",,,,,,,,,"41.4",",,N",,,,,,,,,,,,,,,,,,,,,,,,,,,,,,,,,,
"US1OHHM0013","CINCINNATI 8.9 NW, OH US","39.25","-84.579","252.7","2025-06-08",,,,,,,,,"15.2",",,N",,,,,,,,,,,,,,,,,,,,,,,,,,,,,,,,,,
"US1OHHM0013","CINCINNATI 8.9 NW, OH US","39.25","-84.579","252.7","2025-06-09",,,,,,,,,"4.3",",,N",,,,,,,,,,,,,,,,,,,,,,,,,,,,,,,,,,
"US1OHHM0013","CINCINNATI 8.9 NW, OH US","39.25","-84.579","252.7","2025-06-10",,,,,,,,,"2.8",",,N",,,,,,,,,,,,,,,,,,,,,,,,,,,,,,,,,,
"US1OHHM0013","CINCINNATI 8.9 NW, OH US","39.25","-84.579","252.7","2025-06-11",,,,,,,,,"0.0",",,N","0.0",",,N",,,,,,,,,,,,,,,,,,,,,,,,,,,,,,,,
"US1OHHM0013","CINCINNATI 8.9 NW, OH US","39.25","-84.579","252.7","2025-06-12",,,,,,,,,"0.0",",,N","0.0",",,N",,,,,,,,,,,,,,,,,,,,,,,,,,,,,,,,
"US1OHHM0013","CINCINNATI 8.9 NW, OH US","39.25","-84.579","252.7","2025-06-13",,,,,,,,,"0.0",",,N","0.0",",,N",,,,,,,,,,,,,,,,,,,,,,,,,,,,,,,,
"US1OHHM0013","CINCINNATI 8.9 NW, OH US","39.25","-84.579","252.7","2025-06-14",,,,,,,,,"7.6",",,N",,,,,,,,,,,,,,,,,,,,,,,,,,,,,,,,,,
"US1OHHM0013","CINCINNATI 8.9 NW, OH US","39.25","-84.579","252.7","2025-06-15",,,,,,,,,"0.8",",,N",,,,,,,,,,,,,,,,,,,,,,,,,,,,,,,,,,
"US1OHHM0013","CINCINNATI 8.9 NW, OH US","39.25","-84.579","252.7","2025-06-16",,,,,,,,,"0.0",",,N","0.0",",,N",,,,,,,,,,,,,,,,,,,,,,,,,,,,,,,,
"US1OHHM0013","CINCINNATI 8.9 NW, OH US","39.25","-84.579","252.7","2025-06-17",,,,,,,,,"5.3",",,N",,,,,,,,,,,,,,,,,,,,,,,,,,,,,,,,,,
"US1OHHM0013","CINCINNATI 8.9 NW, OH US","39.25","-84.579","252.7","2025-06-18",,,,,,,,,"2.3",",,N",,,,,,,,,,,,,,,,,,,,,,,,,,,,,,,,,,
"US1OHHM0054","NORTHGATE 2.8 W, OH US","39.257187","-84.644963","254.5","2025-06-06",,,,,,,,,"7.9",",,N",,,,,,,,,,,,,,,,,,,,,,,,,,,,,,,,,,
"US1OHHM0054","NORTHGATE 2.8 W, OH US","39.257187","-84.644963","254.5","2025-06-07",,,,,,,,,"61.0",",,N",,,,,,,,,,,,,,,,,,,,,,,,,,,,,,,,,,
"US1OHHM0054","NORTHGATE 2.8 W, OH US","39.257187","-84.644963","254.5","2025-06-08",,,,,,,,,"6.1",",,N",,,,,,,,,,,,,,,,,,,,,,,,,,,,,,,,,,
"US1OHHM0054","NORTHGATE 2.8 W, OH US","39.257187","-84.644963","254.5","2025-06-09",,,,,,,,,"1.0",",,N",,,,,,,,,,,,,,,,,,,,,,,,,,,,,,,,,,
"US1OHHM0054","NORTHGATE 2.8 W, OH US","39.257187","-84.644963","254.5","2025-06-14",,,,,,,,,"24.9",",,N",,,,,,,,,,,,,,,,,,,,,,,,,,,,,,,,,,
"US1OHHM0054","NORTHGATE 2.8 W, OH US","39.257187","-84.644963","254.5","2025-06-15",,,,,,,,,"31.0",",,N",,,,,,,,,,,,,,,,,,,,,,,,,,,,,,,,,,
"US1KYCB0010","WILDER 0.2 ESE, KY US","39.0347","-84.4751","259.1","2025-06-01",,,,,,,,,"0.0",",,N","0.0",",,N","0.0",",,N",,,,,,,,,,,,,"0.0",",,N","0.0",",,N",,,,,,,,,,,,,,
"US1KYCB0010","WILDER 0.2 ESE, KY US","39.0347","-84.4751","259.1","2025-06-02",,,,,,,,,"0.0",",,N","0.0",",,N","0.0",",,N",,,,,,,,,,,,,"0.0",",,N","0.0",",,N",,,,,,,,,,,,,,
"US1KYCB0010","WILDER 0.2 ESE, KY US","39.0347","-84.4751","259.1","2025-06-03",,,,,,,,,"0.0",",,N","0.0",",,N","0.0",",,N",,,,,,,,,,,,,"0.0",",,N","0.0",",,N",,,,,,,,,,,,,,
"US1KYCB0010","WILDER 0.2 ESE, KY US","39.0347","-84.4751","259.1","2025-06-04",,,,,,,,,"0.0",",,N","0.0",",,N","0.0",",,N",,,,,,,,,,,,,"0.0",",,N","0.0",",,N",,,,,,,,,,,,,,
"US1KYCB0010","WILDER 0.2 ESE, KY US","39.0347","-84.4751","259.1","2025-06-05",,,,,,,,,"0.0",",,N","0.0",",,N","0.0",",,N",,,,,,,,,,,,,"0.0",",,N","0.0",",,N",,,,,,,,,,,,,,
"US1KYCB0010","WILDER 0.2 ESE, KY US","39.0347","-84.4751","259.1","2025-06-06",,,,,,,,,"6.1",",,N","0.0",",,N",,,,,,,,,,,,,,,"0.0",",,N","0.0",",,N",,,,,,,,,,,,,,
"US1KYCB0010","WILDER 0.2 ESE, KY US","39.0347","-84.4751","259.1","2025-06-07",,,,,,,,,"4.3",",,N","0.0",",,N","0.0",",,N",,,,,,,,,,,,,"0.0",",,N","0.0",",,N",,,,,,,,,,,,,,
"US1KYCB0010","WILDER 0.2 ESE, KY US","39.0347","-84.4751","259.1","2025-06-08",,,,,,,,,"7.9",",,N","0.0",",,N","0.0",",,N",,,,,,,,,,,,,"0.0",",,N","0.0",",,N",,,,,,,,,,,,,,
"US1KYCB0010","WILDER 0.2 ESE, KY US","39.0347","-84.4751","259.1","2025-06-09",,,,,,,,,"0.5",",,N","0.0",",,N","0.0",",,N",,,,,,,,,,,,,"0.0",",,N","0.0",",,N",,,,,,,,,,,,,,
"US1KYCB0010","WILDER 0.2 ESE, KY US","39.0347","-84.4751","259.1","2025-06-10",,,,,,,,,"0.8",",,N","0.0",",,N","0.0",",,N",,,,,,,,,,,,,"0.0",",,N","0.0",",,N",,,,,,,,,,,,,,
"US1KYCB0010","WILDER 0.2 ESE, KY US","39.0347","-84.4751","259.1","2025-06-11",,,,,,,,,"0.0",",,N","0.0",",,N","0.0",",,N",,,,,,,,,,,,,"0.0",",,N","0.0",",,N",,,,,,,,,,,,,,
"US1KYCB0010","WILDER 0.2 ESE, KY US","39.0347","-84.4751","259.1","2025-06-12",,,,,,,,,"0.0",",,N","0.0",",,N","0.0",",,N",,,,,,,,,,,,,"0.0",",,N","0.0",",,N",,,,,,,,,,,,,,
"US1KYCB0010","WILDER 0.2 ESE, KY US","39.0347","-84.4751","259.1","2025-06-13",,,,,,,,,"0.0",",,N","0.0",",,N","0.0",",,N",,,,,,,,,,,,,"0.0",",,N","0.0",",,N",,,,,,,,,,,,,,
"US1KYCB0010","WILDER 0.2 ESE, KY US","39.0347","-84.4751","259.1","2025-06-14",,,,,,,,,"11.4",",,N","0.0",",,N","0.0",",,N",,,,,,,,,,,,,"0.0",",,N","0.0",",,N",,,,,,,,,,,,,,
"US1KYCB0010","WILDER 0.2 ESE, KY US","39.0347","-84.4751","259.1","2025-06-15",,,,,,,,,"0.3",",,N","0.0",",,N","0.0",",,N",,,,,,,,,,,,,"0.0",",,N","0.0",",,N",,,,,,,,,,,,,,
"US1KYCB0010","WILDER 0.2 ESE, KY US","39.0347","-84.4751","259.1","2025-06-16",,,,,,,,,"1.0",",,N","0.0",",,N","0.0",",,N",,,,,,,,,,,,,"0.0",",,N","0.0",",,N",,,,,,,,,,,,,,
"US1KYCB0010","WILDER 0.2 ESE, KY US","39.0347","-84.4751","259.1","2025-06-17",,,,,,,,,"3.0",",,N","0.0",",,N","0.0",",,N",,,,,,,,,,,,,"0.0",",,N","0.0",",,N",,,,,,,,,,,,,,
"US1KYCB0010","WILDER 0.2 ESE, KY US","39.0347","-84.4751","259.1","2025-06-18",,,,,,,,,"3.6",",,N","0.0",",,N","0.0",",,N",,,,,,,,,,,,,"0.0",",,N","0.0",",,N",,,,,,,,,,,,,,
"US1OHHM0099","DILLONVALE 0.6 WSW, OH US","39.21363","-84.411734","249.9","2025-06-01",,,,,,,,,"0.0",",,N","0.0",",,N",,,,,,,,,,,,,,,,,,,,,,,,,,,,,,,,
"US1OHHM0099","DILLONVALE 0.6 WSW, OH US","39.21363","-84.411734","249.9","2025-06-02",,,,,,,,,"0.0",",,N","0.0",",,N",,,,,,,,,,,,,,,,,,,,,,,,,,,,,,,,
"US1OHHM0099","DILLONVALE 0.6 WSW, OH US","39.21363","-84.411734","249.9","2025-06-03",,,,,,,,,"0.0",",,N","0.0",",,N",,,,,,,,,,,,,,,,,,,,,,,,,,,,,,,,
"US1OHHM0099","DILLONVALE 0.6 WSW, OH US","39.21363","-84.411734","249.9","2025-06-04",,,,,,,,,"0.0",",,N","0.0",",,N",,,,,,,,,,,,,,,,,,,,,,,,,,,,,,,,
"US1OHHM0099","DILLONVALE 0.6 WSW, OH US","39.21363","-84.411734","249.9","2025-06-05",,,,,,,,,"0.0",",,N","0.0",",,N",,,,,,,,,,,,,,,,,,,,,,,,,,,,,,,,
"US1OHHM0099","DILLONVALE 0.6 WSW, OH US","39.21363","-84.411734","249.9","2025-06-06",,,,,,,,,"3.0",",,N",,,,,,,,,,,,,,,,,,,,,,,,,,,,,,,,,,
"US1OHHM0099","DILLONVALE 0.6 WSW, OH US","39.21363","-84.411734","249.9","2025-06-07",,,,,,,,,"17.8",",,N",,,,,,,,,,,,,,,,,,,,,,,,,,,,,,,,,,
"US1OHHM0099","DILLONVALE 0.6 WSW, OH US","39.21363","-84.411734","249.9","2025-06-08",,,,,,,,,"16.3",",,N",,,,,,,,,,,,,,,,,,,,,,,,,,,,,,,,,,
"US1OHHM0099","DILLONVALE 0.6 WSW, OH US","39.21363","-84.411734","249.9","2025-06-09",,,,,,,,,"0.0",",,N","0.0",",,N",,,,,,,,,,,,,,,,,,,,,,,,,,,,,,,,
"US1OHHM0099","DILLONVALE 0.6 WSW, OH US","39.21363","-84.411734","249.9","2025-06-10",,,,,,,,,"0.0",",,N","0.0",",,N",,,,,,,,,,,,,,,,,,,,,,,,,,,,,,,,
"US1OHHM0099","DILLONVALE 0.6 WSW, OH US","39.21363","-84.411734","249.9","2025-06-11",,,,,,,,,"0.0",",,N","0.0",",,N",,,,,,,,,,,,,,,,,,,,,,,,,,,,,,,,
"US1OHHM0099","DILLONVALE 0.6 WSW, OH US","39.21363","-84.411734","249.9","2025-06-12",,,,,,,,,"0.0",",,N","0.0",",,N",,,,,,,,,,,,,,,,,,,,,,,,,,,,,,,,
"US1OHHM0099","DILLONVALE 0.6 WSW, OH US","39.21363","-84.411734","249.9","2025-06-13",,,,,,,,,"0.0",",,N","0.0",",,N",,,,,,,,,,,,,,,,,,,,,,,,,,,,,,,,
"US1OHHM0099","DILLONVALE 0.6 WSW, OH US","39.21363","-84.411734","249.9","2025-06-14",,,,,,,,,"4.6",",,N",,,,,,,,,,,,,,,,,,,,,,,,,,,,,,,,,,
"US1KYKN0040","INDEPENDENCE 1.1 SE, KY US","38.941449","-84.534761","256.0","2025-06-01",,,,,,,,,"0.0",",,N","0.0",",,N",,,,,,,,,,,,,,,,,,,,,,,,,,,,,,,,
"US1KYKN0040","INDEPENDENCE 1.1 SE, KY US","38.941449","-84.534761","256.0","2025-06-02",,,,,,,,,"0.0",",,N","0.0",",,N",,,,,,,,,,,,,,,,,,,,,,,,,,,,,,,,
"US1KYKN0040","INDEPENDENCE 1.1 SE, KY US","38.941449","-84.534761","256.0","2025-06-03",,,,,,,,,"0.0",",,N","0.0",",,N",,,,,,,,,,,,,,,,,,,,,,,,,,,,,,,,
"US1KYKN0040","INDEPENDENCE 1.1 SE, KY US","38.941449","-84.534761","256.0","2025-06-04",,,,,,,,,"0.0",",,N","0.0",",,N",,,,,,,,,,,,,,,,,,,,,,,,,,,,,,,,
"US1KYKN0040","INDEPENDENCE 1.1 SE, KY US","38.941449","-84.534761","256.0","2025-06-05",,,,,,,,,"0.0",",,N","0.0",",,N",,,,,,,,,,,,,,,,,,,,,,,,,,,,,,,,
"US1KYKN0040","INDEPENDENCE 1.1 SE, KY US","38.941449","-84.534761","256.0","2025-06-06",,,,,,,,,"0.0","T,,N",,,,,,,,,,,,,,,,,,,,,,,,,,,,,,,,,,
"US1KYKN0040","INDEPENDENCE 1.1 SE, KY US","38.941449","-84.534761","256.0","2025-06-07",,,,,,,,,"3.0",",,N",,,,,,,,,,,,,,,,,,,,,,,,,,,,,,,,,,
"US1KYKN0040","INDEPENDENCE 1.1 SE, KY US","38.941449","-84.534761","256.0","2025-06-08",,,,,,,,,"15.5",",,N",,,,,,,,,,,,,,,,,,,,,,,,,,,,,,,,,,
"US1KYKN0040","INDEPENDENCE 1.1 SE, KY US","38.941449","-84.534761","256.0","2025-06-09",,,,,,,,,"0.3",",,N",,,,,,,,,,,,,,,,,,,,,,,,,,,,,,,,,,
"US1KYKN0040","INDEPENDENCE 1.1 SE, KY US","38.941449","-84.534761","256.0","2025-06-10",,,,,,,,,"2.3",",,N",,,,,,,,,,,,,,,,,,,,,,,,,,,,,,,,,,
"US1KYKN0040","INDEPENDENCE 1.1 SE, KY US","38.941449","-84.534761","256.0","2025-06-11",,,,,,,,,"0.0",",,N","0.0",",,N",,,,,,,,,,,,,,,,,,,,,,,,,,,,,,,,
"US1KYKN0040","INDEPENDENCE 1.1 SE, KY US","38.941449","-84.534761","256.0","2025-06-12",,,,,,,,,"0.0",",,N","0.0",",,N",,,,,,,,,,,,,,,,,,,,,,,,,,,,,,,,
"US1KYKN0040","INDEPENDENCE 1.1 SE, KY US","38.941449","-84.534761","256.0","2025-06-13",,,,,,,,,"0.0",",,N","0.0",",,N",,,,,,,,,,,,,,,,,,,,,,,,,,,,,,,,
"US1KYKN0040","INDEPENDENCE 1.1 SE, KY US","38.941449","-84.534761","256.0","2025-06-14",,,,,,,,,"20.1",",,N",,,,,,,,,,,,,,,,,,,,,,,,,,,,,,,,,,
"US1KYKN0040","INDEPENDENCE 1.1 SE, KY US","38.941449","-84.534761","256.0","2025-06-15",,,,,,,,,"4.8",",,N",,,,,,,,,,,,,,,,,,,,,,,,,,,,,,,,,,
"US1KYKN0040","INDEPENDENCE 1.1 SE, KY US","38.941449","-84.534761","256.0","2025-06-16",,,,,,,,,"2.8",",,N",,,,,,,,,,,,,,,,,,,,,,,,,,,,,,,,,,
"US1KYKN0040","INDEPENDENCE 1.1 SE, KY US","38.941449","-84.534761","256.0","2025-06-17",,,,,,,,,"5.1",",,N",,,,,,,,,,,,,,,,,,,,,,,,,,,,,,,,,,
"US1KYKN0040","INDEPENDENCE 1.1 SE, KY US","38.941449","-84.534761","256.0","2025-06-18",,,,,,,,,"0.0","T,,N",,,,,,,,,,,,,,,,,,,,,,,,,,,,,,,,,,
"USC00335188","MIAMITOWN, OH US","39.2159","-84.6948","146.9","2025-06-01",,,,,,,,,"0.0",",,7,0800",,,,,,,,,,,,,,,,,,,,,,,,,,,,,,,,,,
"USC00335188","MIAMITOWN, OH US","39.2159","-84.6948","146.9","2025-06-02",,,,,,,,,"0.0",",,7,0800",,,,,,,,,,,,,,,,,,,,,,,,,,,,,,,,,,
"USC00335188","MIAMITOWN, OH US","39.2159","-84.6948","146.9","2025-06-03",,,,,,,,,"0.0",",,7,0800",,,,,,,,,,,,,,,,,,,,,,,,,,,,,,,,,,
"USC00335188","MIAMITOWN, OH US","39.2159","-84.6948","146.9","2025-06-04",,,,,,,,,"0.0",",,7,0800",,,,,,,,,,,,,,,,,,,,,,,,,,,,,,,,,,
"USC00335188","MIAMITOWN, OH US","39.2159","-84.6948","146.9","2025-06-05",,,,,,,,,"0.0",",,7,0800",,,,,,,,,,,,,,,,,,,,,,,,,,,,,,,,,,
"USC00335188","MIAMITOWN, OH US","39.2159","-84.6948","146.9","2025-06-06",,,,,,,,,"6.1",",,7,0800",,,,,,,,,,,,,,,,,,,,,,,,,,,,,,,,,,
"USC00335188","MIAMITOWN, OH US","39.2159","-84.6948","146.9","2025-06-07",,,,,,,,,"8.4",",,7,0800",,,,,,,,,,,,,,,,,,,,,,,,,,,,,,,,,,
"USC00335188","MIAMITOWN, OH US","39.2159","-84.6948","146.9","2025-06-08",,,,,,,,,"8.6",",,7,0800",,,,,,,,,,,,,,,,,,,,,,,,,,,,,,,,,,
"USC00335188","MIAMITOWN, OH US","39.2159","-84.6948","146.9","2025-06-09",,,,,,,,,"5.8",",,7,0800",,,,,,,,,,,,,,,,,,,,,,,,,,,,,,,,,,
"USC00335188","MIAMITOWN, OH US","39.2159","-84.6948","146.9","2025-06-10",,,,,,,,,"3.0",",,7,0800",,,,,,,,,,,,,,,,,,,,,,,,,,,,,,,,,,
"USC00335188","MIAMITOWN, OH US","39.2159","-84.6948","146.9","2025-06-11",,,,,,,,,"0.0",",,7,0800",,,,,,,,,,,,,,,,,,,,,,,,,,,,,,,,,,
"USC00335188","MIAMITOWN, OH US","39.2159","-84.6948","146.9","2025-06-12",,,,,,,,,"0.0",",,7,0800",,,,,,,,,,,,,,,,,,,,,,,,,,,,,,,,,,
"USC00335188","MIAMITOWN, OH US","39.2159","-84.6948","146.9","2025-06-13",,,,,,,,,"3.3",",,7,0800",,,,,,,,,,,,,,,,,,,,,,,,,,,,,,,,,,
"USC00335188","MIAMITOWN, OH US","39.2159","-84.6948","146.9","2025-06-14",,,,,,,,,"8.6",",,7,0800",,,,,,,,,,,,,,,,,,,,,,,,,,,,,,,,,,
"USC00335188","MIAMITOWN, OH US","39.2159","-84.6948","146.9","2025-06-15",,,,,,,,,"1.3",",,7,0800",,,,,,,,,,,,,,,,,,,,,,,,,,,,,,,,,,
"USC00335188","MIAMITOWN, OH US","39.2159","-84.6948","146.9","2025-06-16",,,,,,,,,"0.0",",,7,0800",,,,,,,,,,,,,,,,,,,,,,,,,,,,,,,,,,
"USC00335188","MIAMITOWN, OH US","39.2159","-84.6948","146.9","2025-06-17",,,,,,,,,"0.8",",,7,0800",,,,,,,,,,,,,,,,,,,,,,,,,,,,,,,,,,
"USC00335188","MIAMITOWN, OH US","39.2159","-84.6948","146.9","2025-06-18",,,,,,,,,"7.6",",,7,0800",,,,,,,,,,,,,,,,,,,,,,,,,,,,,,,,,,
"USC00332651","FAIRFIELD, OH US","39.3477","-84.5897","175.3","2025-06-01",,,,,,,,,"0.0",",,7,0730",,,,,,,"23.9",",,7","6.1",",,7","6.1",",,7,0730",,,,,,,,,,,,,,,,,,,,,,
"USC00332651","FAIRFIELD, OH US","39.3477","-84.5897","175.3","2025-06-02",,,,,,,,,"0.0",",,7,0730",,,,,,,"23.9",",,7","6.1",",,7","8.3",",,7,0730",,,,,,,,,,,,,,,,,,,,,,
"USC00332651","FAIRFIELD, OH US","39.3477","-84.5897","175.3","2025-06-03",,,,,,,,,"0.0",",,7,0730",,,,,,,"27.8",",,7","8.3",",,7","12.2",",,7,0730",,,,,,,,,,,,,,,,,,,,,,
"USC00332651","FAIRFIELD, OH US","39.3477","-84.5897","175.3","2025-06-04",,,,,,,,,"0.0",",,7,0730",,,,,,,"31.7",",,7","12.2",",,7","22.8",",,7,0730",,,,,,,,,,,,,,,,,,,,,,
"USC00332651","FAIRFIELD, OH US","39.3477","-84.5897","175.3","2025-06-05",,,,,,,,,"0.0",",,7,0730",,,,,,,"31.7",",,7","18.3",",,7","20.0",",,7,0730",,,,,,,,,,,,,,,,,,,,,,
"USC00332651","FAIRFIELD, OH US","39.3477","-84.5897","175.3","2025-06-06",,,,,,,,,"7.6",",,7,0730",,,,,,,"27.2",",,7","20.0",",,7","20.0",",,7,0730",,,,,,,,,,,,,,,,,,,,,,
"USC00332651","FAIRFIELD, OH US","39.3477","-84.5897","175.3","2025-06-07",,,,,,,,,"26.4",",,7,0730",,,,,,,"29.4",",,7","19.4",",,7","20.0",",,7,0730",,,,,,,,,,,,,,,,,,,,,,
"USC00332651","FAIRFIELD, OH US","39.3477","-84.5897","175.3","2025-06-08",,,,,,,,,"11.9",",,7,0730",,,,,,,"26.1",",,7","18.9",",,7","18.9",",,7,0730",,,,,,,,,,,,,,,,,,,,,,
"USC00332651","FAIRFIELD, OH US","39.3477","-84.5897","175.3","2025-06-09",,,,,,,,,"0.5",",,7,0730",,,,,,,"25.6",",,7","18.3",",,7","20.0",",,7,0730",,,,,,,,,,,,,,,,,,,,,,
"USC00332651","FAIRFIELD, OH US","39.3477","-84.5897","175.3","2025-06-10",,,,,,,,,"3.6",",,7,0730",,,,,,,"25.0",",,7","14.4",",,7","15.6",",,7,0730",,,,,,,,,,,,,,,,,,,,,,
"USC00332651","FAIRFIELD, OH US","39.3477","-84.5897","175.3","2025-06-11",,,,,,,,,"0.0",",,7,0730",,,,,,,"26.1",",,7","12.8",",,7","14.4",",,7,0730",,,,,,,,,,,,,,,,,,,,,,
"USC00332651","FAIRFIELD, OH US","39.3477","-84.5897","175.3","2025-06-12",,,,,,,,,"0.0",",,7,0730",,,,,,,"30.0",",,7","14.4",",,7","17.2",",,7,0730",,,,,,,,,,,,,,,,,,,,,,
"USC00332651","FAIRFIELD, OH US","39.3477","-84.5897","175.3","2025-06-13",,,,,,,,,"0.0",",,7,0730",,,,,,,"31.1",",,7","14.4",",,7","20.6",",,7,0730",,,,,,,,,,,,,,,,,,,,,,
"USC00332651","FAIRFIELD, OH US","39.3477","-84.5897","175.3","2025-06-14",,,,,,,,,"45.7",",,7,0730",,,,,,,"31.7",",,7","14.4",",,7","21.7",",,7,0730",,,,,,,,,,,,,,,,,,,,,,
"USC00332651","FAIRFIELD, OH US","39.3477","-84.5897","175.3","2025-06-15",,,,,,,,,"91.4",",,7,0730",,,,,,,"30.0",",,7","20.6",",,7","20.6",",,7,0730",,,,,,,,,,,,,,,,,,,,,,
"USC00332651","FAIRFIELD, OH US","39.3477","-84.5897","175.3","2025-06-16",,,,,,,,,"0.0",",,7,0730",,,,,,,"28.9",",,7","19.4",",,7","19.4",",,7,0730",,,,,,,,,,,,,,,,,,,,,,
"USC00332651","FAIRFIELD, OH US","39.3477","-84.5897","175.3","2025-06-17",,,,,,,,,"8.1",",,7,0730",,,,,,,"29.4",",,7","19.4",",,7","21.7",",,7,0730",,,,,,,,,,,,,,,,,,,,,,
"USC00332651","FAIRFIELD, OH US","39.3477","-84.5897","175.3","2025-06-18",,,,,,,,,"2.8",",,7,0730",,,,,,,"26.7",",,7","21.1",",,7","22.2",",,7,0730",,,,,,,,,,,,,,,,,,,,,,
"US1KYCB0019","NEWPORT 0.7 N, KY US","39.09559","-84.48513","160.0","2025-06-01",,,,,,,,,"0.0",",,N","0.0",",,N",,,,,,,,,,,,,,,,,,,,,,,,,,,,,,,,
"US1KYCB0019","NEWPORT 0.7 N, KY US","39.09559","-84.48513","160.0","2025-06-02",,,,,,,,,"0.0",",,N","0.0",",,N",,,,,,,,,,,,,,,,,,,,,,,,,,,,,,,,
"US1KYCB0019","NEWPORT 0.7 N, KY US","39.09559","-84.48513","160.0","2025-06-03",,,,,,,,,"0.0",",,N","0.0",",,N",,,,,,,,,,,,,,,,,,,,,,,,,,,,,,,,
"US1KYCB0019","NEWPORT 0.7 N, KY US","39.09559","-84.48513","160.0","2025-06-04",,,,,,,,,"0.0",",,N","0.0",",,N",,,,,,,,,,,,,,,,,,,,,,,,,,,,,,,,
"US1KYCB0019","NEWPORT 0.7 N, KY US","39.09559","-84.48513","160.0","2025-06-05",,,,,,,,,"0.0",",,N","0.0",",,N",,,,,,,,,,,,,,,,,,,,,,,,,,,,,,,,
"US1KYCB0019","NEWPORT 0.7 N, KY US","39.09559","-84.48513","160.0","2025-06-06",,,,,,,,,"3.8",",,N",,,,,,,,,,,,,,,,,,,,,,,,,,,,,,,,,,
"US1KYCB0019","NEWPORT 0.7 N, KY US","39.09559","-84.48513","160.0","2025-06-07",,,,,,,,,"12.4",",,N",,,,,,,,,,,,,,,,,,,,,,,,,,,,,,,,,,
"US1KYCB0019","NEWPORT 0.7 N, KY US","39.09559","-84.48513","160.0","2025-06-08",,,,,,,,,"5.6",",,N",,,,,,,,,,,,,,,,,,,,,,,,,,,,,,,,,,
"US1KYCB0019","NEWPORT 0.7 N, KY US","39.09559","-84.48513","160.0","2025-06-09",,,,,,,,,"1.0",",,N",,,,,,,,,,,,,,,,,,,,,,,,,,,,,,,,,,
"US1KYCB0019","NEWPORT 0.7 N, KY US","39.09559","-84.48513","160.0","2025-06-10",,,,,,,,,"0.3",",,N","0.0",",,N",,,,,,,,,,,,,,,,,,,,,,,,,,,,,,,,
"US1KYCB0019","NEWPORT 0.7 N, KY US","39.09559","-84.48513","160.0","2025-06-11",,,,,,,,,"0.0",",,N","0.0",",,N",,,,,,,,,,,,,,,,,,,,,,,,,,,,,,,,
"US1KYCB0019","NEWPORT 0.7 N, KY US","39.09559","-84.48513","160.0","2025-06-12",,,,,,,,,"0.0",",,N","0.0",",,N",,,,,,,,,,,,,,,,,,,,,,,,,,,,,,,,
"US1KYCB0019","NEWPORT 0.7 N, KY US","39.09559","-84.48513","160.0","2025-06-13",,,,,,,,,"0.0",",,N","0.0",",,N",,,,,,,,,,,,,,,,,,,,,,,,,,,,,,,,
"US1KYCB0019","NEWPORT 0.7 N, KY US","39.09559","-84.48513","160.0","2025-06-14",,,,,,,,,"5.3",",,N",,,,,,,,,,,,,,,,,,,,,,,,,,,,,,,,,,
"US1KYCB0019","NEWPORT 0.7 N, KY US","39.09559","-84.48513","160.0","2025-06-15",,,,,,,,,"0.3",",,N",,,,,,,,,,,,,,,,,,,,,,,,,,,,,,,,,,
"US1KYCB0019","NEWPORT 0.7 N, KY US","39.09559","-84.48513","160.0","2025-06-16",,,,,,,,,"0.0","T,,N",,,,,,,,,,,,,,,,,,,,,,,,,,,,,,,,,,
"US1KYCB0019","NEWPORT 0.7 N, KY US","39.09559","-84.48513","160.0","2025-06-17",,,,,,,,,"23.1",",,N",,,,,,,,,,,,,,,,,,,,,,,,,,,,,,,,,,
"US1KYCB0019","NEWPORT 0.7 N, KY US","39.09559","-84.48513","160.0","2025-06-18",,,,,,,,,"2.8",",,N",,,,,,,,,,,,,,,,,,,,,,,,,,,,,,,,,,
"US1OHCM0025","LOVELAND 3.1 SE, OH US","39.233048","-84.237336","256.3","2025-06-01",,,,,,,,,"0.0",",,N","0.0",",,N",,,,,,,,,,,,,,,,,,,,,,,,,,,,,,,,
"US1OHCM0025","LOVELAND 3.1 SE, OH US","39.233048","-84.237336","256.3","2025-06-02",,,,,,,,,"0.0",",,N","0.0",",,N",,,,,,,,,,,,,,,,,,,,,,,,,,,,,,,,
"US1OHCM0025","LOVELAND 3.1 SE, OH US","39.233048","-84.237336","256.3","2025-06-03",,,,,,,,,"0.0",",,N","0.0",",,N",,,,,,,,,,,,,,,,,,,,,,,,,,,,,,,,
"US1OHCM0025","LOVELAND 3.1 SE, OH US","39.233048","-84.237336","256.3","2025-06-04",,,,,,,,,"0.0",",,N","0.0",",,N",,,,,,,,,,,,,,,,,,,,,,,,,,,,,,,,
"US1OHCM0025","LOVELAND 3.1 SE, OH US","39.233048","-84.237336","256.3","2025-06-05",,,,,,,,,"0.0",",,N","0.0",",,N",,,,,,,,,,,,,,,,,,,,,,,,,,,,,,,,
"US1OHCM0025","LOVELAND 3.1 SE, OH US","39.233048","-84.237336","256.3","2025-06-06",,,,,,,,,"4.1",",,N",,,,,,,,,,,,,,,,,,,,,,,,,,,,,,,,,,
"US1OHCM0025","LOVELAND 3.1 SE, OH US","39.233048","-84.237336","256.3","2025-06-07",,,,,,,,,"11.7",",,N",,,,,,,,,,,,,,,,,,,,,,,,,,,,,,,,,,
"US1OHCM0025","LOVELAND 3.1 SE, OH US","39.233048","-84.237336","256.3","2025-06-08",,,,,,,,,"7.1",",,N",,,,,,,,,,,,,,,,,,,,,,,,,,,,,,,,,,
"US1OHCM0025","LOVELAND 3.1 SE, OH US","39.233048","-84.237336","256.3","2025-06-09",,,,,,,,,"5.1",",,N",,,,,,,,,,,,,,,,,,,,,,,,,,,,,,,,,,
"US1OHCM0025","LOVELAND 3.1 SE, OH US","39.233048","-84.237336","256.3","2025-06-10",,,,,,,,,"0.3",",,N",,,,,,,,,,,,,,,,,,,,,,,,,,,,,,,,,,
"US1OHCM0025","LOVELAND 3.1 SE, OH US","39.233048","-84.237336","256.3","2025-06-11",,,,,,,,,"0.0",",,N","0.0",",,N",,,,,,,,,,,,,,,,,,,,,,,,,,,,,,,,
"US1OHCM0025","LOVELAND 3.1 SE, OH US","39.233048","-84.237336","256.3","2025-06-12",,,,,,,,,"0.0",",,N","0.0",",,N",,,,,,,,,,,,,,,,,,,,,,,,,,,,,,,,
"US1OHCM0025","LOVELAND 3.1 SE, OH US","39.233048","-84.237336","256.3","2025-06-13",,,,,,,,,"0.0","T,,N",,,,,,,,,,,,,,,,,,,,,,,,,,,,,,,,,,
"US1OHCM0025","LOVELAND 3.1 SE, OH US","39.233048","-84.237336","256.3","2025-06-14",,,,,,,,,"3.8",",,N",,,,,,,,,,,,,,,,,,,,,,,,,,,,,,,,,,
"US1OHCM0025","LOVELAND 3.1 SE, OH US","39.233048","-84.237336","256.3","2025-06-15",,,,,,,,,"0.0",",,N","0.0",",,N",,,,,,,,,,,,,,,,,,,,,,,,,,,,,,,,
"US1OHCM0025","LOVELAND 3.1 SE, OH US","39.233048","-84.237336","256.3","2025-06-16",,,,,,,,,"0.0","T,,N",,,,,,,,,,,,,,,,,,,,,,,,,,,,,,,,,,
"US1OHCM0025","LOVELAND 3.1 SE, OH US","39.233048","-84.237336","256.3","2025-06-17",,,,,,,,,"8.9",",,N",,,,,,,,,,,,,,,,,,,,,,,,,,,,,,,,,,
"US1OHCM0025","LOVELAND 3.1 SE, OH US","39.233048","-84.237336","256.3","2025-06-18",,,,,,,,,"0.8",",,N",,,,,,,,,,,,,,,,,,,,,,,,,,,,,,,,,,
"US1OHHM0064","CINCINNATI 7.5 E, OH US","39.080768","-84.375201","223.4","2025-06-01",,,,,,,,,"0.0",",,N","0.0",",,N",,,,,,,,,,,,,,,,,,,,,,,,,,,,,,,,
"US1OHHM0064","CINCINNATI 7.5 E, OH US","39.080768","-84.375201","223.4","2025-06-02",,,,,,,,,"0.0",",,N","0.0",",,N",,,,,,,,,,,,,,,,,,,,,,,,,,,,,,,,
"US1OHHM0064","CINCINNATI 7.5 E, OH US","39.080768","-84.375201","223.4","2025-06-03",,,,,,,,,"0.0",",,N","0.0",",,N",,,,,,,,,,,,,,,,,,,,,,,,,,,,,,,,
"US1OHHM0064","CINCINNATI 7.5 E, OH US","39.080768","-84.375201","223.4","2025-06-04",,,,,,,,,"0.0",",,N","0.0",",,N",,,,,,,,,,,,,,,,,,,,,,,,,,,,,,,,
"US1OHHM0064","CINCINNATI 7.5 E, OH US","39.080768","-84.375201","223.4","2025-06-05",,,,,,,,,"0.0",",,N","0.0",",,N",,,,,,,,,,,,,,,,,,,,,,,,,,,,,,,,
"US1OHHM0064","CINCINNATI 7.5 E, OH US","39.080768","-84.375201","223.4","2025-06-06",,,,,,,,,"8.4",",,N",,,,,,,,,,,,,,,,,,,,,,,,,,,,,,,,,,
"US1OHHM0064","CINCINNATI 7.5 E, OH US","39.080768","-84.375201","223.4","2025-06-07",,,,,,,,,"44.5",",,N",,,,,,,,,,,,,,,,,,,,,,,,,,,,,,,,,,
"US1OHHM0064","CINCINNATI 7.5 E, OH US","39.080768","-84.375201","223.4","2025-06-08",,,,,,,,,"4.8",",,N",,,,,,,,,,,,,,,,,,,,,,,,,,,,,,,,,,
"US1OHHM0064","CINCINNATI 7.5 E, OH US","39.080768","-84.375201","223.4","2025-06-09",,,,,,,,,"1.3",",,N",,,,,,,,,,,,,,,,,,,,,,,,,,,,,,,,,,
"US1OHHM0064","CINCINNATI 7.5 E, OH US","39.080768","-84.375201","223.4","2025-06-10",,,,,,,,,"1.0",",,N",,,,,,,,,,,,,,,,,,,,,,,,,,,,,,,,,,
"US1OHHM0064","CINCINNATI 7.5 E, OH US","39.080768","-84.375201","223.4","2025-06-11",,,,,,,,,"0.0",",,N","0.0",",,N",,,,,,,,,,,,,,,,,,,,,,,,,,,,,,,,
"US1OHHM0064","CINCINNATI 7.5 E, OH US","39.080768","-84.375201","223.4","2025-06-12",,,,,,,,,"0.0",",,N","0.0",",,N",,,,,,,,,,,,,,,,,,,,,,,,,,,,,,,,
"US1OHHM0064","CINCINNATI 7.5 E, OH US","39.080768","-84.375201","223.4","2025-06-13",,,,,,,,,"0.0",",,N","0.0",",,N",,,,,,,,,,,,,,,,,,,,,,,,,,,,,,,,
"US1OHHM0064","CINCINNATI 7.5 E, OH US","39.080768","-84.375201","223.4","2025-06-14",,,,,,,,,"7.6",",,N",,,,,,,,,,,,,,,,,,,,,,,,,,,,,,,,,,
"US1OHHM0064","CINCINNATI 7.5 E, OH US","39.080768","-84.375201","223.4","2025-06-15",,,,,,,,,"0.0",",,N","0.0",",,N",,,,,,,,,,,,,,,,,,,,,,,,,,,,,,,,
"US1OHHM0064","CINCINNATI 7.5 E, OH US","39.080768","-84.375201","223.4","2025-06-16",,,,,,,,,"1.3",",,N",,,,,,,,,,,,,,,,,,,,,,,,,,,,,,,,,,
"US1OHHM0064","CINCINNATI 7.5 E, OH US","39.080768","-84.375201","223.4","2025-06-18",,,"    2",",,N","4.8",",,N",,,,,,,,,,,,,,,,,,,,,,,,,,,,,,,,,,,,,,
"US1OHHM0086","MACK SOUTH 0.4 N, OH US","39.147802","-84.672655","264.6","2025-06-01",,,,,,,,,"0.0",",,N","0.0",",,N",,,,,,,,,,,,,,,,,,,,,,,,,,,,,,,,
"US1OHHM0086","MACK SOUTH 0.4 N, OH US","39.147802","-84.672655","264.6","2025-06-02",,,,,,,,,"0.0",",,N","0.0",",,N",,,,,,,,,,,,,,,,,,,,,,,,,,,,,,,,
"US1OHHM0086","MACK SOUTH 0.4 N, OH US","39.147802","-84.672655","264.6","2025-06-03",,,,,,,,,"0.0",",,N","0.0",",,N",,,,,,,,,,,,,,,,,,,,,,,,,,,,,,,,
"US1OHHM0086","MACK SOUTH 0.4 N, OH US","39.147802","-84.672655","264.6","2025-06-04",,,,,,,,,"0.0",",,N","0.0",",,N",,,,,,,,,,,,,,,,,,,,,,,,,,,,,,,,
"US1OHHM0086","MACK SOUTH 0.4 N, OH US","39.147802","-84.672655","264.6","2025-06-05",,,,,,,,,"0.0",",,N","0.0",",,N",,,,,,,,,,,,,,,,,,,,,,,,,,,,,,,,
"US1OHHM0086","MACK SOUTH 0.4 N, OH US","39.147802","-84.672655","264.6","2025-06-06",,,,,,,,,"4.8",",,N",,,,,,,,,,,,,,,,,,,,,,,,,,,,,,,,,,
"US1OHHM0086","MACK SOUTH 0.4 N, OH US","39.147802","-84.672655","264.6","2025-06-07",,,,,,,,,"14.2",",,N",,,,,,,,,,,,,,,,,,,,,,,,,,,,,,,,,,
"US1OHHM0086","MACK SOUTH 0.4 N, OH US","39.147802","-84.672655","264.6","2025-06-08",,,,,,,,,"5.6",",,N",,,,,,,,,,,,,,,,,,,,,,,,,,,,,,,,,,
"US1OHHM0086","MACK SOUTH 0.4 N, OH US","39.147802","-84.672655","264.6","2025-06-09",,,,,,,,,"5.3",",,N",,,,,,,,,,,,,,,,,,,,,,,,,,,,,,,,,,
"US1OHHM0086","MACK SOUTH 0.4 N, OH US","39.147802","-84.672655","264.6","2025-06-10",,,,,,,,,"0.0","T,,N",,,,,,,,,,,,,,,,,,,,,,,,,,,,,,,,,,
"US1OHHM0086","MACK SOUTH 0.4 N, OH US","39.147802","-84.672655","264.6","2025-06-11",,,,,,,,,"0.0",",,N","0.0",",,N",,,,,,,,,,,,,,,,,,,,,,,,,,,,,,,,
"US1OHHM0086","MACK SOUTH 0.4 N, OH US","39.147802","-84.672655","264.6","2025-06-12",,,,,,,,,"0.0",",,N","0.0",",,N",,,,,,,,,,,,,,,,,,,,,,,,,,,,,,,,
"US1OHHM0086","MACK SOUTH 0.4 N, OH US","39.147802","-84.672655","264.6","2025-06-13",,,,,,,,,"0.0",",,N","0.0",",,N",,,,,,,,,,,,,,,,,,,,,,,,,,,,,,,,
"US1OHHM0086","MACK SOUTH 0.4 N, OH US","39.147802","-84.672655","264.6","2025-06-14",,,,,,,,,"4.6",",,N",,,,,,,,,,,,,,,,,,,,,,,,,,,,,,,,,,
"US1OHHM0086","MACK SOUTH 0.4 N, OH US","39.147802","-84.672655","264.6","2025-06-16",,,,,,,,,"0.0",",,N","0.0",",,N",,,,,,,,,,,,,,,,,,,,,,,,,,,,,,,,
"US1OHHM0086","MACK SOUTH 0.4 N, OH US","39.147802","-84.672655","264.6","2025-06-17",,,,,,,,,"1.0",",,N",,,,,,,,,,,,,,,,,,,,,,,,,,,,,,,,,,
"US1OHHM0086","MACK SOUTH 0.4 N, OH US","39.147802","-84.672655","264.6","2025-06-18",,,,,,,,,"15.2",",,N",,,,,,,,,,,,,,,,,,,,,,,,,,,,,,,,,,
"US1OHCM0001","LOVELAND 5.3 SE, OH US","39.2155","-84.21768","255.1","2025-06-06",,,,,,,,,"14.0",",,N",,,,,,,,,,,,,,,,,,,,,,,,,,,,,,,,,,
"US1OHCM0001","LOVELAND 5.3 SE, OH US","39.2155","-84.21768","255.1","2025-06-07",,,,,,,,,"24.4",",,N",,,,,,,,,,,,,,,,,,,,,,,,,,,,,,,,,,
"US1OHCM0001","LOVELAND 5.3 SE, OH US","39.2155","-84.21768","255.1","2025-06-08",,,,,,,,,"4.3",",,N",,,,,,,,,,,,,,,,,,,,,,,,,,,,,,,,,,
"US1OHCM0001","LOVELAND 5.3 SE, OH US","39.2155","-84.21768","255.1","2025-06-09",,,,,,,,,"4.1",",,N",,,,,,,,,,,,,,,,,,,,,,,,,,,,,,,,,,
"US1OHCM0001","LOVELAND 5.3 SE, OH US","39.2155","-84.21768","255.1","2025-06-14",,,,,,,,,"3.8",",,N",,,,,,,,,,,,,,,,,,,,,,,,,,,,,,,,,,
"US1OHCM0001","LOVELAND 5.3 SE, OH US","39.2155","-84.21768","255.1","2025-06-15",,,,,,,,,"2.3",",,N",,,,,,,,,,,,,,,,,,,,,,,,,,,,,,,,,,
"US1OHCM0001","LOVELAND 5.3 SE, OH US","39.2155","-84.21768","255.1","2025-06-17",,,,,,,,,"8.1",",,N",,,,,,,,,,,,,,,,,,,,,,,,,,,,,,,,,,
"US1OHCM0001","LOVELAND 5.3 SE, OH US","39.2155","-84.21768","255.1","2025-06-18",,,,,,,,,"1.0",",,N",,,,,,,,,,,,,,,,,,,,,,,,,,,,,,,,,,
"US1OHCM0021","LOVELAND 2.1 S, OH US","39.236784","-84.2668","253.0","2025-06-01",,,,,,,,,"0.0",",,N","0.0",",,N",,,,,,,,,,,,,,,,,,,,,,,,,,,,,,,,
"US1OHCM0021","LOVELAND 2.1 S, OH US","39.236784","-84.2668","253.0","2025-06-02",,,,,,,,,"0.0",",,N","0.0",",,N",,,,,,,,,,,,,,,,,,,,,,,,,,,,,,,,
"US1OHCM0021","LOVELAND 2.1 S, OH US","39.236784","-84.2668","253.0","2025-06-03",,,,,,,,,"0.0",",,N","0.0",",,N",,,,,,,,,,,,,,,,,,,,,,,,,,,,,,,,
"US1OHCM0021","LOVELAND 2.1 S, OH US","39.236784","-84.2668","253.0","2025-06-04",,,,,,,,,"0.0",",,N","0.0",",,N",,,,,,,,,,,,,,,,,,,,,,,,,,,,,,,,
"US1OHCM0021","LOVELAND 2.1 S, OH US","39.236784","-84.2668","253.0","2025-06-05",,,,,,,,,"0.0",",,N","0.0",",,N",,,,,,,,,,,,,,,,,,,,,,,,,,,,,,,,
"US1OHCM0021","LOVELAND 2.1 S, OH US","39.236784","-84.2668","253.0","2025-06-06",,,,,,,,,"2.5",",,N",,,,,,,,,,,,,,,,,,,,,,,,,,,,,,,,,,
"US1OHCM0021","LOVELAND 2.1 S, OH US","39.236784","-84.2668","253.0","2025-06-07",,,,,,,,,"10.2",",,N",,,,,,,,,,,,,,,,,,,,,,,,,,,,,,,,,,
"US1OHCM0021","LOVELAND 2.1 S, OH US","39.236784","-84.2668","253.0","2025-06-08",,,,,,,,,"8.9",",,N",,,,,,,,,,,,,,,,,,,,,,,,,,,,,,,,,,
"US1OHCM0021","LOVELAND 2.1 S, OH US","39.236784","-84.2668","253.0","2025-06-09",,,,,,,,,"6.9",",,N",,,,,,,,,,,,,,,,,,,,,,,,,,,,,,,,,,
"US1OHCM0021","LOVELAND 2.1 S, OH US","39.236784","-84.2668","253.0","2025-06-10",,,,,,,,,"0.8",",,N",,,,,,,,,,,,,,,,,,,,,,,,,,,,,,,,,,
"US1OHCM0021","LOVELAND 2.1 S, OH US","39.236784","-84.2668","253.0","2025-06-11",,,,,,,,,"0.0",",,N","0.0",",,N",,,,,,,,,,,,,,,,,,,,,,,,,,,,,,,,
"US1OHCM0021","LOVELAND 2.1 S, OH US","39.236784","-84.2668","253.0","2025-06-12",,,,,,,,,"0.0",",,N","0.0",",,N",,,,,,,,,,,,,,,,,,,,,,,,,,,,,,,,
"US1OHCM0021","LOVELAND 2.1 S, OH US","39.236784","-84.2668","253.0","2025-06-13",,,,,,,,,"0.0",",,N","0.0",",,N",,,,,,,,,,,,,,,,,,,,,,,,,,,,,,,,
"US1OHCM0021","LOVELAND 2.1 S, OH US","39.236784","-84.2668","253.0","2025-06-14",,,,,,,,,"4.1",",,N",,,,,,,,,,,,,,,,,,,,,,,,,,,,,,,,,,
"US1OHCM0021","LOVELAND 2.1 S, OH US","39.236784","-84.2668","253.0","2025-06-15",,,,,,,,,"0.0","T,,N",,,,,,,,,,,,,,,,,,,,,,,,,,,,,,,,,,
"US1OHCM0021","LOVELAND 2.1 S, OH US","39.236784","-84.2668","253.0","2025-06-16",,,,,,,,,"0.0",",,N","0.0",",,N",,,,,,,,,,,,,,,,,,,,,,,,,,,,,,,,
"US1OHCM0021","LOVELAND 2.1 S, OH US","39.236784","-84.2668","253.0","2025-06-17",,,,,,,,,"12.7",",,N",,,,,,,,,,,,,,,,,,,,,,,,,,,,,,,,,,
"US1OHCM0021","LOVELAND 2.1 S, OH US","39.236784","-84.2668","253.0","2025-06-18",,,,,,,,,"6.9",",,N",,,,,,,,,,,,,,,,,,,,,,,,,,,,,,,,,,
"US1KYCB0016","SILVER GROVE 0.4 E, KY US","39.036587","-84.39032","150.6","2025-06-01",,,,,,,,,"0.0",",,N","0.0",",,N",,,,,,,,,,,,,,,,,,,,,,,,,,,,,,,,
"US1KYCB0016","SILVER GROVE 0.4 E, KY US","39.036587","-84.39032","150.6","2025-06-02",,,,,,,,,"0.0",",,N","0.0",",,N",,,,,,,,,,,,,,,,,,,,,,,,,,,,,,,,
"US1KYCB0016","SILVER GROVE 0.4 E, KY US","39.036587","-84.39032","150.6","2025-06-03",,,,,,,,,"0.0",",,N","0.0",",,N",,,,,,,,,,,,,,,,,,,,,,,,,,,,,,,,
"US1KYCB0016","SILVER GROVE 0.4 E, KY US","39.036587","-84.39032","150.6","2025-06-04",,,,,,,,,"0.0",",,N","0.0",",,N",,,,,,,,,,,,,,,,,,,,,,,,,,,,,,,,
"US1KYCB0016","SILVER GROVE 0.4 E, KY US","39.036587","-84.39032","150.6","2025-06-05",,,,,,,,,"0.0",",,N","0.0",",,N",,,,,,,,,,,,,,,,,,,,,,,,,,,,,,,,
"US1KYCB0016","SILVER GROVE 0.4 E, KY US","39.036587","-84.39032","150.6","2025-06-06",,,,,,,,,"2.8",",,N",,,,,,,,,,,,,,,,,,,,,,,,,,,,,,,,,,
"US1KYCB0016","SILVER GROVE 0.4 E, KY US","39.036587","-84.39032","150.6","2025-06-07",,,,,,,,,"6.1",",,N",,,,,,,,,,,,,,,,,,,,,,,,,,,,,,,,,,
"US1KYCB0016","SILVER GROVE 0.4 E, KY US","39.036587","-84.39032","150.6","2025-06-08",,,,,,,,,"5.3",",,N",,,,,,,,,,,,,,,,,,,,,,,,,,,,,,,,,,
"US1KYCB0016","SILVER GROVE 0.4 E, KY US","39.036587","-84.39032","150.6","2025-06-10",,,"    2",",,N","1.8",",,N",,,,,,,,,,,,,,,,,,,,,,,,,,,,,,,,,,,,,,
"US1KYCB0016","SILVER GROVE 0.4 E, KY US","39.036587","-84.39032","150.6","2025-06-13",,,,,,,,,"0.0",",,N","0.0",",,N",,,,,,,,,,,,,,,,,,,,,,,,,,,,,,,,
"US1KYCB0016","SILVER GROVE 0.4 E, KY US","39.036587","-84.39032","150.6","2025-06-14",,,,,,,,,"6.9",",,N",,,,,,,,,,,,,,,,,,,,,,,,,,,,,,,,,,
"US1KYCB0016","SILVER GROVE 0.4 E, KY US","39.036587","-84.39032","150.6","2025-06-15",,,,,,,,,"0.3",",,N",,,,,,,,,,,,,,,,,,,,,,,,,,,,,,,,,,
"US1KYCB0016","SILVER GROVE 0.4 E, KY US","39.036587","-84.39032","150.6","2025-06-16",,,,,,,,,"1.5",",,N",,,,,,,,,,,,,,,,,,,,,,,,,,,,,,,,,,
"US1KYCB0016","SILVER GROVE 0.4 E, KY US","39.036587","-84.39032","150.6","2025-06-17",,,,,,,,,"2.8",",,N",,,,,,,,,,,,,,,,,,,,,,,,,,,,,,,,,,
"US1KYCB0016","SILVER GROVE 0.4 E, KY US","39.036587","-84.39032","150.6","2025-06-18",,,,,,,,,"5.1",",,N",,,,,,,,,,,,,,,,,,,,,,,,,,,,,,,,,,
"US1KYCB0017","ALEXANDRIA 1.3 NNW, KY US","38.979","-84.3892","249.0","2025-06-06",,,,,,,,,"1.3",",,N",,,,,,,,,,,,,,,,,,,,,,,,,,,,,,,,,,
"US1KYCB0017","ALEXANDRIA 1.3 NNW, KY US","38.979","-84.3892","249.0","2025-06-08",,,,,,,,,"5.1",",,N",,,,,,,,,,,,,,,,,,,,,,,,,,,,,,,,,,
"US1KYCB0017","ALEXANDRIA 1.3 NNW, KY US","38.979","-84.3892","249.0","2025-06-09",,,,,,,,,"1.0",",,N",,,,,,,,,,,,,,,,,,,,,,,,,,,,,,,,,,
"US1KYCB0017","ALEXANDRIA 1.3 NNW, KY US","38.979","-84.3892","249.0","2025-06-10",,,,,,,,,"3.6",",,N",,,,,,,,,,,,,,,,,,,,,,,,,,,,,,,,,,
"US1KYCB0017","ALEXANDRIA 1.3 NNW, KY US","38.979","-84.3892","249.0","2025-06-11",,,,,,,,,"0.0",",,N","0.0",",,N",,,,,,,,,,,,,,,,,,,,,,,,,,,,,,,,
"US1KYCB0017","ALEXANDRIA 1.3 NNW, KY US","38.979","-84.3892","249.0","2025-06-12",,,,,,,,,"0.0",",,N","0.0",",,N",,,,,,,,,,,,,,,,,,,,,,,,,,,,,,,,
"US1KYCB0017","ALEXANDRIA 1.3 NNW, KY US","38.979","-84.3892","249.0","2025-06-14",,,,,,,,,"6.1",",,N",,,,,,,,,,,,,,,,,,,,,,,,,,,,,,,,,,
"US1KYCB0017","ALEXANDRIA 1.3 NNW, KY US","38.979","-84.3892","249.0","2025-06-15",,,,,,,,,"0.5",",,N",,,,,,,,,,,,,,,,,,,,,,,,,,,,,,,,,,
"US1KYCB0017","ALEXANDRIA 1.3 NNW, KY US","38.979","-84.3892","249.0","2025-06-16",,,,,,,,,"7.9",",,N",,,,,,,,,,,,,,,,,,,,,,,,,,,,,,,,,,
"US1KYCB0017","ALEXANDRIA 1.3 NNW, KY US","38.979","-84.3892","249.0","2025-06-17",,,,,,,,,"1.0",",,N",,,,,,,,,,,,,,,,,,,,,,,,,,,,,,,,,,
"US1KYCB0017","ALEXANDRIA 1.3 NNW, KY US","38.979","-84.3892","249.0","2025-06-18",,,,,,,,,"0.0","T,,N",,,,,,,,,,,,,,,,,,,,,,,,,,,,,,,,,,
"US1OHHM0080","WYOMING 0.5 WNW, OH US","39.232301","-84.49078","242.6","2025-06-01",,,,,,,,,"0.0",",,N","0.0",",,N",,,,,,,,,,,,,,,,,,,,,,,,,,,,,,,,
"US1OHHM0080","WYOMING 0.5 WNW, OH US","39.232301","-84.49078","242.6","2025-06-02",,,,,,,,,"0.0",",,N","0.0",",,N",,,,,,,,,,,,,,,,,,,,,,,,,,,,,,,,
"US1OHHM0080","WYOMING 0.5 WNW, OH US","39.232301","-84.49078","242.6","2025-06-03",,,,,,,,,"0.0",",,N","0.0",",,N",,,,,,,,,,,,,,,,,,,,,,,,,,,,,,,,
"US1OHHM0080","WYOMING 0.5 WNW, OH US","39.232301","-84.49078","242.6","2025-06-04",,,,,,,,,"0.0",",,N","0.0",",,N",,,,,,,,,,,,,,,,,,,,,,,,,,,,,,,,
"US1OHHM0080","WYOMING 0.5 WNW, OH US","39.232301","-84.49078","242.6","2025-06-05",,,,,,,,,"0.0",",,N","0.0",",,N",,,,,,,,,,,,,,,,,,,,,,,,,,,,,,,,
"US1OHHM0080","WYOMING 0.5 WNW, OH US","39.232301","-84.49078","242.6","2025-06-06",,,,,,,,,"2.5",",,N",,,,,,,,,,,,,,,,,,,,,,,,,,,,,,,,,,
"US1OHHM0080","WYOMING 0.5 WNW, OH US","39.232301","-84.49078","242.6","2025-06-07",,,,,,,,,"22.9",",,N",,,,,,,,,,,,,,,,,,,,,,,,,,,,,,,,,,
"US1OHHM0080","WYOMING 0.5 WNW, OH US","39.232301","-84.49078","242.6","2025-06-08",,,,,,,,,"17.0",",,N",,,,,,,,,,,,,,,,,,,,,,,,,,,,,,,,,,
"US1OHHM0080","WYOMING 0.5 WNW, OH US","39.232301","-84.49078","242.6","2025-06-09",,,,,,,,,"0.3",",,N",,,,,,,,,,,,,,,,,,,,,,,,,,,,,,,,,,
"US1OHHM0080","WYOMING 0.5 WNW, OH US","39.232301","-84.49078","242.6","2025-06-10",,,,,,,,,"0.3",",,N",,,,,,,,,,,,,,,,,,,,,,,,,,,,,,,,,,
"US1OHHM0080","WYOMING 0.5 WNW, OH US","39.232301","-84.49078","242.6","2025-06-11",,,,,,,,,"0.0",",,N","0.0",",,N",,,,,,,,,,,,,,,,,,,,,,,,,,,,,,,,
"US1OHHM0080","WYOMING 0.5 WNW, OH US","39.232301","-84.49078","242.6","2025-06-12",,,,,,,,,"0.0",",,N","0.0",",,N",,,,,,,,,,,,,,,,,,,,,,,,,,,,,,,,
"US1OHHM0080","WYOMING 0.5 WNW, OH US","39.232301","-84.49078","242.6","2025-06-13",,,,,,,,,"0.0",",,N","0.0",",,N",,,,,,,,,,,,,,,,,,,,,,,,,,,,,,,,
"US1OHHM0080","WYOMING 0.5 WNW, OH US","39.232301","-84.49078","242.6","2025-06-14",,,,,,,,,"4.6",",,N",,,,,,,,,,,,,,,,,,,,,,,,,,,,,,,,,,
"US1OHHM0080","WYOMING 0.5 WNW, OH US","39.232301","-84.49078","242.6","2025-06-15",,,,,,,,,"0.3",",,N",,,,,,,,,,,,,,,,,,,,,,,,,,,,,,,,,,
"US1OHHM0080","WYOMING 0.5 WNW, OH US","39.232301","-84.49078","242.6","2025-06-16",,,,,,,,,"0.0",",,N","0.0",",,N",,,,,,,,,,,,,,,,,,,,,,,,,,,,,,,,
"US1OHHM0080","WYOMING 0.5 WNW, OH US","39.232301","-84.49078","242.6","2025-06-17",,,,,,,,,"8.9",",,N",,,,,,,,,,,,,,,,,,,,,,,,,,,,,,,,,,
"US1OHHM0080","WYOMING 0.5 WNW, OH US","39.232301","-84.49078","242.6","2025-06-18",,,,,,,,,"2.5",",,N",,,,,,,,,,,,,,,,,,,,,,,,,,,,,,,,,,
"US1KYKN0015","COVINGTON 1.3 SSE, KY US","39.065787","-84.501706","161.8","2025-06-01",,,,,,,,,"0.0",",,N","0.0",",,N",,,,,,,,,,,,,,,,,,,,,,,,,,,,,,,,
"US1KYKN0015","COVINGTON 1.3 SSE, KY US","39.065787","-84.501706","161.8","2025-06-02",,,,,,,,,"0.0",",,N","0.0",",,N",,,,,,,,,,,,,,,,,,,,,,,,,,,,,,,,
"US1KYKN0015","COVINGTON 1.3 SSE, KY US","39.065787","-84.501706","161.8","2025-06-03",,,,,,,,,"0.0",",,N","0.0",",,N",,,,,,,,,,,,,,,,,,,,,,,,,,,,,,,,
"US1KYKN0015","COVINGTON 1.3 SSE, KY US","39.065787","-84.501706","161.8","2025-06-04",,,,,,,,,"0.0",",,N","0.0",",,N",,,,,,,,,,,,,,,,,,,,,,,,,,,,,,,,
"US1KYKN0015","COVINGTON 1.3 SSE, KY US","39.065787","-84.501706","161.8","2025-06-05",,,,,,,,,"0.0",",,N","0.0",",,N",,,,,,,,,,,,,,,,,,,,,,,,,,,,,,,,
"US1KYKN0015","COVINGTON 1.3 SSE, KY US","39.065787","-84.501706","161.8","2025-06-06",,,,,,,,,"4.8",",,N",,,,,,,,,,,,,,,,,,,,,,,,,,,,,,,,,,
"US1KYKN0015","COVINGTON 1.3 SSE, KY US","39.065787","-84.501706","161.8","2025-06-07",,,,,,,,,"6.6",",,N",,,,,,,,,,,,,,,,,,,,,,,,,,,,,,,,,,
"US1KYKN0015","COVINGTON 1.3 SSE, KY US","39.065787","-84.501706","161.8","2025-06-08",,,,,,,,,"5.6",",,N",,,,,,,,,,,,,,,,,,,,,,,,,,,,,,,,,,
"US1KYKN0015","COVINGTON 1.3 SSE, KY US","39.065787","-84.501706","161.8","2025-06-09",,,,,,,,,"1.0",",,N",,,,,,,,,,,,,,,,,,,,,,,,,,,,,,,,,,
"US1KYKN0015","COVINGTON 1.3 SSE, KY US","39.065787","-84.501706","161.8","2025-06-10",,,,,,,,,"0.0","T,,N",,,,,,,,,,,,,,,,,,,,,,,,,,,,,,,,,,
"US1KYKN0015","COVINGTON 1.3 SSE, KY US","39.065787","-84.501706","161.8","2025-06-11",,,,,,,,,"0.0",",,N","0.0",",,N",,,,,,,,,,,,,,,,,,,,,,,,,,,,,,,,
"US1KYKN0015","COVINGTON 1.3 SSE, KY US","39.065787","-84.501706","161.8","2025-06-12",,,,,,,,,"0.0",",,N","0.0",",,N",,,,,,,,,,,,,,,,,,,,,,,,,,,,,,,,
"US1KYKN0015","COVINGTON 1.3 SSE, KY US","39.065787","-84.501706","161.8","2025-06-13",,,,,,,,,"0.0",",,N","0.0",",,N",,,,,,,,,,,,,,,,,,,,,,,,,,,,,,,,
"US1KYKN0015","COVINGTON 1.3 SSE, KY US","39.065787","-84.501706","161.8","2025-06-14",,,,,,,,,"5.3",",,N",,,,,,,,,,,,,,,,,,,,,,,,,,,,,,,,,,
"US1KYKN0015","COVINGTON 1.3 SSE, KY US","39.065787","-84.501706","161.8","2025-06-15",,,,,,,,,"0.5",",,N",,,,,,,,,,,,,,,,,,,,,,,,,,,,,,,,,,
"US1KYKN0015","COVINGTON 1.3 SSE, KY US","39.065787","-84.501706","161.8","2025-06-16",,,,,,,,,"0.0",",,N","0.0",",,N",,,,,,,,,,,,,,,,,,,,,,,,,,,,,,,,
"US1KYKN0015","COVINGTON 1.3 SSE, KY US","39.065787","-84.501706","161.8","2025-06-17",,,,,,,,,"9.7",",,N",,,,,,,,,,,,,,,,,,,,,,,,,,,,,,,,,,
"US1KYKN0015","COVINGTON 1.3 SSE, KY US","39.065787","-84.501706","161.8","2025-06-18",,,,,,,,,"8.4",",,N",,,,,,,,,,,,,,,,,,,,,,,,,,,,,,,,,,
"US1KYKN0037","VILLA HILLS 0.7 S, KY US","39.0545","-84.5974","265.2","2025-06-01",,,,,,,,,"0.0",",,N","0.0",",,N",,,,,,,,,,,,,,,,,,,,,,,,,,,,,,,,
"US1KYKN0037","VILLA HILLS 0.7 S, KY US","39.0545","-84.5974","265.2","2025-06-02",,,,,,,,,"0.0",",,N","0.0",",,N",,,,,,,,,,,,,,,,,,,,,,,,,,,,,,,,
"US1KYKN0037","VILLA HILLS 0.7 S, KY US","39.0545","-84.5974","265.2","2025-06-03",,,,,,,,,"0.0",",,N","0.0",",,N",,,,,,,,,,,,,,,,,,,,,,,,,,,,,,,,
"US1KYKN0037","VILLA HILLS 0.7 S, KY US","39.0545","-84.5974","265.2","2025-06-04",,,,,,,,,"0.0",",,N","0.0",",,N",,,,,,,,,,,,,,,,,,,,,,,,,,,,,,,,
"US1KYKN0037","VILLA HILLS 0.7 S, KY US","39.0545","-84.5974","265.2","2025-06-05",,,,,,,,,"0.0",",,N","0.0",",,N",,,,,,,,,,,,,,,,,,,,,,,,,,,,,,,,
"US1KYKN0037","VILLA HILLS 0.7 S, KY US","39.0545","-84.5974","265.2","2025-06-06",,,,,,,,,"3.6",",,N",,,,,,,,,,,,,,,,,,,,,,,,,,,,,,,,,,
"US1KYKN0037","VILLA HILLS 0.7 S, KY US","39.0545","-84.5974","265.2","2025-06-07",,,,,,,,,"9.7",",,N",,,,,,,,,,,,,,,,,,,,,,,,,,,,,,,,,,
"US1KYKN0037","VILLA HILLS 0.7 S, KY US","39.0545","-84.5974","265.2","2025-06-08",,,,,,,,,"4.6",",,N",,,,,,,,,,,,,,,,,,,,,,,,,,,,,,,,,,
"US1KYKN0037","VILLA HILLS 0.7 S, KY US","39.0545","-84.5974","265.2","2025-06-09",,,,,,,,,"1.0",",,N",,,,,,,,,,,,,,,,,,,,,,,,,,,,,,,,,,
"US1KYKN0037","VILLA HILLS 0.7 S, KY US","39.0545","-84.5974","265.2","2025-06-10",,,,,,,,,"0.0","T,,N",,,,,,,,,,,,,,,,,,,,,,,,,,,,,,,,,,
"US1KYKN0037","VILLA HILLS 0.7 S, KY US","39.0545","-84.5974","265.2","2025-06-11",,,,,,,,,"0.0",",,N","0.0",",,N",,,,,,,,,,,,,,,,,,,,,,,,,,,,,,,,
"US1KYKN0037","VILLA HILLS 0.7 S, KY US","39.0545","-84.5974","265.2","2025-06-12",,,,,,,,,"0.0",",,N","0.0",",,N",,,,,,,,,,,,,,,,,,,,,,,,,,,,,,,,
"US1KYKN0037","VILLA HILLS 0.7 S, KY US","39.0545","-84.5974","265.2","2025-06-13",,,,,,,,,"0.0",",,N","0.0",",,N",,,,,,,,,,,,,,,,,,,,,,,,,,,,,,,,
"US1KYKN0037","VILLA HILLS 0.7 S, KY US","39.0545","-84.5974","265.2","2025-06-14",,,,,,,,,"5.6",",,N",,,,,,,,,,,,,,,,,,,,,,,,,,,,,,,,,,
"US1KYKN0037","VILLA HILLS 0.7 S, KY US","39.0545","-84.5974","265.2","2025-06-15",,,,,,,,,"0.8",",,N",,,,,,,,,,,,,,,,,,,,,,,,,,,,,,,,,,
"US1KYKN0037","VILLA HILLS 0.7 S, KY US","39.0545","-84.5974","265.2","2025-06-16",,,,,,,,,"0.0",",,N","0.0",",,N",,,,,,,,,,,,,,,,,,,,,,,,,,,,,,,,
"US1KYKN0037","VILLA HILLS 0.7 S, KY US","39.0545","-84.5974","265.2","2025-06-17",,,,,,,,,"11.9",",,N",,,,,,,,,,,,,,,,,,,,,,,,,,,,,,,,,,
"US1KYKN0037","VILLA HILLS 0.7 S, KY US","39.0545","-84.5974","265.2","2025-06-18",,,,,,,,,"7.4",",,N",,,,,,,,,,,,,,,,,,,,,,,,,,,,,,,,,,
"US1OHHM0003","WYOMING 1.2 NW, OH US","39.2407","-84.4995","244.1","2025-06-01",,,,,,,,,"0.0",",,N","0.0",",,N",,,,,,,,,,,,,,,,,,,,,,,,,,,,,,,,
"US1OHHM0003","WYOMING 1.2 NW, OH US","39.2407","-84.4995","244.1","2025-06-02",,,,,,,,,"0.0",",,N","0.0",",,N",,,,,,,,,,,,,,,,,,,,,,,,,,,,,,,,
"US1OHHM0003","WYOMING 1.2 NW, OH US","39.2407","-84.4995","244.1","2025-06-03",,,,,,,,,"0.0",",,N","0.0",",,N",,,,,,,,,,,,,,,,,,,,,,,,,,,,,,,,
"US1OHHM0003","WYOMING 1.2 NW, OH US","39.2407","-84.4995","244.1","2025-06-04",,,,,,,,,"0.0",",,N","0.0",",,N",,,,,,,,,,,,,,,,,,,,,,,,,,,,,,,,
"US1OHHM0003","WYOMING 1.2 NW, OH US","39.2407","-84.4995","244.1","2025-06-05",,,,,,,,,"0.0",",,N","0.0",",,N",,,,,,,,,,,,,,,,,,,,,,,,,,,,,,,,
"US1OHHM0003","WYOMING 1.2 NW, OH US","39.2407","-84.4995","244.1","2025-06-06",,,,,,,,,"3.3",",,N",,,,,,,,,,,,,,,,,,,,,,,,,,,,,,,,,,
"US1OHHM0003","WYOMING 1.2 NW, OH US","39.2407","-84.4995","244.1","2025-06-07",,,,,,,,,"24.1",",,N",,,,,,,,,,,,,,,,,,,,,,,,,,,,,,,,,,
"US1OHHM0003","WYOMING 1.2 NW, OH US","39.2407","-84.4995","244.1","2025-06-08",,,,,,,,,"17.5",",,N",,,,,,,,,,,,,,,,,,,,,,,,,,,,,,,,,,
"US1OHHM0003","WYOMING 1.2 NW, OH US","39.2407","-84.4995","244.1","2025-06-09",,,,,,,,,"1.5",",,N",,,,,,,,,,,,,,,,,,,,,,,,,,,,,,,,,,
"US1OHHM0003","WYOMING 1.2 NW, OH US","39.2407","-84.4995","244.1","2025-06-10",,,,,,,,,"0.8",",,N",,,,,,,,,,,,,,,,,,,,,,,,,,,,,,,,,,
"US1OHHM0003","WYOMING 1.2 NW, OH US","39.2407","-84.4995","244.1","2025-06-11",,,,,,,,,"0.0",",,N","0.0",",,N",,,,,,,,,,,,,,,,,,,,,,,,,,,,,,,,
"US1OHHM0003","WYOMING 1.2 NW, OH US","39.2407","-84.4995","244.1","2025-06-12",,,,,,,,,"0.0",",,N","0.0",",,N",,,,,,,,,,,,,,,,,,,,,,,,,,,,,,,,
"US1OHHM0003","WYOMING 1.2 NW, OH US","39.2407","-84.4995","244.1","2025-06-13",,,,,,,,,"0.0",",,N","0.0",",,N",,,,,,,,,,,,,,,,,,,,,,,,,,,,,,,,
"US1OHHM0003","WYOMING 1.2 NW, OH US","39.2407","-84.4995","244.1","2025-06-14",,,,,,,,,"4.8",",,N",,,,,,,,,,,,,,,,,,,,,,,,,,,,,,,,,,
"US1OHHM0003","WYOMING 1.2 NW, OH US","39.2407","-84.4995","244.1","2025-06-15",,,,,,,,,"1.3",",,N",,,,,,,,,,,,,,,,,,,,,,,,,,,,,,,,,,
"US1OHHM0003","WYOMING 1.2 NW, OH US","39.2407","-84.4995","244.1","2025-06-16",,,,,,,,,"0.0",",,N","0.0",",,N",,,,,,,,,,,,,,,,,,,,,,,,,,,,,,,,
"US1OHHM0003","WYOMING 1.2 NW, OH US","39.2407","-84.4995","244.1","2025-06-17",,,,,,,,,"12.2",",,N",,,,,,,,,,,,,,,,,,,,,,,,,,,,,,,,,,
"US1OHHM0069","SHERWOOD 1.3 SSW, OH US","39.067218","-84.371122","247.5","2025-06-01",,,,,,,,,"0.0",",,N","0.0",",,N",,,,,,,,,,,,,,,,,,,,,,,,,,,,,,,,
"US1OHHM0069","SHERWOOD 1.3 SSW, OH US","39.067218","-84.371122","247.5","2025-06-02",,,,,,,,,"0.0",",,N","0.0",",,N",,,,,,,,,,,,,,,,,,,,,,,,,,,,,,,,
"US1OHHM0069","SHERWOOD 1.3 SSW, OH US","39.067218","-84.371122","247.5","2025-06-03",,,,,,,,,"0.0",",,N","0.0",",,N",,,,,,,,,,,,,,,,,,,,,,,,,,,,,,,,
"US1OHHM0069","SHERWOOD 1.3 SSW, OH US","39.067218","-84.371122","247.5","2025-06-04",,,,,,,,,"0.0",",,N","0.0",",,N",,,,,,,,,,,,,,,,,,,,,,,,,,,,,,,,
"US1OHHM0069","SHERWOOD 1.3 SSW, OH US","39.067218","-84.371122","247.5","2025-06-05",,,,,,,,,"0.0",",,N","0.0",",,N",,,,,,,,,,,,,,,,,,,,,,,,,,,,,,,,
"US1OHHM0069","SHERWOOD 1.3 SSW, OH US","39.067218","-84.371122","247.5","2025-06-06",,,,,,,,,"6.1",",,N","0.0",",,N",,,,,,,,,,,,,,,,,,,,,,,,,,,,,,,,
"US1OHHM0069","SHERWOOD 1.3 SSW, OH US","39.067218","-84.371122","247.5","2025-06-07",,,,,,,,,"43.4",",,N","0.0",",,N",,,,,,,,,,,,,,,,,,,,,,,,,,,,,,,,
"US1OHHM0069","SHERWOOD 1.3 SSW, OH US","39.067218","-84.371122","247.5","2025-06-08",,,,,,,,,"5.8",",,N","0.0",",,N",,,,,,,,,,,,,,,,,,,,,,,,,,,,,,,,
"US1OHHM0069","SHERWOOD 1.3 SSW, OH US","39.067218","-84.371122","247.5","2025-06-09",,,,,,,,,"1.0",",,N","0.0",",,N",,,,,,,,,,,,,,,,,,,,,,,,,,,,,,,,
"US1OHHM0069","SHERWOOD 1.3 SSW, OH US","39.067218","-84.371122","247.5","2025-06-10",,,,,,,,,"0.5",",,N","0.0",",,N",,,,,,,,,,,,,,,,,,,,,,,,,,,,,,,,
"US1OHHM0069","SHERWOOD 1.3 SSW, OH US","39.067218","-84.371122","247.5","2025-06-11",,,,,,,,,"0.0",",,N","0.0",",,N",,,,,,,,,,,,,,,,,,,,,,,,,,,,,,,,
"US1OHHM0069","SHERWOOD 1.3 SSW, OH US","39.067218","-84.371122","247.5","2025-06-12",,,,,,,,,"0.0",",,N","0.0",",,N",,,,,,,,,,,,,,,,,,,,,,,,,,,,,,,,
"US1OHHM0069","SHERWOOD 1.3 SSW, OH US","39.067218","-84.371122","247.5","2025-06-13",,,,,,,,,"0.0",",,N","0.0",",,N",,,,,,,,,,,,,,,,,,,,,,,,,,,,,,,,
"US1OHHM0069","SHERWOOD 1.3 SSW, OH US","39.067218","-84.371122","247.5","2025-06-14",,,,,,,,,"7.4",",,N","0.0",",,N",,,,,,,,,,,,,,,,,,,,,,,,,,,,,,,,
"US1OHHM0069","SHERWOOD 1.3 SSW, OH US","39.067218","-84.371122","247.5","2025-06-15",,,,,,,,,"0.0",",,N","0.0",",,N",,,,,,,,,,,,,,,,,,,,,,,,,,,,,,,,
"US1OHHM0069","SHERWOOD 1.3 SSW, OH US","39.067218","-84.371122","247.5","2025-06-16",,,,,,,,,"0.0","T,,N","0.0",",,N",,,,,,,,,,,,,,,,,,,,,,,,,,,,,,,,
"US1OHHM0069","SHERWOOD 1.3 SSW, OH US","39.067218","-84.371122","247.5","2025-06-17",,,,,,,,,"3.6",",,N","0.0",",,N",,,,,,,,,,,,,,,,,,,,,,,,,,,,,,,,
"US1OHHM0069","SHERWOOD 1.3 SSW, OH US","39.067218","-84.371122","247.5","2025-06-18",,,,,,,,,"3.8",",,N","0.0",",,N",,,,,,,,,,,,,,,,,,,,,,,,,,,,,,,,
"US1OHHM0068","CINCINNATI 7.8 NNE, OH US","39.201591","-84.445906","185.3","2025-06-04",,,"    6",",,N","27.2",",,N",,,,,,,,,,,,,,,,,,,,,,,,,,,,,,,,,,,,,,
"US1OHHM0068","CINCINNATI 7.8 NNE, OH US","39.201591","-84.445906","185.3","2025-06-06",,,,,,,,,"3.6",",,N",,,,,,,,,,,,,,,,,,,,,,,,,,,,,,,,,,
"US1OHHM0068","CINCINNATI 7.8 NNE, OH US","39.201591","-84.445906","185.3","2025-06-07",,,,,,,,,"17.0",",,N",,,,,,,,,,,,,,,,,,,,,,,,,,,,,,,,,,
"US1OHHM0068","CINCINNATI 7.8 NNE, OH US","39.201591","-84.445906","185.3","2025-06-08",,,,,,,,,"18.8",",,N",,,,,,,,,,,,,,,,,,,,,,,,,,,,,,,,,,
"US1OHHM0068","CINCINNATI 7.8 NNE, OH US","39.201591","-84.445906","185.3","2025-06-10",,,,,,,,,"0.0","T,,N",,,,,,,,,,,,,,,,,,,,,,,,,,,,,,,,,,
"US1OHHM0068","CINCINNATI 7.8 NNE, OH US","39.201591","-84.445906","185.3","2025-06-11",,,,,,,,,"0.0",",,N","0.0",",,N",,,,,,,,,,,,,,,,,,,,,,,,,,,,,,,,
"US1OHHM0068","CINCINNATI 7.8 NNE, OH US","39.201591","-84.445906","185.3","2025-06-12",,,,,,,,,"0.0",",,N","0.0",",,N",,,,,,,,,,,,,,,,,,,,,,,,,,,,,,,,
"US1OHHM0068","CINCINNATI 7.8 NNE, OH US","39.201591","-84.445906","185.3","2025-06-13",,,,,,,,,"0.0",",,N","0.0",",,N",,,,,,,,,,,,,,,,,,,,,,,,,,,,,,,,
"US1OHHM0068","CINCINNATI 7.8 NNE, OH US","39.201591","-84.445906","185.3","2025-06-14",,,,,,,,,"4.1",",,N",,,,,,,,,,,,,,,,,,,,,,,,,,,,,,,,,,
"US1OHHM0068","CINCINNATI 7.8 NNE, OH US","39.201591","-84.445906","185.3","2025-06-15",,,,,,,,,"0.0","T,,N",,,,,,,,,,,,,,,,,,,,,,,,,,,,,,,,,,
"US1OHHM0068","CINCINNATI 7.8 NNE, OH US","39.201591","-84.445906","185.3","2025-06-17",,,,,,,,,"17.0",",,N",,,,,,,,,,,,,,,,,,,,,,,,,,,,,,,,,,
"US1OHHM0068","CINCINNATI 7.8 NNE, OH US","39.201591","-84.445906","185.3","2025-06-18",,,,,,,,,"1.3",",,N",,,,,,,,,,,,,,,,,,,,,,,,,,,,,,,,,,
"US1OHHM0087","FAIRFAX 0.5 NE, OH US","39.148372","-84.39035","162.5","2025-06-02",,,,,,,,,"0.0",",,N","0.0",",,N",,,,,,,,,,,,,,,,,,,,,,,,,,,,,,,,
"US1OHHM0087","FAIRFAX 0.5 NE, OH US","39.148372","-84.39035","162.5","2025-06-03",,,,,,,,,"0.0",",,N","0.0",",,N",,,,,,,,,,,,,,,,,,,,,,,,,,,,,,,,
"US1OHHM0087","FAIRFAX 0.5 NE, OH US","39.148372","-84.39035","162.5","2025-06-04",,,,,,,,,"0.0",",,N","0.0",",,N",,,,,,,,,,,,,,,,,,,,,,,,,,,,,,,,
"US1OHHM0087","FAIRFAX 0.5 NE, OH US","39.148372","-84.39035","162.5","2025-06-06",,,,,,,,,"3.6",",,N",,,,,,,,,,,,,,,,,,,,,,,,,,,,,,,,,,
"US1OHHM0087","FAIRFAX 0.5 NE, OH US","39.148372","-84.39035","162.5","2025-06-07",,,,,,,,,"53.8",",,N",,,,,,,,,,,,,,,,,,,,,,,,,,,,,,,,,,
"US1OHHM0087","FAIRFAX 0.5 NE, OH US","39.148372","-84.39035","162.5","2025-06-08",,,,,,,,,"4.1",",,N",,,,,,,,,,,,,,,,,,,,,,,,,,,,,,,,,,
"US1OHHM0087","FAIRFAX 0.5 NE, OH US","39.148372","-84.39035","162.5","2025-06-09",,,,,,,,,"10.4",",,N",,,,,,,,,,,,,,,,,,,,,,,,,,,,,,,,,,
"US1OHHM0087","FAIRFAX 0.5 NE, OH US","39.148372","-84.39035","162.5","2025-06-10",,,,,,,,,"0.5",",,N",,,,,,,,,,,,,,,,,,,,,,,,,,,,,,,,,,
"US1OHHM0087","FAIRFAX 0.5 NE, OH US","39.148372","-84.39035","162.5","2025-06-11",,,,,,,,,"0.0",",,N","0.0",",,N",,,,,,,,,,,,,,,,,,,,,,,,,,,,,,,,
"US1OHHM0087","FAIRFAX 0.5 NE, OH US","39.148372","-84.39035","162.5","2025-06-12",,,,,,,,,"0.0",",,N","0.0",",,N",,,,,,,,,,,,,,,,,,,,,,,,,,,,,,,,
"US1OHHM0087","FAIRFAX 0.5 NE, OH US","39.148372","-84.39035","162.5","2025-06-14",,,,,,,,,"3.0",",,N",,,,,,,,,,,,,,,,,,,,,,,,,,,,,,,,,,
"US1OHHM0087","FAIRFAX 0.5 NE, OH US","39.148372","-84.39035","162.5","2025-06-15",,,,,,,,,"8.1",",,N",,,,,,,,,,,,,,,,,,,,,,,,,,,,,,,,,,
"US1OHHM0087","FAIRFAX 0.5 NE, OH US","39.148372","-84.39035","162.5","2025-06-16",,,,,,,,,"0.0",",,N","0.0",",,N",,,,,,,,,,,,,,,,,,,,,,,,,,,,,,,,
"US1OHHM0087","FAIRFAX 0.5 NE, OH US","39.148372","-84.39035","162.5","2025-06-17",,,,,,,,,"11.7",",,N",,,,,,,,,,,,,,,,,,,,,,,,,,,,,,,,,,
"US1OHHM0087","FAIRFAX 0.5 NE, OH US","39.148372","-84.39035","162.5","2025-06-18",,,,,,,,,"2.0",",,N",,,,,,,,,,,,,,,,,,,,,,,,,,,,,,,,,,
"USC00331516","CHEVIOT 3 W, OH US","39.15141","-84.67699","260.0","2025-06-01",,,,,,,,,"0.0",",,7,0700","0.0",",,7,0700","0.0",",,7,0700",,,"23.3",",,7","4.4",",,7","4.4",",,7,0700",,,,,,,,,,,,,,,,,,,,,,
"USC00331516","CHEVIOT 3 W, OH US","39.15141","-84.67699","260.0","2025-06-02",,,,,,,,,"0.0",",,7,0700","0.0",",,7,0700","0.0",",,7,0700",,,"22.8",",,7","4.4",",,7","7.2",",,7,0700",,,,,,,,,,,,,,,,,,,,,,
"USC00331516","CHEVIOT 3 W, OH US","39.15141","-84.67699","260.0","2025-06-03",,,,,,,,,"0.0",",,7,0700","0.0",",,7,0700","0.0",",,7,0700",,,"26.7",",,7","7.2",",,7","13.3",",,7,0700",,,,,,,,,,,,,,,,,,,,,,
"USC00331516","CHEVIOT 3 W, OH US","39.15141","-84.67699","260.0","2025-06-04",,,,,,,,,"0.0",",,7,0700","0.0",",,7,0700","0.0",",,7,0700",,,"30.6",",,7","13.3",",,7","21.1",",,7,0700",,,,,,,,,,,,,,,,,,,,,,
"USC00331516","CHEVIOT 3 W, OH US","39.15141","-84.67699","260.0","2025-06-05",,,,,,,,,"0.0",",,7,0700","0.0",",,7,0700","0.0",",,7,0700",,,"30.0",",,7","20.0",",,7","20.0",",,7,0700",,,,,,,,,,,,,,,,,,,,,,
"USC00331516","CHEVIOT 3 W, OH US","39.15141","-84.67699","260.0","2025-06-06",,,,,,,,,"5.3",",,7,0700","0.0",",,7,0700","0.0",",,7,0700",,,"27.2",",,7","19.4",",,7","19.4",",,7,0700",,,,,,,,,,,,,"    1",",,7",,,,,,,,
"USC00331516","CHEVIOT 3 W, OH US","39.15141","-84.67699","260.0","2025-06-07",,,,,,,,,"11.7",",,7,0700","0.0",",,7,0700","0.0",",,7,0700",,,"27.8",",,7","18.3",",,7","18.9",",,7,0700",,,,,,,,,,,,,"    1",",,7",,,"    1",",,7",,,,
"USC00331516","CHEVIOT 3 W, OH US","39.15141","-84.67699","260.0","2025-06-08",,,,,,,,,"4.8",",,7,0700","0.0",",,7,0700","0.0",",,7,0700",,,"24.4",",,7","18.3",",,7","18.9",",,7,0700",,,,,,,,,,,,,"    1",",,7",,,,,,,,
"USC00331516","CHEVIOT 3 W, OH US","39.15141","-84.67699","260.0","2025-06-09",,,,,,,,,"6.1",",,7,0700","0.0",",,7,0700","0.0",",,7,0700",,,"24.4",",,7","17.2",",,7","18.9",",,7,0700",,,,,,,,,,,,,"    1",",,7",,,,,,,,
"USC00331516","CHEVIOT 3 W, OH US","39.15141","-84.67699","260.0","2025-06-10",,,,,,,,,"0.0",",,7,0700","0.0",",,7,0700","0.0",",,7,0700",,,"23.9",",,7","12.8",",,7","13.3",",,7,0700",,,,,,,,,,,,,,,,,,,,,,
"USC00331516","CHEVIOT 3 W, OH US","39.15141","-84.67699","260.0","2025-06-11",,,,,,,,,"0.0",",,7,0700","0.0",",,7,0700","0.0",",,7,0700",,,"25.0",",,7","11.7",",,7",,,,,,,,,,,,,,,,,,,,,,,,
"USC00331516","CHEVIOT 3 W, OH US","39.15141","-84.67699","260.0","2025-06-12",,,,,,,,,"0.0",",,7,0700","0.0",",,7,0700","0.0",",,7,0700",,,"28.3",",,7","14.4",",,7",,,,,,,,,,,,,,,,,,,,,,,,
"USC00331516","CHEVIOT 3 W, OH US","39.15141","-84.67699","260.0","2025-06-13",,,,,,,,,"0.0",",,7,0700","0.0",",,7,0700","0.0",",,7,0700",,,"29.4",",,7","18.3",",,7",,,,,,,,,,,,,,,,,,,,,,,,
"USC00331516","CHEVIOT 3 W, OH US","39.15141","-84.67699","260.0","2025-06-14",,,,,,,,,"4.3",",,7,0700","0.0",",,7,0700","0.0",",,7,0700",,,"27.2",",,7","20.0",",,7","20.0",",,7,0700",,,,,,,,,,,,,"    1",",,7",,,,,,,,
"USC00331516","CHEVIOT 3 W, OH US","39.15141","-84.67699","260.0","2025-06-15",,,,,,,,,"0.0",",,7,0700","0.0",",,7,0700","0.0",",,7,0700",,,"28.3",",,7","20.0",",,7","21.1",",,7,0700",,,,,,,,,,,,,"    1",",,7",,,,,,,,
"USC00331516","CHEVIOT 3 W, OH US","39.15141","-84.67699","260.0","2025-06-16",,,,,,,,,"0.0",",,7,0700","0.0",",,7,0700","0.0",",,7,0700",,,"27.8",",,7","18.3",",,7","18.9",",,7,0700",,,,,,,,,,,,,,,,,,,,,,
"USC00331516","CHEVIOT 3 W, OH US","39.15141","-84.67699","260.0","2025-06-17",,,,,,,,,"1.3",",,7,0700","0.0",",,7,0700","0.0",",,7,0700",,,"28.3",",,7","18.9",",,7","21.1",",,7,0700",,,,,,,,,,,,,,,,,,,,,,
"USC00331516","CHEVIOT 3 W, OH US","39.15141","-84.67699","260.0","2025-06-18",,,,,,,,,"15.2",",,7,0700","0.0",",,7,0700","0.0",",,7,0700",,,"25.6",",,7","20.6",",,7","21.7",",,7,0700",,,,,,,,,,,,,"    1",",,7",,,"    1",",,7",,,,
