"STATION","NAME","LATITUDE","LONGITUDE","ELEVATION","DATE","AWND","AWND_ATTRIBUTES","DAPR","DAPR_ATTRIBUTES","MDPR","MDPR_ATTRIBUTES","PGTM","PGTM_ATTRIBUTES","PRCP","PRCP_ATTRIBUTES","SNOW","SNOW_ATTRIBUTES","SNWD","SNWD_ATTRIBUTES","TAVG","TAVG_ATTRIBUTES","TMAX","TMAX_ATTRIBUTES","TMIN","TMIN_ATTRIBUTES","TOBS","TOBS_ATTRIBUTES","WDF2","WDF2_ATTRIBUTES","WDF5","WDF5_ATTRIBUTES","WESD","WESD_ATTRIBUTES","WESF","WESF_ATTRIBUTES","WSF2","WSF2_ATTRIBUTES","WSF5","WSF5_ATTRIBUTES","WT01","WT01_ATTRIBUTES","WT02","WT02_ATTRIBUTES","WT03","WT03_ATTRIBUTES","WT04","WT04_ATTRIBUTES","WT08","WT08_ATTRIBUTES","WT11","WT11_ATTRIBUTES"
"US1NJHD0018","KEARNY 1.7 NNW, NJ US","40.774342","-74.137109","25.6","2025-06-02",,,,,,,,,"0.0",",,N","0.0",",,N",,,,,,,,,,,,,,,,,,,,,,,,,,,,,,,,,,
"US1NJHD0018","KEARNY 1.7 NNW, NJ US","40.774342","-74.137109","25.6","2025-06-03",,,,,,,,,"0.0",",,N","0.0",",,N",,,,,,,,,,,,,,,,,,,,,,,,,,,,,,,,,,
"US1NJHD0018","KEARNY 1.7 NNW, NJ US","40.774342","-74.137109","25.6","2025-06-04",,,,,,,,,"0.0",",,N","0.0",",,N",,,,,,,,,,,,,,,,,,,,,,,,,,,,,,,,,,
"US1NJHD0018","KEARNY 1.7 NNW, NJ US","40.774342","-74.137109","25.6","2025-06-05",,,,,,,,,"0.0",",,N","0.0",",,N",,,,,,,,,,,,,,,,,,,,,,,,,,,,,,,,,,
"US1NJHD0018","KEARNY 1.7 NNW, NJ US","40.774342","-74.137109","25.6","2025-06-06",,,,,,,,,"0.0","T,,N",,,,,,,,,,,,,,,,,,,,,,,,,,,,,,,,,,,,
"US1NJHD0018","KEARNY 1.7 NNW, NJ US","40.774342","-74.137109","25.6","2025-06-07",,,,,,,,,"6.6",",,N",,,,,,,,,,,,,,,,,,,,,,,,,,,,,,,,,,,,
"US1NJHD0018","KEARNY 1.7 NNW, NJ US","40.774342","-74.137109","25.6","2025-06-08",,,,,,,,,"0.8",",,N",,,,,,,,,,,,,,,,,,,,,,,,,,,,,,,,,,,,
"US1NJHD0018","KEARNY 1.7 NNW, NJ US","40.774342","-74.137109","25.6","2025-06-09",,,,,,,,,"2.8",",,N",,,,,,,,,,,,,,,,,,,,,,,,,,,,,,,,,,,,
"US1NJHD0018","KEARNY 1.7 NNW, NJ US","40.774342","-74.137109","25.6","2025-06-10",,,,,,,,,"23.9",",,N",,,,,,,,,,,,,,,,,,,,,,,,,,,,,,,,,,,,
"US1NJHD0018","KEARNY 1.7 NNW, NJ US","40.774342","-74.137109","25.6","2025-06-11",,,,,,,,,"0.0",",,N","0.0",",,N",,,,,,,,,,,,,,,,,,,,,,,,,,,,,,,,,,
"US1NJHD0018","KEARNY 1.7 NNW, NJ US","40.774342","-74.137109","25.6","2025-06-12",,,,,,,,,"0.0",",,N","0.0",",,N",,,,,,,,,,,,,,,,,,,,,,,,,,,,,,,,,,
"US1NJHD0018","KEARNY 1.7 NNW, NJ US","40.774342","-74.137109","25.6","2025-06-13",,,,,,,,,"0.0",",,N","0.0",",,N",,,,,,,,,,,,,,,,,,,,,,,,,,,,,,,,,,
"US1NJHD0018","KEARNY 1.7 NNW, NJ US","40.774342","-74.137109","25.6","2025-06-14",,,,,,,,,"7.1",",,N",,,,,,,,,,,,,,,,,,,,,,,,,,,,,,,,,,,,
"US1NJHD0018","KEARNY 1.7 NNW, NJ US","40.774342","-74.137109","25.6","2025-06-15",,,,,,,,,"3.0",",,N",,,,,,,,,,,,,,,,,,,,,,,,,,,,,,,,,,,,
"US1NJHD0018","KEARNY 1.7 NNW, NJ US","40.774342","-74.137109","25.6","2025-06-16",,,,,,,,,"0.8",",,N",,,,,,,,,,,,,,,,,,,,,,,,,,,,,,,,,,,,
"US1NJHD0018","KEARNY 1.7 NNW, NJ US","40.774342","-74.137109","25.6","2025-06-17",,,,,,,,,"1.0",",,N",,,,,,,,,,,,,,,,,,,,,,,,,,,,,,,,,,,,
"US1NJHD0018","KEARNY 1.7 NNW, NJ US","40.774342","-74.137109","25.6","2025-06-18",,,,,,,,,"3.3",",,N",,,,,,,,,,,,,,,,,,,,,,,,,,,,,,,,,,,,
"US1NJHD0018","KEARNY 1.7 NNW, NJ US","40.774342","-74.137109","25.6","2025-06-19",,,,,,,,,"21.8",",,N",,,,,,,,,,,,,,,,,,,,,,,,,,,,,,,,,,,,
"US1NJUN0028","SPRINGFIELD TWP 0.7 NNE, NJ US","40.708904","-74.321518","37.5","2025-06-01",,,,,,,,,"0.8",",,N","0.0",",,N",,,,,,,,,,,,,,,,,,,,,,,,,,,,,,,,,,
"US1NJUN0028","SPRINGFIELD TWP 0.7 NNE, NJ US","40.708904","-74.321518","37.5","2025-06-02",,,,,,,,,"0.0",",,N","0.0",",,N",,,,,,,,,,,,,,,,,,,,,,,,,,,,,,,,,,
"US1NJUN0028","SPRINGFIELD TWP 0.7 NNE, NJ US","40.708904","-74.321518","37.5","2025-06-03",,,,,,,,,"0.0",",,N","0.0",",,N",,,,,,,,,,,,,,,,,,,,,,,,,,,,,,,,,,
"US1NJUN0028","SPRINGFIELD TWP 0.7 NNE, NJ US","40.708904","-74.321518","37.5","2025-06-04",,,,,,,,,"0.0",",,N","0.0",",,N",,,,,,,,,,,,,,,,,,,,,,,,,,,,,,,,,,
"US1NJUN0028","SPRINGFIELD TWP 0.7 NNE, NJ US","40.708904","-74.321518","37.5","2025-06-05",,,,,,,,,"0.0",",,N","0.0",",,N",,,,,,,,,,,,,,,,,,,,,,,,,,,,,,,,,,
"US1NJUN0028","SPRINGFIELD TWP 0.7 NNE, NJ US","40.708904","-74.321518","37.5","2025-06-06",,,,,,,,,"0.0",",,N","0.0",",,N",,,,,,,,,,,,,,,,,,,,,,,,,,,,,,,,,,
"US1NJUN0028","SPRINGFIELD TWP 0.7 NNE, NJ US","40.708904","-74.321518","37.5","2025-06-07",,,,,,,,,"0.8",",,N",,,,,,,,,,,,,,,,,,,,,,,,,,,,,,,,,,,,
"US1NJUN0028","SPRINGFIELD TWP 0.7 NNE, NJ US","40.708904","-74.321518","37.5","2025-06-08",,,,,,,,,"1.8",",,N",,,,,,,,,,,,,,,,,,,,,,,,,,,,,,,,,,,,
"US1NJUN0028","SPRINGFIELD TWP 0.7 NNE, NJ US","40.708904","-74.321518","37.5","2025-06-09",,,,,,,,,"1.3",",,N",,,,,,,,,,,,,,,,,,,,,,,,,,,,,,,,,,,,
"US1NJUN0028","SPRINGFIELD TWP 0.7 NNE, NJ US","40.708904","-74.321518","37.5","2025-06-10",,,,,,,,,"6.1",",,N",,,,,,,,,,,,,,,,,,,,,,,,,,,,,,,,,,,,
"US1NJUN0028","SPRINGFIELD TWP 0.7 NNE, NJ US","40.708904","-74.321518","37.5","2025-06-11",,,,,,,,,"23.6",",,N",,,,,,,,,,,,,,,,,,,,,,,,,,,,,,,,,,,,
"US1NJUN0028","SPRINGFIELD TWP 0.7 NNE, NJ US","40.708904","-74.321518","37.5","2025-06-12",,,,,,,,,"0.0",",,N","0.0",",,N",,,,,,,,,,,,,,,,,,,,,,,,,,,,,,,,,,
"US1NJUN0028","SPRINGFIELD TWP 0.7 NNE, NJ US","40.708904","-74.321518","37.5","2025-06-13",,,,,,,,,"0.0",",,N","0.0",",,N",,,,,,,,,,,,,,,,,,,,,,,,,,,,,,,,,,
"US1NJUN0028","SPRINGFIELD TWP 0.7 NNE, NJ US","40.708904","-74.321518","37.5","2025-06-14",,,,,,,,,"1.8",",,N",,,,,,,,,,,,,,,,,,,,,,,,,,,,,,,,,,,,
"US1NJUN0028","SPRINGFIELD TWP 0.7 NNE, NJ US","40.708904","-74.321518","37.5","2025-06-15",,,,,,,,,"7.6",",,N",,,,,,,,,,,,,,,,,,,,,,,,,,,,,,,,,,,,
"US1NJUN0028","SPRINGFIELD TWP 0.7 NNE, NJ US","40.708904","-74.321518","37.5","2025-06-16",,,,,,,,,"5.6",",,N",,,,,,,,,,,,,,,,,,,,,,,,,,,,,,,,,,,,
"US1NJUN0028","SPRINGFIELD TWP 0.7 NNE, NJ US","40.708904","-74.321518","37.5","2025-06-17",,,,,,,,,"5.6",",,N",,,,,,,,,,,,,,,,,,,,,,,,,,,,,,,,,,,,
"US1NJUN0028","SPRINGFIELD TWP 0.7 NNE, NJ US","40.708904","-74.321518","37.5","2025-06-18",,,,,,,,,"1.0",",,N",,,,,,,,,,,,,,,,,,,,,,,,,,,,,,,,,,,,
"US1NJUN0028","SPRINGFIELD TWP 0.7 NNE, NJ US","40.708904","-74.321518","37.5","2025-06-19",,,,,,,,,"0.5",",,N",,,,,,,,,,,,,,,,,,,,,,,,,,,,,,,,,,,,
"US1NJES0019","WEST CALDWELL TWP 1.3 NE, NJ US","40.8615","-74.2775","81.4","2025-06-01",,,,,,,,,"0.0",",,N","0.0",",,N",,,,,,,,,,,,,,,,,,,,,,,,,,,,,,,,,,
"US1NJES0019","WEST CALDWELL TWP 1.3 NE, NJ US","40.8615","-74.2775","81.4","2025-06-02",,,,,,,,,"0.0",",,N","0.0",",,N",,,,,,,,,,,,,,,,,,,,,,,,,,,,,,,,,,
"US1NJES0019","WEST CALDWELL TWP 1.3 NE, NJ US","40.8615","-74.2775","81.4","2025-06-03",,,,,,,,,"0.0",",,N","0.0",",,N",,,,,,,,,,,,,,,,,,,,,,,,,,,,,,,,,,
"US1NJES0019","WEST CALDWELL TWP 1.3 NE, NJ US","40.8615","-74.2775","81.4","2025-06-04",,,,,,,,,"0.0",",,N","0.0",",,N",,,,,,,,,,,,,,,,,,,,,,,,,,,,,,,,,,
"US1NJES0019","WEST CALDWELL TWP 1.3 NE, NJ US","40.8615","-74.2775","81.4","2025-06-05",,,,,,,,,"0.0",",,N","0.0",",,N",,,,,,,,,,,,,,,,,,,,,,,,,,,,,,,,,,
"US1NJES0019","WEST CALDWELL TWP 1.3 NE, NJ US","40.8615","-74.2775","81.4","2025-06-06",,,,,,,,,"0.0",",,N","0.0",",,N",,,,,,,,,,,,,,,,,,,,,,,,,,,,,,,,,,
"US1NJES0019","WEST CALDWELL TWP 1.3 NE, NJ US","40.8615","-74.2775","81.4","2025-06-07",,,,,,,,,"1.3",",,N",,,,,,,,,,,,,,,,,,,,,,,,,,,,,,,,,,,,
"US1NJES0019","WEST CALDWELL TWP 1.3 NE, NJ US","40.8615","-74.2775","81.4","2025-06-08",,,,,,,,,"3.3",",,N",,,,,,,,,,,,,,,,,,,,,,,,,,,,,,,,,,,,
"US1NJES0019","WEST CALDWELL TWP 1.3 NE, NJ US","40.8615","-74.2775","81.4","2025-06-09",,,,,,,,,"4.3",",,N",,,,,,,,,,,,,,,,,,,,,,,,,,,,,,,,,,,,
"US1NJES0019","WEST CALDWELL TWP 1.3 NE, NJ US","40.8615","-74.2775","81.4","2025-06-10",,,,,,,,,"9.7",",,N",,,,,,,,,,,,,,,,,,,,,,,,,,,,,,,,,,,,
"US1NJES0019","WEST CALDWELL TWP 1.3 NE, NJ US","40.8615","-74.2775","81.4","2025-06-11",,,,,,,,,"21.6",",,N",,,,,,,,,,,,,,,,,,,,,,,,,,,,,,,,,,,,
"US1NJES0019","WEST CALDWELL TWP 1.3 NE, NJ US","40.8615","-74.2775","81.4","2025-06-12",,,,,,,,,"0.0",",,N","0.0",",,N",,,,,,,,,,,,,,,,,,,,,,,,,,,,,,,,,,
"US1NJES0019","WEST CALDWELL TWP 1.3 NE, NJ US","40.8615","-74.2775","81.4","2025-06-14",,,,,,,,,"1.8",",,N",,,,,,,,,,,,,,,,,,,,,,,,,,,,,,,,,,,,
"US1NJES0019","WEST CALDWELL TWP 1.3 NE, NJ US","40.8615","-74.2775","81.4","2025-06-15",,,,,,,,,"4.8",",,N",,,,,,,,,,,,,,,,,,,,,,,,,,,,,,,,,,,,
"US1NJES0019","WEST CALDWELL TWP 1.3 NE, NJ US","40.8615","-74.2775","81.4","2025-06-16",,,,,,,,,"0.8",",,N",,,,,,,,,,,,,,,,,,,,,,,,,,,,,,,,,,,,
"US1NJES0019","WEST CALDWELL TWP 1.3 NE, NJ US","40.8615","-74.2775","81.4","2025-06-17",,,,,,,,,"6.1",",,N",,,,,,,,,,,,,,,,,,,,,,,,,,,,,,,,,,,,
"US1NJES0019","WEST CALDWELL TWP 1.3 NE, NJ US","40.8615","-74.2775","81.4","2025-06-18",,,,,,,,,"2.8",",,N",,,,,,,,,,,,,,,,,,,,,,,,,,,,,,,,,,,,
"US1NJES0019","WEST CALDWELL TWP 1.3 NE, NJ US","40.8615","-74.2775","81.4","2025-06-19",,,,,,,,,"0.0","T,,N",,,,,,,,,,,,,,,,,,,,,,,,,,,,,,,,,,,,
"US1NYQN0033","HOWARD BEACH 0.4 NNW, NY US","40.662099","-73.841345","2.1","2025-06-01",,,,,,,,,"0.0",",,N","0.0",",,N",,,,,,,,,,,,,,,,,,,,,,,,,,,,,,,,,,
"US1NYQN0033","HOWARD BEACH 0.4 NNW, NY US","40.662099","-73.841345","2.1","2025-06-02",,,,,,,,,"0.0",",,N","0.0",",,N",,,,,,,,,,,,,,,,,,,,,,,,,,,,,,,,,,
"US1NYQN0033","HOWARD BEACH 0.4 NNW, NY US","40.662099","-73.841345","2.1","2025-06-03",,,,,,,,,"0.0",",,N","0.0",",,N",,,,,,,,,,,,,,,,,,,,,,,,,,,,,,,,,,
"US1NYQN0033","HOWARD BEACH 0.4 NNW, NY US","40.662099","-73.841345","2.1","2025-06-04",,,,,,,,,"0.0",",,N","0.0",",,N",,,,,,,,,,,,,,,,,,,,,,,,,,,,,,,,,,
"US1NYQN0033","HOWARD BEACH 0.4 NNW, NY US","40.662099","-73.841345","2.1","2025-06-05",,,,,,,,,"0.0",",,N","0.0",",,N",,,,,,,,,,,,,,,,,,,,,,,,,,,,,,,,,,
"US1NYQN0033","HOWARD BEACH 0.4 NNW, NY US","40.662099","-73.841345","2.1","2025-06-06",,,,,,,,,"0.0",",,N","0.0",",,N",,,,,,,,,,,,,,,,,,,,,,,,,,,,,,,,,,
"US1NYQN0033","HOWARD BEACH 0.4 NNW, NY US","40.662099","-73.841345","2.1","2025-06-07",,,,,,,,,"0.0",",,N","0.0",",,N",,,,,,,,,,,,,,,,,,,,,,,,,,,,,,,,,,
"US1NYQN0033","HOWARD BEACH 0.4 NNW, NY US","40.662099","-73.841345","2.1","2025-06-08",,,,,,,,,"13.0",",,N",,,,,,,,,,,,,,,,,,,,,,,,,,,,,,,,,,,,
"US1NYQN0033","HOWARD BEACH 0.4 NNW, NY US","40.662099","-73.841345","2.1","2025-06-09",,,,,,,,,"0.3",",,N",,,,,,,,,,,,,,,,,,,,,,,,,,,,,,,,,,,,
"US1NYQN0033","HOWARD BEACH 0.4 NNW, NY US","40.662099","-73.841345","2.1","2025-06-10",,,,,,,,,"0.8",",,N",,,,,,,,,,,,,,,,,,,,,,,,,,,,,,,,,,,,
"US1NYQN0033","HOWARD BEACH 0.4 NNW, NY US","40.662099","-73.841345","2.1","2025-06-11",,,,,,,,,"7.4",",,N",,,,,,,,,,,,,,,,,,,,,,,,,,,,,,,,,,,,
"US1NYQN0033","HOWARD BEACH 0.4 NNW, NY US","40.662099","-73.841345","2.1","2025-06-12",,,,,,,,,"0.0",",,N","0.0",",,N",,,,,,,,,,,,,,,,,,,,,,,,,,,,,,,,,,
"US1NYQN0033","HOWARD BEACH 0.4 NNW, NY US","40.662099","-73.841345","2.1","2025-06-13",,,,,,,,,"0.0",",,N","0.0",",,N",,,,,,,,,,,,,,,,,,,,,,,,,,,,,,,,,,
"US1NYQN0033","HOWARD BEACH 0.4 NNW, NY US","40.662099","-73.841345","2.1","2025-06-14",,,,,,,,,"4.1",",,N",,,,,,,,,,,,,,,,,,,,,,,,,,,,,,,,,,,,
"US1NYQN0033","HOWARD BEACH 0.4 NNW, NY US","40.662099","-73.841345","2.1","2025-06-15",,,,,,,,,"21.3",",,N",,,,,,,,,,,,,,,,,,,,,,,,,,,,,,,,,,,,
"US1NYQN0033","HOWARD BEACH 0.4 NNW, NY US","40.662099","-73.841345","2.1","2025-06-16",,,,,,,,,"2.5",",,N",,,,,,,,,,,,,,,,,,,,,,,,,,,,,,,,,,,,
"US1NYQN0033","HOWARD BEACH 0.4 NNW, NY US","40.662099","-73.841345","2.1","2025-06-17",,,,,,,,,"1.8",",,N",,,,,,,,,,,,,,,,,,,,,,,,,,,,,,,,,,,,
"US1NYQN0033","HOWARD BEACH 0.4 NNW, NY US","40.662099","-73.841345","2.1","2025-06-18",,,,,,,,,"0.0",",,N","0.0",",,N",,,,,,,,,,,,,,,,,,,,,,,,,,,,,,,,,,
"US1NYQN0033","HOWARD BEACH 0.4 NNW, NY US","40.662099","-73.841345","2.1","2025-06-19",,,,,,,,,"0.0",",,N","0.0",",,N",,,,,,,,,,,,,,,,,,,,,,,,,,,,,,,,,,
"USW00094728","NY CITY CENTRAL PARK, NY US","40.77898","-73.96925","42.7","2025-06-01","3.0",",,W",,,,,,,"0.0",",,W,2400","0.0",",,W,2400","0.0",",,W,2400",,,"18.9",",,W","10.0",",,W",,,"  250",",,W","  230",",,W",,,,,"6.7",",,W","11.6",",,W",,,,,,,,,,,,
"USW00094728","NY CITY CENTRAL PARK, NY US","40.77898","-73.96925","42.7","2025-06-02","1.0",",,W",,,,,,,"0.0",",,W,2400","0.0",",,W,2400","0.0",",,W,2400",,,"21.7",",,W","11.7",",,W",,,"  220",",,W","  240",",,W",,,,,"4.5",",,W","8.1",",,W",,,,,,,,,,,,
"USW00094728","NY CITY CENTRAL PARK, NY US","40.77898","-73.96925","42.7","2025-06-03","0.8",",,W",,,,,,,"0.0",",,W,2400","0.0",",,W,2400","0.0",",,W,2400",,,"26.1",",,W","13.3",",,W",,,"  220",",,W","  130",",,W",,,,,"3.6",",,W","7.6",",,W",,,,,,,,,,,,
"USW00094728","NY CITY CENTRAL PARK, NY US","40.77898","-73.96925","42.7","2025-06-04","1.5",",,W",,,,,,,"0.0",",,W,2400","0.0",",,W,2400","0.0",",,W,2400",,,"28.3",",,W","16.7",",,W",,,"  140",",,W","  110",",,W",,,,,"4.5",",,W","8.5",",,W",,,,,,,,,"    1",",,W",,
"USW00094728","NY CITY CENTRAL PARK, NY US","40.77898","-73.96925","42.7","2025-06-05","1.9",",,W",,,,,,,"0.0",",,W,2400","0.0",",,W,2400","0.0",",,W,2400",,,"30.6",",,W","21.1",",,W",,,"  240",",,W","  240",",,W",,,,,"5.4",",,W","8.9",",,W",,,,,,,,,,,,
"USW00094728","NY CITY CENTRAL PARK, NY US","40.77898","-73.96925","42.7","2025-06-06","1.4",",,W",,,,,,,"0.5",",,W,2400","0.0",",,W,2400","0.0",",,W,2400",,,"28.9",",,W","21.7",",,W",,,"  240",",,W","  230",",,W",,,,,"4.5",",,W","8.9",",,W",,,,,"    1",",,W",,,"    1",",,W",,
"USW00094728","NY CITY CENTRAL PARK, NY US","40.77898","-73.96925","42.7","2025-06-07","1.3",",,W",,,,,,,"17.8",",,W,2400","0.0",",,W,2400","0.0",",,W,2400",,,"24.4",",,W","18.9",",,W",,,"  330",",,W","  320",",,W",,,,,"5.8",",,W","9.4",",,W","    1",",,W","    1",",,W",,,,,,,,
"USW00094728","NY CITY CENTRAL PARK, NY US","40.77898","-73.96925","42.7","2025-06-08","3.0",",,W",,,,,,,"0.0","T,,W,2400","0.0",",,W,2400","0.0",",,W,2400",,,"24.4",",,W","17.2",",,W",,,"   90",",,W","  120",",,W",,,,,"5.8",",,W","9.8",",,W",,,,,,,,,"    1",",,W",,
"USW00094728","NY CITY CENTRAL PARK, NY US","40.77898","-73.96925","42.7","2025-06-09","2.2",",,W",,,,,,,"0.3",",,W,2400","0.0",",,W,2400","0.0",",,W,2400",,,"17.8",",,W","16.7",",,W",,,"   70",",,W","   80",",,W",,,,,"6.3",",,W","9.8",",,W","    1",",,W",,,,,,,"    1",",,W",,
"USW00094728","NY CITY CENTRAL PARK, NY US","40.77898","-73.96925","42.7","2025-06-10","1.1",",,W",,,,,,,"10.2",",,W,2400","0.0",",,W,2400","0.0",",,W,2400",,,"22.8",",,W","16.7",",,W",,,"   80",",,W","   60",",,W",,,,,"5.4",",,W","6.7",",,W","    1",",,W","    1",",,W","    1",",,W",,,"    1",",,W",,
"USW00094728","NY CITY CENTRAL PARK, NY US","40.77898","-73.96925","42.7","2025-06-11","1.4",",,W",,,,,,,"0.0",",,W,2400","0.0",",,W,2400","0.0",",,W,2400",,,"27.2",",,W","18.3",",,W",,,"  260",",,W","  270",",,W",,,,,"5.4",",,W","9.8",",,W",,,,,,,,,,,,
"USW00094728","NY CITY CENTRAL PARK, NY US","40.77898","-73.96925","42.7","2025-06-12","1.7",",,W",,,,,,,"0.0",",,W,2400","0.0",",,W,2400","0.0",",,W,2400",,,"30.6",",,W","21.1",",,W",,,"  230",",,W","  230",",,W",,,,,"5.8",",,W","9.4",",,W",,,,,,,,,,,,
"USW00094728","NY CITY CENTRAL PARK, NY US","40.77898","-73.96925","42.7","2025-06-13","2.1",",,W",,,,,,,"0.0",",,W,2400","0.0",",,W,2400","0.0",",,W,2400",,,"25.6",",,W","19.4",",,W",,,"   50",",,W","   50",",,W",,,,,"5.4",",,W","8.1",",,W",,,,,,,,,"    1",",,W",,
"USW00094728","NY CITY CENTRAL PARK, NY US","40.77898","-73.96925","42.7","2025-06-14","3.5",",,W",,,,,,,"5.8",",,W,2400","0.0",",,W,2400","0.0",",,W,2400",,,"20.0",",,W","15.0",",,W",,,"   60",",,W","   70",",,W",,,,,"7.2",",,W","11.2",",,W","    1",",,W",,,,,,,"    1",",,W",,
"USW00094728","NY CITY CENTRAL PARK, NY US","40.77898","-73.96925","42.7","2025-06-15","2.0",",,W",,,,,,,"0.8",",,W,2400","0.0",",,W,2400","0.0",",,W,2400",,,"17.8",",,W","15.0",",,W",,,"   60",",,W","   50",",,W",,,,,"5.4",",,W","8.9",",,W","    1",",,W",,,,,,,"    1",",,W",,
"USW00094728","NY CITY CENTRAL PARK, NY US","40.77898","-73.96925","42.7","2025-06-16","2.8",",,W",,,,,,,"3.8",",,W,2400","0.0",",,W,2400","0.0",",,W,2400",,,"20.6",",,W","15.6",",,W",,,"   70",",,W","   80",",,W",,,,,"5.8",",,W","9.8",",,W","    1",",,W",,,,,,,"    1",",,W",,
"USW00094728","NY CITY CENTRAL PARK, NY US","40.77898","-73.96925","42.7","2025-06-17","1.4",",,W",,,,,,,"0.5",",,W,2400","0.0",",,W,2400","0.0",",,W,2400",,,"19.4",",,W","16.7",",,W",,,"  130",",,W","  130",",,W",,,,,"3.1",",,W","5.4",",,W","    1",",,W",,,,,,,,,,
"USW00094728","NY CITY CENTRAL PARK, NY US","40.77898","-73.96925","42.7","2025-06-18","0.7",",,W",,,,,,,"0.8",",,W,2400","0.0",",,W,2400","0.0",",,W,2400",,,"28.9",",,W","18.3",",,W",,,"  130",",,W","  180",",,W",,,,,"3.1",",,W","6.7",",,W","    1",",,W",,,,,,,"    1",",,W",,
"USW00094728","NY CITY CENTRAL PARK, NY US","40.77898","-73.96925","42.7","2025-06-19","1.8",",,W",,,,,,,"16.5",",,W,2400","0.0",",,W,2400","0.0",",,W,2400",,,"31.1",",,W","21.1",",,W",,,"  240",",,W","  240",",,W",,,,,"5.4",",,W","10.7",",,W","    1",",,W","    1",",,W","    1",",,W",,,,,,
"US1NJES0018","MAPLEWOOD TWP 0.9 SE, NJ US","40.724466","-74.259542","72.5","2025-06-01",,,,,,,,,"0.5",",,N",,,,,,,,,,,,,,,,,,,,,,,,,,,,,,,,,,,,
"US1NJES0018","MAPLEWOOD TWP 0.9 SE, NJ US","40.724466","-74.259542","72.5","2025-06-02",,,,,,,,,"0.0",",,N","0.0",",,N",,,,,,,,,,,,,,,,,,,,,,,,,,,,,,,,,,
"US1NJES0018","MAPLEWOOD TWP 0.9 SE, NJ US","40.724466","-74.259542","72.5","2025-06-03",,,,,,,,,"0.0",",,N","0.0",",,N",,,,,,,,,,,,,,,,,,,,,,,,,,,,,,,,,,
"US1NJES0018","MAPLEWOOD TWP 0.9 SE, NJ US","40.724466","-74.259542","72.5","2025-06-04",,,,,,,,,"0.0",",,N","0.0",",,N",,,,,,,,,,,,,,,,,,,,,,,,,,,,,,,,,,
"US1NJES0018","MAPLEWOOD TWP 0.9 SE, NJ US","40.724466","-74.259542","72.5","2025-06-05",,,,,,,,,"0.0",",,N","0.0",",,N",,,,,,,,,,,,,,,,,,,,,,,,,,,,,,,,,,
"US1NJES0018","MAPLEWOOD TWP 0.9 SE, NJ US","40.724466","-74.259542","72.5","2025-06-06",,,,,,,,,"0.0",",,N","0.0",",,N",,,,,,,,,,,,,,,,,,,,,,,,,,,,,,,,,,
"US1NJES0018","MAPLEWOOD TWP 0.9 SE, NJ US","40.724466","-74.259542","72.5","2025-06-07",,,,,,,,,"0.0",",,N","0.0",",,N",,,,,,,,,,,,,,,,,,,,,,,,,,,,,,,,,,
"US1NJES0018","MAPLEWOOD TWP 0.9 SE, NJ US","40.724466","-74.259542","72.5","2025-06-08",,,,,,,,,"1.3",",,N",,,,,,,,,,,,,,,,,,,,,,,,,,,,,,,,,,,,
"US1NJES0018","MAPLEWOOD TWP 0.9 SE, NJ US","40.724466","-74.259542","72.5","2025-06-09",,,,,,,,,"0.8",",,N",,,,,,,,,,,,,,,,,,,,,,,,,,,,,,,,,,,,
"US1NJES0018","MAPLEWOOD TWP 0.9 SE, NJ US","40.724466","-74.259542","72.5","2025-06-10",,,,,,,,,"2.5",",,N",,,,,,,,,,,,,,,,,,,,,,,,,,,,,,,,,,,,
"US1NJES0018","MAPLEWOOD TWP 0.9 SE, NJ US","40.724466","-74.259542","72.5","2025-06-18",,,"    8",",,N","42.9",",,N",,,,,,,"0.0",",,N",,,,,,,,,,,,,"0.0",",,N",,,,,,,,,,,,,,,,,,
"US1NJES0018","MAPLEWOOD TWP 0.9 SE, NJ US","40.724466","-74.259542","72.5","2025-06-19",,,,,,,,,"0.3",",,N",,,,,,,,,,,,,,,,,,,,,,,,,,,,,,,,,,,,
"US1NJUN0003","LINDEN 2.2 NW, NJ US","40.64121","-74.272595","19.8","2025-06-01",,,,,,,,,"0.3",",,N",,,,,,,,,,,,,,,,,,,,,,,,,,,,,,,,,,,,
"US1NJUN0003","LINDEN 2.2 NW, NJ US","40.64121","-74.272595","19.8","2025-06-02",,,,,,,,,"0.0",",,N","0.0",",,N",,,,,,,,,,,,,,,,,,,,,,,,,,,,,,,,,,
"US1NJUN0003","LINDEN 2.2 NW, NJ US","40.64121","-74.272595","19.8","2025-06-03",,,,,,,,,"0.0",",,N","0.0",",,N",,,,,,,,,,,,,,,,,,,,,,,,,,,,,,,,,,
"US1NJUN0003","LINDEN 2.2 NW, NJ US","40.64121","-74.272595","19.8","2025-06-04",,,,,,,,,"0.0",",,N","0.0",",,N",,,,,,,,,,,,,,,,,,,,,,,,,,,,,,,,,,
"US1NJUN0003","LINDEN 2.2 NW, NJ US","40.64121","-74.272595","19.8","2025-06-05",,,,,,,,,"0.3",",,N",,,,,,,,,,,,,,,,,,,,,,,,,,,,,,,,,,,,
"US1NJUN0003","LINDEN 2.2 NW, NJ US","40.64121","-74.272595","19.8","2025-06-11",,,"    6",",,N","11.4",",,N",,,,,,,,,,,,,,,,,,,,,,,,,,,,,,,,,,,,,,,,
"US1NJUN0003","LINDEN 2.2 NW, NJ US","40.64121","-74.272595","19.8","2025-06-12",,,,,,,,,"0.0",",,N","0.0",",,N",,,,,,,,,,,,,,,,,,,,,,,,,,,,,,,,,,
"US1NJUN0003","LINDEN 2.2 NW, NJ US","40.64121","-74.272595","19.8","2025-06-13",,,,,,,,,"0.0",",,N","0.0",",,N",,,,,,,,,,,,,,,,,,,,,,,,,,,,,,,,,,
"US1NJUN0003","LINDEN 2.2 NW, NJ US","40.64121","-74.272595","19.8","2025-06-14",,,,,,,,,"2.0",",,N",,,,,,,,,,,,,,,,,,,,,,,,,,,,,,,,,,,,
"US1NJUN0003","LINDEN 2.2 NW, NJ US","40.64121","-74.272595","19.8","2025-06-15",,,,,,,,,"8.9",",,N",,,,,,,,,,,,,,,,,,,,,,,,,,,,,,,,,,,,
"US1NJUN0003","LINDEN 2.2 NW, NJ US","40.64121","-74.272595","19.8","2025-06-16",,,,,,,,,"5.1",",,N",,,,,,,,,,,,,,,,,,,,,,,,,,,,,,,,,,,,
"US1NJUN0003","LINDEN 2.2 NW, NJ US","40.64121","-74.272595","19.8","2025-06-17",,,,,,,,,"3.8",",,N",,,,,,,,,,,,,,,,,,,,,,,,,,,,,,,,,,,,
"US1NJUN0003","LINDEN 2.2 NW, NJ US","40.64121","-74.272595","19.8","2025-06-18",,,,,,,,,"0.5",",,N",,,,,,,,,,,,,,,,,,,,,,,,,,,,,,,,,,,,
"US1NJUN0003","LINDEN 2.2 NW, NJ US","40.64121","-74.272595","19.8","2025-06-19",,,,,,,,,"0.0",",,N","0.0",",,N",,,,,,,,,,,,,,,,,,,,,,,,,,,,,,,,,,
"US1NJBG0003","TENAFLY 1.3 W, NJ US","40.91467","-73.9775","21.6","2025-06-08",,,,,,,,,"3.0",",,N",,,,,,,,,,,,,,,,,,,,,,,,,,,,,,,,,,,,
"US1NJBG0003","TENAFLY 1.3 W, NJ US","40.91467","-73.9775","21.6","2025-06-09",,,,,,,,,"1.0",",,N",,,,,,,,,,,,,,,,,,,,,,,,,,,,,,,,,,,,
"US1NJBG0003","TENAFLY 1.3 W, NJ US","40.91467","-73.9775","21.6","2025-06-10",,,,,,,,,"0.8",",,N",,,,,,,,,,,,,,,,,,,,,,,,,,,,,,,,,,,,
"US1NJBG0003","TENAFLY 1.3 W, NJ US","40.91467","-73.9775","21.6","2025-06-11",,,,,,,,,"10.7",",,N",,,,,,,,,,,,,,,,,,,,,,,,,,,,,,,,,,,,
"US1NJBG0003","TENAFLY 1.3 W, NJ US","40.91467","-73.9775","21.6","2025-06-14",,,,,,,,,"0.5",",,N",,,,,,,,,,,,,,,,,,,,,,,,,,,,,,,,,,,,
"US1NJBG0003","TENAFLY 1.3 W, NJ US","40.91467","-73.9775","21.6","2025-06-15",,,,,,,,,"3.0",",,N",,,,,,,,,,,,,,,,,,,,,,,,,,,,,,,,,,,,
"US1NJBG0003","TENAFLY 1.3 W, NJ US","40.91467","-73.9775","21.6","2025-06-17",,,,,,,,,"4.1",",,N",,,,,,,,,,,,,,,,,,,,,,,,,,,,,,,,,,,,
"US1NJBG0003","TENAFLY 1.3 W, NJ US","40.91467","-73.9775","21.6","2025-06-18",,,,,,,,,"3.3",",,N",,,,,,,,,,,,,,,,,,,,,,,,,,,,,,,,,,,,
"US1NJBG0003","TENAFLY 1.3 W, NJ US","40.91467","-73.9775","21.6","2025-06-19",,,,,,,,,"0.3",",,N",,,,,,,,,,,,,,,,,,,,,,,,,,,,,,,,,,,,
"USW00014734","NEWARK LIBERTY INTERNATIONAL AIRPORT, NJ US","40.68275","-74.16927","1.9","2025-06-01","5.9",",,W",,,,,,,"0.0",",,W,2400","0.0",",,W,2400","0.0",",,W,2400",,,"21.1",",,W","10.0",",,W",,,"  280",",,W","  290",",,W",,,,,"10.7",",,W","18.3",",,W",,,,,,,,,,,,
"USW00014734","NEWARK LIBERTY INTERNATIONAL AIRPORT, NJ US","40.68275","-74.16927","1.9","2025-06-02","2.7",",,W",,,,,,,"0.0",",,W,2400","0.0",",,W,2400","0.0",",,W,2400",,,"23.9",",,W","10.0",",,W",,,"  260",",,W","  260",",,W",,,,,"7.6",",,W","11.2",",,W",,,,,,,,,,,,
"USW00014734","NEWARK LIBERTY INTERNATIONAL AIRPORT, NJ US","40.68275","-74.16927","1.9","2025-06-03","2.9",",,W",,,,,,,"0.0",",,W,2400","0.0",",,W,2400","0.0",",,W,2400",,,"27.2",",,W","13.3",",,W",,,"  160",",,W","  170",",,W",,,,,"6.3",",,W","8.9",",,W",,,,,,,,,,,,
"USW00014734","NEWARK LIBERTY INTERNATIONAL AIRPORT, NJ US","40.68275","-74.16927","1.9","2025-06-04","2.9",",,W",,,,,,,"0.0",",,W,2400","0.0",",,W,2400","0.0",",,W,2400",,,"30.0",",,W","15.6",",,W",,,"  220",",,W","  250",",,W",,,,,"7.2",",,W","12.1",",,W",,,,,,,,,,,,
"USW00014734","NEWARK LIBERTY INTERNATIONAL AIRPORT, NJ US","40.68275","-74.16927","1.9","2025-06-05","4.4",",,W",,,,,,,"0.0",",,W,2400","0.0",",,W,2400","0.0",",,W,2400",,,"32.2",",,W","20.0",",,W",,,"  230",",,W","  160",",,W",,,,,"7.6",",,W","10.7",",,W",,,,,,,,,,,,
"USW00014734","NEWARK LIBERTY INTERNATIONAL AIRPORT, NJ US","40.68275","-74.16927","1.9","2025-06-06","3.0",",,W",,,,,,,"0.0","T,,W,2400","0.0",",,W,2400","0.0",",,W,2400",,,"30.0",",,W","21.1",",,W",,,"  250",",,W","  260",",,W",,,,,"12.5",",,W","18.8",",,W",,,,,"    1",",,W",,,,,,
"USW00014734","NEWARK LIBERTY INTERNATIONAL AIRPORT, NJ US","40.68275","-74.16927","1.9","2025-06-07","3.3",",,W",,,,,,,"14.5",",,W,2400","0.0",",,W,2400","0.0",",,W,2400",,,"27.8",",,W","20.0",",,W",,,"  350",",,W","  280",",,W",,,,,"8.9",",,W","15.7",",,W",,,,,,,,,,,,
"USW00014734","NEWARK LIBERTY INTERNATIONAL AIRPORT, NJ US","40.68275","-74.16927","1.9","2025-06-08","4.2",",,W",,,,,,,"0.0","T,,W,2400","0.0",",,W,2400","0.0",",,W,2400",,,"24.4",",,W","18.3",",,W",,,"  110",",,W","  130",",,W",,,,,"7.6",",,W","13.0",",,W",,,,,,,,,,,,
"USW00014734","NEWARK LIBERTY INTERNATIONAL AIRPORT, NJ US","40.68275","-74.16927","1.9","2025-06-09","2.6",",,W",,,,,,,"1.8",",,W,2400","0.0",",,W,2400","0.0",",,W,2400",,,"19.4",",,W","16.7",",,W",,,"   90",",,W","   90",",,W",,,,,"6.7",",,W","10.3",",,W","    1",",,W",,,,,,,"    1",",,W",,
"USW00014734","NEWARK LIBERTY INTERNATIONAL AIRPORT, NJ US","40.68275","-74.16927","1.9","2025-06-10","2.5",",,W",,,,,,,"8.1",",,W,2400","0.0",",,W,2400","0.0",",,W,2400",,,"26.1",",,W","17.8",",,W",,,"  230",",,W","  200",",,W",,,,,"6.7",",,W","9.4",",,W","    1",",,W",,,,,,,"    1",",,W",,
"USW00014734","NEWARK LIBERTY INTERNATIONAL AIRPORT, NJ US","40.68275","-74.16927","1.9","2025-06-11","3.8",",,W",,,,,,,"0.0",",,W,2400","0.0",",,W,2400","0.0",",,W,2400",,,"30.0",",,W","18.3",",,W",,,"  240",",,W","  240",",,W",,,,,"9.8",",,W","13.0",",,W",,,,,,,,,,,,
"USW00014734","NEWARK LIBERTY INTERNATIONAL AIRPORT, NJ US","40.68275","-74.16927","1.9","2025-06-12","4.7",",,W",,,,,,,"0.0",",,W,2400","0.0",",,W,2400","0.0",",,W,2400",,,"33.3",",,W","20.6",",,W",,,"  270",",,W","  240",",,W",,,,,"8.9",",,W","13.9",",,W",,,,,,,,,,,,
"USW00014734","NEWARK LIBERTY INTERNATIONAL AIRPORT, NJ US","40.68275","-74.16927","1.9","2025-06-13","3.1",",,W",,,,,,,"0.0",",,W,2400","0.0",",,W,2400","0.0",",,W,2400",,,"27.2",",,W","20.6",",,W",,,"  350",",,W","  160",",,W",,,,,"6.3",",,W","8.5",",,W",,,,,,,,,,,,
"USW00014734","NEWARK LIBERTY INTERNATIONAL AIRPORT, NJ US","40.68275","-74.16927","1.9","2025-06-14","4.3",",,W",,,,,,,"7.9",",,W,2400","0.0",",,W,2400","0.0",",,W,2400",,,"21.7",",,W","16.1",",,W",,,"   30",",,W","   20",",,W",,,,,"7.6",",,W","9.8",",,W","    1",",,W",,,,,,,"    1",",,W",,
"USW00014734","NEWARK LIBERTY INTERNATIONAL AIRPORT, NJ US","40.68275","-74.16927","1.9","2025-06-15","2.3",",,W",,,,,,,"4.8",",,W,2400","0.0",",,W,2400","0.0",",,W,2400",,,"17.8",",,W","15.0",",,W",,,"   50",",,W","   50",",,W",,,,,"5.4",",,W","6.7",",,W","    1",",,W",,,,,,,"    1",",,W",,
"USW00014734","NEWARK LIBERTY INTERNATIONAL AIRPORT, NJ US","40.68275","-74.16927","1.9","2025-06-16","2.6",",,W",,,,,,,"3.3",",,W,2400","0.0",",,W,2400","0.0",",,W,2400",,,"21.1",",,W","16.7",",,W",,,"  100",",,W","  110",",,W",,,,,"4.5",",,W","7.2",",,W","    1",",,W",,,,,,,,,,
"USW00014734","NEWARK LIBERTY INTERNATIONAL AIRPORT, NJ US","40.68275","-74.16927","1.9","2025-06-17","1.9",",,W",,,,,,,"1.5",",,W,2400","0.0",",,W,2400","0.0",",,W,2400",,,"21.7",",,W","17.2",",,W",,,"  130",",,W","  120",",,W",,,,,"3.6",",,W","5.8",",,W","    1",",,W",,,,,,,"    1",",,W",,
"USW00014734","NEWARK LIBERTY INTERNATIONAL AIRPORT, NJ US","40.68275","-74.16927","1.9","2025-06-18","1.3",",,W",,,,,,,"0.5",",,W,2400","0.0",",,W,2400","0.0",",,W,2400",,,"30.0",",,W","18.9",",,W",,,"  160",",,W","  150",",,W",,,,,"5.4",",,W","8.1",",,W","    1",",,W",,,,,,,,,,
"USW00014734","NEWARK LIBERTY INTERNATIONAL AIRPORT, NJ US","40.68275","-74.16927","1.9","2025-06-19","4.5",",,W",,,,,,,"11.7",",,W,2400","0.0",",,W,2400","0.0",",,W,2400",,,"33.9",",,W","21.7",",,W",,,"  290",",,W","  350",",,W",,,,,"15.7",",,W","27.3",",,W","    1",",,W",,,"    1",",,W",,,"    1",",,W",,
"USW00094741","TETERBORO AIRPORT, NJ US","40.85898","-74.05616","0.8","2025-06-01","4.1",",,W",,,,," 1031",",,W","0.0",",,W",,,,,"14.1","H,,2","19.4",",,W","8.9",",,W",,,"  340",",,W","  290",",,W",,,,,"8.1",",,W","12.5",",,W",,,,,,,,,,,,
"USW00094741","TETERBORO AIRPORT, NJ US","40.85898","-74.05616","0.8","2025-06-02","1.6",",,W",,,,," 1312",",,W","0.0","T,,W",,,,,"16.6","H,,2","23.3",",,W","9.4",",,W",,,"  240",",,W","  140",",,W",,,,,"6.7",",,W","9.8",",,W",,,,,,,,,,,,
"USW00094741","TETERBORO AIRPORT, NJ US","40.85898","-74.05616","0.8","2025-06-03","2.2",",,W",,,,," 1635",",,W","0.0",",,W",,,,,"19.6","H,,2","27.8",",,W","11.1",",,W",,,"  210",",,W","  190",",,W",,,,,"6.3",",,W","10.7",",,W",,,,,,,,,,,,
"USW00094741","TETERBORO AIRPORT, NJ US","40.85898","-74.05616","0.8","2025-06-04","2.6",",,W",,,,," 1727",",,W","0.0",",,W",,,,,"21.9","H,,2","31.7",",,W","13.3",",,W",,,"  140",",,W","  130",",,W",,,,,"8.1",",,W","17.9",",,W",,,,,,,,,,,,
"USW00094741","TETERBORO AIRPORT, NJ US","40.85898","-74.05616","0.8","2025-06-05","3.5",",,W",,,,," 1533",",,W","0.0","T,,W",,,,,"25.7","H,,2","33.9",",,W","19.4",",,W",,,"  200",",,W","  190",",,W",,,,,"7.2",",,W","14.3",",,W",,,,,,,,,,,,
"USW00094741","TETERBORO AIRPORT, NJ US","40.85898","-74.05616","0.8","2025-06-06","2.6",",,W",,,,," 1501",",,W","0.0","T,,W",,,,,"26.5","H,,2","34.4",",,W","21.1",",,W",,,"  150",",,W","  160",",,W",,,,,"7.2",",,W","13.0",",,W",,,,,"    1",",,W",,,,,,
"USW00094741","TETERBORO AIRPORT, NJ US","40.85898","-74.05616","0.8","2025-06-07","1.9",",,W",,,,," 1715",",,W","2.5",",,W",,,,,"23.8","H,,2","27.2",",,W","19.4",",,W",,,"  350",",,W","  340",",,W",,,,,"8.1",",,W","13.0",",,W","    1",",,W",,,,,,,"    1",",,W",,
"USW00094741","TETERBORO AIRPORT, NJ US","40.85898","-74.05616","0.8","2025-06-08","3.4",",,W",,,,," 1937",",,W","0.3",",,W",,,,,"21.0","H,,2","25.0",",,W","17.2",",,W",,,"  110",",,W","  100",",,W",,,,,"7.2",",,W","10.3",",,W",,,,,,,,,,,,
"USW00094741","TETERBORO AIRPORT, NJ US","40.85898","-74.05616","0.8","2025-06-09","2.6",",,W",,,,," 0009",",,W","0.8",",,W",,,,,"17.6","H,,2","18.3",",,W","16.1",",,W",,,"  120",",,W","  110",",,W",,,,,"6.3",",,W","9.4",",,W","    1",",,W",,,,,,,"    1",",,W",,
"USW00094741","TETERBORO AIRPORT, NJ US","40.85898","-74.05616","0.8","2025-06-10","2.0",",,W",,,,," 1628",",,W","29.0",",,W",,,,,"18.9","H,,2","26.1",",,W","16.7",",,W",,,"  270",",,W","  140",",,W",,,,,"7.2",",,W","11.2",",,W","    1",",,W",,,"    1",",,W",,,"    1",",,W",,
"USW00094741","TETERBORO AIRPORT, NJ US","40.85898","-74.05616","0.8","2025-06-11","3.0",",,W",,,,," 1303",",,W","0.0",",,W",,,,,"22.8","H,,2","30.6",",,W","16.1",",,W",,,"  220",",,W","  260",",,W",,,,,"8.1",",,W","12.1",",,W","    1",",,W",,,,,,,,,,
"USW00094741","TETERBORO AIRPORT, NJ US","40.85898","-74.05616","0.8","2025-06-12","3.3",",,W",,,,," 1544",",,W","0.0",",,W",,,,,"25.4","H,,2","32.2",",,W","18.3",",,W",,,"  250",",,W","  270",",,W",,,,,"7.6",",,W","11.6",",,W",,,,,,,,,,,,
"USW00094741","TETERBORO AIRPORT, NJ US","40.85898","-74.05616","0.8","2025-06-13","2.6",",,W",,,,," 1804",",,W","0.0",",,W",,,,,"24.0","H,,2","27.2",",,W","20.6",",,W",,,"  150",",,W","  140",",,W",,,,,"5.8",",,W","11.6",",,W",,,,,"    1",",,W",,,,,,
"USW00094741","TETERBORO AIRPORT, NJ US","40.85898","-74.05616","0.8","2025-06-14","3.0",",,W",,,,," 1900",",,W","3.8",",,W",,,,,"18.6","H,,2","20.6",",,W","15.6",",,W",,,"   50",",,W","  100",",,W",,,,,"6.3",",,W","8.9",",,W","    1",",,W",,,,,,,"    1",",,W",,
"USW00094741","TETERBORO AIRPORT, NJ US","40.85898","-74.05616","0.8","2025-06-15","1.8",",,W",,,,," 1240",",,W","0.5",",,W",,,,,"16.2","H,,2","18.3",",,W","14.4",",,W",,,"  100",",,W","   90",",,W",,,,,"4.0",",,W","5.8",",,W","    1",",,W",,,,,,,"    1",",,W",,
"USW00094741","TETERBORO AIRPORT, NJ US","40.85898","-74.05616","0.8","2025-06-16","2.4",",,W",,,,," 1038",",,W","3.8",",,W",,,,,"17.6","H,,2","20.6",",,W","16.7",",,W",,,"  110",",,W","   70",",,W",,,,,"4.5",",,W","7.2",",,W","    1",",,W",,,,,,,"    1",",,W",,
"USW00094741","TETERBORO AIRPORT, NJ US","40.85898","-74.05616","0.8","2025-06-17","1.7",",,W",,,,," 1410",",,W","0.5",",,W",,,,,"18.1","H,,2","23.3",",,W","16.7",",,W",,,"  180",",,W","  160",",,W",,,,,"4.5",",,W","9.8",",,W","    1",",,W",,,,,,,,,,
"USW00094741","TETERBORO AIRPORT, NJ US","40.85898","-74.05616","0.8","2025-06-18","1.7",",,W",,,,," 1616",",,W","2.5",",,W",,,,,"22.2","H,,2","30.0",",,W","18.9",",,W",,,"  170",",,W","  140",",,W",,,,,"4.5",",,W","9.8",",,W","    1",",,W",,,,,,,"    1",",,W",,
"USW00094741","TETERBORO AIRPORT, NJ US","40.85898","-74.05616","0.8","2025-06-19","3.8",",,W",,,,," 1832",",,W","5.1",",,W",,,,,"25.7","H,,2","32.8",",,W","21.1",",,W",,,"  210",",,W","  210",",,W",,,,,"11.2",",,W","14.8",",,W",,,"    1",",,W","    1",",,W",,,"    1",",,W",,
"USW00014732","LAGUARDIA AIRPORT, NY US","40.77945","-73.88027","3.0","2025-06-01","5.6",",,W",,,,,,,"0.0",",,W,2400","0.0",",,W,2400","0.0",",,W,2400",,,"19.4",",,W","11.1",",,W",,,"  330",",,W","  310",",,W",,,,,"9.8",",,W","13.4",",,W",,,,,,,,,,,,
"USW00014732","LAGUARDIA AIRPORT, NY US","40.77945","-73.88027","3.0","2025-06-02","2.8",",,W",,,,,,,"0.0",",,W,2400","0.0",",,W,2400","0.0",",,W,2400",,,"22.8",",,W","13.9",",,W",,,"  190",",,W","  190",",,W",,,,,"8.1",",,W","10.7",",,W",,,,,,,,,,,,
"USW00014732","LAGUARDIA AIRPORT, NY US","40.77945","-73.88027","3.0","2025-06-03","3.1",",,W",,,,,,,"0.0",",,W,2400","0.0",",,W,2400","0.0",",,W,2400",,,"26.1",",,W","14.4",",,W",,,"  190",",,W","  200",",,W",,,,,"7.2",",,W","10.3",",,W",,,,,,,,,,,,
"USW00014732","LAGUARDIA AIRPORT, NY US","40.77945","-73.88027","3.0","2025-06-04","3.6",",,W",,,,,,,"0.0",",,W,2400","0.0",",,W,2400","0.0",",,W,2400",,,"27.8",",,W","17.2",",,W",,,"  170",",,W","  170",",,W",,,,,"8.1",",,W","11.6",",,W",,,,,,,,,,,,
"USW00014732","LAGUARDIA AIRPORT, NY US","40.77945","-73.88027","3.0","2025-06-05","4.0",",,W",,,,,,,"0.0",",,W,2400","0.0",",,W,2400","0.0",",,W,2400",,,"31.1",",,W","21.7",",,W",,,"  150",",,W","  140",",,W",,,,,"6.7",",,W","10.3",",,W",,,,,,,,,,,,
"USW00014732","LAGUARDIA AIRPORT, NY US","40.77945","-73.88027","3.0","2025-06-06","3.6",",,W",,,,,,,"0.0","T,,W,2400","0.0",",,W,2400","0.0",",,W,2400",,,"29.4",",,W","22.2",",,W",,,"  170",",,W","  160",",,W",,,,,"7.6",",,W","10.7",",,W",,,,,"    1",",,W",,,,,,
"USW00014732","LAGUARDIA AIRPORT, NY US","40.77945","-73.88027","3.0","2025-06-07","3.2",",,W",,,,,,,"7.6",",,W,2400","0.0",",,W,2400","0.0",",,W,2400",,,"26.1",",,W","18.9",",,W",,,"  360",",,W","  360",",,W",,,,,"8.1",",,W","11.2",",,W","    1",",,W",,,,,,,,,,
"USW00014732","LAGUARDIA AIRPORT, NY US","40.77945","-73.88027","3.0","2025-06-08","4.6",",,W",,,,,,,"0.0","T,,W,2400","0.0",",,W,2400","0.0",",,W,2400",,,"23.9",",,W","17.2",",,W",,,"  100",",,W","  120",",,W",,,,,"8.9",",,W","11.6",",,W",,,,,,,,,,,,
"USW00014732","LAGUARDIA AIRPORT, NY US","40.77945","-73.88027","3.0","2025-06-09","4.5",",,W",,,,,,,"1.3",",,W,2400","0.0",",,W,2400","0.0",",,W,2400",,,"17.8",",,W","16.1",",,W",,,"   50",",,W","   60",",,W",,,,,"7.2",",,W","13.4",",,W","    1",",,W",,,,,,,"    1",",,W",,
"USW00014732","LAGUARDIA AIRPORT, NY US","40.77945","-73.88027","3.0","2025-06-10","3.4",",,W",,,,,,,"15.0",",,W,2400","0.0",",,W,2400","0.0",",,W,2400",,,"24.4",",,W","16.1",",,W",,,"   90",",,W","   60",",,W",,,,,"6.7",",,W","11.2",",,W","    1",",,W",,,"    1",",,W",,,"    1",",,W",,
"USW00014732","LAGUARDIA AIRPORT, NY US","40.77945","-73.88027","3.0","2025-06-11","3.5",",,W",,,,,,,"0.0",",,W,2400","0.0",",,W,2400","0.0",",,W,2400",,,"28.9",",,W","18.3",",,W",,,"  270",",,W","  280",",,W",,,,,"8.1",",,W","11.6",",,W",,,,,,,,,,,,
"USW00014732","LAGUARDIA AIRPORT, NY US","40.77945","-73.88027","3.0","2025-06-12","4.3",",,W",,,,,,,"0.0",",,W,2400","0.0",",,W,2400","0.0",",,W,2400",,,"32.2",",,W","22.2",",,W",,,"  250",",,W","  240",",,W",,,,,"7.2",",,W","11.2",",,W",,,,,,,,,,,,
"USW00014732","LAGUARDIA AIRPORT, NY US","40.77945","-73.88027","3.0","2025-06-13","4.0",",,W",,,,,,,"0.0",",,W,2400","0.0",",,W,2400","0.0",",,W,2400",,,"25.0",",,W","19.4",",,W",,,"   40",",,W","   50",",,W",,,,,"6.7",",,W","13.9",",,W",,,,,,,,,,,,
"USW00014732","LAGUARDIA AIRPORT, NY US","40.77945","-73.88027","3.0","2025-06-14","6.4",",,W",,,,,,,"3.3",",,W,2400","0.0",",,W,2400","0.0",",,W,2400",,,"19.4",",,W","15.0",",,W",,,"   50",",,W","   60",",,W",,,,,"10.3",",,W","15.7",",,W","    1",",,W",,,,,,,,,,
"USW00014732","LAGUARDIA AIRPORT, NY US","40.77945","-73.88027","3.0","2025-06-15","3.8",",,W",,,,,,,"0.8",",,W,2400","0.0",",,W,2400","0.0",",,W,2400",,,"18.3",",,W","15.0",",,W",,,"   60",",,W","   80",",,W",,,,,"6.7",",,W","8.9",",,W",,,,,,,,,"    1",",,W",,
"USW00014732","LAGUARDIA AIRPORT, NY US","40.77945","-73.88027","3.0","2025-06-16","4.9",",,W",,,,,,,"0.8",",,W,2400","0.0",",,W,2400","0.0",",,W,2400",,,"20.0",",,W","15.6",",,W",,,"   50",",,W","   60",",,W",,,,,"7.6",",,W","13.0",",,W","    1",",,W",,,,,,,"    1",",,W",,
"USW00014732","LAGUARDIA AIRPORT, NY US","40.77945","-73.88027","3.0","2025-06-17","3.0",",,W",,,,,,,"0.5",",,W,2400","0.0",",,W,2400","0.0",",,W,2400",,,"20.0",",,W","16.7",",,W",,,"   60",",,W","   70",",,W",,,,,"4.5",",,W","6.3",",,W","    1",",,W","    1",",,W",,,,,"    1",",,W",,
"USW00014732","LAGUARDIA AIRPORT, NY US","40.77945","-73.88027","3.0","2025-06-18","2.7",",,W",,,,,,,"1.3",",,W,2400","0.0",",,W,2400","0.0",",,W,2400",,,"29.4",",,W","17.8",",,W",,,"  200",",,W","  110",",,W",,,,,"7.2",",,W","10.3",",,W","    1",",,W","    1",",,W",,,,,"    1",",,W",,
"USW00014732","LAGUARDIA AIRPORT, NY US","40.77945","-73.88027","3.0","2025-06-19","3.9",",,W",,,,,,,"28.4",",,W,2400","0.0",",,W,2400","0.0",",,W,2400",,,"32.2",",,W","20.6",",,W",,,"  330",",,W","  330",",,W",,,,,"13.9",",,W","22.4",",,W",,,,,"    1",",,W",,,"    1",",,W",,
"US1NJBG0043","MAYWOOD 0.2 SW, NJ US","40.90001","-74.06641","24.7","2025-06-01",,,,,,,,,"0.0",",,N","0.0",",,N",,,,,,,,,,,,,,,,,,,,,,,,,,,,,,,,,,
"US1NJBG0043","MAYWOOD 0.2 SW, NJ US","40.90001","-74.06641","24.7","2025-06-02",,,,,,,,,"0.0",",,N","0.0",",,N",,,,,,,,,,,,,,,,,,,,,,,,,,,,,,,,,,
"US1NJBG0043","MAYWOOD 0.2 SW, NJ US","40.90001","-74.06641","24.7","2025-06-03",,,,,,,,,"0.0",",,N","0.0",",,N",,,,,,,,,,,,,,,,,,,,,,,,,,,,,,,,,,
"US1NJBG0043","MAYWOOD 0.2 SW, NJ US","40.90001","-74.06641","24.7","2025-06-04",,,,,,,,,"0.0",",,N","0.0",",,N",,,,,,,,,,,,,,,,,,,,,,,,,,,,,,,,,,
"US1NJBG0043","MAYWOOD 0.2 SW, NJ US","40.90001","-74.06641","24.7","2025-06-05",,,,,,,,,"0.0",",,N","0.0",",,N",,,,,,,,,,,,,,,,,,,,,,,,,,,,,,,,,,
"US1NJBG0043","MAYWOOD 0.2 SW, NJ US","40.90001","-74.06641","24.7","2025-06-06",,,,,,,,,"0.0",",,N","0.0",",,N",,,,,,,,,,,,,,,,,,,,,,,,,,,,,,,,,,
"US1NJBG0043","MAYWOOD 0.2 SW, NJ US","40.90001","-74.06641","24.7","2025-06-07",,,,,,,,,"3.8",",,N",,,,,,,,,,,,,,,,,,,,,,,,,,,,,,,,,,,,
"US1NJBG0043","MAYWOOD 0.2 SW, NJ US","40.90001","-74.06641","24.7","2025-06-08",,,,,,,,,"0.3",",,N",,,,,,,,,,,,,,,,,,,,,,,,,,,,,,,,,,,,
"US1NJBG0043","MAYWOOD 0.2 SW, NJ US","40.90001","-74.06641","24.7","2025-06-09",,,,,,,,,"1.3",",,N",,,,,,,,,,,,,,,,,,,,,,,,,,,,,,,,,,,,
"US1NJBG0043","MAYWOOD 0.2 SW, NJ US","40.90001","-74.06641","24.7","2025-06-10",,,,,,,,,"20.8",",,N",,,,,,,,,,,,,,,,,,,,,,,,,,,,,,,,,,,,
"US1NJBG0043","MAYWOOD 0.2 SW, NJ US","40.90001","-74.06641","24.7","2025-06-11",,,,,,,,,"1.5",",,N",,,,,,,,,,,,,,,,,,,,,,,,,,,,,,,,,,,,
"US1NJBG0043","MAYWOOD 0.2 SW, NJ US","40.90001","-74.06641","24.7","2025-06-12",,,,,,,,,"0.0",",,N","0.0",",,N",,,,,,,,,,,,,,,,,,,,,,,,,,,,,,,,,,
"US1NJBG0043","MAYWOOD 0.2 SW, NJ US","40.90001","-74.06641","24.7","2025-06-13",,,,,,,,,"0.0",",,N","0.0",",,N",,,,,,,,,,,,,,,,,,,,,,,,,,,,,,,,,,
"US1NJBG0043","MAYWOOD 0.2 SW, NJ US","40.90001","-74.06641","24.7","2025-06-14",,,,,,,,,"3.3",",,N",,,,,,,,,,,,,,,,,,,,,,,,,,,,,,,,,,,,
"US1NJBG0043","MAYWOOD 0.2 SW, NJ US","40.90001","-74.06641","24.7","2025-06-15",,,,,,,,,"1.8",",,N",,,,,,,,,,,,,,,,,,,,,,,,,,,,,,,,,,,,
"US1NJBG0043","MAYWOOD 0.2 SW, NJ US","40.90001","-74.06641","24.7","2025-06-16",,,,,,,,,"0.5",",,N",,,,,,,,,,,,,,,,,,,,,,,,,,,,,,,,,,,,
"US1NJBG0043","MAYWOOD 0.2 SW, NJ US","40.90001","-74.06641","24.7","2025-06-17",,,,,,,,,"6.4",",,N",,,,,,,,,,,,,,,,,,,,,,,,,,,,,,,,,,,,
"US1NJBG0043","MAYWOOD 0.2 SW, NJ US","40.90001","-74.06641","24.7","2025-06-18",,,,,,,,,"4.1",",,N",,,,,,,,,,,,,,,,,,,,,,,,,,,,,,,,,,,,
"US1NJBG0043","MAYWOOD 0.2 SW, NJ US","40.90001","-74.06641","24.7","2025-06-19",,,,,,,,,"4.1",",,N",,,,,,,,,,,,,,,,,,,,,,,,,,,,,,,,,,,,
"US1NJBG0065","LYNDHURST TWP 1.6 NW, NJ US","40.81007","-74.133975","6.4","2025-06-01",,,,,,,,,"0.0","T,,N",,,,,,,,,,,,,,,,,,,,,,,,,,,,,,,,,,,,
"US1NJBG0065","LYNDHURST TWP 1.6 NW, NJ US","40.81007","-74.133975","6.4","2025-06-02",,,,,,,,,"0.0",",,N","0.0",",,N",,,,,,,,,,,,,,,,,,,,,,,,,,,,,,,,,,
"US1NJBG0065","LYNDHURST TWP 1.6 NW, NJ US","40.81007","-74.133975","6.4","2025-06-03",,,,,,,,,"0.0",",,N","0.0",",,N",,,,,,,,,,,,,,,,,,,,,,,,,,,,,,,,,,
"US1NJBG0065","LYNDHURST TWP 1.6 NW, NJ US","40.81007","-74.133975","6.4","2025-06-04",,,,,,,,,"0.0",",,N","0.0",",,N",,,,,,,,,,,,,,,,,,,,,,,,,,,,,,,,,,
"US1NJBG0065","LYNDHURST TWP 1.6 NW, NJ US","40.81007","-74.133975","6.4","2025-06-05",,,,,,,,,"0.0",",,N","0.0",",,N",,,,,,,,,,,,,,,,,,,,,,,,,,,,,,,,,,
"US1NJBG0065","LYNDHURST TWP 1.6 NW, NJ US","40.81007","-74.133975","6.4","2025-06-06",,,,,,,,,"0.0",",,N","0.0",",,N",,,,,,,,,,,,,,,,,,,,,,,,,,,,,,,,,,
"US1NJBG0065","LYNDHURST TWP 1.6 NW, NJ US","40.81007","-74.133975","6.4","2025-06-07",,,,,,,,,"0.0","T,,N",,,,,,,,,,,,,,,,,,,,,,,,,,,,,,,,,,,,
"US1NJBG0065","LYNDHURST TWP 1.6 NW, NJ US","40.81007","-74.133975","6.4","2025-06-08",,,,,,,,,"1.5",",,N",,,,,,,,,,,,,,,,,,,,,,,,,,,,,,,,,,,,
"US1NJBG0065","LYNDHURST TWP 1.6 NW, NJ US","40.81007","-74.133975","6.4","2025-06-09",,,,,,,,,"0.8",",,N",,,,,,,,,,,,,,,,,,,,,,,,,,,,,,,,,,,,
"US1NJBG0065","LYNDHURST TWP 1.6 NW, NJ US","40.81007","-74.133975","6.4","2025-06-10",,,,,,,,,"2.0",",,N",,,,,,,,,,,,,,,,,,,,,,,,,,,,,,,,,,,,
"US1NJBG0065","LYNDHURST TWP 1.6 NW, NJ US","40.81007","-74.133975","6.4","2025-06-11",,,,,,,,,"26.2",",,N",,,,,,,,,,,,,,,,,,,,,,,,,,,,,,,,,,,,
"US1NJBG0065","LYNDHURST TWP 1.6 NW, NJ US","40.81007","-74.133975","6.4","2025-06-12",,,,,,,,,"0.0",",,N","0.0",",,N",,,,,,,,,,,,,,,,,,,,,,,,,,,,,,,,,,
"US1NJBG0065","LYNDHURST TWP 1.6 NW, NJ US","40.81007","-74.133975","6.4","2025-06-13",,,,,,,,,"0.0",",,N","0.0",",,N",,,,,,,,,,,,,,,,,,,,,,,,,,,,,,,,,,
"US1NJBG0065","LYNDHURST TWP 1.6 NW, NJ US","40.81007","-74.133975","6.4","2025-06-14",,,,,,,,,"0.5",",,N",,,,,,,,,,,,,,,,,,,,,,,,,,,,,,,,,,,,
"US1NJBG0065","LYNDHURST TWP 1.6 NW, NJ US","40.81007","-74.133975","6.4","2025-06-16",,,"    2",",,N","6.4",",,N",,,,,,,,,,,,,,,,,,,,,,,,,,,,,,,,,,,,,,,,
"US1NJBG0065","LYNDHURST TWP 1.6 NW, NJ US","40.81007","-74.133975","6.4","2025-06-17",,,,,,,,,"4.6",",,N",,,,,,,,,,,,,,,,,,,,,,,,,,,,,,,,,,,,
"US1NJBG0065","LYNDHURST TWP 1.6 NW, NJ US","40.81007","-74.133975","6.4","2025-06-18",,,,,,,,,"2.5",",,N",,,,,,,,,,,,,,,,,,,,,,,,,,,,,,,,,,,,
"US1NJBG0065","LYNDHURST TWP 1.6 NW, NJ US","40.81007","-74.133975","6.4","2025-06-19",,,,,,,,,"0.0","T,,N",,,,,,,,,,,,,,,,,,,,,,,,,,,,,,,,,,,,
"US1NJBG0064","WOOD RIDGE 0.2 N, NJ US","40.852624","-74.087451","52.1","2025-06-01",,,,,,,,,"0.3",",,N",,,,,,,,,,,,,,,,,,,,,,,,,,,,,,,,,,,,
"US1NJBG0064","WOOD RIDGE 0.2 N, NJ US","40.852624","-74.087451","52.1","2025-06-02",,,,,,,,,"0.0",",,N","0.0",",,N",,,,,,,,,,,,,,,,,,,,,,,,,,,,,,,,,,
"US1NJBG0064","WOOD RIDGE 0.2 N, NJ US","40.852624","-74.087451","52.1","2025-06-03",,,,,,,,,"0.0",",,N","0.0",",,N",,,,,,,,,,,,,,,,,,,,,,,,,,,,,,,,,,
"US1NJBG0064","WOOD RIDGE 0.2 N, NJ US","40.852624","-74.087451","52.1","2025-06-04",,,,,,,,,"0.0",",,N","0.0",",,N",,,,,,,,,,,,,,,,,,,,,,,,,,,,,,,,,,
"US1NJBG0064","WOOD RIDGE 0.2 N, NJ US","40.852624","-74.087451","52.1","2025-06-05",,,,,,,,,"0.0",",,N","0.0",",,N",,,,,,,,,,,,,,,,,,,,,,,,,,,,,,,,,,
"US1NJBG0064","WOOD RIDGE 0.2 N, NJ US","40.852624","-74.087451","52.1","2025-06-06",,,,,,,,,"0.0",",,N","0.0",",,N",,,,,,,,,,,,,,,,,,,,,,,,,,,,,,,,,,
"US1NJBG0064","WOOD RIDGE 0.2 N, NJ US","40.852624","-74.087451","52.1","2025-06-07",,,,,,,,,"0.0","T,,N",,,,,,,,,,,,,,,,,,,,,,,,,,,,,,,,,,,,
"US1NJBG0064","WOOD RIDGE 0.2 N, NJ US","40.852624","-74.087451","52.1","2025-06-08",,,,,,,,,"3.6",",,N",,,,,,,,,,,,,,,,,,,,,,,,,,,,,,,,,,,,
"US1NJBG0064","WOOD RIDGE 0.2 N, NJ US","40.852624","-74.087451","52.1","2025-06-09",,,,,,,,,"0.8",",,N",,,,,,,,,,,,,,,,,,,,,,,,,,,,,,,,,,,,
"US1NJBG0064","WOOD RIDGE 0.2 N, NJ US","40.852624","-74.087451","52.1","2025-06-10",,,,,,,,,"2.0",",,N",,,,,,,,,,,,,,,,,,,,,,,,,,,,,,,,,,,,
"US1NJBG0064","WOOD RIDGE 0.2 N, NJ US","40.852624","-74.087451","52.1","2025-06-11",,,,,,,,,"25.4",",,N",,,,,,,,,,,,,,,,,,,,,,,,,,,,,,,,,,,,
"US1NJBG0064","WOOD RIDGE 0.2 N, NJ US","40.852624","-74.087451","52.1","2025-06-12",,,,,,,,,"0.0",",,N","0.0",",,N",,,,,,,,,,,,,,,,,,,,,,,,,,,,,,,,,,
"US1NJBG0064","WOOD RIDGE 0.2 N, NJ US","40.852624","-74.087451","52.1","2025-06-13",,,,,,,,,"0.0",",,N","0.0",",,N",,,,,,,,,,,,,,,,,,,,,,,,,,,,,,,,,,
"US1NJBG0064","WOOD RIDGE 0.2 N, NJ US","40.852624","-74.087451","52.1","2025-06-14",,,,,,,,,"0.0","T,,N",,,,,,,,,,,,,,,,,,,,,,,,,,,,,,,,,,,,
"US1NJBG0064","WOOD RIDGE 0.2 N, NJ US","40.852624","-74.087451","52.1","2025-06-15",,,,,,,,,"5.1",",,N",,,,,,,,,,,,,,,,,,,,,,,,,,,,,,,,,,,,
"US1NJBG0064","WOOD RIDGE 0.2 N, NJ US","40.852624","-74.087451","52.1","2025-06-16",,,,,,,,,"0.5",",,N",,,,,,,,,,,,,,,,,,,,,,,,,,,,,,,,,,,,
"US1NJBG0064","WOOD RIDGE 0.2 N, NJ US","40.852624","-74.087451","52.1","2025-06-17",,,,,,,,,"5.1",",,N",,,,,,,,,,,,,,,,,,,,,,,,,,,,,,,,,,,,
"US1NJBG0064","WOOD RIDGE 0.2 N, NJ US","40.852624","-74.087451","52.1","2025-06-18",,,,,,,,,"2.3",",,N",,,,,,,,,,,,,,,,,,,,,,,,,,,,,,,,,,,,
"US1NJBG0064","WOOD RIDGE 0.2 N, NJ US","40.852624","-74.087451","52.1","2025-06-19",,,,,,,,,"0.0","T,,N",,,,,,,,,,,,,,,,,,,,,,,,,,,,,,,,,,,,
"US1NJES0024","CEDAR GROVE TWP 0.4 W, NJ US","40.855695","-74.235564","108.5","2025-06-01",,,,,,,,,"0.0",",,N","0.0",",,N","0.0",",,N",,,,,,,,,,,,,,,,,,,,,,,,,,,,,,,,
"US1NJES0024","CEDAR GROVE TWP 0.4 W, NJ US","40.855695","-74.235564","108.5","2025-06-02",,,,,,,,,"0.0",",,N","0.0",",,N","0.0",",,N",,,,,,,,,,,,,,,,,,,,,,,,,,,,,,,,
"US1NJES0024","CEDAR GROVE TWP 0.4 W, NJ US","40.855695","-74.235564","108.5","2025-06-03",,,,,,,,,"0.0",",,N","0.0",",,N","0.0",",,N",,,,,,,,,,,,,,,,,,,,,,,,,,,,,,,,
"US1NJES0024","CEDAR GROVE TWP 0.4 W, NJ US","40.855695","-74.235564","108.5","2025-06-04",,,,,,,,,"0.0",",,N","0.0",",,N","0.0",",,N",,,,,,,,,,,,,,,,,,,,,,,,,,,,,,,,
"US1NJES0024","CEDAR GROVE TWP 0.4 W, NJ US","40.855695","-74.235564","108.5","2025-06-05",,,,,,,,,"0.0",",,N","0.0",",,N","0.0",",,N",,,,,,,,,,,,,,,,,,,,,,,,,,,,,,,,
"US1NJES0024","CEDAR GROVE TWP 0.4 W, NJ US","40.855695","-74.235564","108.5","2025-06-06",,,,,,,,,"0.8",",,N","0.0",",,N","0.0",",,N",,,,,,,,,,,,,,,,,,,,,,,,,,,,,,,,
"US1NJES0024","CEDAR GROVE TWP 0.4 W, NJ US","40.855695","-74.235564","108.5","2025-06-07",,,,,,,,,"3.3",",,N","0.0",",,N","0.0",",,N",,,,,,,,,,,,,,,,,,,,,,,,,,,,,,,,
"US1NJES0024","CEDAR GROVE TWP 0.4 W, NJ US","40.855695","-74.235564","108.5","2025-06-08",,,,,,,,,"1.5",",,N","0.0",",,N","0.0",",,N",,,,,,,,,,,,,,,,,,,,,,,,,,,,,,,,
"US1NJES0024","CEDAR GROVE TWP 0.4 W, NJ US","40.855695","-74.235564","108.5","2025-06-09",,,,,,,,,"4.3",",,N","0.0",",,N","0.0",",,N",,,,,,,,,,,,,,,,,,,,,,,,,,,,,,,,
"US1NJES0024","CEDAR GROVE TWP 0.4 W, NJ US","40.855695","-74.235564","108.5","2025-06-10",,,,,,,,,"36.8",",,N","0.0",",,N","0.0",",,N",,,,,,,,,,,,,,,,,,,,,,,,,,,,,,,,
"US1NJES0024","CEDAR GROVE TWP 0.4 W, NJ US","40.855695","-74.235564","108.5","2025-06-11",,,,,,,,,"0.0",",,N","0.0",",,N","0.0",",,N",,,,,,,,,,,,,,,,,,,,,,,,,,,,,,,,
"US1NJES0024","CEDAR GROVE TWP 0.4 W, NJ US","40.855695","-74.235564","108.5","2025-06-12",,,,,,,,,"0.0",",,N","0.0",",,N","0.0",",,N",,,,,,,,,,,,,,,,,,,,,,,,,,,,,,,,
"US1NJES0024","CEDAR GROVE TWP 0.4 W, NJ US","40.855695","-74.235564","108.5","2025-06-13",,,,,,,,,"0.0",",,N","0.0",",,N","0.0",",,N",,,,,,,,,,,,,,,,,,,,,,,,,,,,,,,,
"US1NJES0024","CEDAR GROVE TWP 0.4 W, NJ US","40.855695","-74.235564","108.5","2025-06-14",,,,,,,,,"5.6",",,N","0.0",",,N","0.0",",,N",,,,,,,,,,,,,,,,,,,,,,,,,,,,,,,,
"US1NJES0024","CEDAR GROVE TWP 0.4 W, NJ US","40.855695","-74.235564","108.5","2025-06-16",,,,,,,,,"1.5",",,N","0.0",",,N","0.0",",,N",,,,,,,,,,,,,,,,,,,,,,,,,,,,,,,,
"US1NJES0024","CEDAR GROVE TWP 0.4 W, NJ US","40.855695","-74.235564","108.5","2025-06-17",,,,,,,,,"4.8",",,N","0.0",",,N","0.0",",,N",,,,,,,,,,,,,,,,,,,,,,,,,,,,,,,,
"US1NJES0024","CEDAR GROVE TWP 0.4 W, NJ US","40.855695","-74.235564","108.5","2025-06-18",,,,,,,,,"3.0",",,N","0.0",",,N","0.0",",,N",,,,,,,,,,,,,,,,,,,,,,,,,,,,,,,,
"US1NJES0024","CEDAR GROVE TWP 0.4 W, NJ US","40.855695","-74.235564","108.5","2025-06-19",,,,,,,,,"5.1",",,N","0.0",",,N","0.0",",,N",,,,,,,,,,,,,,,,,,,,,,,,,,,,,,,,
"USC00283704","HARRISON, NJ US","40.7481","-74.152","7.3","2025-06-01",,,,,,,,,"0.0","T,,7,0700","0.0",",,7,0700","0.0",",,7,0700",,,"21.7",",,7","9.4",",,7","12.8",",,7,0700",,,,,,,,,,,,,,,,,,,,,,,,
"USC00283704","HARRISON, NJ US","40.7481","-74.152","7.3","2025-06-02",,,,,,,,,"0.0",",,7,0700","0.0",",,7,0700","0.0",",,7,0700",,,"20.0",",,7","9.4",",,7","12.8",",,7,0700",,,,,,,,,,,,,,,,,,,,,,,,
"USC00283704","HARRISON, NJ US","40.7481","-74.152","7.3","2025-06-03",,,,,,,,,"0.0",",,7,0700","0.0",",,7,0700","0.0",",,7,0700",,,"22.8",",,7","12.8",",,7","16.1",",,7,0700",,,,,,,,,,,,,,,,,,,,,,,,
"USC00283704","HARRISON, NJ US","40.7481","-74.152","7.3","2025-06-04",,,,,,,,,"0.0",",,7,0700","0.0",",,7,0700","0.0",",,7,0700",,,"28.3",",,7","14.4",",,7","17.2",",,7,0700",,,,,,,,,,,,,,,,,,,,,,,,
"USC00283704","HARRISON, NJ US","40.7481","-74.152","7.3","2025-06-05",,,,,,,,,"0.0",",,7,0700","0.0",",,7,0700","0.0",",,7,0700",,,"31.1",",,7","17.2",",,7","21.1",",,7,0700",,,,,,,,,,,,,,,,,,,,,,,,
"USC00283704","HARRISON, NJ US","40.7481","-74.152","7.3","2025-06-06",,,,,,,,,"0.0",",,7,0700","0.0",",,7,0700","0.0",",,7,0700",,,"35.0",",,7","21.1",",,7","23.9",",,7,0700",,,,,,,,,,,,,,,,,,,,,,,,
"USC00283704","HARRISON, NJ US","40.7481","-74.152","7.3","2025-06-07",,,,,,,,,"6.1",",,7,0700","0.0",",,7,0700","0.0",",,7,0700",,,"31.7",",,7","22.2",",,7","22.2",",,7,0700",,,,,,,,,,,,,"    1",",,7",,,"    1",",,7",,,,,,
"USC00283704","HARRISON, NJ US","40.7481","-74.152","7.3","2025-06-08",,,,,,,,,"10.2",",,7,0700","0.0",",,7,0700","0.0",",,7,0700",,,"26.7",",,7","17.2",",,7","18.3",",,7,0700",,,,,,,,,,,,,,,,,,,,,,,,
"USC00283704","HARRISON, NJ US","40.7481","-74.152","7.3","2025-06-09",,,,,,,,,"0.3",",,7,0700","0.0",",,7,0700","0.0",",,7,0700",,,"23.9",",,7","16.7",",,7","16.7",",,7,0700",,,,,,,,,,,,,"    1",",,7",,,,,,,,,,
"USC00283704","HARRISON, NJ US","40.7481","-74.152","7.3","2025-06-10",,,,,,,,,"4.8",",,7,0700","0.0",",,7,0700","0.0",",,7,0700",,,"18.9",",,7","16.1",",,7","16.7",",,7,0700",,,,,,,,,,,,,,,,,,,,,,,,
"USC00283704","HARRISON, NJ US","40.7481","-74.152","7.3","2025-06-11",,,,,,,,,"28.7",",,7,0700","0.0",",,7,0700","0.0",",,7,0700",,,"25.0",",,7","16.7",",,7","17.8",",,7,0700",,,,,,,,,,,,,,,,,,,,,,,,
"USC00283704","HARRISON, NJ US","40.7481","-74.152","7.3","2025-06-12",,,,,,,,,"0.0",",,7,0700","0.0",",,7,0700","0.0",",,7,0700",,,"30.0",",,7","17.8",",,7","23.9",",,7,0700",,,,,,,,,,,,,,,,,,,,,,,,
"USC00283704","HARRISON, NJ US","40.7481","-74.152","7.3","2025-06-13",,,,,,,,,"0.0",",,7,0700","0.0",",,7,0700","0.0",",,7,0700",,,"33.9",",,7","22.2",",,7","22.2",",,7,0700",,,,,,,,,,,,,,,,,,,,,,,,
"USC00283704","HARRISON, NJ US","40.7481","-74.152","7.3","2025-06-14",,,,,,,,,"0.8",",,7,0700","0.0",",,7,0700","0.0",",,7,0700",,,"27.8",",,7","16.7",",,7","17.2",",,7,0700",,,,,,,,,,,,,"    1",",,7",,,,,,,,,,
"USC00283704","HARRISON, NJ US","40.7481","-74.152","7.3","2025-06-15",,,,,,,,,"7.6",",,7,0700","0.0",",,7,0700","0.0",",,7,0700",,,"20.6",",,7","14.4",",,7","15.0",",,7,0700",,,,,,,,,,,,,"    1",",,7",,,,,,,,,,
"USC00283704","HARRISON, NJ US","40.7481","-74.152","7.3","2025-06-16",,,,,,,,,"4.8",",,7,0700","0.0",",,7,0700","0.0",",,7,0700",,,"17.8",",,7","15.0",",,7","16.1",",,7,0700",,,,,,,,,,,,,"    1",",,7",,,,,,,,,,
"USC00283704","HARRISON, NJ US","40.7481","-74.152","7.3","2025-06-17",,,,,,,,,"5.1",",,7,0700","0.0",",,7,0700","0.0",",,7,0700",,,"20.0",",,7","15.6",",,7","16.7",",,7,0700",,,,,,,,,,,,,"    1",",,7",,,,,,,,,,
"USC00283704","HARRISON, NJ US","40.7481","-74.152","7.3","2025-06-18",,,,,,,,,"2.8",",,7,0700","0.0",",,7,0700","0.0",",,7,0700",,,"20.6",",,7","16.7",",,7","19.4",",,7,0700",,,,,,,,,,,,,"    1",",,7",,,,,,,,,,
"USC00283704","HARRISON, NJ US","40.7481","-74.152","7.3","2025-06-19",,,,,,,,,"1.8",",,7,0700","0.0",",,7,0700","0.0",",,7,0700",,,"31.1",",,7","18.3",",,7","22.8",",,7,0700",,,,,,,,,,,,,,,,,,,,,,,,
"US1NJMD0045","WOODBRIDGE TWP 1.1 NNE, NJ US","40.5759108","-74.2846869","21.6","2025-06-01",,,,,,,,,"0.3",",,N",,,,,,,,,,,,,,,,,,,,,,,,,,,,,,,,,,,,
"US1NJMD0045","WOODBRIDGE TWP 1.1 NNE, NJ US","40.5759108","-74.2846869","21.6","2025-06-02",,,,,,,,,"0.0",",,N","0.0",",,N",,,,,,,,,,,,,,,,,,,,,,,,,,,,,,,,,,
"US1NJMD0045","WOODBRIDGE TWP 1.1 NNE, NJ US","40.5759108","-74.2846869","21.6","2025-06-03",,,,,,,,,"0.0",",,N","0.0",",,N",,,,,,,,,,,,,,,,,,,,,,,,,,,,,,,,,,
"US1NJMD0045","WOODBRIDGE TWP 1.1 NNE, NJ US","40.5759108","-74.2846869","21.6","2025-06-04",,,,,,,,,"0.0",",,N","0.0",",,N",,,,,,,,,,,,,,,,,,,,,,,,,,,,,,,,,,
"US1NJMD0045","WOODBRIDGE TWP 1.1 NNE, NJ US","40.5759108","-74.2846869","21.6","2025-06-05",,,,,,,,,"0.0",",,N","0.0",",,N",,,,,,,,,,,,,,,,,,,,,,,,,,,,,,,,,,
"US1NJMD0045","WOODBRIDGE TWP 1.1 NNE, NJ US","40.5759108","-74.2846869","21.6","2025-06-06",,,,,,,,,"0.0",",,N","0.0",",,N",,,,,,,,,,,,,,,,,,,,,,,,,,,,,,,,,,
"US1NJMD0045","WOODBRIDGE TWP 1.1 NNE, NJ US","40.5759108","-74.2846869","21.6","2025-06-07",,,,,,,,,"0.0",",,N","0.0",",,N",,,,,,,,,,,,,,,,,,,,,,,,,,,,,,,,,,
"US1NJMD0045","WOODBRIDGE TWP 1.1 NNE, NJ US","40.5759108","-74.2846869","21.6","2025-06-08",,,,,,,,,"17.0",",,N",,,,,,,,,,,,,,,,,,,,,,,,,,,,,,,,,,,,
"US1NJMD0045","WOODBRIDGE TWP 1.1 NNE, NJ US","40.5759108","-74.2846869","21.6","2025-06-09",,,,,,,,,"0.5",",,N",,,,,,,,,,,,,,,,,,,,,,,,,,,,,,,,,,,,
"US1NJMD0045","WOODBRIDGE TWP 1.1 NNE, NJ US","40.5759108","-74.2846869","21.6","2025-06-10",,,,,,,,,"1.5",",,N",,,,,,,,,,,,,,,,,,,,,,,,,,,,,,,,,,,,
"US1NJMD0045","WOODBRIDGE TWP 1.1 NNE, NJ US","40.5759108","-74.2846869","21.6","2025-06-11",,,,,,,,,"4.1",",,N",,,,,,,,,,,,,,,,,,,,,,,,,,,,,,,,,,,,
"US1NJMD0045","WOODBRIDGE TWP 1.1 NNE, NJ US","40.5759108","-74.2846869","21.6","2025-06-12",,,,,,,,,"0.0",",,N","0.0",",,N",,,,,,,,,,,,,,,,,,,,,,,,,,,,,,,,,,
"US1NJMD0045","WOODBRIDGE TWP 1.1 NNE, NJ US","40.5759108","-74.2846869","21.6","2025-06-13",,,,,,,,,"0.0",",,N","0.0",",,N",,,,,,,,,,,,,,,,,,,,,,,,,,,,,,,,,,
"US1NJMD0045","WOODBRIDGE TWP 1.1 NNE, NJ US","40.5759108","-74.2846869","21.6","2025-06-14",,,,,,,,,"0.0","T,,N","0.0",",,N",,,,,,,,,,,,,,,,,,,,,,,,,,,,,,,,,,
"US1NJMD0045","WOODBRIDGE TWP 1.1 NNE, NJ US","40.5759108","-74.2846869","21.6","2025-06-15",,,,,,,,,"13.2",",,N",,,,,,,,,,,,,,,,,,,,,,,,,,,,,,,,,,,,
"US1NJMD0045","WOODBRIDGE TWP 1.1 NNE, NJ US","40.5759108","-74.2846869","21.6","2025-06-16",,,,,,,,,"6.6",",,N",,,,,,,,,,,,,,,,,,,,,,,,,,,,,,,,,,,,
"US1NJMD0045","WOODBRIDGE TWP 1.1 NNE, NJ US","40.5759108","-74.2846869","21.6","2025-06-17",,,,,,,,,"3.0",",,N",,,,,,,,,,,,,,,,,,,,,,,,,,,,,,,,,,,,
"US1NJMD0045","WOODBRIDGE TWP 1.1 NNE, NJ US","40.5759108","-74.2846869","21.6","2025-06-18",,,,,,,,,"0.5",",,N",,,,,,,,,,,,,,,,,,,,,,,,,,,,,,,,,,,,
"US1NJMD0045","WOODBRIDGE TWP 1.1 NNE, NJ US","40.5759108","-74.2846869","21.6","2025-06-19",,,,,,,,,"0.0",",,N","0.0",",,N",,,,,,,,,,,,,,,,,,,,,,,,,,,,,,,,,,
"US1NJES0041","LIVINGSTON TWP 2.0 NNE, NJ US","40.810078","-74.309464","86.6","2025-06-01",,,,,,,,,"0.5",",,N",,,,,,,,,,,,,,,,,,,,,,,,,,,,,,,,,,,,
"US1NJES0041","LIVINGSTON TWP 2.0 NNE, NJ US","40.810078","-74.309464","86.6","2025-06-02",,,,,,,,,"0.0",",,N","0.0",",,N",,,,,,,,,,,,,,,,,,,,,,,,,,,,,,,,,,
"US1NJES0041","LIVINGSTON TWP 2.0 NNE, NJ US","40.810078","-74.309464","86.6","2025-06-03",,,,,,,,,"0.0",",,N","0.0",",,N",,,,,,,,,,,,,,,,,,,,,,,,,,,,,,,,,,
"US1NJES0041","LIVINGSTON TWP 2.0 NNE, NJ US","40.810078","-74.309464","86.6","2025-06-04",,,,,,,,,"0.0",",,N","0.0",",,N",,,,,,,,,,,,,,,,,,,,,,,,,,,,,,,,,,
"US1NJES0041","LIVINGSTON TWP 2.0 NNE, NJ US","40.810078","-74.309464","86.6","2025-06-05",,,,,,,,,"0.0",",,N","0.0",",,N",,,,,,,,,,,,,,,,,,,,,,,,,,,,,,,,,,
"US1NJES0041","LIVINGSTON TWP 2.0 NNE, NJ US","40.810078","-74.309464","86.6","2025-06-06",,,,,,,,,"0.0",",,N","0.0",",,N",,,,,,,,,,,,,,,,,,,,,,,,,,,,,,,,,,
"US1NJES0041","LIVINGSTON TWP 2.0 NNE, NJ US","40.810078","-74.309464","86.6","2025-06-07",,,,,,,,,"0.0",",,N","0.0",",,N",,,,,,,,,,,,,,,,,,,,,,,,,,,,,,,,,,
"US1NJES0041","LIVINGSTON TWP 2.0 NNE, NJ US","40.810078","-74.309464","86.6","2025-06-08",,,,,,,,,"1.8",",,N",,,,,,,,,,,,,,,,,,,,,,,,,,,,,,,,,,,,
"US1NJES0041","LIVINGSTON TWP 2.0 NNE, NJ US","40.810078","-74.309464","86.6","2025-06-09",,,,,,,,,"1.8",",,N",,,,,,,,,,,,,,,,,,,,,,,,,,,,,,,,,,,,
"US1NJES0041","LIVINGSTON TWP 2.0 NNE, NJ US","40.810078","-74.309464","86.6","2025-06-11",,,"    2",",,N","35.3",",,N",,,,,,,,,,,,,,,,,,,,,,,,,,,,,,,,,,,,,,,,
"US1NJES0041","LIVINGSTON TWP 2.0 NNE, NJ US","40.810078","-74.309464","86.6","2025-06-12",,,,,,,,,"0.3",",,N",,,,,,,,,,,,,,,,,,,,,,,,,,,,,,,,,,,,
"US1NJES0041","LIVINGSTON TWP 2.0 NNE, NJ US","40.810078","-74.309464","86.6","2025-06-13",,,,,,,,,"0.0",",,N","0.0",",,N",,,,,,,,,,,,,,,,,,,,,,,,,,,,,,,,,,
"US1NJES0041","LIVINGSTON TWP 2.0 NNE, NJ US","40.810078","-74.309464","86.6","2025-06-14",,,,,,,,,"1.0",",,N",,,,,,,,,,,,,,,,,,,,,,,,,,,,,,,,,,,,
"US1NJES0041","LIVINGSTON TWP 2.0 NNE, NJ US","40.810078","-74.309464","86.6","2025-06-15",,,,,,,,,"8.6",",,N",,,,,,,,,,,,,,,,,,,,,,,,,,,,,,,,,,,,
"US1NJES0041","LIVINGSTON TWP 2.0 NNE, NJ US","40.810078","-74.309464","86.6","2025-06-16",,,,,,,,,"1.0",",,N",,,,,,,,,,,,,,,,,,,,,,,,,,,,,,,,,,,,
"US1NJES0041","LIVINGSTON TWP 2.0 NNE, NJ US","40.810078","-74.309464","86.6","2025-06-17",,,,,,,,,"7.1",",,N",,,,,,,,,,,,,,,,,,,,,,,,,,,,,,,,,,,,
"US1NJES0041","LIVINGSTON TWP 2.0 NNE, NJ US","40.810078","-74.309464","86.6","2025-06-18",,,,,,,,,"2.5",",,N",,,,,,,,,,,,,,,,,,,,,,,,,,,,,,,,,,,,
"US1NJES0040","VERONA TWP 0.8 W, NJ US","40.8326","-74.2583","161.2","2025-06-01",,,,,,,,,"0.0","T,,N",,,,,,,,,,,,,,,,,,,,,,,,,,,,,,,,,,,,
"US1NJES0040","VERONA TWP 0.8 W, NJ US","40.8326","-74.2583","161.2","2025-06-02",,,,,,,,,"0.0",",,N",,,,,,,,,,,,,,,,,,,,,,,,,,,,,,,,,,,,
"US1NJES0040","VERONA TWP 0.8 W, NJ US","40.8326","-74.2583","161.2","2025-06-03",,,,,,,,,"0.0",",,N","0.0",",,N",,,,,,,,,,,,,,,,,,,,,,,,,,,,,,,,,,
"US1NJES0040","VERONA TWP 0.8 W, NJ US","40.8326","-74.2583","161.2","2025-06-04",,,,,,,,,"0.0",",,N","0.0",",,N",,,,,,,,,,,,,,,,,,,,,,,,,,,,,,,,,,
"US1NJES0040","VERONA TWP 0.8 W, NJ US","40.8326","-74.2583","161.2","2025-06-05",,,,,,,,,"0.0",",,N","0.0",",,N",,,,,,,,,,,,,,,,,,,,,,,,,,,,,,,,,,
"US1NJES0040","VERONA TWP 0.8 W, NJ US","40.8326","-74.2583","161.2","2025-06-06",,,,,,,,,"0.0",",,N","0.0",",,N",,,,,,,,,,,,,,,,,,,,,,,,,,,,,,,,,,
"US1NJES0040","VERONA TWP 0.8 W, NJ US","40.8326","-74.2583","161.2","2025-06-08",,,"    2",",L,N",,,,,,,,,,,,,,,,,,,,,,,,,,,,,,,,,,,,,,,,,,
"US1NJES0040","VERONA TWP 0.8 W, NJ US","40.8326","-74.2583","161.2","2025-06-09",,,,,,,,,"1.3",",,N",,,,,,,,,,,,,,,,,,,,,,,,,,,,,,,,,,,,
"US1NJES0040","VERONA TWP 0.8 W, NJ US","40.8326","-74.2583","161.2","2025-06-10",,,,,,,,,"2.8",",,N",,,,,,,,,,,,,,,,,,,,,,,,,,,,,,,,,,,,
"US1NJES0040","VERONA TWP 0.8 W, NJ US","40.8326","-74.2583","161.2","2025-06-11",,,,,,,,,"31.2",",,N",,,,,,,,,,,,,,,,,,,,,,,,,,,,,,,,,,,,
"US1NJES0040","VERONA TWP 0.8 W, NJ US","40.8326","-74.2583","161.2","2025-06-12",,,,,,,,,"0.3",",,N",,,,,,,,,,,,,,,,,,,,,,,,,,,,,,,,,,,,
"US1NJES0040","VERONA TWP 0.8 W, NJ US","40.8326","-74.2583","161.2","2025-06-13",,,,,,,,,"0.0",",,N","0.0",",,N",,,,,,,,,,,,,,,,,,,,,,,,,,,,,,,,,,
"US1NJES0040","VERONA TWP 0.8 W, NJ US","40.8326","-74.2583","161.2","2025-06-16",,,"    3",",,N","5.1",",,N",,,,,,,,,,,,,,,,,,,,,,,,,,,,,,,,,,,,,,,,
"US1NJES0040","VERONA TWP 0.8 W, NJ US","40.8326","-74.2583","161.2","2025-06-17",,,,,,,,,"5.1",",,N",,,,,,,,,,,,,,,,,,,,,,,,,,,,,,,,,,,,
"US1NJES0040","VERONA TWP 0.8 W, NJ US","40.8326","-74.2583","161.2","2025-06-19",,,,,,,,,"0.3",",,N",,,,,,,,,,,,,,,,,,,,,,,,,,,,,,,,,,,,
"US1NJPS0012","LITTLE FALLS TWP 0.5 WNW, NJ US","40.879633","-74.227041","58.5","2025-06-01",,,,,,,,,"0.3",",,N","0.0",",,N","0.0",",,N",,,,,,,,,,,,,"0.0",",,N","0.0",",,N",,,,,,,,,,,,,,,,
"US1NJPS0012","LITTLE FALLS TWP 0.5 WNW, NJ US","40.879633","-74.227041","58.5","2025-06-02",,,,,,,,,"0.0",",,N","0.0",",,N","0.0",",,N",,,,,,,,,,,,,"0.0",",,N","0.0",",,N",,,,,,,,,,,,,,,,
"US1NJPS0012","LITTLE FALLS TWP 0.5 WNW, NJ US","40.879633","-74.227041","58.5","2025-06-03",,,,,,,,,"0.0",",,N","0.0",",,N","0.0",",,N",,,,,,,,,,,,,"0.0",",,N","0.0",",,N",,,,,,,,,,,,,,,,
"US1NJPS0012","LITTLE FALLS TWP 0.5 WNW, NJ US","40.879633","-74.227041","58.5","2025-06-04",,,,,,,,,"0.0",",,N","0.0",",,N","0.0",",,N",,,,,,,,,,,,,"0.0",",,N","0.0",",,N",,,,,,,,,,,,,,,,
"US1NJPS0012","LITTLE FALLS TWP 0.5 WNW, NJ US","40.879633","-74.227041","58.5","2025-06-05",,,,,,,,,"0.0",",,N","0.0",",,N","0.0",",,N",,,,,,,,,,,,,"0.0",",,N","0.0",",,N",,,,,,,,,,,,,,,,
"US1NJPS0012","LITTLE FALLS TWP 0.5 WNW, NJ US","40.879633","-74.227041","58.5","2025-06-06",,,,,,,,,"0.0",",,N","0.0",",,N","0.0",",,N",,,,,,,,,,,,,"0.0",",,N","0.0",",,N",,,,,,,,,,,,,,,,
"US1NJPS0012","LITTLE FALLS TWP 0.5 WNW, NJ US","40.879633","-74.227041","58.5","2025-06-07",,,,,,,,,"0.5",",,N","0.0",",,N","0.0",",,N",,,,,,,,,,,,,"0.0",",,N","0.0",",,N",,,,,,,,,,,,,,,,
"US1NJPS0012","LITTLE FALLS TWP 0.5 WNW, NJ US","40.879633","-74.227041","58.5","2025-06-08",,,,,,,,,"2.8",",,N","0.0",",,N","0.0",",,N",,,,,,,,,,,,,"0.0",",,N","0.0",",,N",,,,,,,,,,,,,,,,
"US1NJPS0012","LITTLE FALLS TWP 0.5 WNW, NJ US","40.879633","-74.227041","58.5","2025-06-09",,,,,,,,,"1.3",",,N","0.0",",,N","0.0",",,N",,,,,,,,,,,,,"0.0",",,N","0.0",",,N",,,,,,,,,,,,,,,,
"US1NJPS0012","LITTLE FALLS TWP 0.5 WNW, NJ US","40.879633","-74.227041","58.5","2025-06-10",,,,,,,,,"6.1",",,N","0.0",",,N","0.0",",,N",,,,,,,,,,,,,"0.0",",,N","0.0",",,N",,,,,,,,,,,,,,,,
"US1NJPS0012","LITTLE FALLS TWP 0.5 WNW, NJ US","40.879633","-74.227041","58.5","2025-06-11",,,,,,,,,"33.8",",,N","0.0",",,N","0.0",",,N",,,,,,,,,,,,,"0.0",",,N","0.0",",,N",,,,,,,,,,,,,,,,
"US1NJPS0012","LITTLE FALLS TWP 0.5 WNW, NJ US","40.879633","-74.227041","58.5","2025-06-12",,,,,,,,,"0.0",",,N","0.0",",,N","0.0",",,N",,,,,,,,,,,,,"0.0",",,N","0.0",",,N",,,,,,,,,,,,,,,,
"US1NJPS0012","LITTLE FALLS TWP 0.5 WNW, NJ US","40.879633","-74.227041","58.5","2025-06-13",,,,,,,,,"0.0",",,N","0.0",",,N","0.0",",,N",,,,,,,,,,,,,"0.0",",,N","0.0",",,N",,,,,,,,,,,,,,,,
"US1NJPS0012","LITTLE FALLS TWP 0.5 WNW, NJ US","40.879633","-74.227041","58.5","2025-06-14",,,,,,,,,"0.3",",,N","0.0",",,N","0.0",",,N",,,,,,,,,,,,,"0.0",",,N","0.0",",,N",,,,,,,,,,,,,,,,
"US1NJPS0012","LITTLE FALLS TWP 0.5 WNW, NJ US","40.879633","-74.227041","58.5","2025-06-15",,,,,,,,,"4.1",",,N","0.0",",,N","0.0",",,N",,,,,,,,,,,,,"0.0",",,N","0.0",",,N",,,,,,,,,,,,,,,,
"US1NJPS0012","LITTLE FALLS TWP 0.5 WNW, NJ US","40.879633","-74.227041","58.5","2025-06-16",,,,,,,,,"1.0",",,N","0.0",",,N","0.0",",,N",,,,,,,,,,,,,"0.0",",,N","0.0",",,N",,,,,,,,,,,,,,,,
"US1NJPS0012","LITTLE FALLS TWP 0.5 WNW, NJ US","40.879633","-74.227041","58.5","2025-06-17",,,,,,,,,"6.1",",,N","0.0",",,N","0.0",",,N",,,,,,,,,,,,,"0.0",",,N","0.0",",,N",,,,,,,,,,,,,,,,
"US1NJPS0012","LITTLE FALLS TWP 0.5 WNW, NJ US","40.879633","-74.227041","58.5","2025-06-18",,,,,,,,,"2.5",",,N","0.0",",,N","0.0",",,N",,,,,,,,,,,,,"0.0",",,N","0.0",",,N",,,,,,,,,,,,,,,,
"US1NJPS0012","LITTLE FALLS TWP 0.5 WNW, NJ US","40.879633","-74.227041","58.5","2025-06-19",,,,,,,,,"0.0","T,,N","0.0",",,N","0.0",",,N",,,,,,,,,,,,,"0.0",",,N","0.0",",,N",,,,,,,,,,,,,,,,
"US1NJUN0017","CRANFORD TWP 1.1 NNW, NJ US","40.672178","-74.309574","21.9","2025-06-01",,,,,,,,,"0.0",",,N","0.0",",,N",,,,,,,,,,,,,,,,,,,,,,,,,,,,,,,,,,
"US1NJUN0017","CRANFORD TWP 1.1 NNW, NJ US","40.672178","-74.309574","21.9","2025-06-02",,,,,,,,,"0.0",",,N","0.0",",,N",,,,,,,,,,,,,,,,,,,,,,,,,,,,,,,,,,
"US1NJUN0017","CRANFORD TWP 1.1 NNW, NJ US","40.672178","-74.309574","21.9","2025-06-03",,,,,,,,,"0.0",",,N","0.0",",,N",,,,,,,,,,,,,,,,,,,,,,,,,,,,,,,,,,
"US1NJUN0017","CRANFORD TWP 1.1 NNW, NJ US","40.672178","-74.309574","21.9","2025-06-04",,,,,,,,,"0.0",",,N","0.0",",,N",,,,,,,,,,,,,,,,,,,,,,,,,,,,,,,,,,
"US1NJUN0017","CRANFORD TWP 1.1 NNW, NJ US","40.672178","-74.309574","21.9","2025-06-05",,,,,,,,,"0.0",",,N","0.0",",,N",,,,,,,,,,,,,,,,,,,,,,,,,,,,,,,,,,
"US1NJUN0017","CRANFORD TWP 1.1 NNW, NJ US","40.672178","-74.309574","21.9","2025-06-06",,,,,,,,,"0.0",",,N","0.0",",,N",,,,,,,,,,,,,,,,,,,,,,,,,,,,,,,,,,
"US1NJUN0017","CRANFORD TWP 1.1 NNW, NJ US","40.672178","-74.309574","21.9","2025-06-07",,,,,,,,,"0.3",",,N",,,,,,,,,,,,,,,,,,,,,,,,,,,,,,,,,,,,
"US1NJUN0017","CRANFORD TWP 1.1 NNW, NJ US","40.672178","-74.309574","21.9","2025-06-08",,,,,,,,,"4.6",",,N",,,,,,,,,,,,,,,,,,,,,,,,,,,,,,,,,,,,
"US1NJUN0017","CRANFORD TWP 1.1 NNW, NJ US","40.672178","-74.309574","21.9","2025-06-09",,,,,,,,,"0.5",",,N",,,,,,,,,,,,,,,,,,,,,,,,,,,,,,,,,,,,
"US1NJUN0017","CRANFORD TWP 1.1 NNW, NJ US","40.672178","-74.309574","21.9","2025-06-10",,,,,,,,,"3.0",",,N",,,,,,,,,,,,,,,,,,,,,,,,,,,,,,,,,,,,
"US1NJUN0017","CRANFORD TWP 1.1 NNW, NJ US","40.672178","-74.309574","21.9","2025-06-11",,,,,,,,,"22.1",",,N",,,,,,,,,,,,,,,,,,,,,,,,,,,,,,,,,,,,
"US1NJUN0017","CRANFORD TWP 1.1 NNW, NJ US","40.672178","-74.309574","21.9","2025-06-12",,,,,,,,,"0.0",",,N","0.0",",,N",,,,,,,,,,,,,,,,,,,,,,,,,,,,,,,,,,
"US1NJUN0017","CRANFORD TWP 1.1 NNW, NJ US","40.672178","-74.309574","21.9","2025-06-13",,,,,,,,,"0.0",",,N","0.0",",,N",,,,,,,,,,,,,,,,,,,,,,,,,,,,,,,,,,
"US1NJUN0017","CRANFORD TWP 1.1 NNW, NJ US","40.672178","-74.309574","21.9","2025-06-14",,,,,,,,,"0.0",",,N","0.0",",,N",,,,,,,,,,,,,,,,,,,,,,,,,,,,,,,,,,
"US1NJUN0017","CRANFORD TWP 1.1 NNW, NJ US","40.672178","-74.309574","21.9","2025-06-15",,,,,,,,,"8.1",",,N",,,,,,,,,,,,,,,,,,,,,,,,,,,,,,,,,,,,
"US1NJUN0017","CRANFORD TWP 1.1 NNW, NJ US","40.672178","-74.309574","21.9","2025-06-16",,,,,,,,,"6.1",",,N",,,,,,,,,,,,,,,,,,,,,,,,,,,,,,,,,,,,
"US1NJUN0017","CRANFORD TWP 1.1 NNW, NJ US","40.672178","-74.309574","21.9","2025-06-17",,,,,,,,,"3.0",",,N",,,,,,,,,,,,,,,,,,,,,,,,,,,,,,,,,,,,
"US1NJUN0017","CRANFORD TWP 1.1 NNW, NJ US","40.672178","-74.309574","21.9","2025-06-18",,,,,,,,,"1.8",",,N",,,,,,,,,,,,,,,,,,,,,,,,,,,,,,,,,,,,
"US1NJUN0017","CRANFORD TWP 1.1 NNW, NJ US","40.672178","-74.309574","21.9","2025-06-19",,,,,,,,,"0.0","T,,N",,,,,,,,,,,,,,,,,,,,,,,,,,,,,,,,,,,,
"US1NJUN0039","CLARK TWP 0.7 SSW, NJ US","40.611071","-74.319512","32.3","2025-06-01",,,,,,,,,"0.5",",,N",,,,,,,,,,,,,,,,,,,,,,,,,,,,,,,,,,,,
"US1NJUN0039","CLARK TWP 0.7 SSW, NJ US","40.611071","-74.319512","32.3","2025-06-02",,,,,,,,,"0.0",",,N","0.0",",,N",,,,,,,,,,,,,,,,,,,,,,,,,,,,,,,,,,
"US1NJUN0039","CLARK TWP 0.7 SSW, NJ US","40.611071","-74.319512","32.3","2025-06-03",,,,,,,,,"0.0",",,N","0.0",",,N",,,,,,,,,,,,,,,,,,,,,,,,,,,,,,,,,,
"US1NJUN0039","CLARK TWP 0.7 SSW, NJ US","40.611071","-74.319512","32.3","2025-06-04",,,,,,,,,"0.0",",,N","0.0",",,N",,,,,,,,,,,,,,,,,,,,,,,,,,,,,,,,,,
"US1NJUN0039","CLARK TWP 0.7 SSW, NJ US","40.611071","-74.319512","32.3","2025-06-05",,,,,,,,,"0.0",",,N","0.0",",,N",,,,,,,,,,,,,,,,,,,,,,,,,,,,,,,,,,
"US1NJUN0039","CLARK TWP 0.7 SSW, NJ US","40.611071","-74.319512","32.3","2025-06-06",,,,,,,,,"0.0",",,N","0.0",",,N",,,,,,,,,,,,,,,,,,,,,,,,,,,,,,,,,,
"US1NJUN0039","CLARK TWP 0.7 SSW, NJ US","40.611071","-74.319512","32.3","2025-06-07",,,,,,,,,"0.0","T,,N",,,,,,,,,,,,,,,,,,,,,,,,,,,,,,,,,,,,
"US1NJUN0039","CLARK TWP 0.7 SSW, NJ US","40.611071","-74.319512","32.3","2025-06-08",,,,,,,,,"6.9",",,N",,,,,,,,,,,,,,,,,,,,,,,,,,,,,,,,,,,,
"US1NJUN0039","CLARK TWP 0.7 SSW, NJ US","40.611071","-74.319512","32.3","2025-06-09",,,,,,,,,"0.5",",,N",,,,,,,,,,,,,,,,,,,,,,,,,,,,,,,,,,,,
"US1NJUN0039","CLARK TWP 0.7 SSW, NJ US","40.611071","-74.319512","32.3","2025-06-10",,,,,,,,,"2.0",",,N",,,,,,,,,,,,,,,,,,,,,,,,,,,,,,,,,,,,
"US1NJUN0039","CLARK TWP 0.7 SSW, NJ US","40.611071","-74.319512","32.3","2025-06-11",,,,,,,,,"6.1",",,N",,,,,,,,,,,,,,,,,,,,,,,,,,,,,,,,,,,,
"US1NJUN0039","CLARK TWP 0.7 SSW, NJ US","40.611071","-74.319512","32.3","2025-06-12",,,,,,,,,"0.0",",,N","0.0",",,N",,,,,,,,,,,,,,,,,,,,,,,,,,,,,,,,,,
"US1NJUN0039","CLARK TWP 0.7 SSW, NJ US","40.611071","-74.319512","32.3","2025-06-13",,,,,,,,,"0.0",",,N","0.0",",,N",,,,,,,,,,,,,,,,,,,,,,,,,,,,,,,,,,
"US1NJUN0039","CLARK TWP 0.7 SSW, NJ US","40.611071","-74.319512","32.3","2025-06-14",,,,,,,,,"3.3",",,N",,,,,,,,,,,,,,,,,,,,,,,,,,,,,,,,,,,,
"US1NJUN0039","CLARK TWP 0.7 SSW, NJ US","40.611071","-74.319512","32.3","2025-06-15",,,,,,,,,"8.1",",,N",,,,,,,,,,,,,,,,,,,,,,,,,,,,,,,,,,,,
"US1NJUN0039","CLARK TWP 0.7 SSW, NJ US","40.611071","-74.319512","32.3","2025-06-16",,,,,,,,,"5.6",",,N",,,,,,,,,,,,,,,,,,,,,,,,,,,,,,,,,,,,
"US1NJUN0039","CLARK TWP 0.7 SSW, NJ US","40.611071","-74.319512","32.3","2025-06-17",,,,,,,,,"4.3",",,N",,,,,,,,,,,,,,,,,,,,,,,,,,,,,,,,,,,,
"US1NJUN0039","CLARK TWP 0.7 SSW, NJ US","40.611071","-74.319512","32.3","2025-06-18",,,,,,,,,"0.5",",,N",,,,,,,,,,,,,,,,,,,,,,,,,,,,,,,,,,,,
"US1NJUN0039","CLARK TWP 0.7 SSW, NJ US","40.611071","-74.319512","32.3","2025-06-19",,,,,,,,,"0.0","T,,N",,,,,,,,,,,,,,,,,,,,,,,,,,,,,,,,,,,,
"US1NYRC0001","STATEN ISLAND 4.5 SSE, NY US","40.542096","-74.147558","10.7","2025-06-01",,,,,,,,,"0.5",",,N",,,,,,,,,,,,,,,,,,,,,,,,,,,,,,,,,,,,
"US1NYRC0001","STATEN ISLAND 4.5 SSE, NY US","40.542096","-74.147558","10.7","2025-06-02",,,,,,,,,"0.0",",,N","0.0",",,N",,,,,,,,,,,,,,,,,,,,,,,,,,,,,,,,,,
"US1NYRC0001","STATEN ISLAND 4.5 SSE, NY US","40.542096","-74.147558","10.7","2025-06-03",,,,,,,,,"0.0",",,N","0.0",",,N",,,,,,,,,,,,,,,,,,,,,,,,,,,,,,,,,,
"US1NYRC0001","STATEN ISLAND 4.5 SSE, NY US","40.542096","-74.147558","10.7","2025-06-04",,,,,,,,,"0.0",",,N","0.0",",,N",,,,,,,,,,,,,,,,,,,,,,,,,,,,,,,,,,
"US1NYRC0001","STATEN ISLAND 4.5 SSE, NY US","40.542096","-74.147558","10.7","2025-06-05",,,,,,,,,"0.0",",,N","0.0",",,N",,,,,,,,,,,,,,,,,,,,,,,,,,,,,,,,,,
"US1NYRC0001","STATEN ISLAND 4.5 SSE, NY US","40.542096","-74.147558","10.7","2025-06-06",,,,,,,,,"0.0",",,N","0.0",",,N",,,,,,,,,,,,,,,,,,,,,,,,,,,,,,,,,,
"US1NYRC0001","STATEN ISLAND 4.5 SSE, NY US","40.542096","-74.147558","10.7","2025-06-08",,,,,,,,,,,"0.0",",,N",,,,,,,,,,,,,,,,,,,,,,,,,,,,,,,,,,
"US1NYRC0001","STATEN ISLAND 4.5 SSE, NY US","40.542096","-74.147558","10.7","2025-06-09",,,,,,,,,"0.5",",,N",,,,,,,,,,,,,,,,,,,,,,,,,,,,,,,,,,,,
"US1NYRC0001","STATEN ISLAND 4.5 SSE, NY US","40.542096","-74.147558","10.7","2025-06-10",,,,,,,,,"1.3",",,N",,,,,,,,,,,,,,,,,,,,,,,,,,,,,,,,,,,,
"US1NYRC0001","STATEN ISLAND 4.5 SSE, NY US","40.542096","-74.147558","10.7","2025-06-11",,,,,,,,,"3.0",",,N",,,,,,,,,,,,,,,,,,,,,,,,,,,,,,,,,,,,
"US1NYRC0001","STATEN ISLAND 4.5 SSE, NY US","40.542096","-74.147558","10.7","2025-06-12",,,,,,,,,"0.0",",,N","0.0",",,N",,,,,,,,,,,,,,,,,,,,,,,,,,,,,,,,,,
"US1NYRC0001","STATEN ISLAND 4.5 SSE, NY US","40.542096","-74.147558","10.7","2025-06-13",,,,,,,,,"0.0",",,N","0.0",",,N",,,,,,,,,,,,,,,,,,,,,,,,,,,,,,,,,,
"US1NYRC0001","STATEN ISLAND 4.5 SSE, NY US","40.542096","-74.147558","10.7","2025-06-14",,,,,,,,,"16.0",",,N",,,,,,,,,,,,,,,,,,,,,,,,,,,,,,,,,,,,
"US1NYRC0001","STATEN ISLAND 4.5 SSE, NY US","40.542096","-74.147558","10.7","2025-06-16",,,,,,,,,"2.3",",,N",,,,,,,,,,,,,,,,,,,,,,,,,,,,,,,,,,,,
"US1NYRC0001","STATEN ISLAND 4.5 SSE, NY US","40.542096","-74.147558","10.7","2025-06-17",,,,,,,,,"3.0",",,N",,,,,,,,,,,,,,,,,,,,,,,,,,,,,,,,,,,,
"US1NYRC0001","STATEN ISLAND 4.5 SSE, NY US","40.542096","-74.147558","10.7","2025-06-18",,,,,,,,,"0.8",",,N",,,,,,,,,,,,,,,,,,,,,,,,,,,,,,,,,,,,
"US1NYRC0001","STATEN ISLAND 4.5 SSE, NY US","40.542096","-74.147558","10.7","2025-06-19",,,,,,,,,"3.6",",,N",,,,,,,,,,,,,,,,,,,,,,,,,,,,,,,,,,,,
"US1NYRC0002","STATEN ISLAND 1.4 SE, NY US","40.567385","-74.132695","21.9","2025-06-15",,,"   16",",,N","29.5",",,N",,,,,,,,,,,,,,,,,,,,,,,,,,,,,,,,,,,,,,,,
"US1NYRC0002","STATEN ISLAND 1.4 SE, NY US","40.567385","-74.132695","21.9","2025-06-16",,,,,,,,,"2.3",",,N",,,,,,,,,,,,,,,,,,,,,,,,,,,,,,,,,,,,
"US1NYRC0002","STATEN ISLAND 1.4 SE, NY US","40.567385","-74.132695","21.9","2025-06-17",,,,,,,,,"3.8",",,N",,,,,,,,,,,,,,,,,,,,,,,,,,,,,,,,,,,,
"US1NYRC0002","STATEN ISLAND 1.4 SE, NY US","40.567385","-74.132695","21.9","2025-06-19",,,,,,,,,"0.5",",,N",,,,,,,,,,,,,,,,,,,,,,,,,,,,,,,,,,,,
"US1NJUN0035","CRANFORD TWP 1.1 ESE, NJ US","40.652357","-74.284536","25.3","2025-06-01",,,,,,,,,"0.5",",,N",,,,,,,,,,,,,,,,,,,,,,,,,,,,,,,,,,,,
"US1NJUN0035","CRANFORD TWP 1.1 ESE, NJ US","40.652357","-74.284536","25.3","2025-06-02",,,,,,,,,"0.0",",,N","0.0",",,N",,,,,,,,,,,,,,,,,,,,,,,,,,,,,,,,,,
"US1NJUN0035","CRANFORD TWP 1.1 ESE, NJ US","40.652357","-74.284536","25.3","2025-06-03",,,,,,,,,"0.0",",,N","0.0",",,N",,,,,,,,,,,,,,,,,,,,,,,,,,,,,,,,,,
"US1NJUN0035","CRANFORD TWP 1.1 ESE, NJ US","40.652357","-74.284536","25.3","2025-06-04",,,,,,,,,"0.0",",,N","0.0",",,N",,,,,,,,,,,,,,,,,,,,,,,,,,,,,,,,,,
"US1NJUN0035","CRANFORD TWP 1.1 ESE, NJ US","40.652357","-74.284536","25.3","2025-06-05",,,,,,,,,"0.0",",,N","0.0",",,N",,,,,,,,,,,,,,,,,,,,,,,,,,,,,,,,,,
"US1NJUN0035","CRANFORD TWP 1.1 ESE, NJ US","40.652357","-74.284536","25.3","2025-06-06",,,,,,,,,"0.0",",,N","0.0",",,N",,,,,,,,,,,,,,,,,,,,,,,,,,,,,,,,,,
"US1NJUN0035","CRANFORD TWP 1.1 ESE, NJ US","40.652357","-74.284536","25.3","2025-06-07",,,,,,,,,"0.0",",,N","0.0",",,N",,,,,,,,,,,,,,,,,,,,,,,,,,,,,,,,,,
"US1NJUN0035","CRANFORD TWP 1.1 ESE, NJ US","40.652357","-74.284536","25.3","2025-06-08",,,,,,,,,"1.8",",,N",,,,,,,,,,,,,,,,,,,,,,,,,,,,,,,,,,,,
"US1NJUN0035","CRANFORD TWP 1.1 ESE, NJ US","40.652357","-74.284536","25.3","2025-06-09",,,,,,,,,"0.5",",,N",,,,,,,,,,,,,,,,,,,,,,,,,,,,,,,,,,,,
"US1NJUN0035","CRANFORD TWP 1.1 ESE, NJ US","40.652357","-74.284536","25.3","2025-06-10",,,,,,,,,"5.6",",,N",,,,,,,,,,,,,,,,,,,,,,,,,,,,,,,,,,,,
"US1NJUN0035","CRANFORD TWP 1.1 ESE, NJ US","40.652357","-74.284536","25.3","2025-06-11",,,,,,,,,"8.6",",,N",,,,,,,,,,,,,,,,,,,,,,,,,,,,,,,,,,,,
"US1NJUN0035","CRANFORD TWP 1.1 ESE, NJ US","40.652357","-74.284536","25.3","2025-06-12",,,,,,,,,"0.0",",,N","0.0",",,N",,,,,,,,,,,,,,,,,,,,,,,,,,,,,,,,,,
"US1NJUN0035","CRANFORD TWP 1.1 ESE, NJ US","40.652357","-74.284536","25.3","2025-06-13",,,,,,,,,"0.0",",,N","0.0",",,N",,,,,,,,,,,,,,,,,,,,,,,,,,,,,,,,,,
"US1NJUN0035","CRANFORD TWP 1.1 ESE, NJ US","40.652357","-74.284536","25.3","2025-06-14",,,,,,,,,"1.3",",,N",,,,,,,,,,,,,,,,,,,,,,,,,,,,,,,,,,,,
"US1NJUN0035","CRANFORD TWP 1.1 ESE, NJ US","40.652357","-74.284536","25.3","2025-06-15",,,,,,,,,"7.6",",,N",,,,,,,,,,,,,,,,,,,,,,,,,,,,,,,,,,,,
"US1NJUN0035","CRANFORD TWP 1.1 ESE, NJ US","40.652357","-74.284536","25.3","2025-06-16",,,,,,,,,"4.8",",,N",,,,,,,,,,,,,,,,,,,,,,,,,,,,,,,,,,,,
"US1NJUN0035","CRANFORD TWP 1.1 ESE, NJ US","40.652357","-74.284536","25.3","2025-06-17",,,,,,,,,"5.8",",,N",,,,,,,,,,,,,,,,,,,,,,,,,,,,,,,,,,,,
"US1NJUN0035","CRANFORD TWP 1.1 ESE, NJ US","40.652357","-74.284536","25.3","2025-06-18",,,,,,,,,"1.0",",,N",,,,,,,,,,,,,,,,,,,,,,,,,,,,,,,,,,,,
"US1NJUN0035","CRANFORD TWP 1.1 ESE, NJ US","40.652357","-74.284536","25.3","2025-06-19",,,,,,,,,"0.0",",,N","0.0",",,N",,,,,,,,,,,,,,,,,,,,,,,,,,,,,,,,,,
"US1NJBG0018","PALISADES PARK 0.2 WNW, NJ US","40.848094","-74.000247","21.3","2025-06-01",,,,,,,,,"0.0",",,N","0.0",",,N","0.0",",,N",,,,,,,,,,,,,,,,,,,,,,,,,,,,,,,,
"US1NJBG0018","PALISADES PARK 0.2 WNW, NJ US","40.848094","-74.000247","21.3","2025-06-02",,,,,,,,,"0.0",",,N","0.0",",,N","0.0",",,N",,,,,,,,,,,,,,,,,,,,,,,,,,,,,,,,
"US1NJBG0018","PALISADES PARK 0.2 WNW, NJ US","40.848094","-74.000247","21.3","2025-06-03",,,,,,,,,"0.0",",,N","0.0",",,N","0.0",",,N",,,,,,,,,,,,,,,,,,,,,,,,,,,,,,,,
"US1NJBG0018","PALISADES PARK 0.2 WNW, NJ US","40.848094","-74.000247","21.3","2025-06-04",,,,,,,,,"0.0",",,N","0.0",",,N","0.0",",,N",,,,,,,,,,,,,,,,,,,,,,,,,,,,,,,,
"US1NJBG0018","PALISADES PARK 0.2 WNW, NJ US","40.848094","-74.000247","21.3","2025-06-05",,,,,,,,,"0.0",",,N","0.0",",,N","0.0",",,N",,,,,,,,,,,,,,,,,,,,,,,,,,,,,,,,
"US1NJBG0018","PALISADES PARK 0.2 WNW, NJ US","40.848094","-74.000247","21.3","2025-06-06",,,,,,,,,"0.0",",,N","0.0",",,N","0.0",",,N",,,,,,,,,,,,,,,,,,,,,,,,,,,,,,,,
"US1NJBG0018","PALISADES PARK 0.2 WNW, NJ US","40.848094","-74.000247","21.3","2025-06-07",,,,,,,,,"1.8",",,N","0.0",",,N","0.0",",,N",,,,,,,,,,,,,,,,,,,,,,,,,,,,,,,,
"US1NJBG0018","PALISADES PARK 0.2 WNW, NJ US","40.848094","-74.000247","21.3","2025-06-08",,,,,,,,,"3.6",",,N","0.0",",,N","0.0",",,N",,,,,,,,,,,,,,,,,,,,,,,,,,,,,,,,
"US1NJBG0018","PALISADES PARK 0.2 WNW, NJ US","40.848094","-74.000247","21.3","2025-06-09",,,,,,,,,"0.5",",,N","0.0",",,N","0.0",",,N",,,,,,,,,,,,,,,,,,,,,,,,,,,,,,,,
"US1NJBG0018","PALISADES PARK 0.2 WNW, NJ US","40.848094","-74.000247","21.3","2025-06-10",,,,,,,,,"4.6",",,N","0.0",",,N","0.0",",,N",,,,,,,,,,,,,,,,,,,,,,,,,,,,,,,,
"US1NJBG0018","PALISADES PARK 0.2 WNW, NJ US","40.848094","-74.000247","21.3","2025-06-11",,,,,,,,,"25.4",",,N","0.0",",,N","0.0",",,N",,,,,,,,,,,,,,,,,,,,,,,,,,,,,,,,
"US1NJBG0018","PALISADES PARK 0.2 WNW, NJ US","40.848094","-74.000247","21.3","2025-06-12",,,,,,,,,"0.0",",,N","0.0",",,N","0.0",",,N",,,,,,,,,,,,,,,,,,,,,,,,,,,,,,,,
"US1NJBG0018","PALISADES PARK 0.2 WNW, NJ US","40.848094","-74.000247","21.3","2025-06-13",,,,,,,,,"0.0",",,N","0.0",",,N","0.0",",,N",,,,,,,,,,,,,,,,,,,,,,,,,,,,,,,,
"US1NJBG0018","PALISADES PARK 0.2 WNW, NJ US","40.848094","-74.000247","21.3","2025-06-14",,,,,,,,,"0.5",",,N","0.0",",,N","0.0",",,N",,,,,,,,,,,,,,,,,,,,,,,,,,,,,,,,
"US1NJBG0018","PALISADES PARK 0.2 WNW, NJ US","40.848094","-74.000247","21.3","2025-06-15",,,,,,,,,"5.3",",,N","0.0",",,N","0.0",",,N",,,,,,,,,,,,,,,,,,,,,,,,,,,,,,,,
"US1NJBG0018","PALISADES PARK 0.2 WNW, NJ US","40.848094","-74.000247","21.3","2025-06-16",,,,,,,,,"0.5",",,N","0.0",",,N","0.0",",,N",,,,,,,,,,,,,,,,,,,,,,,,,,,,,,,,
"US1NJBG0018","PALISADES PARK 0.2 WNW, NJ US","40.848094","-74.000247","21.3","2025-06-17",,,,,,,,,"3.3",",,N","0.0",",,N","0.0",",,N",,,,,,,,,,,,,,,,,,,,,,,,,,,,,,,,
"US1NJBG0018","PALISADES PARK 0.2 WNW, NJ US","40.848094","-74.000247","21.3","2025-06-18",,,,,,,,,"4.3",",,N","0.0",",,N","0.0",",,N",,,,,,,,,,,,,,,,,,,,,,,,,,,,,,,,
"US1NJBG0018","PALISADES PARK 0.2 WNW, NJ US","40.848094","-74.000247","21.3","2025-06-19",,,,,,,,,"0.0","T,,N","0.0",",,N","0.0",",,N",,,,,,,,,,,,,,,,,,,,,,,,,,,,,,,,
"US1NJUN0014","WESTFIELD 0.6 NE, NJ US","40.658817","-74.335804","36.3","2025-06-01",,,,,,,,,"0.5",",,N",,,,,,,,,,,,,,,,,,,,,,,,,,,,,,,,,,,,
"US1NJUN0014","WESTFIELD 0.6 NE, NJ US","40.658817","-74.335804","36.3","2025-06-02",,,,,,,,,"0.0",",,N","0.0",",,N",,,,,,,,,,,,,,,,,,,,,,,,,,,,,,,,,,
"US1NJUN0014","WESTFIELD 0.6 NE, NJ US","40.658817","-74.335804","36.3","2025-06-03",,,,,,,,,"0.0",",,N","0.0",",,N",,,,,,,,,,,,,,,,,,,,,,,,,,,,,,,,,,
"US1NJUN0014","WESTFIELD 0.6 NE, NJ US","40.658817","-74.335804","36.3","2025-06-04",,,,,,,,,"0.0",",,N","0.0",",,N",,,,,,,,,,,,,,,,,,,,,,,,,,,,,,,,,,
"US1NJUN0014","WESTFIELD 0.6 NE, NJ US","40.658817","-74.335804","36.3","2025-06-05",,,,,,,,,"0.0",",,N","0.0",",,N",,,,,,,,,,,,,,,,,,,,,,,,,,,,,,,,,,
"US1NJUN0014","WESTFIELD 0.6 NE, NJ US","40.658817","-74.335804","36.3","2025-06-06",,,,,,,,,"0.0",",,N","0.0",",,N",,,,,,,,,,,,,,,,,,,,,,,,,,,,,,,,,,
"US1NJUN0014","WESTFIELD 0.6 NE, NJ US","40.658817","-74.335804","36.3","2025-06-07",,,,,,,,,"0.0",",,N","0.0",",,N",,,,,,,,,,,,,,,,,,,,,,,,,,,,,,,,,,
"US1NJUN0014","WESTFIELD 0.6 NE, NJ US","40.658817","-74.335804","36.3","2025-06-08",,,,,,,,,"2.5",",,N",,,,,,,,,,,,,,,,,,,,,,,,,,,,,,,,,,,,
"US1NJUN0014","WESTFIELD 0.6 NE, NJ US","40.658817","-74.335804","36.3","2025-06-09",,,,,,,,,"0.8",",,N",,,,,,,,,,,,,,,,,,,,,,,,,,,,,,,,,,,,
"US1NJUN0014","WESTFIELD 0.6 NE, NJ US","40.658817","-74.335804","36.3","2025-06-10",,,,,,,,,"3.6",",,N",,,,,,,,,,,,,,,,,,,,,,,,,,,,,,,,,,,,
"US1NJUN0014","WESTFIELD 0.6 NE, NJ US","40.658817","-74.335804","36.3","2025-06-11",,,,,,,,,"24.9",",,N",,,,,,,,,,,,,,,,,,,,,,,,,,,,,,,,,,,,
"US1NJUN0014","WESTFIELD 0.6 NE, NJ US","40.658817","-74.335804","36.3","2025-06-12",,,,,,,,,"0.0",",,N","0.0",",,N",,,,,,,,,,,,,,,,,,,,,,,,,,,,,,,,,,
"US1NJUN0014","WESTFIELD 0.6 NE, NJ US","40.658817","-74.335804","36.3","2025-06-13",,,,,,,,,"0.0",",,N","0.0",",,N",,,,,,,,,,,,,,,,,,,,,,,,,,,,,,,,,,
"US1NJUN0014","WESTFIELD 0.6 NE, NJ US","40.658817","-74.335804","36.3","2025-06-14",,,,,,,,,"0.5",",,N",,,,,,,,,,,,,,,,,,,,,,,,,,,,,,,,,,,,
"US1NJUN0014","WESTFIELD 0.6 NE, NJ US","40.658817","-74.335804","36.3","2025-06-15",,,,,,,,,"9.1",",,N",,,,,,,,,,,,,,,,,,,,,,,,,,,,,,,,,,,,
"US1NJUN0014","WESTFIELD 0.6 NE, NJ US","40.658817","-74.335804","36.3","2025-06-16",,,,,,,,,"5.8",",,N",,,,,,,,,,,,,,,,,,,,,,,,,,,,,,,,,,,,
"US1NJUN0014","WESTFIELD 0.6 NE, NJ US","40.658817","-74.335804","36.3","2025-06-17",,,,,,,,,"4.8",",,N",,,,,,,,,,,,,,,,,,,,,,,,,,,,,,,,,,,,
"US1NJUN0014","WESTFIELD 0.6 NE, NJ US","40.658817","-74.335804","36.3","2025-06-18",,,,,,,,,"0.5",",,N",,,,,,,,,,,,,,,,,,,,,,,,,,,,,,,,,,,,
"US1NJUN0014","WESTFIELD 0.6 NE, NJ US","40.658817","-74.335804","36.3","2025-06-19",,,,,,,,,"0.3",",,N",,,,,,,,,,,,,,,,,,,,,,,,,,,,,,,,,,,,
"US1NJUN0036","CLARK TWP 1.3 ENE, NJ US","40.626055","-74.289674","14.3","2025-06-01",,,,,,,,,"0.5",",,N","0.0",",,N","0.0",",,N",,,,,,,,,,,,,"0.0",",,N","0.0",",,N",,,,,,,,,,,,,,,,
"US1NJUN0036","CLARK TWP 1.3 ENE, NJ US","40.626055","-74.289674","14.3","2025-06-02",,,,,,,,,"0.0",",,N","0.0",",,N","0.0",",,N",,,,,,,,,,,,,"0.0",",,N","0.0",",,N",,,,,,,,,,,,,,,,
"US1NJUN0036","CLARK TWP 1.3 ENE, NJ US","40.626055","-74.289674","14.3","2025-06-03",,,,,,,,,"0.0",",,N","0.0",",,N","0.0",",,N",,,,,,,,,,,,,"0.0",",,N","0.0",",,N",,,,,,,,,,,,,,,,
"US1NJUN0036","CLARK TWP 1.3 ENE, NJ US","40.626055","-74.289674","14.3","2025-06-04",,,,,,,,,"0.0",",,N","0.0",",,N","0.0",",,N",,,,,,,,,,,,,"0.0",",,N","0.0",",,N",,,,,,,,,,,,,,,,
"US1NJUN0036","CLARK TWP 1.3 ENE, NJ US","40.626055","-74.289674","14.3","2025-06-05",,,,,,,,,"0.0",",,N","0.0",",,N","0.0",",,N",,,,,,,,,,,,,"0.0",",,N","0.0",",,N",,,,,,,,,,,,,,,,
"US1NJUN0036","CLARK TWP 1.3 ENE, NJ US","40.626055","-74.289674","14.3","2025-06-06",,,,,,,,,"0.0",",,N","0.0",",,N","0.0",",,N",,,,,,,,,,,,,"0.0",",,N","0.0",",,N",,,,,,,,,,,,,,,,
"US1NJUN0036","CLARK TWP 1.3 ENE, NJ US","40.626055","-74.289674","14.3","2025-06-07",,,,,,,,,"0.0","T,,N","0.0",",,N","0.0",",,N",,,,,,,,,,,,,"0.0",",,N","0.0",",,N",,,,,,,,,,,,,,,,
"US1NJUN0036","CLARK TWP 1.3 ENE, NJ US","40.626055","-74.289674","14.3","2025-06-08",,,,,,,,,"3.0",",,N","0.0",",,N","0.0",",,N",,,,,,,,,,,,,"0.0",",,N","0.0",",,N",,,,,,,,,,,,,,,,
"US1NJUN0036","CLARK TWP 1.3 ENE, NJ US","40.626055","-74.289674","14.3","2025-06-09",,,,,,,,,"0.0","T,,N","0.0",",,N","0.0",",,N",,,,,,,,,,,,,"0.0",",,N","0.0",",,N",,,,,,,,,,,,,,,,
"US1NJUN0036","CLARK TWP 1.3 ENE, NJ US","40.626055","-74.289674","14.3","2025-06-10",,,,,,,,,"0.0",",,N","0.0",",,N",,,,,,,,,,,,,,,,,,,,,,,,,,,,,,,,,,
"US1NJUN0036","CLARK TWP 1.3 ENE, NJ US","40.626055","-74.289674","14.3","2025-06-11",,,,,,,,,"6.4",",,N","0.0",",,N","0.0",",,N",,,,,,,,,,,,,"0.0",",,N","0.0",",,N",,,,,,,,,,,,,,,,
"US1NJUN0036","CLARK TWP 1.3 ENE, NJ US","40.626055","-74.289674","14.3","2025-06-12",,,,,,,,,"0.0",",,N","0.0",",,N","0.0",",,N",,,,,,,,,,,,,"0.0",",,N","0.0",",,N",,,,,,,,,,,,,,,,
"US1NJUN0036","CLARK TWP 1.3 ENE, NJ US","40.626055","-74.289674","14.3","2025-06-13",,,,,,,,,"0.0",",,N","0.0",",,N","0.0",",,N",,,,,,,,,,,,,"0.0",",,N","0.0",",,N",,,,,,,,,,,,,,,,
"US1NJUN0036","CLARK TWP 1.3 ENE, NJ US","40.626055","-74.289674","14.3","2025-06-14",,,,,,,,,"0.0",",,N","0.0",",,N","0.0",",,N",,,,,,,,,,,,,"0.0",",,N","0.0",",,N",,,,,,,,,,,,,,,,
"US1NJUN0036","CLARK TWP 1.3 ENE, NJ US","40.626055","-74.289674","14.3","2025-06-15",,,,,,,,,"9.9",",,N","0.0",",,N","0.0",",,N",,,,,,,,,,,,,"0.0",",,N","0.0",",,N",,,,,,,,,,,,,,,,
"US1NJUN0036","CLARK TWP 1.3 ENE, NJ US","40.626055","-74.289674","14.3","2025-06-16",,,,,,,,,"5.6",",,N","0.0",",,N","0.0",",,N",,,,,,,,,,,,,"0.0",",,N","0.0",",,N",,,,,,,,,,,,,,,,
"US1NJUN0036","CLARK TWP 1.3 ENE, NJ US","40.626055","-74.289674","14.3","2025-06-17",,,,,,,,,"5.3",",,N","0.0",",,N","0.0",",,N",,,,,,,,,,,,,"0.0",",,N","0.0",",,N",,,,,,,,,,,,,,,,
"US1NJUN0036","CLARK TWP 1.3 ENE, NJ US","40.626055","-74.289674","14.3","2025-06-18",,,,,,,,,"1.0",",,N","0.0",",,N","0.0",",,N",,,,,,,,,,,,,"0.0",",,N","0.0",",,N",,,,,,,,,,,,,,,,
"US1NJUN0036","CLARK TWP 1.3 ENE, NJ US","40.626055","-74.289674","14.3","2025-06-19",,,,,,,,,"0.0","T,,N","0.0",",,N","0.0",",,N",,,,,,,,,,,,,"0.0",",,N","0.0",",,N",,,,,,,,,,,,,,,,
"USC00281335","CANOE BROOK, NJ US","40.7436","-74.3539","54.9","2025-06-01",,,,,,,,,,,,,,,,,"21.7",",,7","8.9",",,7",,,,,,,,,,,,,,,,,,,,,,,,,,
"USC00281335","CANOE BROOK, NJ US","40.7436","-74.3539","54.9","2025-06-02",,,"    2",",,7","0.0",",,7",,,,,"0.0",",,7,0700","0.0",",,7,0700",,,"19.4",",,7","8.3",",,7","12.2",",,7,0700",,,,,,,,,,,,,,,,,,,,,,,,
"USC00281335","CANOE BROOK, NJ US","40.7436","-74.3539","54.9","2025-06-03",,,,,,,,,"0.0",",,7,0700","0.0",",,7,0700","0.0",",,7,0700",,,"23.3",",,7","8.9",",,7","12.2",",,7,0700",,,,,,,,,,,,,,,,,,,,,,,,
"USC00281335","CANOE BROOK, NJ US","40.7436","-74.3539","54.9","2025-06-04",,,,,,,,,,,,,,,,,"28.3",",,7","12.2",",,7",,,,,,,,,,,,,,,,,,,,,,,,,,
"USC00281335","CANOE BROOK, NJ US","40.7436","-74.3539","54.9","2025-06-05",,,"    2",",,7","0.0",",,7",,,,,"0.0",",,7,0700","0.0",",,7,0700",,,"31.7",",,7","17.8",",,7","21.1",",,7,0700",,,,,,,,,,,,,,,,,,,,,,,,
"USC00281335","CANOE BROOK, NJ US","40.7436","-74.3539","54.9","2025-06-06",,,,,,,,,"0.0",",,7,0700","0.0",",,7,0700","0.0",",,7,0700",,,"32.2",",,7","20.6",",,7","22.2",",,7,0700",,,,,,,,,,,,,,,,,,,,,,,,
"USC00281335","CANOE BROOK, NJ US","40.7436","-74.3539","54.9","2025-06-07",,,,,,,,,,,,,,,,,"32.2",",,7","19.4",",,7",,,,,,,,,,,,,,,,,,,,,,,,,,
"USC00281335","CANOE BROOK, NJ US","40.7436","-74.3539","54.9","2025-06-08",,,,,,,,,,,,,,,,,"26.7",",,7","16.1",",,7",,,,,,,,,,,,,,,,,,,,,,,,,,
"USC00281335","CANOE BROOK, NJ US","40.7436","-74.3539","54.9","2025-06-09",,,"    3",",,7","3.3",",,7",,,,,"0.0",",,7,0700","0.0",",,7,0700",,,"25.0",",,7","16.7",",,7","16.7",",,7,0700",,,,,,,,,,,,,,,,,,,,,,,,
"USC00281335","CANOE BROOK, NJ US","40.7436","-74.3539","54.9","2025-06-10",,,,,,,,,"3.6",",,7,0700","0.0",",,7,0700","0.0",",,7,0700",,,"18.3",",,7","16.7",",,7","17.2",",,7,0700",,,,,,,,,,,,,,,,,,,,,,,,
"USC00281335","CANOE BROOK, NJ US","40.7436","-74.3539","54.9","2025-06-11",,,,,,,,,"26.9",",,7,0700","0.0",",,7,0700","0.0",",,7,0700",,,"25.0",",,7","15.0",",,7","17.2",",,7,0700",,,,,,,,,,,,,,,,,,,,,,,,
"USC00281335","CANOE BROOK, NJ US","40.7436","-74.3539","54.9","2025-06-12",,,,,,,,,"0.3",",,7,0700","0.0",",,7,0700","0.0",",,7,0700",,,"28.3",",,7","16.7",",,7","20.0",",,7,0700",,,,,,,,,,,,,,,,,,,,,,,,
"USC00281335","CANOE BROOK, NJ US","40.7436","-74.3539","54.9","2025-06-13",,,,,,,,,"0.0",",,7,0700","0.0",",,7,0700","0.0",",,7,0700",,,"32.2",",,7","18.3",",,7","20.0",",,7,0700",,,,,,,,,,,,,,,,,,,,,,,,
"USC00281335","CANOE BROOK, NJ US","40.7436","-74.3539","54.9","2025-06-14",,,,,,,,,,,,,,,,,"27.8",",,7","17.2",",,7",,,,,,,,,,,,,,,,,,,,,,,,,,
"USC00281335","CANOE BROOK, NJ US","40.7436","-74.3539","54.9","2025-06-15",,,,,,,,,,,,,,,,,"18.3",",,7","15.0",",,7",,,,,,,,,,,,,,,,,,,,,,,,,,
"USC00281335","CANOE BROOK, NJ US","40.7436","-74.3539","54.9","2025-06-16",,,"    3",",,7","15.2",",,7",,,,,"0.0",",,7,0700","0.0",",,7,0700",,,"17.2",",,7","15.0",",,7",,,,,,,,,,,,,,,,,,,,,,,,,,
"USC00281335","CANOE BROOK, NJ US","40.7436","-74.3539","54.9","2025-06-17",,,,,,,,,"5.6",",,7,0700","0.0",",,7,0700","0.0",",,7,0700",,,"18.9",",,7","16.7",",,7","17.2",",,7,0700",,,,,,,,,,,,,,,,,,,,,,,,
"USC00281335","CANOE BROOK, NJ US","40.7436","-74.3539","54.9","2025-06-18",,,,,,,,,"0.8",",,7,0700","0.0",",,7,0700","0.0",",,7,0700",,,"21.1",",,7","17.2",",,7","19.4",",,7,0700",,,,,,,,,,,,,,,,,,,,,,,,
"USC00281335","CANOE BROOK, NJ US","40.7436","-74.3539","54.9","2025-06-19",,,,,,,,,"0.3",",,7,0700","0.0",",,7,0700","0.0",",,7,0700",,,"30.0",",,7","19.4",",,7","23.3",",,7,0700",,,,,,,,,,,,,,,,,,,,,,,,
"US1NJBG0039","RIVER EDGE 0.4 NNE, NJ US","40.932076","-74.035372","23.2","2025-06-01",,,,,,,,,"0.8",",,N",,,,,,,,,,,,,,,,,,,,,,,,,,,,,,,,,,,,
"US1NJBG0039","RIVER EDGE 0.4 NNE, NJ US","40.932076","-74.035372","23.2","2025-06-02",,,,,,,,,"0.3",",,N",,,,,,,,,,,,,,,,,,,,,,,,,,,,,,,,,,,,
"US1NJBG0039","RIVER EDGE 0.4 NNE, NJ US","40.932076","-74.035372","23.2","2025-06-03",,,,,,,,,"0.0",",,N","0.0",",,N",,,,,,,,,,,,,,,,,,,,,,,,,,,,,,,,,,
"US1NJBG0039","RIVER EDGE 0.4 NNE, NJ US","40.932076","-74.035372","23.2","2025-06-04",,,,,,,,,"0.0",",,N","0.0",",,N",,,,,,,,,,,,,,,,,,,,,,,,,,,,,,,,,,
"US1NJBG0039","RIVER EDGE 0.4 NNE, NJ US","40.932076","-74.035372","23.2","2025-06-05",,,,,,,,,"0.0",",,N","0.0",",,N",,,,,,,,,,,,,,,,,,,,,,,,,,,,,,,,,,
"US1NJBG0039","RIVER EDGE 0.4 NNE, NJ US","40.932076","-74.035372","23.2","2025-06-07",,,,,,,,,"0.0","T,,N",,,,,,,,,,,,,,,,,,,,,,,,,,,,,,,,,,,,
"US1NJBG0039","RIVER EDGE 0.4 NNE, NJ US","40.932076","-74.035372","23.2","2025-06-08",,,,,,,,,"2.0",",,N",,,,,,,,,,,,,,,,,,,,,,,,,,,,,,,,,,,,
"US1NJBG0039","RIVER EDGE 0.4 NNE, NJ US","40.932076","-74.035372","23.2","2025-06-09",,,,,,,,,"0.8",",,N",,,,,,,,,,,,,,,,,,,,,,,,,,,,,,,,,,,,
"US1NJBG0039","RIVER EDGE 0.4 NNE, NJ US","40.932076","-74.035372","23.2","2025-06-10",,,,,,,,,"0.5",",,N",,,,,,,,,,,,,,,,,,,,,,,,,,,,,,,,,,,,
"US1NJBG0039","RIVER EDGE 0.4 NNE, NJ US","40.932076","-74.035372","23.2","2025-06-11",,,,,,,,,"14.5",",,N",,,,,,,,,,,,,,,,,,,,,,,,,,,,,,,,,,,,
"US1NJBG0039","RIVER EDGE 0.4 NNE, NJ US","40.932076","-74.035372","23.2","2025-06-17",,,,,,,,,"3.3",",,N",,,,,,,,,,,,,,,,,,,,,,,,,,,,,,,,,,,,
"US1NJBG0039","RIVER EDGE 0.4 NNE, NJ US","40.932076","-74.035372","23.2","2025-06-18",,,,,,,,,"9.1",",,N",,,,,,,,,,,,,,,,,,,,,,,,,,,,,,,,,,,,
"US1NJBG0039","RIVER EDGE 0.4 NNE, NJ US","40.932076","-74.035372","23.2","2025-06-19",,,,,,,,,"0.3",",,N",,,,,,,,,,,,,,,,,,,,,,,,,,,,,,,,,,,,
"US1NJBG0015","NORTH ARLINGTON 0.7 WNW, NJ US","40.791492","-74.13979","17.7","2025-06-01",,,,,,,,,"0.0",",,N","0.0",",,N",,,,,,,,,,,,,,,,,,,,,,,,,,,,,,,,,,
"US1NJBG0015","NORTH ARLINGTON 0.7 WNW, NJ US","40.791492","-74.13979","17.7","2025-06-02",,,,,,,,,"0.0",",,N","0.0",",,N",,,,,,,,,,,,,,,,,,,,,,,,,,,,,,,,,,
"US1NJBG0015","NORTH ARLINGTON 0.7 WNW, NJ US","40.791492","-74.13979","17.7","2025-06-03",,,,,,,,,"0.0",",,N","0.0",",,N",,,,,,,,,,,,,,,,,,,,,,,,,,,,,,,,,,
"US1NJBG0015","NORTH ARLINGTON 0.7 WNW, NJ US","40.791492","-74.13979","17.7","2025-06-04",,,,,,,,,"0.0",",,N","0.0",",,N",,,,,,,,,,,,,,,,,,,,,,,,,,,,,,,,,,
"US1NJBG0015","NORTH ARLINGTON 0.7 WNW, NJ US","40.791492","-74.13979","17.7","2025-06-05",,,,,,,,,"0.0",",,N","0.0",",,N",,,,,,,,,,,,,,,,,,,,,,,,,,,,,,,,,,
"US1NJBG0015","NORTH ARLINGTON 0.7 WNW, NJ US","40.791492","-74.13979","17.7","2025-06-06",,,,,,,,,"0.0",",,N","0.0",",,N",,,,,,,,,,,,,,,,,,,,,,,,,,,,,,,,,,
"US1NJBG0015","NORTH ARLINGTON 0.7 WNW, NJ US","40.791492","-74.13979","17.7","2025-06-07",,,,,,,,,"0.0",",,N","0.0",",,N",,,,,,,,,,,,,,,,,,,,,,,,,,,,,,,,,,
"US1NJBG0015","NORTH ARLINGTON 0.7 WNW, NJ US","40.791492","-74.13979","17.7","2025-06-08",,,,,,,,,"1.8",",,N",,,,,,,,,,,,,,,,,,,,,,,,,,,,,,,,,,,,
"US1NJBG0015","NORTH ARLINGTON 0.7 WNW, NJ US","40.791492","-74.13979","17.7","2025-06-09",,,,,,,,,"0.8",",,N",,,,,,,,,,,,,,,,,,,,,,,,,,,,,,,,,,,,
"US1NJBG0015","NORTH ARLINGTON 0.7 WNW, NJ US","40.791492","-74.13979","17.7","2025-06-10",,,,,,,,,"2.8",",,N",,,,,,,,,,,,,,,,,,,,,,,,,,,,,,,,,,,,
"US1NJBG0015","NORTH ARLINGTON 0.7 WNW, NJ US","40.791492","-74.13979","17.7","2025-06-11",,,,,,,,,"20.6",",,N",,,,,,,,,,,,,,,,,,,,,,,,,,,,,,,,,,,,
"US1NJBG0015","NORTH ARLINGTON 0.7 WNW, NJ US","40.791492","-74.13979","17.7","2025-06-12",,,,,,,,,"0.0",",,N","0.0",",,N",,,,,,,,,,,,,,,,,,,,,,,,,,,,,,,,,,
"US1NJBG0015","NORTH ARLINGTON 0.7 WNW, NJ US","40.791492","-74.13979","17.7","2025-06-13",,,,,,,,,"0.0",",,N","0.0",",,N",,,,,,,,,,,,,,,,,,,,,,,,,,,,,,,,,,
"US1NJBG0015","NORTH ARLINGTON 0.7 WNW, NJ US","40.791492","-74.13979","17.7","2025-06-14",,,,,,,,,"0.8",",,N",,,,,,,,,,,,,,,,,,,,,,,,,,,,,,,,,,,,
"US1NJBG0015","NORTH ARLINGTON 0.7 WNW, NJ US","40.791492","-74.13979","17.7","2025-06-15",,,,,,,,,"7.1",",,N",,,,,,,,,,,,,,,,,,,,,,,,,,,,,,,,,,,,
"US1NJBG0015","NORTH ARLINGTON 0.7 WNW, NJ US","40.791492","-74.13979","17.7","2025-06-16",,,,,,,,,"2.0",",,N",,,,,,,,,,,,,,,,,,,,,,,,,,,,,,,,,,,,
"US1NJBG0015","NORTH ARLINGTON 0.7 WNW, NJ US","40.791492","-74.13979","17.7","2025-06-17",,,,,,,,,"4.8",",,N",,,,,,,,,,,,,,,,,,,,,,,,,,,,,,,,,,,,
"US1NJBG0015","NORTH ARLINGTON 0.7 WNW, NJ US","40.791492","-74.13979","17.7","2025-06-18",,,,,,,,,"2.3",",,N",,,,,,,,,,,,,,,,,,,,,,,,,,,,,,,,,,,,
"US1NJBG0015","NORTH ARLINGTON 0.7 WNW, NJ US","40.791492","-74.13979","17.7","2025-06-19",,,,,,,,,"0.0","T,,N",,,,,,,,,,,,,,,,,,,,,,,,,,,,,,,,,,,,
"USC00288884","TETERBORO AIRPORT, NJ US","40.85898","-74.05616","1.2","2025-06-01",,,,,,,,,"0.0","T,,H",,,,,,,"20.0",",,H","8.9",",,H","12.2",",,H",,,,,,,,,,,,,,,,,,,,,,,,
"USC00288884","TETERBORO AIRPORT, NJ US","40.85898","-74.05616","1.2","2025-06-02",,,,,,,,,"0.0",",,H",,,,,,,"19.4",",,H","9.4",",,H","15.0",",,H",,,,,,,,,,,,,,,,,,,,,,,,
"USC00288884","TETERBORO AIRPORT, NJ US","40.85898","-74.05616","1.2","2025-06-03",,,,,,,,,"0.0",",,H",,,,,,,"23.3",",,H","11.1",",,H","16.7",",,H",,,,,,,,,,,,,,,,,,,,,,,,
"USC00288884","TETERBORO AIRPORT, NJ US","40.85898","-74.05616","1.2","2025-06-04",,,,,,,,,"0.0",",,H",,,,,,,"27.8",",,H","13.3",",,H","17.8",",I,H",,,,,,,,,,,,,,,,,,,,,,,,
"USC00288884","TETERBORO AIRPORT, NJ US","40.85898","-74.05616","1.2","2025-06-05",,,,,,,,,"0.0",",,H",,,,,,,"31.7",",,H","19.4",",I,H","22.2",",,H",,,,,,,,,,,,,,,,,,,,,,,,
"USC00288884","TETERBORO AIRPORT, NJ US","40.85898","-74.05616","1.2","2025-06-06",,,,,,,,,"0.0","T,,H",,,,,,,"33.9",",,H","21.1",",,H","23.9",",,H",,,,,,,,,,,,,,,,,,,,,,,,
"USC00288884","TETERBORO AIRPORT, NJ US","40.85898","-74.05616","1.2","2025-06-07",,,,,,,,,"0.0","T,,H",,,,,,,"34.4",",,H","20.6",",,H","22.8",",,H",,,,,,,,,,,,,,,,,,,,,,,,
"USC00288884","TETERBORO AIRPORT, NJ US","40.85898","-74.05616","1.2","2025-06-08",,,,,,,,,"2.5",",,H",,,,,,,"27.2",",,H","17.2",",,H","19.4",",,H",,,,,,,,,,,,,,,,,,,,,,,,
"USC00288884","TETERBORO AIRPORT, NJ US","40.85898","-74.05616","1.2","2025-06-09",,,,,,,,,"0.3",",,H",,,,,,,"25.0",",,H","16.7",",,H","16.7",",,H",,,,,,,,,,,,,,,,,,,,,,,,
"USC00288884","TETERBORO AIRPORT, NJ US","40.85898","-74.05616","1.2","2025-06-10",,,,,,,,,"1.0",",,H",,,,,,,"18.3",",,H","16.1",",,H","17.2",",,H",,,,,,,,,,,,,,,,,,,,,,,,
"USC00288884","TETERBORO AIRPORT, NJ US","40.85898","-74.05616","1.2","2025-06-11",,,,,,,,,"28.7",",,H",,,,,,,"26.1",",,H","16.1",",,H","19.4",",,H",,,,,,,,,,,,,,,,,,,,,,,,
"USC00288884","TETERBORO AIRPORT, NJ US","40.85898","-74.05616","1.2","2025-06-12",,,,,,,,,"0.0",",,H",,,,,,,"30.6",",,H","18.3",",,H","22.8",",,H",,,,,,,,,,,,,,,,,,,,,,,,
"USC00288884","TETERBORO AIRPORT, NJ US","40.85898","-74.05616","1.2","2025-06-13",,,,,,,,,"0.0",",,H",,,,,,,"32.2",",,H","20.6",",,H","21.1",",,H",,,,,,,,,,,,,,,,,,,,,,,,
"USC00288884","TETERBORO AIRPORT, NJ US","40.85898","-74.05616","1.2","2025-06-14",,,,,,,,,"0.0","T,,H",,,,,,,"27.2",",,H","17.2",",,H","17.2",",,H",,,,,,,,,,,,,,,,,,,,,,,,
"USC00288884","TETERBORO AIRPORT, NJ US","40.85898","-74.05616","1.2","2025-06-15",,,,,,,,,"3.8",",,H",,,,,,,"17.8",",,H","14.4",",,H","15.0",",,H",,,,,,,,,,,,,,,,,,,,,,,,
"USC00288884","TETERBORO AIRPORT, NJ US","40.85898","-74.05616","1.2","2025-06-16",,,,,,,,,"0.5",",,H",,,,,,,"18.3",",,H","15.0",",,H","16.7",",,H",,,,,,,,,,,,,,,,,,,,,,,,
"USC00288884","TETERBORO AIRPORT, NJ US","40.85898","-74.05616","1.2","2025-06-17",,,,,,,,,"4.3",",,H",,,,,,,"20.6",",,H","16.7",",,H","17.2",",,H",,,,,,,,,,,,,,,,,,,,,,,,
"USC00288884","TETERBORO AIRPORT, NJ US","40.85898","-74.05616","1.2","2025-06-18",,,,,,,,,"2.5",",,H",,,,,,,"23.3",",,H","17.2",",,H","20.0",",,H",,,,,,,,,,,,,,,,,,,,,,,,
"USC00288884","TETERBORO AIRPORT, NJ US","40.85898","-74.05616","1.2","2025-06-19",,,,,,,,,"0.0","T,,H",,,,,,,"30.0",",,H","20.0",",,H","24.4",",,H",,,,,,,,,,,,,,,,,,,,,,,,
"US1NJBG0056","FAIR LAWN 1.2 SE, NJ US","40.9217","-74.1044","19.5","2025-06-02",,,,,,,,,"0.0",",,N","0.0",",,N",,,,,,,,,,,,,,,,,,,,,,,,,,,,,,,,,,
"US1NJBG0056","FAIR LAWN 1.2 SE, NJ US","40.9217","-74.1044","19.5","2025-06-03",,,,,,,,,"0.0",",,N","0.0",",,N",,,,,,,,,,,,,,,,,,,,,,,,,,,,,,,,,,
"US1NJBG0056","FAIR LAWN 1.2 SE, NJ US","40.9217","-74.1044","19.5","2025-06-04",,,,,,,,,"0.0",",,N","0.0",",,N",,,,,,,,,,,,,,,,,,,,,,,,,,,,,,,,,,
"US1NJBG0056","FAIR LAWN 1.2 SE, NJ US","40.9217","-74.1044","19.5","2025-06-05",,,,,,,,,"0.0",",,N","0.0",",,N",,,,,,,,,,,,,,,,,,,,,,,,,,,,,,,,,,
"US1NJBG0056","FAIR LAWN 1.2 SE, NJ US","40.9217","-74.1044","19.5","2025-06-06",,,,,,,,,"0.0",",,N","0.0",",,N",,,,,,,,,,,,,,,,,,,,,,,,,,,,,,,,,,
"US1NJBG0056","FAIR LAWN 1.2 SE, NJ US","40.9217","-74.1044","19.5","2025-06-07",,,,,,,,,"0.0","T,,N",,,,,,,,,,,,,,,,,,,,,,,,,,,,,,,,,,,,
"US1NJBG0056","FAIR LAWN 1.2 SE, NJ US","40.9217","-74.1044","19.5","2025-06-08",,,,,,,,,"3.3",",,N",,,,,,,,,,,,,,,,,,,,,,,,,,,,,,,,,,,,
"US1NJBG0056","FAIR LAWN 1.2 SE, NJ US","40.9217","-74.1044","19.5","2025-06-09",,,,,,,,,"1.3",",,N",,,,,,,,,,,,,,,,,,,,,,,,,,,,,,,,,,,,
"US1NJBG0056","FAIR LAWN 1.2 SE, NJ US","40.9217","-74.1044","19.5","2025-06-10",,,,,,,,,"3.8",",,N",,,,,,,,,,,,,,,,,,,,,,,,,,,,,,,,,,,,
"US1NJBG0056","FAIR LAWN 1.2 SE, NJ US","40.9217","-74.1044","19.5","2025-06-11",,,,,,,,,"20.3",",,N",,,,,,,,,,,,,,,,,,,,,,,,,,,,,,,,,,,,
"US1NJBG0056","FAIR LAWN 1.2 SE, NJ US","40.9217","-74.1044","19.5","2025-06-12",,,,,,,,,"0.0",",,N","0.0",",,N",,,,,,,,,,,,,,,,,,,,,,,,,,,,,,,,,,
"US1NJBG0056","FAIR LAWN 1.2 SE, NJ US","40.9217","-74.1044","19.5","2025-06-13",,,,,,,,,"0.0",",,N","0.0",",,N",,,,,,,,,,,,,,,,,,,,,,,,,,,,,,,,,,
"US1NJBG0056","FAIR LAWN 1.2 SE, NJ US","40.9217","-74.1044","19.5","2025-06-17",,,,,,,,,"5.1",",,N",,,,,,,,,,,,,,,,,,,,,,,,,,,,,,,,,,,,
"US1NJBG0056","FAIR LAWN 1.2 SE, NJ US","40.9217","-74.1044","19.5","2025-06-18",,,,,,,,,"4.8",",,N",,,,,,,,,,,,,,,,,,,,,,,,,,,,,,,,,,,,
"US1NJBG0056","FAIR LAWN 1.2 SE, NJ US","40.9217","-74.1044","19.5","2025-06-19",,,,,,,,,"0.0","T,,N",,,,,,,,,,,,,,,,,,,,,,,,,,,,,,,,,,,,
"US1NJBG0070","FAIR LAWN 0.9 E, NJ US","40.937986836938","-74.1005487184164","19.2","2025-06-01",,,,,,,,,"0.5",",,N",,,,,,,,,,,,,,,,,,,,,,,,,,,,,,,,,,,,
"US1NJBG0070","FAIR LAWN 0.9 E, NJ US","40.937986836938","-74.1005487184164","19.2","2025-06-02",,,,,,,,,"0.0",",,N","0.0",",,N",,,,,,,,,,,,,,,,,,,,,,,,,,,,,,,,,,
"US1NJBG0070","FAIR LAWN 0.9 E, NJ US","40.937986836938","-74.1005487184164","19.2","2025-06-03",,,,,,,,,"0.0",",,N","0.0",",,N",,,,,,,,,,,,,,,,,,,,,,,,,,,,,,,,,,
"US1NJBG0070","FAIR LAWN 0.9 E, NJ US","40.937986836938","-74.1005487184164","19.2","2025-06-04",,,,,,,,,"0.0",",,N","0.0",",,N",,,,,,,,,,,,,,,,,,,,,,,,,,,,,,,,,,
"US1NJBG0070","FAIR LAWN 0.9 E, NJ US","40.937986836938","-74.1005487184164","19.2","2025-06-05",,,,,,,,,"0.0",",,N","0.0",",,N",,,,,,,,,,,,,,,,,,,,,,,,,,,,,,,,,,
"US1NJBG0070","FAIR LAWN 0.9 E, NJ US","40.937986836938","-74.1005487184164","19.2","2025-06-06",,,,,,,,,"0.0",",,N","0.0",",,N",,,,,,,,,,,,,,,,,,,,,,,,,,,,,,,,,,
"US1NJBG0070","FAIR LAWN 0.9 E, NJ US","40.937986836938","-74.1005487184164","19.2","2025-06-07",,,,,,,,,"0.5",",,N",,,,,,,,,,,,,,,,,,,,,,,,,,,,,,,,,,,,
"US1NJBG0070","FAIR LAWN 0.9 E, NJ US","40.937986836938","-74.1005487184164","19.2","2025-06-09",,,,,,,,,"1.3",",,N",,,,,,,,,,,,,,,,,,,,,,,,,,,,,,,,,,,,
"US1NJBG0070","FAIR LAWN 0.9 E, NJ US","40.937986836938","-74.1005487184164","19.2","2025-06-10",,,,,,,,,"5.6",",,N",,,,,,,,,,,,,,,,,,,,,,,,,,,,,,,,,,,,
"US1NJBG0070","FAIR LAWN 0.9 E, NJ US","40.937986836938","-74.1005487184164","19.2","2025-06-11",,,,,,,,,"26.4",",,N",,,,,,,,,,,,,,,,,,,,,,,,,,,,,,,,,,,,
"US1NJBG0070","FAIR LAWN 0.9 E, NJ US","40.937986836938","-74.1005487184164","19.2","2025-06-12",,,,,,,,,"0.0","T,,N",,,,,,,,,,,,,,,,,,,,,,,,,,,,,,,,,,,,
"US1NJBG0070","FAIR LAWN 0.9 E, NJ US","40.937986836938","-74.1005487184164","19.2","2025-06-13",,,,,,,,,"0.0",",,N","0.0",",,N",,,,,,,,,,,,,,,,,,,,,,,,,,,,,,,,,,
"US1NJBG0070","FAIR LAWN 0.9 E, NJ US","40.937986836938","-74.1005487184164","19.2","2025-06-14",,,,,,,,,"1.3",",,N",,,,,,,,,,,,,,,,,,,,,,,,,,,,,,,,,,,,
"US1NJBG0070","FAIR LAWN 0.9 E, NJ US","40.937986836938","-74.1005487184164","19.2","2025-06-15",,,,,,,,,"3.6",",,N",,,,,,,,,,,,,,,,,,,,,,,,,,,,,,,,,,,,
"US1NJBG0070","FAIR LAWN 0.9 E, NJ US","40.937986836938","-74.1005487184164","19.2","2025-06-16",,,,,,,,,"0.3",",,N",,,,,,,,,,,,,,,,,,,,,,,,,,,,,,,,,,,,
"US1NJBG0070","FAIR LAWN 0.9 E, NJ US","40.937986836938","-74.1005487184164","19.2","2025-06-17",,,,,,,,,"4.3",",,N",,,,,,,,,,,,,,,,,,,,,,,,,,,,,,,,,,,,
"US1NJBG0070","FAIR LAWN 0.9 E, NJ US","40.937986836938","-74.1005487184164","19.2","2025-06-18",,,,,,,,,"4.1",",,N",,,,,,,,,,,,,,,,,,,,,,,,,,,,,,,,,,,,
"US1NJBG0070","FAIR LAWN 0.9 E, NJ US","40.937986836938","-74.1005487184164","19.2","2025-06-19",,,,,,,,,"0.0","T,,N",,,,,,,,,,,,,,,,,,,,,,,,,,,,,,,,,,,,
"US1NJMD0050","WOODBRIDGE TWP 3.0 NNW, NJ US","40.6023256","-74.3102058","21.9","2025-06-07",,,,,,,,,"12.4",",,N",,,,,,,,,,,,,,,,,,,,,,,,,,,,,,,,,,,,
"US1NJMD0050","WOODBRIDGE TWP 3.0 NNW, NJ US","40.6023256","-74.3102058","21.9","2025-06-09",,,,,,,,,"1.8",",,N",,,,,,,,,,,,,,,,,,,,,,,,,,,,,,,,,,,,
"US1NJMD0050","WOODBRIDGE TWP 3.0 NNW, NJ US","40.6023256","-74.3102058","21.9","2025-06-10",,,,,,,,,"7.9",",,N",,,,,,,,,,,,,,,,,,,,,,,,,,,,,,,,,,,,
"US1NJMD0050","WOODBRIDGE TWP 3.0 NNW, NJ US","40.6023256","-74.3102058","21.9","2025-06-14",,,,,,,,,"14.0",",,N",,,,,,,,,,,,,,,,,,,,,,,,,,,,,,,,,,,,
"US1NJMD0050","WOODBRIDGE TWP 3.0 NNW, NJ US","40.6023256","-74.3102058","21.9","2025-06-15",,,,,,,,,"6.1",",,N",,,,,,,,,,,,,,,,,,,,,,,,,,,,,,,,,,,,
"US1NJES0031","MONTCLAIR 0.7 N, NJ US","40.835343","-74.208967","96.0","2025-06-01",,,,,,,,,"0.5",",,N",,,,,,,,,,,,,,,,,,,,,,,,,,,,,,,,,,,,
"US1NJES0031","MONTCLAIR 0.7 N, NJ US","40.835343","-74.208967","96.0","2025-06-02",,,,,,,,,"0.0",",,N","0.0",",,N",,,,,,,,,,,,,,,,,,,,,,,,,,,,,,,,,,
"US1NJES0031","MONTCLAIR 0.7 N, NJ US","40.835343","-74.208967","96.0","2025-06-03",,,,,,,,,"0.0",",,N","0.0",",,N",,,,,,,,,,,,,,,,,,,,,,,,,,,,,,,,,,
"US1NJES0031","MONTCLAIR 0.7 N, NJ US","40.835343","-74.208967","96.0","2025-06-04",,,,,,,,,"0.0",",,N","0.0",",,N",,,,,,,,,,,,,,,,,,,,,,,,,,,,,,,,,,
"US1NJES0031","MONTCLAIR 0.7 N, NJ US","40.835343","-74.208967","96.0","2025-06-10",,,"    6",",,N","8.4",",,N",,,,,,,,,,,,,,,,,,,,,,,,,,,,,,,,,,,,,,,,
"US1NJES0031","MONTCLAIR 0.7 N, NJ US","40.835343","-74.208967","96.0","2025-06-11",,,,,,,,,"22.4",",,N",,,,,,,,,,,,,,,,,,,,,,,,,,,,,,,,,,,,
"US1NJES0031","MONTCLAIR 0.7 N, NJ US","40.835343","-74.208967","96.0","2025-06-12",,,,,,,,,"0.0",",,N","0.0",",,N",,,,,,,,,,,,,,,,,,,,,,,,,,,,,,,,,,
"US1NJES0031","MONTCLAIR 0.7 N, NJ US","40.835343","-74.208967","96.0","2025-06-13",,,,,,,,,"0.0",",,N","0.0",",,N",,,,,,,,,,,,,,,,,,,,,,,,,,,,,,,,,,
"US1NJES0031","MONTCLAIR 0.7 N, NJ US","40.835343","-74.208967","96.0","2025-06-14",,,,,,,,,"0.0","T,,N",,,,,,,,,,,,,,,,,,,,,,,,,,,,,,,,,,,,
"US1NJES0031","MONTCLAIR 0.7 N, NJ US","40.835343","-74.208967","96.0","2025-06-15",,,,,,,,,"6.9",",,N",,,,,,,,,,,,,,,,,,,,,,,,,,,,,,,,,,,,
"US1NJES0031","MONTCLAIR 0.7 N, NJ US","40.835343","-74.208967","96.0","2025-06-16",,,,,,,,,"0.8",",,N",,,,,,,,,,,,,,,,,,,,,,,,,,,,,,,,,,,,
"US1NJES0031","MONTCLAIR 0.7 N, NJ US","40.835343","-74.208967","96.0","2025-06-17",,,,,,,,,"7.1",",,N",,,,,,,,,,,,,,,,,,,,,,,,,,,,,,,,,,,,
"US1NJES0031","MONTCLAIR 0.7 N, NJ US","40.835343","-74.208967","96.0","2025-06-18",,,,,,,,,"3.0",",,N",,,,,,,,,,,,,,,,,,,,,,,,,,,,,,,,,,,,
"US1NJHD0023","JERSEY CITY 1.6 NNE, NJ US","40.73255","-74.05098","30.2","2025-06-01",,,,,,,,,"0.0",",,N","0.0",",,N","0.0",",,N",,,,,,,,,,,,,"0.0",",,N","0.0",",,N",,,,,,,,,,,,,,,,
"US1NJHD0023","JERSEY CITY 1.6 NNE, NJ US","40.73255","-74.05098","30.2","2025-06-02",,,,,,,,,"0.0",",,N","0.0",",,N","0.0",",,N",,,,,,,,,,,,,"0.0",",,N","0.0",",,N",,,,,,,,,,,,,,,,
"US1NJHD0023","JERSEY CITY 1.6 NNE, NJ US","40.73255","-74.05098","30.2","2025-06-03",,,,,,,,,"0.0",",,N","0.0",",,N","0.0",",,N",,,,,,,,,,,,,"0.0",",,N","0.0",",,N",,,,,,,,,,,,,,,,
"US1NJHD0023","JERSEY CITY 1.6 NNE, NJ US","40.73255","-74.05098","30.2","2025-06-04",,,,,,,,,"0.0",",,N","0.0",",,N","0.0",",,N",,,,,,,,,,,,,"0.0",",,N","0.0",",,N",,,,,,,,,,,,,,,,
"US1NJHD0023","JERSEY CITY 1.6 NNE, NJ US","40.73255","-74.05098","30.2","2025-06-05",,,,,,,,,"0.0",",,N","0.0",",,N","0.0",",,N",,,,,,,,,,,,,"0.0",",,N","0.0",",,N",,,,,,,,,,,,,,,,
"US1NJHD0023","JERSEY CITY 1.6 NNE, NJ US","40.73255","-74.05098","30.2","2025-06-06",,,,,,,,,"0.0",",,N","0.0",",,N","0.0",",,N",,,,,,,,,,,,,"0.0",",,N","0.0",",,N",,,,,,,,,,,,,,,,
"US1NJHD0023","JERSEY CITY 1.6 NNE, NJ US","40.73255","-74.05098","30.2","2025-06-08",,,"    2",",,N","16.8",",,N",,,,,,,,,,,,,,,,,,,,,,,,,,,,,,,,,,,,,,,,
"US1NJHD0023","JERSEY CITY 1.6 NNE, NJ US","40.73255","-74.05098","30.2","2025-06-11",,,"    3",",,N","7.4",",,N",,,,,,,,,,,,,,,,,,,,,,,,,,,,,,,,,,,,,,,,
"US1NJHD0023","JERSEY CITY 1.6 NNE, NJ US","40.73255","-74.05098","30.2","2025-06-12",,,,,,,,,"0.0",",,N","0.0",",,N","0.0",",,N",,,,,,,,,,,,,"0.0",",,N","0.0",",,N",,,,,,,,,,,,,,,,
"US1NJHD0023","JERSEY CITY 1.6 NNE, NJ US","40.73255","-74.05098","30.2","2025-06-13",,,,,,,,,"0.0",",,N","0.0",",,N","0.0",",,N",,,,,,,,,,,,,"0.0",",,N","0.0",",,N",,,,,,,,,,,,,,,,
"US1NJHD0023","JERSEY CITY 1.6 NNE, NJ US","40.73255","-74.05098","30.2","2025-06-16",,,"    3",",,N","10.2",",,N",,,,,,,,,,,,,,,,,,,,,,,,,,,,,,,,,,,,,,,,
"US1NJHD0023","JERSEY CITY 1.6 NNE, NJ US","40.73255","-74.05098","30.2","2025-06-18",,,"    2",",,N","5.1",",,N",,,,,,,,,,,,,,,,,,,,,,,,,,,,,,,,,,,,,,,,
"US1NJHD0023","JERSEY CITY 1.6 NNE, NJ US","40.73255","-74.05098","30.2","2025-06-19",,,,,,,,,"0.0","T,,N","0.0",",,N","0.0",",,N",,,,,,,,,,,,,"0.0",",,N","0.0",",,N",,,,,,,,,,,,,,,,
"US1NYKN0059","BROOKLYN 2.4 WSW, NY US","40.65968","-73.982799","51.8","2025-06-01",,,,,,,,,"0.0",",,N","0.0",",,N",,,,,,,,,,,,,,,,,,,,,,,,,,,,,,,,,,
"US1NYKN0059","BROOKLYN 2.4 WSW, NY US","40.65968","-73.982799","51.8","2025-06-02",,,,,,,,,"0.0",",,N","0.0",",,N",,,,,,,,,,,,,,,,,,,,,,,,,,,,,,,,,,
"US1NYKN0059","BROOKLYN 2.4 WSW, NY US","40.65968","-73.982799","51.8","2025-06-06",,,"    4",",,N","0.0",",,N",,,,,,,,,,,,,,,,,,,,,,,,,,,,,,,,,,,,,,,,
"US1NYKN0059","BROOKLYN 2.4 WSW, NY US","40.65968","-73.982799","51.8","2025-06-07",,,,,,,,,"0.0",",,N","0.0",",,N",,,,,,,,,,,,,,,,,,,,,,,,,,,,,,,,,,
"US1NYKN0059","BROOKLYN 2.4 WSW, NY US","40.65968","-73.982799","51.8","2025-06-08",,,,,,,,,"11.9",",,N",,,,,,,,,,,,,,,,,,,,,,,,,,,,,,,,,,,,
"US1NYKN0059","BROOKLYN 2.4 WSW, NY US","40.65968","-73.982799","51.8","2025-06-09",,,,,,,,,"0.3",",,N",,,,,,,,,,,,,,,,,,,,,,,,,,,,,,,,,,,,
"US1NYKN0059","BROOKLYN 2.4 WSW, NY US","40.65968","-73.982799","51.8","2025-06-10",,,,,,,,,"1.5",",,N",,,,,,,,,,,,,,,,,,,,,,,,,,,,,,,,,,,,
"US1NYKN0059","BROOKLYN 2.4 WSW, NY US","40.65968","-73.982799","51.8","2025-06-11",,,,,,,,,"5.6",",,N",,,,,,,,,,,,,,,,,,,,,,,,,,,,,,,,,,,,
"US1NYKN0059","BROOKLYN 2.4 WSW, NY US","40.65968","-73.982799","51.8","2025-06-12",,,,,,,,,"0.0",",,N","0.0",",,N",,,,,,,,,,,,,,,,,,,,,,,,,,,,,,,,,,
"US1NYKN0059","BROOKLYN 2.4 WSW, NY US","40.65968","-73.982799","51.8","2025-06-13",,,,,,,,,"0.0",",,N","0.0",",,N",,,,,,,,,,,,,,,,,,,,,,,,,,,,,,,,,,
"US1NYKN0059","BROOKLYN 2.4 WSW, NY US","40.65968","-73.982799","51.8","2025-06-14",,,,,,,,,"10.4",",,N",,,,,,,,,,,,,,,,,,,,,,,,,,,,,,,,,,,,
"US1NYKN0059","BROOKLYN 2.4 WSW, NY US","40.65968","-73.982799","51.8","2025-06-15",,,,,,,,,"7.6",",,N",,,,,,,,,,,,,,,,,,,,,,,,,,,,,,,,,,,,
"US1NYKN0059","BROOKLYN 2.4 WSW, NY US","40.65968","-73.982799","51.8","2025-06-16",,,,,,,,,"2.5",",,N",,,,,,,,,,,,,,,,,,,,,,,,,,,,,,,,,,,,
"US1NYKN0059","BROOKLYN 2.4 WSW, NY US","40.65968","-73.982799","51.8","2025-06-17",,,,,,,,,"2.5",",,N",,,,,,,,,,,,,,,,,,,,,,,,,,,,,,,,,,,,
"US1NYKN0059","BROOKLYN 2.4 WSW, NY US","40.65968","-73.982799","51.8","2025-06-18",,,,,,,,,"0.5",",,N",,,,,,,,,,,,,,,,,,,,,,,,,,,,,,,,,,,,
"US1NYKN0059","BROOKLYN 2.4 WSW, NY US","40.65968","-73.982799","51.8","2025-06-19",,,,,,,,,"0.0","T,,N",,,,,,,,,,,,,,,,,,,,,,,,,,,,,,,,,,,,
