"STATION","NAME","LATITUDE","LONGITUDE","ELEVATION","DATE","AWND","AWND_ATTRIBUTES","DAPR","DAPR_ATTRIBUTES","MDPR","MDPR_ATTRIBUTES","PRCP","PRCP_ATTRIBUTES","SNOW","SNOW_ATTRIBUTES","SNWD","SNWD_ATTRIBUTES","TAVG","TAVG_ATTRIBUTES","TMAX","TMAX_ATTRIBUTES","TMIN","TMIN_ATTRIBUTES","TOBS","TOBS_ATTRIBUTES","WDF2","WDF2_ATTRIBUTES","WDF5","WDF5_ATTRIBUTES","WESD","WESD_ATTRIBUTES","WESF","WESF_ATTRIBUTES","WSF2","WSF2_ATTRIBUTES","WSF5","WSF5_ATTRIBUTES"
"US1TNDV0196","NASHVILLE 2.7 ENE, TN US","36.1753","-86.7369","150.9","2026-04-01",,,,,,,"0.0",",,N","0.0",",,N",,,,,,,,,,,,,,,,,,,,,,
"US1TNDV0196","NASHVILLE 2.7 ENE, TN US","36.1753","-86.7369","150.9","2026-04-02",,,,,,,"0.0",",,N","0.0",",,N",,,,,,,,,,,,,,,,,,,,,,
"US1TNDV0196","NASHVILLE 2.7 ENE, TN US","36.1753","-86.7369","150.9","2026-04-03",,,,,,,"0.0",",,N","0.0",",,N",,,,,,,,,,,,,,,,,,,,,,
"US1TNDV0196","NASHVILLE 2.7 ENE, TN US","36.1753","-86.7369","150.9","2026-04-04",,,,,,,"0.0",",,N","0.0",",,N",,,,,,,,,,,,,,,,,,,,,,
"US1TNDV0196","NASHVILLE 2.7 ENE, TN US","36.1753","-86.7369","150.9","2026-04-05",,,,,,,"19.1",",,N",,,,,,,,,,,,,,,,,,,,,,,,
"US1TNDV0196","NASHVILLE 2.7 ENE, TN US","36.1753","-86.7369","150.9","2026-04-06",,,,,,,"0.0",",,N","0.0",",,N",,,,,,,,,,,,,,,,,,,,,,
"US1TNDV0196","NASHVILLE 2.7 ENE, TN US","36.1753","-86.7369","150.9","2026-04-07",,,,,,,"0.0",",,N","0.0",",,N",,,,,,,,,,,,,,,,,,,,,,
"US1TNDV0196","NASHVILLE 2.7 ENE, TN US","36.1753","-86.7369","150.9","2026-04-08",,,,,,,"0.0",",,N","0.0",",,N",,,,,,,,,,,,,,,,,,,,,,
"US1TNDV0196","NASHVILLE 2.7 ENE, TN US","36.1753","-86.7369","150.9","2026-04-09",,,,,,,"0.0",",,N","0.0",",,N",,,,,,,,,,,,,,,,,,,,,,
"US1TNDV0196","NASHVILLE 2.7 ENE, TN US","36.1753","-86.7369","150.9","2026-04-10",,,,,,,"0.0",",,N","0.0",",,N",,,,,,,,,,,,,,,,,,,,,,
"US1TNDV0196","NASHVILLE 2.7 ENE, TN US","36.1753","-86.7369","150.9","2026-04-11",,,,,,,"0.0",",,N","0.0",",,N",,,,,,,,,,,,,,,,,,,,,,
"US1TNDV0196","NASHVILLE 2.7 ENE, TN US","36.1753","-86.7369","150.9","2026-04-12",,,,,,,"0.0",",,N","0.0",",,N",,,,,,,,,,,,,,,,,,,,,,
"US1TNDV0196","NASHVILLE 2.7 ENE, TN US","36.1753","-86.7369","150.9","2026-04-13",,,,,,,"0.5",",,N",,,,,,,,,,,,,,,,,,,,,,,,
"US1TNDV0196","NASHVILLE 2.7 ENE, TN US","36.1753","-86.7369","150.9","2026-04-14",,,,,,,"1.0",",,N","0.0",",,N",,,,,,,,,,,,,,,,,,,,,,
"US1TNDV0196","NASHVILLE 2.7 ENE, TN US","36.1753","-86.7369","150.9","2026-04-15",,,,,,,"0.0",",,N","0.0",",,N",,,,,,,,,,,,,,,,,,,,,,
"US1TNDV0196","NASHVILLE 2.7 ENE, TN US","36.1753","-86.7369","150.9","2026-04-16",,,,,,,"0.0",",,N","0.0",",,N",,,,,,,,,,,,,,,,,,,,,,
"US1TNDV0196","NASHVILLE 2.7 ENE, TN US","36.1753","-86.7369","150.9","2026-04-17",,,,,,,"11.4",",,N",,,,,,,,,,,,,,,,,,,,,,,,
"US1TNDV0196","NASHVILLE 2.7 ENE, TN US","36.1753","-86.7369","150.9","2026-04-18",,,,,,,"0.0",",,N","0.0",",,N",,,,,,,,,,,,,,,,,,,,,,
"US1TNDV0196","NASHVILLE 2.7 ENE, TN US","36.1753","-86.7369","150.9","2026-04-19",,,,,,,"0.0",",,N","0.0",",,N",,,,,,,,,,,,,,,,,,,,,,
"US1TNDV0196","NASHVILLE 2.7 ENE, TN US","36.1753","-86.7369","150.9","2026-04-20",,,,,,,"0.0",",,N","0.0",",,N",,,,,,,,,,,,,,,,,,,,,,
"US1TNDV0196","NASHVILLE 2.7 ENE, TN US","36.1753","-86.7369","150.9","2026-04-21",,,,,,,"0.0",",,N","0.0",",,N",,,,,,,,,,,,,,,,,,,,,,
"US1TNDV0196","NASHVILLE 2.7 ENE, TN US","36.1753","-86.7369","150.9","2026-04-22",,,,,,,"0.0",",,N","0.0",",,N",,,,,,,,,,,,,,,,,,,,,,
"US1TNDV0196","NASHVILLE 2.7 ENE, TN US","36.1753","-86.7369","150.9","2026-04-23",,,,,,,"0.0",",,N","0.0",",,N",,,,,,,,,,,,,,,,,,,,,,
"US1TNDV0196","NASHVILLE 2.7 ENE, TN US","36.1753","-86.7369","150.9","2026-04-24",,,,,,,"0.0",",,N","0.0",",,N",,,,,,,,,,,,,,,,,,,,,,
"US1TNDV0196","NASHVILLE 2.7 ENE, TN US","36.1753","-86.7369","150.9","2026-04-25",,,,,,,"0.0",",,N","0.0",",,N",,,,,,,,,,,,,,,,,,,,,,
"US1TNDV0196","NASHVILLE 2.7 ENE, TN US","36.1753","-86.7369","150.9","2026-04-26",,,,,,,"0.0",",,N","0.0",",,N",,,,,,,,,,,,,,,,,,,,,,
"US1TNDV0196","NASHVILLE 2.7 ENE, TN US","36.1753","-86.7369","150.9","2026-04-27",,,,,,,"0.0",",,N","0.0",",,N",,,,,,,,,,,,,,,,,,,,,,
"US1TNDV0196","NASHVILLE 2.7 ENE, TN US","36.1753","-86.7369","150.9","2026-04-28",,,,,,,"33.0",",,N",,,,,,,,,,,,,,,,,,,,,,,,
"US1TNDV0196","NASHVILLE 2.7 ENE, TN US","36.1753","-86.7369","150.9","2026-04-29",,,,,,,"13.5",",,N",,,,,,,,,,,,,,,,,,,,,,,,
"US1TNDV0196","NASHVILLE 2.7 ENE, TN US","36.1753","-86.7369","150.9","2026-04-30",,,,,,,"0.0",",,N","0.0",",,N",,,,,,,,,,,,,,,,,,,,,,
"USC00401663","CHEATHAM LOCK AND DAM, TN US","36.3211","-87.2218","119.5","2026-04-01",,,,,,,"0.0",",,H,0600",,,,,,,"26.7",",,H","20.6",",,H","21.1",",,H,0600",,,,,,,,,,,,
"USC00401663","CHEATHAM LOCK AND DAM, TN US","36.3211","-87.2218","119.5","2026-04-02",,,,,,,"0.0",",,H,0600",,,,,,,"28.3",",,H","20.0",",,H","20.6",",,H,0600",,,,,,,,,,,,
"USC00401663","CHEATHAM LOCK AND DAM, TN US","36.3211","-87.2218","119.5","2026-04-03",,,,,,,"0.0",",,H,0600",,,,,,,"27.8",",,H","18.9",",,H","19.4",",,H,0600",,,,,,,,,,,,
"USC00401663","CHEATHAM LOCK AND DAM, TN US","36.3211","-87.2218","119.5","2026-04-05",,,,,,,"0.0",",,H,0600",,,,,,,"11.7",",,H","10.0",",,H","11.1",",,H,0600",,,,,,,,,,,,
"USC00401663","CHEATHAM LOCK AND DAM, TN US","36.3211","-87.2218","119.5","2026-04-06",,,,,,,"0.0",",,H,0600","0.0",",,H","0.0",",,H",,,"19.4",",,H","3.9",",,H","3.9",",,H,0600",,,,,,,,,,,,
"USC00401663","CHEATHAM LOCK AND DAM, TN US","36.3211","-87.2218","119.5","2026-04-07",,,,,,,"0.0",",,H,0600","0.0",",,H","0.0",",,H",,,"21.1",",,H","3.9",",,H","5.0",",,H,0600",,,,,,,,,,,,
"USC00401663","CHEATHAM LOCK AND DAM, TN US","36.3211","-87.2218","119.5","2026-04-08",,,,,,,"0.0",",,H,0600","0.0",",,H","0.0",",,H",,,"19.4",",,H","5.0",",,H","6.1",",,H,0600",,,,,,,,,,,,
"USC00401663","CHEATHAM LOCK AND DAM, TN US","36.3211","-87.2218","119.5","2026-04-09",,,,,,,"0.0",",,H,0600",,,,,,,"21.1",",,H","6.1",",,H","20.0",",,H,0600",,,,,,,,,,,,
"USC00401663","CHEATHAM LOCK AND DAM, TN US","36.3211","-87.2218","119.5","2026-04-10",,,,,,,"0.0",",,H,0600",,,,,,,"26.7",",,H","8.9",",,H","8.9",",,H,0600",,,,,,,,,,,,
"USC00401663","CHEATHAM LOCK AND DAM, TN US","36.3211","-87.2218","119.5","2026-04-13",,,,,,,"0.0",",,H,0600",,,,,,,"28.9",",,H","20.0",",,H","20.6",",,H,0600",,,,,,,,,,,,
"USC00401663","CHEATHAM LOCK AND DAM, TN US","36.3211","-87.2218","119.5","2026-04-14",,,,,,,"0.0",",,H,0600",,,,,,,"25.0",",,H","18.9",",,H","19.4",",,H,0600",,,,,,,,,,,,
"USC00401663","CHEATHAM LOCK AND DAM, TN US","36.3211","-87.2218","119.5","2026-04-15",,,,,,,"0.0",",,H,0600","0.0",",,H","0.0",",,H",,,"28.9",",,H","17.2",",,H","17.2",",,H,0600",,,,,,,,,,,,
"USC00401663","CHEATHAM LOCK AND DAM, TN US","36.3211","-87.2218","119.5","2026-04-16",,,,,,,"0.0",",,H,0600","0.0",",,H","0.0",",,H",,,"30.6",",,H","15.0",",,H","20.0",",,H,0600",,,,,,,,,,,,
"USC00401663","CHEATHAM LOCK AND DAM, TN US","36.3211","-87.2218","119.5","2026-04-17",,,,,,,"10.2",",,H,0600","0.0",",,H","0.0",",,H",,,"27.8",",,H","13.9",",,H","13.9",",,H,0600",,,,,,,,,,,,
"USC00401663","CHEATHAM LOCK AND DAM, TN US","36.3211","-87.2218","119.5","2026-04-18",,,,,,,"0.0",",,H,0600",,,,,,,"27.8",",,H","13.9",",,H","19.4",",,H,0600",,,,,,,,,,,,
"USC00401663","CHEATHAM LOCK AND DAM, TN US","36.3211","-87.2218","119.5","2026-04-19",,,,,,,"2.0",",,H,0600",,,,,,,"22.2",",,H","5.0",",,H","5.6",",,H,0600",,,,,,,,,,,,
"USC00401663","CHEATHAM LOCK AND DAM, TN US","36.3211","-87.2218","119.5","2026-04-20",,,,,,,"0.0",",,H,0600",,,,,,,"21.7",",,H","5.0",",,H","6.7",",,H,0600",,,,,,,,,,,,
"USC00401663","CHEATHAM LOCK AND DAM, TN US","36.3211","-87.2218","119.5","2026-04-21",,,,,,,"0.0",",,H,0600","0.0",",,H","0.0",",,H",,,"22.2",",,H","6.7",",,H","8.3",",,H,0600",,,,,,,,,,,,
"USC00401663","CHEATHAM LOCK AND DAM, TN US","36.3211","-87.2218","119.5","2026-04-22",,,,,,,"0.0",",,H,0600",,,,,,,"26.7",",,H","8.3",",,H","8.3",",,H,0600",,,,,,,,,,,,
"USC00401663","CHEATHAM LOCK AND DAM, TN US","36.3211","-87.2218","119.5","2026-04-23",,,,,,,"0.0",",,H,0600","0.0",",,H","0.0",",,H",,,"27.2",",,H","8.3",",,H","11.7",",,H,0600",,,,,,,,,,,,
"USC00401663","CHEATHAM LOCK AND DAM, TN US","36.3211","-87.2218","119.5","2026-04-24",,,,,,,"0.0",",,H,0600",,,,,,,"28.3",",,H","11.7",",,H","14.4",",,H,0600",,,,,,,,,,,,
"USC00401663","CHEATHAM LOCK AND DAM, TN US","36.3211","-87.2218","119.5","2026-04-25",,,,,,,"3.3",",,H,0600","0.0",",,H","0.0",",,H",,,"25.6",",,H","14.4",",,H","16.1",",,H,0600",,,,,,,,,,,,
"USC00401663","CHEATHAM LOCK AND DAM, TN US","36.3211","-87.2218","119.5","2026-04-26",,,,,,,"0.0",",,H,0600","0.0",",,H","0.0",",,H",,,"27.2",",,H","11.7",",,H","12.2",",,H,0600",,,,,,,,,,,,
"USC00401663","CHEATHAM LOCK AND DAM, TN US","36.3211","-87.2218","119.5","2026-04-29",,,,,,,"38.1",",,H,0600",,,,,,,"27.2",",,H","16.7",",,H","17.2",",,H,0600",,,,,,,,,,,,
"US1TNDC0037","CHARLOTTE 2.9 NNW, TN US","36.224356","-87.3628","173.1","2026-04-01",,,,,,,"0.0",",,N","0.0",",,N",,,,,,,,,,,,,,,,,,,,,,
"US1TNDC0037","CHARLOTTE 2.9 NNW, TN US","36.224356","-87.3628","173.1","2026-04-02",,,,,,,"0.0",",,N","0.0",",,N",,,,,,,,,,,,,,,,,,,,,,
"US1TNDC0037","CHARLOTTE 2.9 NNW, TN US","36.224356","-87.3628","173.1","2026-04-03",,,,,,,"0.8",",,N",,,,,,,,,,,,,,,,,,,,,,,,
"US1TNDC0037","CHARLOTTE 2.9 NNW, TN US","36.224356","-87.3628","173.1","2026-04-04",,,,,,,"0.0",",,N","0.0",",,N",,,,,,,,,,,,,,,,,,,,,,
"US1TNDC0037","CHARLOTTE 2.9 NNW, TN US","36.224356","-87.3628","173.1","2026-04-05",,,,,,,"18.8",",,N",,,,,,,,,,,,,,,,,,,,,,,,
"US1TNDC0037","CHARLOTTE 2.9 NNW, TN US","36.224356","-87.3628","173.1","2026-04-06",,,,,,,"0.0",",,N","0.0",",,N",,,,,,,,,,,,,,,,,,,,,,
"US1TNDC0037","CHARLOTTE 2.9 NNW, TN US","36.224356","-87.3628","173.1","2026-04-07",,,,,,,"0.0",",,N","0.0",",,N",,,,,,,,,,,,,,,,,,,,,,
"US1TNDC0037","CHARLOTTE 2.9 NNW, TN US","36.224356","-87.3628","173.1","2026-04-08",,,,,,,"0.0",",,N","0.0",",,N",,,,,,,,,,,,,,,,,,,,,,
"US1TNDC0037","CHARLOTTE 2.9 NNW, TN US","36.224356","-87.3628","173.1","2026-04-09",,,,,,,"0.0",",,N","0.0",",,N",,,,,,,,,,,,,,,,,,,,,,
"US1TNDC0037","CHARLOTTE 2.9 NNW, TN US","36.224356","-87.3628","173.1","2026-04-10",,,,,,,"0.0",",,N","0.0",",,N",,,,,,,,,,,,,,,,,,,,,,
"US1TNDC0037","CHARLOTTE 2.9 NNW, TN US","36.224356","-87.3628","173.1","2026-04-11",,,,,,,"0.0",",,N","0.0",",,N",,,,,,,,,,,,,,,,,,,,,,
"US1TNDC0037","CHARLOTTE 2.9 NNW, TN US","36.224356","-87.3628","173.1","2026-04-12",,,,,,,"0.0",",,N","0.0",",,N",,,,,,,,,,,,,,,,,,,,,,
"US1TNDC0037","CHARLOTTE 2.9 NNW, TN US","36.224356","-87.3628","173.1","2026-04-13",,,,,,,"0.0",",,N","0.0",",,N",,,,,,,,,,,,,,,,,,,,,,
"US1TNDC0037","CHARLOTTE 2.9 NNW, TN US","36.224356","-87.3628","173.1","2026-04-14",,,,,,,"0.5",",,N",,,,,,,,,,,,,,,,,,,,,,,,
"US1TNDC0037","CHARLOTTE 2.9 NNW, TN US","36.224356","-87.3628","173.1","2026-04-15",,,,,,,"0.0",",,N","0.0",",,N",,,,,,,,,,,,,,,,,,,,,,
"US1TNDC0037","CHARLOTTE 2.9 NNW, TN US","36.224356","-87.3628","173.1","2026-04-16",,,,,,,"0.0",",,N","0.0",",,N",,,,,,,,,,,,,,,,,,,,,,
"US1TNDC0037","CHARLOTTE 2.9 NNW, TN US","36.224356","-87.3628","173.1","2026-04-17",,,,,,,"18.3",",,N",,,,,,,,,,,,,,,,,,,,,,,,
"US1TNDC0037","CHARLOTTE 2.9 NNW, TN US","36.224356","-87.3628","173.1","2026-04-18",,,,,,,"0.0",",,N","0.0",",,N",,,,,,,,,,,,,,,,,,,,,,
"US1TNDC0037","CHARLOTTE 2.9 NNW, TN US","36.224356","-87.3628","173.1","2026-04-19",,,,,,,"4.3",",,N",,,,,,,,,,,,,,,,,,,,,,,,
"US1TNDC0037","CHARLOTTE 2.9 NNW, TN US","36.224356","-87.3628","173.1","2026-04-20",,,,,,,"0.0",",,N","0.0",",,N",,,,,,,,,,,,,,,,,,,,,,
"US1TNDC0037","CHARLOTTE 2.9 NNW, TN US","36.224356","-87.3628","173.1","2026-04-21",,,,,,,"0.0",",,N","0.0",",,N",,,,,,,,,,,,,,,,,,,,,,
"US1TNDC0037","CHARLOTTE 2.9 NNW, TN US","36.224356","-87.3628","173.1","2026-04-22",,,,,,,"0.0",",,N","0.0",",,N",,,,,,,,,,,,,,,,,,,,,,
"US1TNDC0037","CHARLOTTE 2.9 NNW, TN US","36.224356","-87.3628","173.1","2026-04-23",,,,,,,"0.0",",,N","0.0",",,N",,,,,,,,,,,,,,,,,,,,,,
"US1TNDC0037","CHARLOTTE 2.9 NNW, TN US","36.224356","-87.3628","173.1","2026-04-24",,,,,,,"0.0",",,N","0.0",",,N",,,,,,,,,,,,,,,,,,,,,,
"US1TNDC0037","CHARLOTTE 2.9 NNW, TN US","36.224356","-87.3628","173.1","2026-04-25",,,,,,,"1.8",",,N",,,,,,,,,,,,,,,,,,,,,,,,
"US1TNDC0037","CHARLOTTE 2.9 NNW, TN US","36.224356","-87.3628","173.1","2026-04-26",,,,,,,"0.0",",,N","0.0",",,N",,,,,,,,,,,,,,,,,,,,,,
"US1TNDC0037","CHARLOTTE 2.9 NNW, TN US","36.224356","-87.3628","173.1","2026-04-27",,,,,,,"0.0",",,N","0.0",",,N",,,,,,,,,,,,,,,,,,,,,,
"US1TNDC0037","CHARLOTTE 2.9 NNW, TN US","36.224356","-87.3628","173.1","2026-04-28",,,,,,,"21.1",",,N",,,,,,,,,,,,,,,,,,,,,,,,
"US1TNDC0037","CHARLOTTE 2.9 NNW, TN US","36.224356","-87.3628","173.1","2026-04-29",,,,,,,"40.9",",,N",,,,,,,,,,,,,,,,,,,,,,,,
"US1TNDC0037","CHARLOTTE 2.9 NNW, TN US","36.224356","-87.3628","173.1","2026-04-30",,,,,,,"0.8",",,N",,,,,,,,,,,,,,,,,,,,,,,,
"US1TNWL0083","FAIRVIEW 1.8 W, TN US","35.9825","-87.15638889","231.3","2026-04-05",,,"    9",",,N","17.0",",,N",,,,,,,,,,,,,,,,,,,,,,,,,,
"US1TNWL0083","FAIRVIEW 1.8 W, TN US","35.9825","-87.15638889","231.3","2026-04-06",,,,,,,"0.0",",,N","0.0",",,N",,,,,,,,,,,,,,,,,,,,,,
"US1TNWL0083","FAIRVIEW 1.8 W, TN US","35.9825","-87.15638889","231.3","2026-04-07",,,,,,,"0.0",",,N","0.0",",,N",,,,,,,,,,,,,,,,,,,,,,
"US1TNWL0083","FAIRVIEW 1.8 W, TN US","35.9825","-87.15638889","231.3","2026-04-08",,,,,,,"0.0",",,N","0.0",",,N",,,,,,,,,,,,,,,,,,,,,,
"US1TNWL0083","FAIRVIEW 1.8 W, TN US","35.9825","-87.15638889","231.3","2026-04-09",,,,,,,"0.0",",,N","0.0",",,N",,,,,,,,,,,,,,,,,,,,,,
"US1TNWL0083","FAIRVIEW 1.8 W, TN US","35.9825","-87.15638889","231.3","2026-04-10",,,,,,,"0.0",",,N","0.0",",,N",,,,,,,,,,,,,,,,,,,,,,
"US1TNWL0083","FAIRVIEW 1.8 W, TN US","35.9825","-87.15638889","231.3","2026-04-11",,,,,,,"0.0",",,N","0.0",",,N",,,,,,,,,,,,,,,,,,,,,,
"US1TNWL0083","FAIRVIEW 1.8 W, TN US","35.9825","-87.15638889","231.3","2026-04-12",,,,,,,"0.0",",,N","0.0",",,N",,,,,,,,,,,,,,,,,,,,,,
"US1TNWL0083","FAIRVIEW 1.8 W, TN US","35.9825","-87.15638889","231.3","2026-04-13",,,,,,,"0.0",",,N","0.0",",,N",,,,,,,,,,,,,,,,,,,,,,
"US1TNWL0083","FAIRVIEW 1.8 W, TN US","35.9825","-87.15638889","231.3","2026-04-15",,,"    2",",,N","0.5",",,N",,,,,,,,,,,,,,,,,,,,,,,,,,
"US1TNWL0083","FAIRVIEW 1.8 W, TN US","35.9825","-87.15638889","231.3","2026-04-16",,,,,,,"0.0",",,N","0.0",",,N",,,,,,,,,,,,,,,,,,,,,,
"US1TNWL0083","FAIRVIEW 1.8 W, TN US","35.9825","-87.15638889","231.3","2026-04-17",,,,,,,"6.1",",,N",,,,,,,,,,,,,,,,,,,,,,,,
"US1TNWL0083","FAIRVIEW 1.8 W, TN US","35.9825","-87.15638889","231.3","2026-04-18",,,,,,,"0.0",",,N","0.0",",,N",,,,,,,,,,,,,,,,,,,,,,
"US1TNWL0083","FAIRVIEW 1.8 W, TN US","35.9825","-87.15638889","231.3","2026-04-19",,,,,,,"0.5",",,N",,,,,,,,,,,,,,,,,,,,,,,,
"US1TNWL0083","FAIRVIEW 1.8 W, TN US","35.9825","-87.15638889","231.3","2026-04-20",,,,,,,"0.0",",,N","0.0",",,N",,,,,,,,,,,,,,,,,,,,,,
"US1TNWL0083","FAIRVIEW 1.8 W, TN US","35.9825","-87.15638889","231.3","2026-04-21",,,,,,,"0.0",",,N","0.0",",,N",,,,,,,,,,,,,,,,,,,,,,
"US1TNWL0083","FAIRVIEW 1.8 W, TN US","35.9825","-87.15638889","231.3","2026-04-22",,,,,,,"0.0",",,N","0.0",",,N",,,,,,,,,,,,,,,,,,,,,,
"US1TNWL0083","FAIRVIEW 1.8 W, TN US","35.9825","-87.15638889","231.3","2026-04-23",,,,,,,"0.0",",,N","0.0",",,N",,,,,,,,,,,,,,,,,,,,,,
"US1TNWL0083","FAIRVIEW 1.8 W, TN US","35.9825","-87.15638889","231.3","2026-04-24",,,,,,,"0.0",",,N","0.0",",,N",,,,,,,,,,,,,,,,,,,,,,
"US1TNWL0083","FAIRVIEW 1.8 W, TN US","35.9825","-87.15638889","231.3","2026-04-25",,,,,,,"0.0",",,N","0.0",",,N",,,,,,,,,,,,,,,,,,,,,,
"US1TNWL0083","FAIRVIEW 1.8 W, TN US","35.9825","-87.15638889","231.3","2026-04-26",,,,,,,"0.0",",,N","0.0",",,N",,,,,,,,,,,,,,,,,,,,,,
"US1TNWL0083","FAIRVIEW 1.8 W, TN US","35.9825","-87.15638889","231.3","2026-04-27",,,,,,,"0.0",",,N","0.0",",,N",,,,,,,,,,,,,,,,,,,,,,
"US1TNWL0083","FAIRVIEW 1.8 W, TN US","35.9825","-87.15638889","231.3","2026-04-28",,,,,,,"15.0",",,N",,,,,,,,,,,,,,,,,,,,,,,,
"US1TNWL0083","FAIRVIEW 1.8 W, TN US","35.9825","-87.15638889","231.3","2026-04-29",,,,,,,"21.3",",,N",,,,,,,,,,,,,,,,,,,,,,,,
"US1TNWL0083","FAIRVIEW 1.8 W, TN US","35.9825","-87.15638889","231.3","2026-04-30",,,,,,,"0.0","T,,N",,,,,,,,,,,,,,,,,,,,,,,,
"US1TNRD0135","SMYRNA 1.8 S, TN US","35.956229","-86.518016","164.6","2026-04-01",,,,,,,"0.0",",,N","0.0",",,N",,,,,,,,,,,,,,,,,,,,,,
"US1TNRD0135","SMYRNA 1.8 S, TN US","35.956229","-86.518016","164.6","2026-04-02",,,,,,,"0.0",",,N","0.0",",,N",,,,,,,,,,,,,,,,,,,,,,
"US1TNRD0135","SMYRNA 1.8 S, TN US","35.956229","-86.518016","164.6","2026-04-03",,,,,,,"0.0",",,N","0.0",",,N",,,,,,,,,,,,,,,,,,,,,,
"US1TNRD0135","SMYRNA 1.8 S, TN US","35.956229","-86.518016","164.6","2026-04-04",,,,,,,"0.0",",,N","0.0",",,N",,,,,,,,,,,,,,,,,,,,,,
"US1TNRD0135","SMYRNA 1.8 S, TN US","35.956229","-86.518016","164.6","2026-04-05",,,,,,,"29.2",",,N",,,,,,,,,,,,,,,,,,,,,,,,
"US1TNRD0135","SMYRNA 1.8 S, TN US","35.956229","-86.518016","164.6","2026-04-06",,,,,,,"0.0",",,N","0.0",",,N",,,,,,,,,,,,,,,,,,,,,,
"US1TNRD0135","SMYRNA 1.8 S, TN US","35.956229","-86.518016","164.6","2026-04-07",,,,,,,"0.0",",,N","0.0",",,N",,,,,,,,,,,,,,,,,,,,,,
"US1TNRD0135","SMYRNA 1.8 S, TN US","35.956229","-86.518016","164.6","2026-04-08",,,,,,,"0.0",",,N","0.0",",,N",,,,,,,,,,,,,,,,,,,,,,
"US1TNRD0135","SMYRNA 1.8 S, TN US","35.956229","-86.518016","164.6","2026-04-09",,,,,,,"0.0",",,N","0.0",",,N",,,,,,,,,,,,,,,,,,,,,,
"US1TNRD0135","SMYRNA 1.8 S, TN US","35.956229","-86.518016","164.6","2026-04-10",,,,,,,"0.0",",,N","0.0",",,N",,,,,,,,,,,,,,,,,,,,,,
"US1TNRD0135","SMYRNA 1.8 S, TN US","35.956229","-86.518016","164.6","2026-04-11",,,,,,,"0.0",",,N","0.0",",,N",,,,,,,,,,,,,,,,,,,,,,
"US1TNRD0135","SMYRNA 1.8 S, TN US","35.956229","-86.518016","164.6","2026-04-12",,,,,,,"0.0",",,N","0.0",",,N",,,,,,,,,,,,,,,,,,,,,,
"US1TNRD0135","SMYRNA 1.8 S, TN US","35.956229","-86.518016","164.6","2026-04-13",,,,,,,"0.0",",,N","0.0",",,N",,,,,,,,,,,,,,,,,,,,,,
"US1TNRD0135","SMYRNA 1.8 S, TN US","35.956229","-86.518016","164.6","2026-04-14",,,,,,,"0.0","T,,N",,,,,,,,,,,,,,,,,,,,,,,,
"US1TNRD0135","SMYRNA 1.8 S, TN US","35.956229","-86.518016","164.6","2026-04-15",,,,,,,"0.0",",,N","0.0",",,N",,,,,,,,,,,,,,,,,,,,,,
"US1TNRD0135","SMYRNA 1.8 S, TN US","35.956229","-86.518016","164.6","2026-04-16",,,,,,,"0.0",",,N","0.0",",,N",,,,,,,,,,,,,,,,,,,,,,
"US1TNRD0135","SMYRNA 1.8 S, TN US","35.956229","-86.518016","164.6","2026-04-17",,,,,,,"8.1",",,N",,,,,,,,,,,,,,,,,,,,,,,,
"US1TNRD0135","SMYRNA 1.8 S, TN US","35.956229","-86.518016","164.6","2026-04-18",,,,,,,"0.0",",,N","0.0",",,N",,,,,,,,,,,,,,,,,,,,,,
"US1TNRD0135","SMYRNA 1.8 S, TN US","35.956229","-86.518016","164.6","2026-04-19",,,,,,,"0.3",",,N",,,,,,,,,,,,,,,,,,,,,,,,
"US1TNRD0135","SMYRNA 1.8 S, TN US","35.956229","-86.518016","164.6","2026-04-20",,,,,,,"0.0",",,N","0.0",",,N",,,,,,,,,,,,,,,,,,,,,,
"US1TNRD0135","SMYRNA 1.8 S, TN US","35.956229","-86.518016","164.6","2026-04-21",,,,,,,"0.0",",,N","0.0",",,N",,,,,,,,,,,,,,,,,,,,,,
"US1TNRD0135","SMYRNA 1.8 S, TN US","35.956229","-86.518016","164.6","2026-04-22",,,,,,,"0.0",",,N","0.0",",,N",,,,,,,,,,,,,,,,,,,,,,
"US1TNRD0135","SMYRNA 1.8 S, TN US","35.956229","-86.518016","164.6","2026-04-23",,,,,,,"0.0",",,N","0.0",",,N",,,,,,,,,,,,,,,,,,,,,,
"US1TNRD0135","SMYRNA 1.8 S, TN US","35.956229","-86.518016","164.6","2026-04-24",,,,,,,"0.0",",,N","0.0",",,N",,,,,,,,,,,,,,,,,,,,,,
"US1TNRD0135","SMYRNA 1.8 S, TN US","35.956229","-86.518016","164.6","2026-04-25",,,,,,,"0.0",",,N","0.0",",,N",,,,,,,,,,,,,,,,,,,,,,
"US1TNRD0135","SMYRNA 1.8 S, TN US","35.956229","-86.518016","164.6","2026-04-26",,,,,,,"0.0",",,N","0.0",",,N",,,,,,,,,,,,,,,,,,,,,,
"US1TNRD0135","SMYRNA 1.8 S, TN US","35.956229","-86.518016","164.6","2026-04-27",,,,,,,"0.0",",,N","0.0",",,N",,,,,,,,,,,,,,,,,,,,,,
"US1TNRD0135","SMYRNA 1.8 S, TN US","35.956229","-86.518016","164.6","2026-04-28",,,,,,,"13.0",",,N",,,,,,,,,,,,,,,,,,,,,,,,
"US1TNRD0135","SMYRNA 1.8 S, TN US","35.956229","-86.518016","164.6","2026-04-29",,,,,,,"15.7",",,N",,,,,,,,,,,,,,,,,,,,,,,,
"US1TNRD0135","SMYRNA 1.8 S, TN US","35.956229","-86.518016","164.6","2026-04-30",,,,,,,"0.0","T,,N",,,,,,,,,,,,,,,,,,,,,,,,
"USC00405108","LEBANON, TN US","36.2291","-86.318","160.0","2026-04-05",,,,,,,"19.3",",,H,",,,,,,,"27.8",",,H","7.2",",,H","8.3",",,H,",,,,,,,,,,,,
"USC00405108","LEBANON, TN US","36.2291","-86.318","160.0","2026-04-06",,,,,,,"0.0",",,H,",,,,,,,"17.2",",,H","3.9",",,H","3.9",",,H,",,,,,,,,,,,,
"USC00405108","LEBANON, TN US","36.2291","-86.318","160.0","2026-04-07",,,,,,,"0.0",",,H,",,,,,,,"20.6",",,H","3.3",",,H","5.0",",,H,",,,,,,,,,,,,
"USC00405108","LEBANON, TN US","36.2291","-86.318","160.0","2026-04-08",,,,,,,"0.0",",,H,",,,,,,,"19.4",",,H","5.0",",,H","6.7",",,H,",,,,,,,,,,,,
"USC00405108","LEBANON, TN US","36.2291","-86.318","160.0","2026-04-11",,,,,,,"0.0",",,H,",,,,,,,"26.7",",,H","7.8",",,H","12.2",",,H,",,,,,,,,,,,,
"USC00405108","LEBANON, TN US","36.2291","-86.318","160.0","2026-04-12",,,,,,,"0.0",",,H,",,,,,,,"28.3",",,H","11.7",",,H","20.0",",,H,",,,,,,,,,,,,
"USC00405108","LEBANON, TN US","36.2291","-86.318","160.0","2026-04-13",,,,,,,"0.3",",,H,",,,,,,,"28.3",",,H","17.8",",,H","18.9",",,H,",,,,,,,,,,,,
"USC00405108","LEBANON, TN US","36.2291","-86.318","160.0","2026-04-14",,,,,,,"0.5",",,H,",,,,,,,"29.4",",,H","17.2",",,H","18.9",",,H,",,,,,,,,,,,,
"USC00405108","LEBANON, TN US","36.2291","-86.318","160.0","2026-04-15",,,,,,,"0.0",",,H,",,,,,,,"28.9",",,H","16.7",",,H","18.3",",,H,",,,,,,,,,,,,
"USC00405108","LEBANON, TN US","36.2291","-86.318","160.0","2026-04-16",,,,,,,"0.0",",,H,",,,,,,,"30.6",",,H","17.2",",,H","19.4",",,H,",,,,,,,,,,,,
"USC00405108","LEBANON, TN US","36.2291","-86.318","160.0","2026-04-17",,,,,,,"8.9",",,H,",,,,,,,"28.9",",,H","13.3",",,H","14.4",",,H,",,,,,,,,,,,,
"USC00405108","LEBANON, TN US","36.2291","-86.318","160.0","2026-04-18",,,,,,,"0.0",",,H,",,,,,,,"28.9",",,H","14.4",",,H","20.0",",,H,",,,,,,,,,,,,
"USC00405108","LEBANON, TN US","36.2291","-86.318","160.0","2026-04-19",,,,,,,"0.5",",,H,",,,,,,,"20.6",",,H","5.6",",,H","11.7",",,H,",,,,,,,,,,,,
"USC00405108","LEBANON, TN US","36.2291","-86.318","160.0","2026-04-20",,,,,,,"0.0",",,H,",,,,,,,"20.6",",,H","5.6",",,H","7.2",",,H,",,,,,,,,,,,,
"USC00405108","LEBANON, TN US","36.2291","-86.318","160.0","2026-04-21",,,,,,,"0.0",",,H,",,,,,,,"22.8",",,H","6.1",",,H","8.3",",,H,",,,,,,,,,,,,
"USC00405108","LEBANON, TN US","36.2291","-86.318","160.0","2026-04-22",,,,,,,"0.0",",,H,",,,,,,,"27.8",",,H","8.3",",,H","13.9",",,H,",,,,,,,,,,,,
"USC00405108","LEBANON, TN US","36.2291","-86.318","160.0","2026-04-23",,,,,,,"0.0",",,H,",,,,,,,"28.3",",,H","10.0",",,H","13.9",",,H,",,,,,,,,,,,,
"USC00405108","LEBANON, TN US","36.2291","-86.318","160.0","2026-04-24",,,,,,,"0.0",",,H,",,,,,,,"28.3",",,H","12.8",",,H","17.8",",,H,",,,,,,,,,,,,
"USC00405108","LEBANON, TN US","36.2291","-86.318","160.0","2026-04-27",,,,,,,"0.0",",,H,",,,,,,,"28.9",",,H","13.9",",,H","19.4",",,H,",,,,,,,,,,,,
"USC00405108","LEBANON, TN US","36.2291","-86.318","160.0","2026-04-28",,,,,,,"14.0",",,H,",,,,,,,"28.9",",,H","16.7",",,H","17.2",",,H,",,,,,,,,,,,,
"USC00405108","LEBANON, TN US","36.2291","-86.318","160.0","2026-04-29",,,,,,,"7.9",",,H,",,,,,,,"27.8",",,H","16.7",",,H","17.8",",,H,",,,,,,,,,,,,
"USC00405108","LEBANON, TN US","36.2291","-86.318","160.0","2026-04-30",,,,,,,"0.3",",,H,",,,,,,,"23.3",",,H","8.9",",,H","11.1",",,H,",,,,,,,,,,,,
"US1TNDV0076","MOUNT JULIET 6.1 SSW, TN US","36.119601","-86.546118","174.0","2026-04-01",,,,,,,"0.0",",,N","0.0",",,N",,,,,,,,,,,,,,,,,,,,,,
"US1TNDV0076","MOUNT JULIET 6.1 SSW, TN US","36.119601","-86.546118","174.0","2026-04-02",,,,,,,"0.0",",,N","0.0",",,N",,,,,,,,,,,,,,,,,,,,,,
"US1TNDV0076","MOUNT JULIET 6.1 SSW, TN US","36.119601","-86.546118","174.0","2026-04-03",,,,,,,"0.0",",,N","0.0",",,N",,,,,,,,,,,,,,,,,,,,,,
"US1TNDV0076","MOUNT JULIET 6.1 SSW, TN US","36.119601","-86.546118","174.0","2026-04-04",,,,,,,"0.0",",,N","0.0",",,N",,,,,,,,,,,,,,,,,,,,,,
"US1TNDV0076","MOUNT JULIET 6.1 SSW, TN US","36.119601","-86.546118","174.0","2026-04-05",,,,,,,"22.1",",,N",,,,,,,,,,,,,,,,,,,,,,,,
"US1TNDV0076","MOUNT JULIET 6.1 SSW, TN US","36.119601","-86.546118","174.0","2026-04-06",,,,,,,"0.0",",,N","0.0",",,N",,,,,,,,,,,,,,,,,,,,,,
"US1TNDV0076","MOUNT JULIET 6.1 SSW, TN US","36.119601","-86.546118","174.0","2026-04-07",,,,,,,"0.0",",,N","0.0",",,N",,,,,,,,,,,,,,,,,,,,,,
"US1TNDV0076","MOUNT JULIET 6.1 SSW, TN US","36.119601","-86.546118","174.0","2026-04-08",,,,,,,"0.0",",,N","0.0",",,N",,,,,,,,,,,,,,,,,,,,,,
"US1TNDV0076","MOUNT JULIET 6.1 SSW, TN US","36.119601","-86.546118","174.0","2026-04-09",,,,,,,"0.0",",,N","0.0",",,N",,,,,,,,,,,,,,,,,,,,,,
"US1TNDV0076","MOUNT JULIET 6.1 SSW, TN US","36.119601","-86.546118","174.0","2026-04-10",,,,,,,"0.0",",,N","0.0",",,N",,,,,,,,,,,,,,,,,,,,,,
"US1TNDV0076","MOUNT JULIET 6.1 SSW, TN US","36.119601","-86.546118","174.0","2026-04-11",,,,,,,"0.0",",,N","0.0",",,N",,,,,,,,,,,,,,,,,,,,,,
"US1TNDV0076","MOUNT JULIET 6.1 SSW, TN US","36.119601","-86.546118","174.0","2026-04-12",,,,,,,"0.0",",,N","0.0",",,N",,,,,,,,,,,,,,,,,,,,,,
"US1TNDV0076","MOUNT JULIET 6.1 SSW, TN US","36.119601","-86.546118","174.0","2026-04-13",,,,,,,"0.0",",,N","0.0",",,N",,,,,,,,,,,,,,,,,,,,,,
"US1TNDV0076","MOUNT JULIET 6.1 SSW, TN US","36.119601","-86.546118","174.0","2026-04-14",,,,,,,"0.8",",,N",,,,,,,,,,,,,,,,,,,,,,,,
"US1TNDV0076","MOUNT JULIET 6.1 SSW, TN US","36.119601","-86.546118","174.0","2026-04-15",,,,,,,"0.0",",,N","0.0",",,N",,,,,,,,,,,,,,,,,,,,,,
"US1TNDV0076","MOUNT JULIET 6.1 SSW, TN US","36.119601","-86.546118","174.0","2026-04-16",,,,,,,"0.0",",,N","0.0",",,N",,,,,,,,,,,,,,,,,,,,,,
"US1TNDV0076","MOUNT JULIET 6.1 SSW, TN US","36.119601","-86.546118","174.0","2026-04-17",,,,,,,"10.9",",,N",,,,,,,,,,,,,,,,,,,,,,,,
"US1TNDV0076","MOUNT JULIET 6.1 SSW, TN US","36.119601","-86.546118","174.0","2026-04-18",,,,,,,"0.0",",,N","0.0",",,N",,,,,,,,,,,,,,,,,,,,,,
"US1TNDV0076","MOUNT JULIET 6.1 SSW, TN US","36.119601","-86.546118","174.0","2026-04-19",,,,,,,"0.8",",,N",,,,,,,,,,,,,,,,,,,,,,,,
"US1TNDV0076","MOUNT JULIET 6.1 SSW, TN US","36.119601","-86.546118","174.0","2026-04-20",,,,,,,"0.0",",,N","0.0",",,N",,,,,,,,,,,,,,,,,,,,,,
"US1TNDV0076","MOUNT JULIET 6.1 SSW, TN US","36.119601","-86.546118","174.0","2026-04-21",,,,,,,"0.0",",,N","0.0",",,N",,,,,,,,,,,,,,,,,,,,,,
"US1TNDV0076","MOUNT JULIET 6.1 SSW, TN US","36.119601","-86.546118","174.0","2026-04-22",,,,,,,"0.0",",,N","0.0",",,N",,,,,,,,,,,,,,,,,,,,,,
"US1TNDV0076","MOUNT JULIET 6.1 SSW, TN US","36.119601","-86.546118","174.0","2026-04-23",,,,,,,"0.0",",,N","0.0",",,N",,,,,,,,,,,,,,,,,,,,,,
"US1TNDV0076","MOUNT JULIET 6.1 SSW, TN US","36.119601","-86.546118","174.0","2026-04-24",,,,,,,"0.0",",,N","0.0",",,N",,,,,,,,,,,,,,,,,,,,,,
"US1TNDV0076","MOUNT JULIET 6.1 SSW, TN US","36.119601","-86.546118","174.0","2026-04-25",,,,,,,"0.0",",,N","0.0",",,N",,,,,,,,,,,,,,,,,,,,,,
"US1TNDV0076","MOUNT JULIET 6.1 SSW, TN US","36.119601","-86.546118","174.0","2026-04-26",,,,,,,"0.0",",,N","0.0",",,N",,,,,,,,,,,,,,,,,,,,,,
"US1TNDV0076","MOUNT JULIET 6.1 SSW, TN US","36.119601","-86.546118","174.0","2026-04-27",,,,,,,"0.0",",,N","0.0",",,N",,,,,,,,,,,,,,,,,,,,,,
"US1TNDV0076","MOUNT JULIET 6.1 SSW, TN US","36.119601","-86.546118","174.0","2026-04-28",,,,,,,"40.9",",,N",,,,,,,,,,,,,,,,,,,,,,,,
"US1TNDV0076","MOUNT JULIET 6.1 SSW, TN US","36.119601","-86.546118","174.0","2026-04-29",,,,,,,"12.4",",,N",,,,,,,,,,,,,,,,,,,,,,,,
"US1TNDV0076","MOUNT JULIET 6.1 SSW, TN US","36.119601","-86.546118","174.0","2026-04-30",,,,,,,"0.0",",,N","0.0",",,N",,,,,,,,,,,,,,,,,,,,,,
"US1TNRD0139","ROCKVALE 4.7 NNE, TN US","35.821148","-86.504849","199.0","2026-04-01",,,,,,,"0.0",",,N","0.0",",,N",,,,,,,,,,,,,,,,,,,,,,
"US1TNRD0139","ROCKVALE 4.7 NNE, TN US","35.821148","-86.504849","199.0","2026-04-02",,,,,,,"0.0",",,N","0.0",",,N",,,,,,,,,,,,,,,,,,,,,,
"US1TNRD0139","ROCKVALE 4.7 NNE, TN US","35.821148","-86.504849","199.0","2026-04-03",,,,,,,"0.0",",,N","0.0",",,N",,,,,,,,,,,,,,,,,,,,,,
"US1TNRD0139","ROCKVALE 4.7 NNE, TN US","35.821148","-86.504849","199.0","2026-04-04",,,,,,,"0.0",",,N","0.0",",,N",,,,,,,,,,,,,,,,,,,,,,
"US1TNRD0139","ROCKVALE 4.7 NNE, TN US","35.821148","-86.504849","199.0","2026-04-05",,,,,,,"27.4",",,N",,,,,,,,,,,,,,,,,,,,,,,,
"US1TNRD0139","ROCKVALE 4.7 NNE, TN US","35.821148","-86.504849","199.0","2026-04-06",,,,,,,"0.0",",,N","0.0",",,N",,,,,,,,,,,,,,,,,,,,,,
"US1TNRD0139","ROCKVALE 4.7 NNE, TN US","35.821148","-86.504849","199.0","2026-04-07",,,,,,,"0.0",",,N","0.0",",,N",,,,,,,,,,,,,,,,,,,,,,
"US1TNRD0139","ROCKVALE 4.7 NNE, TN US","35.821148","-86.504849","199.0","2026-04-08",,,,,,,"0.0",",,N","0.0",",,N",,,,,,,,,,,,,,,,,,,,,,
"US1TNRD0139","ROCKVALE 4.7 NNE, TN US","35.821148","-86.504849","199.0","2026-04-09",,,,,,,"0.0",",,N","0.0",",,N",,,,,,,,,,,,,,,,,,,,,,
"US1TNRD0139","ROCKVALE 4.7 NNE, TN US","35.821148","-86.504849","199.0","2026-04-10",,,,,,,"0.0",",,N","0.0",",,N",,,,,,,,,,,,,,,,,,,,,,
"US1TNRD0139","ROCKVALE 4.7 NNE, TN US","35.821148","-86.504849","199.0","2026-04-11",,,,,,,"0.0",",,N","0.0",",,N",,,,,,,,,,,,,,,,,,,,,,
"US1TNRD0139","ROCKVALE 4.7 NNE, TN US","35.821148","-86.504849","199.0","2026-04-12",,,,,,,"0.0",",,N","0.0",",,N",,,,,,,,,,,,,,,,,,,,,,
"US1TNRD0139","ROCKVALE 4.7 NNE, TN US","35.821148","-86.504849","199.0","2026-04-13",,,,,,,"0.0",",,N","0.0",",,N",,,,,,,,,,,,,,,,,,,,,,
"US1TNRD0139","ROCKVALE 4.7 NNE, TN US","35.821148","-86.504849","199.0","2026-04-14",,,,,,,"0.0",",,N","0.0",",,N",,,,,,,,,,,,,,,,,,,,,,
"US1TNRD0139","ROCKVALE 4.7 NNE, TN US","35.821148","-86.504849","199.0","2026-04-15",,,,,,,"0.0",",,N","0.0",",,N",,,,,,,,,,,,,,,,,,,,,,
"US1TNRD0139","ROCKVALE 4.7 NNE, TN US","35.821148","-86.504849","199.0","2026-04-16",,,,,,,"0.0",",,N","0.0",",,N",,,,,,,,,,,,,,,,,,,,,,
"US1TNRD0139","ROCKVALE 4.7 NNE, TN US","35.821148","-86.504849","199.0","2026-04-17",,,,,,,"2.8",",,N",,,,,,,,,,,,,,,,,,,,,,,,
"US1TNRD0139","ROCKVALE 4.7 NNE, TN US","35.821148","-86.504849","199.0","2026-04-18",,,,,,,"0.0",",,N","0.0",",,N",,,,,,,,,,,,,,,,,,,,,,
"US1TNRD0139","ROCKVALE 4.7 NNE, TN US","35.821148","-86.504849","199.0","2026-04-19",,,,,,,"2.5",",,N",,,,,,,,,,,,,,,,,,,,,,,,
"US1TNRD0139","ROCKVALE 4.7 NNE, TN US","35.821148","-86.504849","199.0","2026-04-20",,,,,,,"0.0",",,N","0.0",",,N",,,,,,,,,,,,,,,,,,,,,,
"US1TNRD0139","ROCKVALE 4.7 NNE, TN US","35.821148","-86.504849","199.0","2026-04-21",,,,,,,"0.0",",,N","0.0",",,N",,,,,,,,,,,,,,,,,,,,,,
"US1TNRD0139","ROCKVALE 4.7 NNE, TN US","35.821148","-86.504849","199.0","2026-04-22",,,,,,,"0.0",",,N","0.0",",,N",,,,,,,,,,,,,,,,,,,,,,
"US1TNRD0139","ROCKVALE 4.7 NNE, TN US","35.821148","-86.504849","199.0","2026-04-23",,,,,,,"0.0",",,N","0.0",",,N",,,,,,,,,,,,,,,,,,,,,,
"US1TNRD0139","ROCKVALE 4.7 NNE, TN US","35.821148","-86.504849","199.0","2026-04-24",,,,,,,"0.0",",,N","0.0",",,N",,,,,,,,,,,,,,,,,,,,,,
"US1TNRD0139","ROCKVALE 4.7 NNE, TN US","35.821148","-86.504849","199.0","2026-04-25",,,,,,,"0.0",",,N","0.0",",,N",,,,,,,,,,,,,,,,,,,,,,
"US1TNRD0139","ROCKVALE 4.7 NNE, TN US","35.821148","-86.504849","199.0","2026-04-26",,,,,,,"0.0",",,N","0.0",",,N",,,,,,,,,,,,,,,,,,,,,,
"US1TNRD0139","ROCKVALE 4.7 NNE, TN US","35.821148","-86.504849","199.0","2026-04-27",,,,,,,"0.0",",,N","0.0",",,N",,,,,,,,,,,,,,,,,,,,,,
"US1TNRD0139","ROCKVALE 4.7 NNE, TN US","35.821148","-86.504849","199.0","2026-04-28",,,,,,,"16.3",",,N",,,,,,,,,,,,,,,,,,,,,,,,
"US1TNRD0139","ROCKVALE 4.7 NNE, TN US","35.821148","-86.504849","199.0","2026-04-29",,,,,,,"15.7",",,N",,,,,,,,,,,,,,,,,,,,,,,,
"US1TNRB0005","SPRINGFIELD 1.0 NW, TN US","36.51085","-86.890886","196.0","2026-04-01",,,,,,,"0.0",",,N","0.0",",,N",,,,,,,,,,,,,,,,,,,,,,
"US1TNRB0005","SPRINGFIELD 1.0 NW, TN US","36.51085","-86.890886","196.0","2026-04-02",,,,,,,"0.0",",,N","0.0",",,N",,,,,,,,,,,,,,,,,,,,,,
"US1TNRB0005","SPRINGFIELD 1.0 NW, TN US","36.51085","-86.890886","196.0","2026-04-03",,,,,,,"1.3",",,N",,,,,,,,,,,,,,,,,,,,,,,,
"US1TNRB0005","SPRINGFIELD 1.0 NW, TN US","36.51085","-86.890886","196.0","2026-04-04",,,,,,,"0.0",",,N","0.0",",,N",,,,,,,,,,,,,,,,,,,,,,
"US1TNRB0005","SPRINGFIELD 1.0 NW, TN US","36.51085","-86.890886","196.0","2026-04-05",,,,,,,"16.3",",,N",,,,,,,,,,,,,,,,,,,,,,,,
"US1TNRB0005","SPRINGFIELD 1.0 NW, TN US","36.51085","-86.890886","196.0","2026-04-06",,,,,,,"0.0",",,N","0.0",",,N",,,,,,,,,,,,,,,,,,,,,,
"US1TNRB0005","SPRINGFIELD 1.0 NW, TN US","36.51085","-86.890886","196.0","2026-04-08",,,,,,,"0.0",",,N","0.0",",,N",,,,,,,,,,,,,,,,,,,,,,
"US1TNRB0005","SPRINGFIELD 1.0 NW, TN US","36.51085","-86.890886","196.0","2026-04-09",,,,,,,"0.0",",,N","0.0",",,N",,,,,,,,,,,,,,,,,,,,,,
"US1TNRB0005","SPRINGFIELD 1.0 NW, TN US","36.51085","-86.890886","196.0","2026-04-10",,,,,,,"0.0",",,N","0.0",",,N",,,,,,,,,,,,,,,,,,,,,,
"US1TNRB0005","SPRINGFIELD 1.0 NW, TN US","36.51085","-86.890886","196.0","2026-04-12",,,"    2",",,N","0.8",",,N",,,,,,,,,,,,,,,,,,,,,,,,,,
"US1TNRB0005","SPRINGFIELD 1.0 NW, TN US","36.51085","-86.890886","196.0","2026-04-13",,,,,,,"0.0",",,N","0.0",",,N",,,,,,,,,,,,,,,,,,,,,,
"US1TNRB0005","SPRINGFIELD 1.0 NW, TN US","36.51085","-86.890886","196.0","2026-04-14",,,,,,,"1.0",",,N",,,,,,,,,,,,,,,,,,,,,,,,
"US1TNRB0005","SPRINGFIELD 1.0 NW, TN US","36.51085","-86.890886","196.0","2026-04-15",,,,,,,"0.0",",,N","0.0",",,N",,,,,,,,,,,,,,,,,,,,,,
"US1TNRB0005","SPRINGFIELD 1.0 NW, TN US","36.51085","-86.890886","196.0","2026-04-16",,,,,,,"0.0",",,N",,,,,,,,,,,,,,,,,,,,,,,,
"US1TNRB0005","SPRINGFIELD 1.0 NW, TN US","36.51085","-86.890886","196.0","2026-04-17",,,,,,,"7.1",",,N",,,,,,,,,,,,,,,,,,,,,,,,
"US1TNRB0005","SPRINGFIELD 1.0 NW, TN US","36.51085","-86.890886","196.0","2026-04-19",,,,,,,"3.6",",,N",,,,,,,,,,,,,,,,,,,,,,,,
"US1TNRB0005","SPRINGFIELD 1.0 NW, TN US","36.51085","-86.890886","196.0","2026-04-20",,,,,,,"0.0",",,N","0.0",",,N",,,,,,,,,,,,,,,,,,,,,,
"US1TNRB0005","SPRINGFIELD 1.0 NW, TN US","36.51085","-86.890886","196.0","2026-04-27",,,"    7",",,N","3.8",",,N",,,,,,,,,,,,,,,,,,,,,,,,,,
"US1TNRB0005","SPRINGFIELD 1.0 NW, TN US","36.51085","-86.890886","196.0","2026-04-28",,,,,,,"16.5",",,N",,,,,,,,,,,,,,,,,,,,,,,,
"US1TNRB0005","SPRINGFIELD 1.0 NW, TN US","36.51085","-86.890886","196.0","2026-04-29",,,,,,,"14.2",",,N",,,,,,,,,,,,,,,,,,,,,,,,
"US1TNRB0005","SPRINGFIELD 1.0 NW, TN US","36.51085","-86.890886","196.0","2026-04-30",,,,,,,"0.5",",,N",,,,,,,,,,,,,,,,,,,,,,,,
"US1TNWL0080","NOLENSVILLE 2.0 W, TN US","35.94933","-86.68384","196.3","2026-04-01",,,,,,,"0.0",",,N","0.0",",,N",,,,,,,,,,,,,,,,,,,,,,
"US1TNWL0080","NOLENSVILLE 2.0 W, TN US","35.94933","-86.68384","196.3","2026-04-02",,,,,,,"0.0",",,N","0.0",",,N",,,,,,,,,,,,,,,,,,,,,,
"US1TNWL0080","NOLENSVILLE 2.0 W, TN US","35.94933","-86.68384","196.3","2026-04-03",,,,,,,"0.0",",,N","0.0",",,N",,,,,,,,,,,,,,,,,,,,,,
"US1TNWL0080","NOLENSVILLE 2.0 W, TN US","35.94933","-86.68384","196.3","2026-04-04",,,,,,,"0.0",",,N","0.0",",,N",,,,,,,,,,,,,,,,,,,,,,
"US1TNWL0080","NOLENSVILLE 2.0 W, TN US","35.94933","-86.68384","196.3","2026-04-05",,,,,,,"28.4",",,N",,,,,,,,,,,,,,,,,,,,,,,,
"US1TNWL0080","NOLENSVILLE 2.0 W, TN US","35.94933","-86.68384","196.3","2026-04-06",,,,,,,"0.0",",,N","0.0",",,N",,,,,,,,,,,,,,,,,,,,,,
"US1TNWL0080","NOLENSVILLE 2.0 W, TN US","35.94933","-86.68384","196.3","2026-04-07",,,,,,,"0.0",",,N","0.0",",,N",,,,,,,,,,,,,,,,,,,,,,
"US1TNWL0080","NOLENSVILLE 2.0 W, TN US","35.94933","-86.68384","196.3","2026-04-08",,,,,,,"0.0",",,N","0.0",",,N",,,,,,,,,,,,,,,,,,,,,,
"US1TNWL0080","NOLENSVILLE 2.0 W, TN US","35.94933","-86.68384","196.3","2026-04-09",,,,,,,"0.0",",,N","0.0",",,N",,,,,,,,,,,,,,,,,,,,,,
"US1TNWL0080","NOLENSVILLE 2.0 W, TN US","35.94933","-86.68384","196.3","2026-04-10",,,,,,,"0.0",",,N","0.0",",,N",,,,,,,,,,,,,,,,,,,,,,
"US1TNWL0080","NOLENSVILLE 2.0 W, TN US","35.94933","-86.68384","196.3","2026-04-11",,,,,,,"0.0",",,N","0.0",",,N",,,,,,,,,,,,,,,,,,,,,,
"US1TNWL0080","NOLENSVILLE 2.0 W, TN US","35.94933","-86.68384","196.3","2026-04-12",,,,,,,"0.0",",,N","0.0",",,N",,,,,,,,,,,,,,,,,,,,,,
"US1TNWL0080","NOLENSVILLE 2.0 W, TN US","35.94933","-86.68384","196.3","2026-04-13",,,,,,,"0.0",",,N","0.0",",,N",,,,,,,,,,,,,,,,,,,,,,
"US1TNWL0080","NOLENSVILLE 2.0 W, TN US","35.94933","-86.68384","196.3","2026-04-14",,,,,,,"0.0",",,N","0.0",",,N",,,,,,,,,,,,,,,,,,,,,,
"US1TNWL0080","NOLENSVILLE 2.0 W, TN US","35.94933","-86.68384","196.3","2026-04-15",,,,,,,"0.0",",,N","0.0",",,N",,,,,,,,,,,,,,,,,,,,,,
"US1TNWL0080","NOLENSVILLE 2.0 W, TN US","35.94933","-86.68384","196.3","2026-04-16",,,,,,,"0.0",",,N","0.0",",,N",,,,,,,,,,,,,,,,,,,,,,
"US1TNWL0080","NOLENSVILLE 2.0 W, TN US","35.94933","-86.68384","196.3","2026-04-17",,,,,,,"6.9",",,N",,,,,,,,,,,,,,,,,,,,,,,,
"US1TNWL0080","NOLENSVILLE 2.0 W, TN US","35.94933","-86.68384","196.3","2026-04-18",,,,,,,"0.0",",,N","0.0",",,N",,,,,,,,,,,,,,,,,,,,,,
"US1TNWL0080","NOLENSVILLE 2.0 W, TN US","35.94933","-86.68384","196.3","2026-04-19",,,,,,,"0.8",",,N",,,,,,,,,,,,,,,,,,,,,,,,
"US1TNWL0080","NOLENSVILLE 2.0 W, TN US","35.94933","-86.68384","196.3","2026-04-20",,,,,,,"0.0",",,N","0.0",",,N",,,,,,,,,,,,,,,,,,,,,,
"US1TNWL0080","NOLENSVILLE 2.0 W, TN US","35.94933","-86.68384","196.3","2026-04-21",,,,,,,"0.0",",,N","0.0",",,N",,,,,,,,,,,,,,,,,,,,,,
"US1TNWL0080","NOLENSVILLE 2.0 W, TN US","35.94933","-86.68384","196.3","2026-04-22",,,,,,,"0.0",",,N","0.0",",,N",,,,,,,,,,,,,,,,,,,,,,
"US1TNWL0080","NOLENSVILLE 2.0 W, TN US","35.94933","-86.68384","196.3","2026-04-23",,,,,,,"0.0",",,N","0.0",",,N",,,,,,,,,,,,,,,,,,,,,,
"US1TNWL0080","NOLENSVILLE 2.0 W, TN US","35.94933","-86.68384","196.3","2026-04-24",,,,,,,"0.0",",,N","0.0",",,N",,,,,,,,,,,,,,,,,,,,,,
"US1TNWL0080","NOLENSVILLE 2.0 W, TN US","35.94933","-86.68384","196.3","2026-04-25",,,,,,,"0.0",",,N","0.0",",,N",,,,,,,,,,,,,,,,,,,,,,
"US1TNWL0080","NOLENSVILLE 2.0 W, TN US","35.94933","-86.68384","196.3","2026-04-26",,,,,,,"0.0",",,N","0.0",",,N",,,,,,,,,,,,,,,,,,,,,,
"US1TNWL0080","NOLENSVILLE 2.0 W, TN US","35.94933","-86.68384","196.3","2026-04-27",,,,,,,"0.0",",,N","0.0",",,N",,,,,,,,,,,,,,,,,,,,,,
"US1TNWL0080","NOLENSVILLE 2.0 W, TN US","35.94933","-86.68384","196.3","2026-04-28",,,,,,,"9.9",",,N",,,,,,,,,,,,,,,,,,,,,,,,
"US1TNWL0080","NOLENSVILLE 2.0 W, TN US","35.94933","-86.68384","196.3","2026-04-29",,,,,,,"18.5",",,N",,,,,,,,,,,,,,,,,,,,,,,,
"US1TNRD0138","MURFREESBORO 3.4 WSW, TN US","35.8407","-86.45372","188.1","2026-04-01",,,,,,,"0.0",",,N","0.0",",,N",,,,,,,,,,,,,,,,,,,,,,
"US1TNRD0138","MURFREESBORO 3.4 WSW, TN US","35.8407","-86.45372","188.1","2026-04-02",,,,,,,"1.0",",,N",,,,,,,,,,,,,,,,,,,,,,,,
"US1TNRD0138","MURFREESBORO 3.4 WSW, TN US","35.8407","-86.45372","188.1","2026-04-03",,,,,,,"0.0",",,N","0.0",",,N",,,,,,,,,,,,,,,,,,,,,,
"US1TNRD0138","MURFREESBORO 3.4 WSW, TN US","35.8407","-86.45372","188.1","2026-04-04",,,,,,,"0.0",",,N","0.0",",,N",,,,,,,,,,,,,,,,,,,,,,
"US1TNRD0138","MURFREESBORO 3.4 WSW, TN US","35.8407","-86.45372","188.1","2026-04-05",,,,,,,"24.6",",,N",,,,,,,,,,,,,,,,,,,,,,,,
"US1TNRD0138","MURFREESBORO 3.4 WSW, TN US","35.8407","-86.45372","188.1","2026-04-06",,,,,,,"0.3",",,N",,,,,,,,,,,,,,,,,,,,,,,,
"US1TNRD0138","MURFREESBORO 3.4 WSW, TN US","35.8407","-86.45372","188.1","2026-04-07",,,,,,,"0.0",",,N","0.0",",,N",,,,,,,,,,,,,,,,,,,,,,
"US1TNRD0138","MURFREESBORO 3.4 WSW, TN US","35.8407","-86.45372","188.1","2026-04-08",,,,,,,"0.0",",,N","0.0",",,N",,,,,,,,,,,,,,,,,,,,,,
"US1TNRD0138","MURFREESBORO 3.4 WSW, TN US","35.8407","-86.45372","188.1","2026-04-09",,,,,,,"0.0",",,N","0.0",",,N",,,,,,,,,,,,,,,,,,,,,,
"US1TNRD0138","MURFREESBORO 3.4 WSW, TN US","35.8407","-86.45372","188.1","2026-04-11",,,,,,,"0.0",",,N","0.0",",,N",,,,,,,,,,,,,,,,,,,,,,
"US1TNRD0138","MURFREESBORO 3.4 WSW, TN US","35.8407","-86.45372","188.1","2026-04-13",,,,,,,"0.0",",,N","0.0",",,N",,,,,,,,,,,,,,,,,,,,,,
"US1TNRD0138","MURFREESBORO 3.4 WSW, TN US","35.8407","-86.45372","188.1","2026-04-14",,,,,,,"0.0",",,N","0.0",",,N",,,,,,,,,,,,,,,,,,,,,,
"US1TNRD0138","MURFREESBORO 3.4 WSW, TN US","35.8407","-86.45372","188.1","2026-04-15",,,,,,,"0.0",",,N","0.0",",,N",,,,,,,,,,,,,,,,,,,,,,
"US1TNRD0138","MURFREESBORO 3.4 WSW, TN US","35.8407","-86.45372","188.1","2026-04-16",,,,,,,"0.0",",,N","0.0",",,N",,,,,,,,,,,,,,,,,,,,,,
"US1TNRD0138","MURFREESBORO 3.4 WSW, TN US","35.8407","-86.45372","188.1","2026-04-17",,,,,,,"1.5",",,N",,,,,,,,,,,,,,,,,,,,,,,,
"US1TNRD0138","MURFREESBORO 3.4 WSW, TN US","35.8407","-86.45372","188.1","2026-04-19",,,,,,,"2.0",",,N",,,,,,,,,,,,,,,,,,,,,,,,
"US1TNRD0138","MURFREESBORO 3.4 WSW, TN US","35.8407","-86.45372","188.1","2026-04-20",,,,,,,"0.0","T,,N",,,,,,,,,,,,,,,,,,,,,,,,
"US1TNRD0138","MURFREESBORO 3.4 WSW, TN US","35.8407","-86.45372","188.1","2026-04-21",,,,,,,"0.0",",,N","0.0",",,N",,,,,,,,,,,,,,,,,,,,,,
"US1TNRD0138","MURFREESBORO 3.4 WSW, TN US","35.8407","-86.45372","188.1","2026-04-23",,,,,,,"0.0",",,N","0.0",",,N",,,,,,,,,,,,,,,,,,,,,,
"US1TNRD0138","MURFREESBORO 3.4 WSW, TN US","35.8407","-86.45372","188.1","2026-04-24",,,,,,,"0.0",",,N","0.0",",,N",,,,,,,,,,,,,,,,,,,,,,
"US1TNRD0138","MURFREESBORO 3.4 WSW, TN US","35.8407","-86.45372","188.1","2026-04-25",,,,,,,"0.0",",,N","0.0",",,N",,,,,,,,,,,,,,,,,,,,,,
"US1TNRD0138","MURFREESBORO 3.4 WSW, TN US","35.8407","-86.45372","188.1","2026-04-26",,,,,,,"0.5",",,N",,,,,,,,,,,,,,,,,,,,,,,,
"US1TNRD0138","MURFREESBORO 3.4 WSW, TN US","35.8407","-86.45372","188.1","2026-04-28",,,,,,,"11.9",",,N",,,,,,,,,,,,,,,,,,,,,,,,
"US1TNRD0138","MURFREESBORO 3.4 WSW, TN US","35.8407","-86.45372","188.1","2026-04-29",,,,,,,"13.0",",,N",,,,,,,,,,,,,,,,,,,,,,,,
"US1TNRD0138","MURFREESBORO 3.4 WSW, TN US","35.8407","-86.45372","188.1","2026-04-30",,,,,,,"0.3",",,N",,,,,,,,,,,,,,,,,,,,,,,,
"US1TNRB0003","SPRINGFIELD 1.9 WSW, TN US","36.493667","-86.911678","204.5","2026-04-01",,,,,,,"0.0",",,N","0.0",",,N",,,,,,,,,,,,,,,,,,,,,,
"US1TNRB0003","SPRINGFIELD 1.9 WSW, TN US","36.493667","-86.911678","204.5","2026-04-02",,,,,,,"0.0",",,N","0.0",",,N",,,,,,,,,,,,,,,,,,,,,,
"US1TNRB0003","SPRINGFIELD 1.9 WSW, TN US","36.493667","-86.911678","204.5","2026-04-03",,,,,,,"0.0",",,N","0.0",",,N",,,,,,,,,,,,,,,,,,,,,,
"US1TNRB0003","SPRINGFIELD 1.9 WSW, TN US","36.493667","-86.911678","204.5","2026-04-04",,,,,,,"0.0",",,N","0.0",",,N",,,,,,,,,,,,,,,,,,,,,,
"US1TNRB0003","SPRINGFIELD 1.9 WSW, TN US","36.493667","-86.911678","204.5","2026-04-05",,,,,,,"14.2",",,N",,,,,,,,,,,,,,,,,,,,,,,,
"US1TNRB0003","SPRINGFIELD 1.9 WSW, TN US","36.493667","-86.911678","204.5","2026-04-06",,,,,,,"0.0",",,N","0.0",",,N",,,,,,,,,,,,,,,,,,,,,,
"US1TNRB0003","SPRINGFIELD 1.9 WSW, TN US","36.493667","-86.911678","204.5","2026-04-07",,,,,,,"0.0",",,N","0.0",",,N",,,,,,,,,,,,,,,,,,,,,,
"US1TNRB0003","SPRINGFIELD 1.9 WSW, TN US","36.493667","-86.911678","204.5","2026-04-08",,,,,,,"0.0",",,N","0.0",",,N",,,,,,,,,,,,,,,,,,,,,,
"US1TNRB0003","SPRINGFIELD 1.9 WSW, TN US","36.493667","-86.911678","204.5","2026-04-09",,,,,,,"0.0",",,N","0.0",",,N",,,,,,,,,,,,,,,,,,,,,,
"US1TNRB0003","SPRINGFIELD 1.9 WSW, TN US","36.493667","-86.911678","204.5","2026-04-10",,,,,,,"0.0",",,N","0.0",",,N",,,,,,,,,,,,,,,,,,,,,,
"US1TNRB0003","SPRINGFIELD 1.9 WSW, TN US","36.493667","-86.911678","204.5","2026-04-11",,,,,,,"0.3",",,N",,,,,,,,,,,,,,,,,,,,,,,,
"US1TNRB0003","SPRINGFIELD 1.9 WSW, TN US","36.493667","-86.911678","204.5","2026-04-12",,,,,,,"0.0",",,N","0.0",",,N",,,,,,,,,,,,,,,,,,,,,,
"US1TNRB0003","SPRINGFIELD 1.9 WSW, TN US","36.493667","-86.911678","204.5","2026-04-13",,,,,,,"0.0",",,N","0.0",",,N",,,,,,,,,,,,,,,,,,,,,,
"US1TNRB0003","SPRINGFIELD 1.9 WSW, TN US","36.493667","-86.911678","204.5","2026-04-14",,,,,,,"1.8",",,N",,,,,,,,,,,,,,,,,,,,,,,,
"US1TNRB0003","SPRINGFIELD 1.9 WSW, TN US","36.493667","-86.911678","204.5","2026-04-15",,,,,,,"0.0",",,N","0.0",",,N",,,,,,,,,,,,,,,,,,,,,,
"US1TNRB0003","SPRINGFIELD 1.9 WSW, TN US","36.493667","-86.911678","204.5","2026-04-17",,,,,,,"8.6",",,N",,,,,,,,,,,,,,,,,,,,,,,,
"US1TNRB0003","SPRINGFIELD 1.9 WSW, TN US","36.493667","-86.911678","204.5","2026-04-18",,,,,,,"0.0",",,N","0.0",",,N",,,,,,,,,,,,,,,,,,,,,,
"US1TNRB0003","SPRINGFIELD 1.9 WSW, TN US","36.493667","-86.911678","204.5","2026-04-19",,,,,,,"3.6",",,N",,,,,,,,,,,,,,,,,,,,,,,,
"US1TNRB0003","SPRINGFIELD 1.9 WSW, TN US","36.493667","-86.911678","204.5","2026-04-20",,,,,,,"0.0",",,N","0.0",",,N",,,,,,,,,,,,,,,,,,,,,,
"US1TNRB0003","SPRINGFIELD 1.9 WSW, TN US","36.493667","-86.911678","204.5","2026-04-21",,,,,,,"0.0",",,N","0.0",",,N",,,,,,,,,,,,,,,,,,,,,,
"US1TNRB0003","SPRINGFIELD 1.9 WSW, TN US","36.493667","-86.911678","204.5","2026-04-22",,,,,,,"0.0",",,N","0.0",",,N",,,,,,,,,,,,,,,,,,,,,,
"US1TNRB0003","SPRINGFIELD 1.9 WSW, TN US","36.493667","-86.911678","204.5","2026-04-23",,,,,,,"0.0",",,N","0.0",",,N",,,,,,,,,,,,,,,,,,,,,,
"US1TNRB0003","SPRINGFIELD 1.9 WSW, TN US","36.493667","-86.911678","204.5","2026-04-24",,,,,,,"0.0",",,N","0.0",",,N",,,,,,,,,,,,,,,,,,,,,,
"US1TNRB0003","SPRINGFIELD 1.9 WSW, TN US","36.493667","-86.911678","204.5","2026-04-25",,,,,,,"3.6",",,N",,,,,,,,,,,,,,,,,,,,,,,,
"US1TNRB0003","SPRINGFIELD 1.9 WSW, TN US","36.493667","-86.911678","204.5","2026-04-26",,,,,,,"0.0",",,N","0.0",",,N",,,,,,,,,,,,,,,,,,,,,,
"US1TNRB0003","SPRINGFIELD 1.9 WSW, TN US","36.493667","-86.911678","204.5","2026-04-27",,,,,,,"0.0",",,N","0.0",",,N",,,,,,,,,,,,,,,,,,,,,,
"US1TNRB0003","SPRINGFIELD 1.9 WSW, TN US","36.493667","-86.911678","204.5","2026-04-28",,,,,,,"17.0",",,N",,,,,,,,,,,,,,,,,,,,,,,,
"US1TNRB0003","SPRINGFIELD 1.9 WSW, TN US","36.493667","-86.911678","204.5","2026-04-29",,,,,,,"13.7",",,N",,,,,,,,,,,,,,,,,,,,,,,,
"US1TNRB0003","SPRINGFIELD 1.9 WSW, TN US","36.493667","-86.911678","204.5","2026-04-30",,,,,,,"0.8",",,N",,,,,,,,,,,,,,,,,,,,,,,,
"USC00409709","WHITE HOUSE, TN US","36.4511","-86.6455","249.9","2026-04-01",,,,,,,"0.0",",,H,0800","0.0",",,H","0.0",",,H",,,"26.1",",,H","17.8",",,H","20.0",",,H,0800",,,,,,,,,,,,
"USC00409709","WHITE HOUSE, TN US","36.4511","-86.6455","249.9","2026-04-02",,,,,,,"0.0",",,H,0800","0.0",",,H","0.0",",,H",,,"27.2",",,H","18.9",",,H","18.9",",,H,0800",,,,,,,,,,,,
"USC00409709","WHITE HOUSE, TN US","36.4511","-86.6455","249.9","2026-04-03",,,,,,,"0.3",",,H,0800","0.0",",,H","0.0",",,H",,,"27.8",",,H","18.3",",,H","20.0",",,H,0800",,,,,,,,,,,,
"USC00409709","WHITE HOUSE, TN US","36.4511","-86.6455","249.9","2026-04-04",,,,,,,"0.0",",,H,0800","0.0",",,H","0.0",",,H",,,"29.4",",,H","18.3",",,H","21.7",",,H,0800",,,,,,,,,,,,
"USC00409709","WHITE HOUSE, TN US","36.4511","-86.6455","249.9","2026-04-05",,,,,,,"33.0",",,H,0800","0.0",",,H","0.0",",,H",,,"26.7",",,H","6.1",",,H","8.9",",,H,0800",,,,,,,,,,,,
"USC00409709","WHITE HOUSE, TN US","36.4511","-86.6455","249.9","2026-04-06",,,,,,,"0.0",",,H,0800","0.0",",,H","0.0",",,H",,,"16.7",",,H","2.8",",,H","3.3",",,H,0800",,,,,,,,,,,,
"USC00409709","WHITE HOUSE, TN US","36.4511","-86.6455","249.9","2026-04-07",,,,,,,"0.0",",,H,0800","0.0",",,H","0.0",",,H",,,"20.6",",,H","2.8",",,H","6.7",",,H,0800",,,,,,,,,,,,
"USC00409709","WHITE HOUSE, TN US","36.4511","-86.6455","249.9","2026-04-08",,,,,,,"0.0",",,H,0800","0.0",",,H","0.0",",,H",,,"17.8",",,H","5.0",",,H","5.0",",,H,0800",,,,,,,,,,,,
"USC00409709","WHITE HOUSE, TN US","36.4511","-86.6455","249.9","2026-04-09",,,,,,,"0.0",",,H,0800","0.0",",,H","0.0",",,H",,,"23.9",",,H","5.0",",,H","13.9",",,H,0800",,,,,,,,,,,,
"USC00409709","WHITE HOUSE, TN US","36.4511","-86.6455","249.9","2026-04-10",,,,,,,"0.0",",,H,0800","0.0",",,H","0.0",",,H",,,"23.9",",,H","11.7",",,H","12.8",",,H,0800",,,,,,,,,,,,
"USC00409709","WHITE HOUSE, TN US","36.4511","-86.6455","249.9","2026-04-11",,,,,,,"0.0",",,H,0800","0.0",",,H","0.0",",,H",,,"26.7",",,H","12.8",",,H","15.6",",,H,0800",,,,,,,,,,,,
"USC00409709","WHITE HOUSE, TN US","36.4511","-86.6455","249.9","2026-04-12",,,,,,,"0.0",",,H,0800","0.0",",,H","0.0",",,H",,,"25.6",",,H","11.1",",,H","15.6",",,H,0800",,,,,,,,,,,,
"USC00409709","WHITE HOUSE, TN US","36.4511","-86.6455","249.9","2026-04-13",,,,,,,"0.0",",,H,0800","0.0",",,H","0.0",",,H",,,"28.3",",,H","15.6",",,H","20.0",",,H,0800",,,,,,,,,,,,
"USC00409709","WHITE HOUSE, TN US","36.4511","-86.6455","249.9","2026-04-14",,,,,,,"1.8",",,H,0800","0.0",",,H","0.0",",,H",,,"24.4",",,H","17.2",",,H","17.2",",,H,0800",,,,,,,,,,,,
"USC00409709","WHITE HOUSE, TN US","36.4511","-86.6455","249.9","2026-04-15",,,,,,,"0.0",",,H,0800","0.0",",,H","0.0",",,H",,,"27.2",",,H","17.2",",,H","17.2",",,H,0800",,,,,,,,,,,,
"USC00409709","WHITE HOUSE, TN US","36.4511","-86.6455","249.9","2026-04-16",,,,,,,"0.0",",,H,0800","0.0",",,H","0.0",",,H",,,"28.9",",,H","17.2",",,H","24.4",",,H,0800",,,,,,,,,,,,
"USC00409709","WHITE HOUSE, TN US","36.4511","-86.6455","249.9","2026-04-17",,,,,,,"7.9",",,H,0800","0.0",",,H","0.0",",,H",,,"27.8",",,H","13.3",",,H","13.9",",,H,0800",,,,,,,,,,,,
"USC00409709","WHITE HOUSE, TN US","36.4511","-86.6455","249.9","2026-04-18",,,,,,,"0.0",",,H,0800","0.0",",,H","0.0",",,H",,,"28.3",",,H","13.9",",,H","20.0",",,H,0800",,,,,,,,,,,,
"USC00409709","WHITE HOUSE, TN US","36.4511","-86.6455","249.9","2026-04-19",,,,,,,"0.8",",,H,0800","0.0",",,H","0.0",",,H",,,"22.2",",,H","5.0",",,H","5.0",",,H,0800",,,,,,,,,,,,
"USC00409709","WHITE HOUSE, TN US","36.4511","-86.6455","249.9","2026-04-20",,,,,,,"0.0",",,H,0800","0.0",",,H","0.0",",,H",,,"18.3",",,H","5.0",",,H","6.7",",,H,0800",,,,,,,,,,,,
"USC00409709","WHITE HOUSE, TN US","36.4511","-86.6455","249.9","2026-04-21",,,,,,,"0.0",",,H,0800","0.0",",,H","0.0",",,H",,,"21.1",",,H","6.7",",,H","14.4",",,H,0800",,,,,,,,,,,,
"USC00409709","WHITE HOUSE, TN US","36.4511","-86.6455","249.9","2026-04-22",,,,,,,"0.0",",,H,0800","0.0",",,H","0.0",",,H",,,"26.7",",,H","13.9",",,H","14.4",",,H,0800",,,,,,,,,,,,
"USC00409709","WHITE HOUSE, TN US","36.4511","-86.6455","249.9","2026-04-23",,,,,,,"0.0",",,H,0800","0.0",",,H","0.0",",,H",,,"27.2",",,H","10.6",",,H","17.8",",,H,0800",,,,,,,,,,,,
"USC00409709","WHITE HOUSE, TN US","36.4511","-86.6455","249.9","2026-04-24",,,,,,,"0.0",",,H,0800","0.0",",,H","0.0",",,H",,,"27.8",",,H","14.4",",,H","15.0",",,H,0800",,,,,,,,,,,,
"USC00409709","WHITE HOUSE, TN US","36.4511","-86.6455","249.9","2026-04-25",,,,,,,"0.3",",,H,0800","0.0",",,H","0.0",",,H",,,"26.7",",,H","15.0",",,H","26.1",",,H,0800",,,,,,,,,,,,
"USC00409709","WHITE HOUSE, TN US","36.4511","-86.6455","249.9","2026-04-26",,,,,,,"0.0",",,H,0800","0.0",",,H","0.0",",,H",,,"26.1",",,H","11.1",",,H","24.4",",,H,0800",,,,,,,,,,,,
"USC00409709","WHITE HOUSE, TN US","36.4511","-86.6455","249.9","2026-04-27",,,,,,,"0.0",",,H,0800","0.0",",,H","0.0",",,H",,,"27.8",",,H","16.1",",,H","17.2",",,H,0800",,,,,,,,,,,,
"USC00409709","WHITE HOUSE, TN US","36.4511","-86.6455","249.9","2026-04-28",,,,,,,"21.3",",,H,0800","0.0",",,H","0.0",",,H",,,"27.8",",,H","16.7",",,H","17.2",",,H,0800",,,,,,,,,,,,
"USC00409709","WHITE HOUSE, TN US","36.4511","-86.6455","249.9","2026-04-29",,,,,,,"14.0",",,H,0800","0.0",",,H","0.0",",,H",,,"26.7",",,H","16.7",",,H","17.2",",,H,0800",,,,,,,,,,,,
"USC00409709","WHITE HOUSE, TN US","36.4511","-86.6455","249.9","2026-04-30",,,,,,,"0.0",",,H,0800","0.0",",,H","0.0",",,H",,,"20.6",",,H","8.9",",,H","8.9",",,H,0800",,,,,,,,,,,,
"US1TNWL0116","FRANKLIN 8.5 SSE, TN US","35.8209004","-86.7701808","249.0","2026-04-17",,,,,,,"7.6",",,N",,,,,,,,,,,,,,,,,,,,,,,,
"US1TNWL0116","FRANKLIN 8.5 SSE, TN US","35.8209004","-86.7701808","249.0","2026-04-29",,,"    3",",,N","29.2",",,N",,,,,,,,,,,,,,,,,,,,,,,,,,
"US1TNDV0108","BRENTWOOD 2.8 NNE, TN US","36.035345","-86.770678","211.2","2026-04-05",,,,,,,"29.7",",,N",,,,,,,,,,,,,,,,,,,,,,,,
"US1TNDV0108","BRENTWOOD 2.8 NNE, TN US","36.035345","-86.770678","211.2","2026-04-17",,,,,,,"6.6",",,N",,,,,,,,,,,,,,,,,,,,,,,,
"US1TNDV0108","BRENTWOOD 2.8 NNE, TN US","36.035345","-86.770678","211.2","2026-04-19",,,,,,,"1.0",",,N",,,,,,,,,,,,,,,,,,,,,,,,
"US1TNDV0108","BRENTWOOD 2.8 NNE, TN US","36.035345","-86.770678","211.2","2026-04-28",,,,,,,"19.1",",,N",,,,,,,,,,,,,,,,,,,,,,,,
"US1TNDV0108","BRENTWOOD 2.8 NNE, TN US","36.035345","-86.770678","211.2","2026-04-29",,,,,,,"17.3",",,N",,,,,,,,,,,,,,,,,,,,,,,,
"US1TNWL0117","NOLENSVILLE 3.0 WNW, TN US","35.963223","-86.698889","224.3","2026-04-01",,,,,,,"0.0",",,N","0.0",",,N",,,,,,,,,,,,,,,,,,,,,,
"US1TNWL0117","NOLENSVILLE 3.0 WNW, TN US","35.963223","-86.698889","224.3","2026-04-02",,,,,,,"0.0",",,N","0.0",",,N",,,,,,,,,,,,,,,,,,,,,,
"US1TNWL0117","NOLENSVILLE 3.0 WNW, TN US","35.963223","-86.698889","224.3","2026-04-03",,,,,,,"0.0",",,N","0.0",",,N",,,,,,,,,,,,,,,,,,,,,,
"US1TNWL0117","NOLENSVILLE 3.0 WNW, TN US","35.963223","-86.698889","224.3","2026-04-04",,,,,,,"0.0",",,N","0.0",",,N",,,,,,,,,,,,,,,,,,,,,,
"US1TNWL0117","NOLENSVILLE 3.0 WNW, TN US","35.963223","-86.698889","224.3","2026-04-05",,,,,,,"29.2",",,N",,,,,,,,,,,,,,,,,,,,,,,,
"US1TNWL0117","NOLENSVILLE 3.0 WNW, TN US","35.963223","-86.698889","224.3","2026-04-06",,,,,,,"0.0",",,N","0.0",",,N",,,,,,,,,,,,,,,,,,,,,,
"US1TNWL0117","NOLENSVILLE 3.0 WNW, TN US","35.963223","-86.698889","224.3","2026-04-07",,,,,,,"0.0",",,N","0.0",",,N",,,,,,,,,,,,,,,,,,,,,,
"US1TNWL0117","NOLENSVILLE 3.0 WNW, TN US","35.963223","-86.698889","224.3","2026-04-08",,,,,,,"0.0",",,N","0.0",",,N",,,,,,,,,,,,,,,,,,,,,,
"US1TNWL0117","NOLENSVILLE 3.0 WNW, TN US","35.963223","-86.698889","224.3","2026-04-09",,,,,,,"0.0",",,N","0.0",",,N",,,,,,,,,,,,,,,,,,,,,,
"US1TNWL0117","NOLENSVILLE 3.0 WNW, TN US","35.963223","-86.698889","224.3","2026-04-10",,,,,,,"0.0",",,N","0.0",",,N",,,,,,,,,,,,,,,,,,,,,,
"US1TNWL0117","NOLENSVILLE 3.0 WNW, TN US","35.963223","-86.698889","224.3","2026-04-11",,,,,,,"0.0",",,N","0.0",",,N",,,,,,,,,,,,,,,,,,,,,,
"US1TNWL0117","NOLENSVILLE 3.0 WNW, TN US","35.963223","-86.698889","224.3","2026-04-12",,,,,,,"0.0",",,N","0.0",",,N",,,,,,,,,,,,,,,,,,,,,,
"US1TNWL0117","NOLENSVILLE 3.0 WNW, TN US","35.963223","-86.698889","224.3","2026-04-13",,,,,,,"0.0",",,N","0.0",",,N",,,,,,,,,,,,,,,,,,,,,,
"US1TNWL0117","NOLENSVILLE 3.0 WNW, TN US","35.963223","-86.698889","224.3","2026-04-14",,,,,,,"0.3",",,N",,,,,,,,,,,,,,,,,,,,,,,,
"US1TNWL0117","NOLENSVILLE 3.0 WNW, TN US","35.963223","-86.698889","224.3","2026-04-15",,,,,,,"0.0",",,N","0.0",",,N",,,,,,,,,,,,,,,,,,,,,,
"US1TNWL0117","NOLENSVILLE 3.0 WNW, TN US","35.963223","-86.698889","224.3","2026-04-16",,,,,,,"0.0",",,N","0.0",",,N",,,,,,,,,,,,,,,,,,,,,,
"US1TNWL0117","NOLENSVILLE 3.0 WNW, TN US","35.963223","-86.698889","224.3","2026-04-17",,,,,,,"6.9",",,N",,,,,,,,,,,,,,,,,,,,,,,,
"US1TNWL0117","NOLENSVILLE 3.0 WNW, TN US","35.963223","-86.698889","224.3","2026-04-25",,,"    6",",,N","0.0",",,N",,,,,,,,,,,,,,,,,,,,,,,,,,
"US1TNWL0117","NOLENSVILLE 3.0 WNW, TN US","35.963223","-86.698889","224.3","2026-04-26",,,,,,,"0.0","T,,N","0.0",",,N",,,,,,,,,,,,,,,,,,,,,,
"US1TNWL0117","NOLENSVILLE 3.0 WNW, TN US","35.963223","-86.698889","224.3","2026-04-27",,,,,,,"0.0",",,N","0.0",",,N",,,,,,,,,,,,,,,,,,,,,,
"US1TNWL0117","NOLENSVILLE 3.0 WNW, TN US","35.963223","-86.698889","224.3","2026-04-28",,,,,,,"10.9",",,N",,,,,,,,,,,,,,,,,,,,,,,,
"US1TNWL0117","NOLENSVILLE 3.0 WNW, TN US","35.963223","-86.698889","224.3","2026-04-29",,,,,,,"17.8",",,N",,,,,,,,,,,,,,,,,,,,,,,,
"US1TNWL0117","NOLENSVILLE 3.0 WNW, TN US","35.963223","-86.698889","224.3","2026-04-30",,,,,,,"0.3",",,N",,,,,,,,,,,,,,,,,,,,,,,,
"US1TNWL0118","PRIMM SPRINGS 4.8 NE, TN US","35.872831","-87.195621","257.6","2026-04-01",,,,,,,"0.0",",,N","0.0",",,N",,,,,,,,,,,,,,,,,,,,,,
"US1TNWL0118","PRIMM SPRINGS 4.8 NE, TN US","35.872831","-87.195621","257.6","2026-04-02",,,,,,,"0.0",",,N","0.0",",,N",,,,,,,,,,,,,,,,,,,,,,
"US1TNWL0118","PRIMM SPRINGS 4.8 NE, TN US","35.872831","-87.195621","257.6","2026-04-03",,,,,,,"0.0",",,N","0.0",",,N",,,,,,,,,,,,,,,,,,,,,,
"US1TNWL0118","PRIMM SPRINGS 4.8 NE, TN US","35.872831","-87.195621","257.6","2026-04-04",,,,,,,"0.0",",,N","0.0",",,N",,,,,,,,,,,,,,,,,,,,,,
"US1TNWL0118","PRIMM SPRINGS 4.8 NE, TN US","35.872831","-87.195621","257.6","2026-04-05",,,,,,,"32.8",",,N",,,,,,,,,,,,,,,,,,,,,,,,
"US1TNWL0118","PRIMM SPRINGS 4.8 NE, TN US","35.872831","-87.195621","257.6","2026-04-06",,,,,,,"0.0",",,N","0.0",",,N",,,,,,,,,,,,,,,,,,,,,,
"US1TNWL0118","PRIMM SPRINGS 4.8 NE, TN US","35.872831","-87.195621","257.6","2026-04-07",,,,,,,"0.0",",,N","0.0",",,N",,,,,,,,,,,,,,,,,,,,,,
"US1TNWL0118","PRIMM SPRINGS 4.8 NE, TN US","35.872831","-87.195621","257.6","2026-04-08",,,,,,,"0.0",",,N","0.0",",,N",,,,,,,,,,,,,,,,,,,,,,
"US1TNWL0118","PRIMM SPRINGS 4.8 NE, TN US","35.872831","-87.195621","257.6","2026-04-09",,,,,,,"0.0",",,N","0.0",",,N",,,,,,,,,,,,,,,,,,,,,,
"US1TNWL0118","PRIMM SPRINGS 4.8 NE, TN US","35.872831","-87.195621","257.6","2026-04-10",,,,,,,"0.0",",,N","0.0",",,N",,,,,,,,,,,,,,,,,,,,,,
"US1TNWL0118","PRIMM SPRINGS 4.8 NE, TN US","35.872831","-87.195621","257.6","2026-04-11",,,,,,,"0.0",",,N","0.0",",,N",,,,,,,,,,,,,,,,,,,,,,
"US1TNWL0118","PRIMM SPRINGS 4.8 NE, TN US","35.872831","-87.195621","257.6","2026-04-12",,,,,,,"0.0",",,N","0.0",",,N",,,,,,,,,,,,,,,,,,,,,,
"US1TNWL0118","PRIMM SPRINGS 4.8 NE, TN US","35.872831","-87.195621","257.6","2026-04-13",,,,,,,"0.0",",,N","0.0",",,N",,,,,,,,,,,,,,,,,,,,,,
"US1TNWL0118","PRIMM SPRINGS 4.8 NE, TN US","35.872831","-87.195621","257.6","2026-04-14",,,,,,,"1.0",",,N",,,,,,,,,,,,,,,,,,,,,,,,
"US1TNWL0118","PRIMM SPRINGS 4.8 NE, TN US","35.872831","-87.195621","257.6","2026-04-15",,,,,,,"0.0",",,N","0.0",",,N",,,,,,,,,,,,,,,,,,,,,,
"US1TNWL0118","PRIMM SPRINGS 4.8 NE, TN US","35.872831","-87.195621","257.6","2026-04-16",,,,,,,"0.0",",,N","0.0",",,N",,,,,,,,,,,,,,,,,,,,,,
"US1TNWL0118","PRIMM SPRINGS 4.8 NE, TN US","35.872831","-87.195621","257.6","2026-04-17",,,,,,,"5.8",",,N",,,,,,,,,,,,,,,,,,,,,,,,
"US1TNWL0118","PRIMM SPRINGS 4.8 NE, TN US","35.872831","-87.195621","257.6","2026-04-18",,,,,,,"0.0",",,N","0.0",",,N",,,,,,,,,,,,,,,,,,,,,,
"US1TNWL0118","PRIMM SPRINGS 4.8 NE, TN US","35.872831","-87.195621","257.6","2026-04-19",,,,,,,"0.5",",,N",,,,,,,,,,,,,,,,,,,,,,,,
"US1TNWL0118","PRIMM SPRINGS 4.8 NE, TN US","35.872831","-87.195621","257.6","2026-04-20",,,,,,,"0.0",",,N","0.0",",,N",,,,,,,,,,,,,,,,,,,,,,
"US1TNWL0118","PRIMM SPRINGS 4.8 NE, TN US","35.872831","-87.195621","257.6","2026-04-21",,,,,,,"0.0",",,N","0.0",",,N",,,,,,,,,,,,,,,,,,,,,,
"US1TNWL0118","PRIMM SPRINGS 4.8 NE, TN US","35.872831","-87.195621","257.6","2026-04-22",,,,,,,"0.0",",,N","0.0",",,N",,,,,,,,,,,,,,,,,,,,,,
"US1TNWL0118","PRIMM SPRINGS 4.8 NE, TN US","35.872831","-87.195621","257.6","2026-04-23",,,,,,,"0.0",",,N","0.0",",,N",,,,,,,,,,,,,,,,,,,,,,
"US1TNWL0118","PRIMM SPRINGS 4.8 NE, TN US","35.872831","-87.195621","257.6","2026-04-24",,,,,,,"0.0",",,N","0.0",",,N",,,,,,,,,,,,,,,,,,,,,,
"US1TNWL0118","PRIMM SPRINGS 4.8 NE, TN US","35.872831","-87.195621","257.6","2026-04-25",,,,,,,"0.3",",,N",,,,,,,,,,,,,,,,,,,,,,,,
"US1TNWL0118","PRIMM SPRINGS 4.8 NE, TN US","35.872831","-87.195621","257.6","2026-04-26",,,,,,,"0.0",",,N","0.0",",,N",,,,,,,,,,,,,,,,,,,,,,
"US1TNWL0118","PRIMM SPRINGS 4.8 NE, TN US","35.872831","-87.195621","257.6","2026-04-27",,,,,,,"0.0",",,N","0.0",",,N",,,,,,,,,,,,,,,,,,,,,,
"US1TNWL0118","PRIMM SPRINGS 4.8 NE, TN US","35.872831","-87.195621","257.6","2026-04-28",,,,,,,"17.3",",,N",,,,,,,,,,,,,,,,,,,,,,,,
"US1TNWL0118","PRIMM SPRINGS 4.8 NE, TN US","35.872831","-87.195621","257.6","2026-04-29",,,,,,,"23.6",",,N",,,,,,,,,,,,,,,,,,,,,,,,
"US1TNWL0112","EAGLEVILLE 7.1 WNW, TN US","35.77644","-86.77194","277.4","2026-04-01",,,,,,,"0.0",",,N","0.0",",,N","0.0",",,N",,,,,,,,,,,,,"0.0",",,N","0.0",",,N",,,,
"US1TNWL0112","EAGLEVILLE 7.1 WNW, TN US","35.77644","-86.77194","277.4","2026-04-02",,,,,,,"0.0",",,N","0.0",",,N","0.0",",,N",,,,,,,,,,,,,"0.0",",,N","0.0",",,N",,,,
"US1TNWL0112","EAGLEVILLE 7.1 WNW, TN US","35.77644","-86.77194","277.4","2026-04-03",,,,,,,"0.0",",,N","0.0",",,N","0.0",",,N",,,,,,,,,,,,,"0.0",",,N","0.0",",,N",,,,
"US1TNWL0112","EAGLEVILLE 7.1 WNW, TN US","35.77644","-86.77194","277.4","2026-04-04",,,,,,,"0.0",",,N","0.0",",,N","0.0",",,N",,,,,,,,,,,,,"0.0",",,N","0.0",",,N",,,,
"US1TNWL0112","EAGLEVILLE 7.1 WNW, TN US","35.77644","-86.77194","277.4","2026-04-05",,,,,,,"25.7",",,N","0.0",",,N","0.0",",,N",,,,,,,,,,,,,"0.0",",,N","0.0",",,N",,,,
"US1TNWL0112","EAGLEVILLE 7.1 WNW, TN US","35.77644","-86.77194","277.4","2026-04-06",,,,,,,"0.0",",,N","0.0",",,N","0.0",",,N",,,,,,,,,,,,,"0.0",",,N","0.0",",,N",,,,
"US1TNWL0112","EAGLEVILLE 7.1 WNW, TN US","35.77644","-86.77194","277.4","2026-04-07",,,,,,,"0.0",",,N","0.0",",,N","0.0",",,N",,,,,,,,,,,,,"0.0",",,N","0.0",",,N",,,,
"US1TNWL0112","EAGLEVILLE 7.1 WNW, TN US","35.77644","-86.77194","277.4","2026-04-08",,,,,,,"0.0",",,N","0.0",",,N","0.0",",,N",,,,,,,,,,,,,"0.0",",,N","0.0",",,N",,,,
"US1TNWL0112","EAGLEVILLE 7.1 WNW, TN US","35.77644","-86.77194","277.4","2026-04-09",,,,,,,"0.0",",,N","0.0",",,N","0.0",",,N",,,,,,,,,,,,,"0.0",",,N","0.0",",,N",,,,
"US1TNWL0112","EAGLEVILLE 7.1 WNW, TN US","35.77644","-86.77194","277.4","2026-04-10",,,,,,,"0.0",",,N","0.0",",,N","0.0",",,N",,,,,,,,,,,,,"0.0",",,N","0.0",",,N",,,,
"US1TNWL0112","EAGLEVILLE 7.1 WNW, TN US","35.77644","-86.77194","277.4","2026-04-11",,,,,,,"0.0",",,N","0.0",",,N","0.0",",,N",,,,,,,,,,,,,"0.0",",,N","0.0",",,N",,,,
"US1TNWL0112","EAGLEVILLE 7.1 WNW, TN US","35.77644","-86.77194","277.4","2026-04-12",,,,,,,"0.0",",,N","0.0",",,N","0.0",",,N",,,,,,,,,,,,,"0.0",",,N","0.0",",,N",,,,
"US1TNWL0112","EAGLEVILLE 7.1 WNW, TN US","35.77644","-86.77194","277.4","2026-04-13",,,,,,,"0.0",",,N","0.0",",,N","0.0",",,N",,,,,,,,,,,,,"0.0",",,N","0.0",",,N",,,,
"US1TNWL0112","EAGLEVILLE 7.1 WNW, TN US","35.77644","-86.77194","277.4","2026-04-14",,,,,,,"0.0",",,N","0.0",",,N","0.0",",,N",,,,,,,,,,,,,"0.0",",,N","0.0",",,N",,,,
"US1TNWL0112","EAGLEVILLE 7.1 WNW, TN US","35.77644","-86.77194","277.4","2026-04-15",,,,,,,"0.0",",,N","0.0",",,N","0.0",",,N",,,,,,,,,,,,,"0.0",",,N","0.0",",,N",,,,
"US1TNWL0112","EAGLEVILLE 7.1 WNW, TN US","35.77644","-86.77194","277.4","2026-04-16",,,,,,,"0.0",",,N","0.0",",,N","0.0",",,N",,,,,,,,,,,,,"0.0",",,N","0.0",",,N",,,,
"US1TNWL0112","EAGLEVILLE 7.1 WNW, TN US","35.77644","-86.77194","277.4","2026-04-17",,,,,,,"3.0",",,N","0.0",",,N","0.0",",,N",,,,,,,,,,,,,"0.0",",,N","0.0",",,N",,,,
"US1TNWL0112","EAGLEVILLE 7.1 WNW, TN US","35.77644","-86.77194","277.4","2026-04-18",,,,,,,"0.0",",,N","0.0",",,N","0.0",",,N",,,,,,,,,,,,,"0.0",",,N","0.0",",,N",,,,
"US1TNWL0112","EAGLEVILLE 7.1 WNW, TN US","35.77644","-86.77194","277.4","2026-04-19",,,,,,,"1.0",",,N","0.0",",,N","0.0",",,N",,,,,,,,,,,,,"0.0",",,N","0.0",",,N",,,,
"US1TNWL0112","EAGLEVILLE 7.1 WNW, TN US","35.77644","-86.77194","277.4","2026-04-20",,,,,,,"0.0",",,N","0.0",",,N","0.0",",,N",,,,,,,,,,,,,"0.0",",,N","0.0",",,N",,,,
"US1TNWL0112","EAGLEVILLE 7.1 WNW, TN US","35.77644","-86.77194","277.4","2026-04-21",,,,,,,"0.0",",,N","0.0",",,N","0.0",",,N",,,,,,,,,,,,,"0.0",",,N","0.0",",,N",,,,
"US1TNWL0112","EAGLEVILLE 7.1 WNW, TN US","35.77644","-86.77194","277.4","2026-04-22",,,,,,,"0.0",",,N","0.0",",,N","0.0",",,N",,,,,,,,,,,,,"0.0",",,N","0.0",",,N",,,,
"US1TNWL0112","EAGLEVILLE 7.1 WNW, TN US","35.77644","-86.77194","277.4","2026-04-23",,,,,,,"0.0",",,N","0.0",",,N","0.0",",,N",,,,,,,,,,,,,"0.0",",,N","0.0",",,N",,,,
"US1TNWL0112","EAGLEVILLE 7.1 WNW, TN US","35.77644","-86.77194","277.4","2026-04-24",,,,,,,"0.0",",,N","0.0",",,N","0.0",",,N",,,,,,,,,,,,,"0.0",",,N","0.0",",,N",,,,
"US1TNWL0112","EAGLEVILLE 7.1 WNW, TN US","35.77644","-86.77194","277.4","2026-04-25",,,,,,,"0.0",",,N","0.0",",,N","0.0",",,N",,,,,,,,,,,,,"0.0",",,N","0.0",",,N",,,,
"US1TNWL0112","EAGLEVILLE 7.1 WNW, TN US","35.77644","-86.77194","277.4","2026-04-26",,,,,,,"0.0","T,,N","0.0",",,N","0.0",",,N",,,,,,,,,,,,,"0.0",",,N","0.0",",,N",,,,
"US1TNWL0112","EAGLEVILLE 7.1 WNW, TN US","35.77644","-86.77194","277.4","2026-04-27",,,,,,,"0.0",",,N","0.0",",,N","0.0",",,N",,,,,,,,,,,,,"0.0",",,N","0.0",",,N",,,,
"US1TNWL0112","EAGLEVILLE 7.1 WNW, TN US","35.77644","-86.77194","277.4","2026-04-28",,,,,,,"21.3",",,N","0.0",",,N","0.0",",,N",,,,,,,,,,,,,"0.0",",,N","0.0",",,N",,,,
"US1TNWL0112","EAGLEVILLE 7.1 WNW, TN US","35.77644","-86.77194","277.4","2026-04-29",,,,,,,"21.1",",,N","0.0",",,N","0.0",",,N",,,,,,,,,,,,,"0.0",",,N","0.0",",,N",,,,
"US1TNWL0112","EAGLEVILLE 7.1 WNW, TN US","35.77644","-86.77194","277.4","2026-04-30",,,,,,,"0.5",",,N","0.0",",,N","0.0",",,N",,,,,,,,,,,,,"0.0",",,N","0.0",",,N",,,,
"US1TNWN0120","MOUNT JULIET 3.0 NE, TN US","36.2382099","-86.485716","175.3","2026-04-01",,,,,,,"0.0",",,N","0.0",",,N",,,,,,,,,,,,,,,,,,,,,,
"US1TNWN0120","MOUNT JULIET 3.0 NE, TN US","36.2382099","-86.485716","175.3","2026-04-02",,,,,,,"0.0",",,N","0.0",",,N",,,,,,,,,,,,,,,,,,,,,,
"US1TNWN0120","MOUNT JULIET 3.0 NE, TN US","36.2382099","-86.485716","175.3","2026-04-03",,,,,,,"0.0",",,N","0.0",",,N",,,,,,,,,,,,,,,,,,,,,,
"US1TNWN0120","MOUNT JULIET 3.0 NE, TN US","36.2382099","-86.485716","175.3","2026-04-04",,,,,,,"0.0",",,N","0.0",",,N",,,,,,,,,,,,,,,,,,,,,,
"US1TNWN0120","MOUNT JULIET 3.0 NE, TN US","36.2382099","-86.485716","175.3","2026-04-05",,,,,,,"24.4",",,N",,,,,,,,,,,,,,,,,,,,,,,,
"US1TNWN0120","MOUNT JULIET 3.0 NE, TN US","36.2382099","-86.485716","175.3","2026-04-06",,,,,,,"0.0",",,N","0.0",",,N",,,,,,,,,,,,,,,,,,,,,,
"US1TNWN0120","MOUNT JULIET 3.0 NE, TN US","36.2382099","-86.485716","175.3","2026-04-07",,,,,,,"0.0",",,N","0.0",",,N",,,,,,,,,,,,,,,,,,,,,,
"US1TNWN0120","MOUNT JULIET 3.0 NE, TN US","36.2382099","-86.485716","175.3","2026-04-08",,,,,,,"0.0",",,N","0.0",",,N",,,,,,,,,,,,,,,,,,,,,,
"US1TNWN0120","MOUNT JULIET 3.0 NE, TN US","36.2382099","-86.485716","175.3","2026-04-09",,,,,,,"0.0",",,N","0.0",",,N",,,,,,,,,,,,,,,,,,,,,,
"US1TNWN0120","MOUNT JULIET 3.0 NE, TN US","36.2382099","-86.485716","175.3","2026-04-10",,,,,,,"0.0",",,N","0.0",",,N",,,,,,,,,,,,,,,,,,,,,,
"US1TNWN0120","MOUNT JULIET 3.0 NE, TN US","36.2382099","-86.485716","175.3","2026-04-11",,,,,,,"0.0",",,N","0.0",",,N",,,,,,,,,,,,,,,,,,,,,,
"US1TNWN0120","MOUNT JULIET 3.0 NE, TN US","36.2382099","-86.485716","175.3","2026-04-12",,,,,,,"0.0",",,N","0.0",",,N",,,,,,,,,,,,,,,,,,,,,,
"US1TNWN0120","MOUNT JULIET 3.0 NE, TN US","36.2382099","-86.485716","175.3","2026-04-13",,,,,,,"0.3",",,N",,,,,,,,,,,,,,,,,,,,,,,,
"US1TNWN0120","MOUNT JULIET 3.0 NE, TN US","36.2382099","-86.485716","175.3","2026-04-14",,,,,,,"1.3",",,N",,,,,,,,,,,,,,,,,,,,,,,,
"US1TNWN0120","MOUNT JULIET 3.0 NE, TN US","36.2382099","-86.485716","175.3","2026-04-15",,,,,,,"0.0",",,N","0.0",",,N",,,,,,,,,,,,,,,,,,,,,,
"US1TNWN0120","MOUNT JULIET 3.0 NE, TN US","36.2382099","-86.485716","175.3","2026-04-16",,,,,,,"0.0",",,N","0.0",",,N",,,,,,,,,,,,,,,,,,,,,,
"US1TNWN0120","MOUNT JULIET 3.0 NE, TN US","36.2382099","-86.485716","175.3","2026-04-17",,,,,,,"8.4",",,N",,,,,,,,,,,,,,,,,,,,,,,,
"US1TNWN0120","MOUNT JULIET 3.0 NE, TN US","36.2382099","-86.485716","175.3","2026-04-18",,,,,,,"0.0",",,N","0.0",",,N",,,,,,,,,,,,,,,,,,,,,,
"US1TNWN0120","MOUNT JULIET 3.0 NE, TN US","36.2382099","-86.485716","175.3","2026-04-19",,,,,,,"0.8",",,N",,,,,,,,,,,,,,,,,,,,,,,,
"US1TNWN0120","MOUNT JULIET 3.0 NE, TN US","36.2382099","-86.485716","175.3","2026-04-20",,,,,,,"0.0",",,N","0.0",",,N",,,,,,,,,,,,,,,,,,,,,,
"US1TNWN0120","MOUNT JULIET 3.0 NE, TN US","36.2382099","-86.485716","175.3","2026-04-21",,,,,,,"0.0",",,N","0.0",",,N",,,,,,,,,,,,,,,,,,,,,,
"US1TNWN0120","MOUNT JULIET 3.0 NE, TN US","36.2382099","-86.485716","175.3","2026-04-22",,,,,,,"0.0",",,N","0.0",",,N",,,,,,,,,,,,,,,,,,,,,,
"US1TNWN0120","MOUNT JULIET 3.0 NE, TN US","36.2382099","-86.485716","175.3","2026-04-23",,,,,,,"0.0",",,N","0.0",",,N",,,,,,,,,,,,,,,,,,,,,,
"US1TNWN0120","MOUNT JULIET 3.0 NE, TN US","36.2382099","-86.485716","175.3","2026-04-24",,,,,,,"0.0",",,N","0.0",",,N",,,,,,,,,,,,,,,,,,,,,,
"US1TNWN0120","MOUNT JULIET 3.0 NE, TN US","36.2382099","-86.485716","175.3","2026-04-25",,,,,,,"0.0",",,N","0.0",",,N",,,,,,,,,,,,,,,,,,,,,,
"US1TNWN0120","MOUNT JULIET 3.0 NE, TN US","36.2382099","-86.485716","175.3","2026-04-26",,,,,,,"0.0",",,N","0.0",",,N",,,,,,,,,,,,,,,,,,,,,,
"US1TNWN0120","MOUNT JULIET 3.0 NE, TN US","36.2382099","-86.485716","175.3","2026-04-27",,,,,,,"0.0",",,N","0.0",",,N",,,,,,,,,,,,,,,,,,,,,,
"US1TNWN0120","MOUNT JULIET 3.0 NE, TN US","36.2382099","-86.485716","175.3","2026-04-28",,,,,,,"14.2",",,N",,,,,,,,,,,,,,,,,,,,,,,,
"US1TNWN0120","MOUNT JULIET 3.0 NE, TN US","36.2382099","-86.485716","175.3","2026-04-29",,,,,,,"9.7",",,N",,,,,,,,,,,,,,,,,,,,,,,,
"US1TNWN0120","MOUNT JULIET 3.0 NE, TN US","36.2382099","-86.485716","175.3","2026-04-30",,,,,,,"0.0",",,N","0.0",",,N",,,,,,,,,,,,,,,,,,,,,,
"USC00409431","WARNER PARK, TN US","36.0608","-86.9063","190.5","2026-04-01",,,,,,,"0.0",",,H,0730",,,,,,,"26.1",",,H","15.6",",,H","16.1",",,H,0730",,,,,,,,,,,,
"USC00409431","WARNER PARK, TN US","36.0608","-86.9063","190.5","2026-04-02",,,,,,,"0.0",",,H,0730",,,,,,,"27.2",",,H","16.1",",,H","18.3",",,H,0730",,,,,,,,,,,,
"USC00409431","WARNER PARK, TN US","36.0608","-86.9063","190.5","2026-04-03",,,,,,,"0.0",",,H,0730",,,,,,,"27.8",",,H","17.2",",,H","17.8",",,H,0730",,,,,,,,,,,,
"USC00409431","WARNER PARK, TN US","36.0608","-86.9063","190.5","2026-04-04",,,,,,,"0.0",",,H,0730",,,,,,,"29.4",",,H","16.1",",,H","18.9",",,H,0730",,,,,,,,,,,,
"USC00409431","WARNER PARK, TN US","36.0608","-86.9063","190.5","2026-04-05",,,,,,,"20.1",",,H,0730",,,,,,,"26.1",",,H","6.7",",,H",,,,,,,,,,,,,,
"USC00409431","WARNER PARK, TN US","36.0608","-86.9063","190.5","2026-04-06",,,,,,,"0.0",",,H,0730",,,,,,,"17.2",",,H","3.3",",,H",,,,,,,,,,,,,,
"USC00409431","WARNER PARK, TN US","36.0608","-86.9063","190.5","2026-04-07",,,,,,,"0.0",",,H,0730",,,,,,,"20.0",",,H","4.4",",,H","5.6",",,H,0730",,,,,,,,,,,,
"USC00409431","WARNER PARK, TN US","36.0608","-86.9063","190.5","2026-04-08",,,,,,,"0.0",",,H,0730",,,,,,,"19.4",",,H","5.6",",,H","7.8",",,H,0730",,,,,,,,,,,,
"USC00409431","WARNER PARK, TN US","36.0608","-86.9063","190.5","2026-04-09",,,,,,,"0.0",",,H,0730",,,,,,,"24.4",",,H","7.8",",,H","11.7",",,H,0730",,,,,,,,,,,,
"USC00409431","WARNER PARK, TN US","36.0608","-86.9063","190.5","2026-04-10",,,,,,,"0.0",",,H,0730",,,,,,,"24.4",",,H","8.3",",,H","8.9",",,H,0730",,,,,,,,,,,,
"USC00409431","WARNER PARK, TN US","36.0608","-86.9063","190.5","2026-04-11",,,,,,,"0.0",",,H,0730",,,,,,,"26.1",",,H","7.8",",,H","11.7",",,H,0730",,,,,,,,,,,,
"USC00409431","WARNER PARK, TN US","36.0608","-86.9063","190.5","2026-04-12",,,,,,,"0.0",",,H,0730",,,,,,,"25.6",",,H","11.1",",,H",,,,,,,,,,,,,,
"USC00409431","WARNER PARK, TN US","36.0608","-86.9063","190.5","2026-04-13",,,,,,,"0.0",",,H,0730",,,,,,,"28.3",",,H","12.2",",,H",,,,,,,,,,,,,,
"USC00409431","WARNER PARK, TN US","36.0608","-86.9063","190.5","2026-04-14",,,,,,,,,,,,,,,"24.4",",,H","15.6",",,H","16.7",",,H,0730",,,,,,,,,,,,
"USC00409431","WARNER PARK, TN US","36.0608","-86.9063","190.5","2026-04-15",,,,,,,"0.0",",,H,0730",,,,,,,"26.7",",,H","15.0",",,H","18.9",",,H,0730",,,,,,,,,,,,
"USC00409431","WARNER PARK, TN US","36.0608","-86.9063","190.5","2026-04-16",,,,,,,"0.0",",,H,0730",,,,,,,"26.7",",,H","15.6",",,H","17.8",",,H,0730",,,,,,,,,,,,
"USC00409431","WARNER PARK, TN US","36.0608","-86.9063","190.5","2026-04-17",,,,,,,"15.5",",,H,0730",,,,,,,"27.8",",,H","12.8",",,H","13.9",",,H,0730",,,,,,,,,,,,
"USC00409431","WARNER PARK, TN US","36.0608","-86.9063","190.5","2026-04-18",,,,,,,"0.0",",,H,0730",,,,,,,"28.3",",,H","13.9",",,H","19.4",",,H,0730",,,,,,,,,,,,
"USC00409431","WARNER PARK, TN US","36.0608","-86.9063","190.5","2026-04-19",,,,,,,"0.5",",,H,0730",,,,,,,"19.4",",,H","3.9",",,H",,,,,,,,,,,,,,
"USC00409431","WARNER PARK, TN US","36.0608","-86.9063","190.5","2026-04-20",,,,,,,"0.0",",,H,0730",,,,,,,"22.8",",,H","4.4",",,H",,,,,,,,,,,,,,
"USC00409431","WARNER PARK, TN US","36.0608","-86.9063","190.5","2026-04-21",,,,,,,"0.0",",,H,0730",,,,,,,"8.3",",,H","7.2",",,H","8.3",",,H,0730",,,,,,,,,,,,
"USC00409431","WARNER PARK, TN US","36.0608","-86.9063","190.5","2026-04-22",,,,,,,"0.0",",,H,0730",,,,,,,"27.2",",,H","8.3",",,H","9.4",",,H,0730",,,,,,,,,,,,
"USC00409431","WARNER PARK, TN US","36.0608","-86.9063","190.5","2026-04-23",,,,,,,"0.0",",,H,0730",,,,,,,"27.8",",,H","9.4",",,H","11.1",",,H,0730",,,,,,,,,,,,
"USC00409431","WARNER PARK, TN US","36.0608","-86.9063","190.5","2026-04-24",,,,,,,"0.0",",,H,0730",,,,,,,"27.8",",,H","11.1",",,H","15.0",",,H,0730",,,,,,,,,,,,
"USC00409431","WARNER PARK, TN US","36.0608","-86.9063","190.5","2026-04-25",,,,,,,"0.0",",,H,0730",,,,,,,"25.0",",,H","15.0",",,H","16.7",",,H,0730",,,,,,,,,,,,
"USC00409431","WARNER PARK, TN US","36.0608","-86.9063","190.5","2026-04-26",,,,,,,"0.0",",,H,0730",,,,,,,"28.3",",,H","12.8",",,H",,,,,,,,,,,,,,
"USC00409431","WARNER PARK, TN US","36.0608","-86.9063","190.5","2026-04-27",,,,,,,"0.0",",,H,0730",,,,,,,"27.8",",,H","15.6",",,H",,,,,,,,,,,,,,
"USC00409431","WARNER PARK, TN US","36.0608","-86.9063","190.5","2026-04-28",,,,,,,"22.6",",,H,0730",,,,,,,"17.2",",,H","16.7",",,H","17.2",",,H,0730",,,,,,,,,,,,
"USC00409431","WARNER PARK, TN US","36.0608","-86.9063","190.5","2026-04-29",,,,,,,"18.8",",,H,0730",,,,,,,"26.1",",,H","16.1",",,H","17.2",",,H,0730",,,,,,,,,,,,
"USC00409431","WARNER PARK, TN US","36.0608","-86.9063","190.5","2026-04-30",,,,,,,"0.8",",,H,0730",,,,,,,"21.1",",,H","8.9",",,H","10.0",",,H,0730",,,,,,,,,,,,
"US1TNWL0075","FAIRVIEW 1.9 ENE, TN US","35.994087","-87.096177","256.9","2026-04-01",,,,,,,"0.0",",,N","0.0",",,N",,,,,,,,,,,,,,,,,,,,,,
"US1TNWL0075","FAIRVIEW 1.9 ENE, TN US","35.994087","-87.096177","256.9","2026-04-02",,,,,,,"0.3",",,N",,,,,,,,,,,,,,,,,,,,,,,,
"US1TNWL0075","FAIRVIEW 1.9 ENE, TN US","35.994087","-87.096177","256.9","2026-04-03",,,,,,,"0.0",",,N","0.0",",,N",,,,,,,,,,,,,,,,,,,,,,
"US1TNWL0075","FAIRVIEW 1.9 ENE, TN US","35.994087","-87.096177","256.9","2026-04-04",,,,,,,"0.0",",,N","0.0",",,N",,,,,,,,,,,,,,,,,,,,,,
"US1TNWL0075","FAIRVIEW 1.9 ENE, TN US","35.994087","-87.096177","256.9","2026-04-05",,,,,,,"23.1",",,N",,,,,,,,,,,,,,,,,,,,,,,,
"US1TNWL0075","FAIRVIEW 1.9 ENE, TN US","35.994087","-87.096177","256.9","2026-04-06",,,,,,,"0.0",",,N","0.0",",,N",,,,,,,,,,,,,,,,,,,,,,
"US1TNWL0075","FAIRVIEW 1.9 ENE, TN US","35.994087","-87.096177","256.9","2026-04-07",,,,,,,"0.0",",,N","0.0",",,N",,,,,,,,,,,,,,,,,,,,,,
"US1TNWL0075","FAIRVIEW 1.9 ENE, TN US","35.994087","-87.096177","256.9","2026-04-08",,,,,,,"0.0",",,N","0.0",",,N",,,,,,,,,,,,,,,,,,,,,,
"US1TNWL0075","FAIRVIEW 1.9 ENE, TN US","35.994087","-87.096177","256.9","2026-04-09",,,,,,,"0.0",",,N","0.0",",,N",,,,,,,,,,,,,,,,,,,,,,
"US1TNWL0075","FAIRVIEW 1.9 ENE, TN US","35.994087","-87.096177","256.9","2026-04-10",,,,,,,"0.0",",,N","0.0",",,N",,,,,,,,,,,,,,,,,,,,,,
"US1TNWL0075","FAIRVIEW 1.9 ENE, TN US","35.994087","-87.096177","256.9","2026-04-11",,,,,,,"0.0",",,N","0.0",",,N",,,,,,,,,,,,,,,,,,,,,,
"US1TNWL0075","FAIRVIEW 1.9 ENE, TN US","35.994087","-87.096177","256.9","2026-04-12",,,,,,,"0.0",",,N","0.0",",,N",,,,,,,,,,,,,,,,,,,,,,
"US1TNWL0075","FAIRVIEW 1.9 ENE, TN US","35.994087","-87.096177","256.9","2026-04-13",,,,,,,"0.0",",,N","0.0",",,N",,,,,,,,,,,,,,,,,,,,,,
"US1TNWL0075","FAIRVIEW 1.9 ENE, TN US","35.994087","-87.096177","256.9","2026-04-14",,,,,,,"1.0",",,N",,,,,,,,,,,,,,,,,,,,,,,,
"US1TNWL0075","FAIRVIEW 1.9 ENE, TN US","35.994087","-87.096177","256.9","2026-04-15",,,,,,,"0.0",",,N","0.0",",,N",,,,,,,,,,,,,,,,,,,,,,
"US1TNWL0075","FAIRVIEW 1.9 ENE, TN US","35.994087","-87.096177","256.9","2026-04-16",,,,,,,"0.0",",,N","0.0",",,N",,,,,,,,,,,,,,,,,,,,,,
"US1TNWL0075","FAIRVIEW 1.9 ENE, TN US","35.994087","-87.096177","256.9","2026-04-17",,,,,,,"8.9",",,N",,,,,,,,,,,,,,,,,,,,,,,,
"US1TNWL0075","FAIRVIEW 1.9 ENE, TN US","35.994087","-87.096177","256.9","2026-04-18",,,,,,,"0.0",",,N","0.0",",,N",,,,,,,,,,,,,,,,,,,,,,
"US1TNWL0075","FAIRVIEW 1.9 ENE, TN US","35.994087","-87.096177","256.9","2026-04-19",,,,,,,"0.3",",,N",,,,,,,,,,,,,,,,,,,,,,,,
"US1TNWL0075","FAIRVIEW 1.9 ENE, TN US","35.994087","-87.096177","256.9","2026-04-20",,,,,,,"0.0",",,N","0.0",",,N",,,,,,,,,,,,,,,,,,,,,,
"US1TNWL0075","FAIRVIEW 1.9 ENE, TN US","35.994087","-87.096177","256.9","2026-04-21",,,,,,,"0.0",",,N","0.0",",,N",,,,,,,,,,,,,,,,,,,,,,
"US1TNWL0075","FAIRVIEW 1.9 ENE, TN US","35.994087","-87.096177","256.9","2026-04-22",,,,,,,"0.0",",,N","0.0",",,N",,,,,,,,,,,,,,,,,,,,,,
"US1TNWL0075","FAIRVIEW 1.9 ENE, TN US","35.994087","-87.096177","256.9","2026-04-23",,,,,,,"0.0",",,N","0.0",",,N",,,,,,,,,,,,,,,,,,,,,,
"US1TNWL0075","FAIRVIEW 1.9 ENE, TN US","35.994087","-87.096177","256.9","2026-04-24",,,,,,,"0.0",",,N","0.0",",,N",,,,,,,,,,,,,,,,,,,,,,
"US1TNWL0075","FAIRVIEW 1.9 ENE, TN US","35.994087","-87.096177","256.9","2026-04-25",,,,,,,"0.5",",,N",,,,,,,,,,,,,,,,,,,,,,,,
"US1TNWL0075","FAIRVIEW 1.9 ENE, TN US","35.994087","-87.096177","256.9","2026-04-26",,,,,,,"0.0",",,N","0.0",",,N",,,,,,,,,,,,,,,,,,,,,,
"US1TNWL0075","FAIRVIEW 1.9 ENE, TN US","35.994087","-87.096177","256.9","2026-04-27",,,,,,,"0.0",",,N","0.0",",,N",,,,,,,,,,,,,,,,,,,,,,
"US1TNWL0075","FAIRVIEW 1.9 ENE, TN US","35.994087","-87.096177","256.9","2026-04-28",,,,,,,"23.4",",,N",,,,,,,,,,,,,,,,,,,,,,,,
"US1TNWL0075","FAIRVIEW 1.9 ENE, TN US","35.994087","-87.096177","256.9","2026-04-29",,,,,,,"35.8",",,N",,,,,,,,,,,,,,,,,,,,,,,,
"US1TNWL0075","FAIRVIEW 1.9 ENE, TN US","35.994087","-87.096177","256.9","2026-04-30",,,,,,,"0.3",",,N",,,,,,,,,,,,,,,,,,,,,,,,
"US1TNWL0077","FRANKLIN 4.4 W, TN US","35.926153","-86.920009","199.6","2026-04-01",,,,,,,"0.0",",,N","0.0",",,N",,,,,,,,,,,,,,,,,,,,,,
"US1TNWL0077","FRANKLIN 4.4 W, TN US","35.926153","-86.920009","199.6","2026-04-02",,,,,,,"0.0",",,N","0.0",",,N",,,,,,,,,,,,,,,,,,,,,,
"US1TNWL0077","FRANKLIN 4.4 W, TN US","35.926153","-86.920009","199.6","2026-04-03",,,,,,,"0.0",",,N","0.0",",,N",,,,,,,,,,,,,,,,,,,,,,
"US1TNWL0077","FRANKLIN 4.4 W, TN US","35.926153","-86.920009","199.6","2026-04-04",,,,,,,"0.0",",,N","0.0",",,N",,,,,,,,,,,,,,,,,,,,,,
"US1TNWL0077","FRANKLIN 4.4 W, TN US","35.926153","-86.920009","199.6","2026-04-05",,,,,,,"10.4",",,N",,,,,,,,,,,,,,,,,,,,,,,,
"US1TNWL0077","FRANKLIN 4.4 W, TN US","35.926153","-86.920009","199.6","2026-04-06",,,,,,,"0.0",",,N","0.0",",,N",,,,,,,,,,,,,,,,,,,,,,
"US1TNWL0077","FRANKLIN 4.4 W, TN US","35.926153","-86.920009","199.6","2026-04-07",,,,,,,"0.0",",,N","0.0",",,N",,,,,,,,,,,,,,,,,,,,,,
"US1TNWL0077","FRANKLIN 4.4 W, TN US","35.926153","-86.920009","199.6","2026-04-08",,,,,,,"0.0",",,N","0.0",",,N",,,,,,,,,,,,,,,,,,,,,,
"US1TNWL0077","FRANKLIN 4.4 W, TN US","35.926153","-86.920009","199.6","2026-04-09",,,,,,,"0.0",",,N","0.0",",,N",,,,,,,,,,,,,,,,,,,,,,
"US1TNWL0077","FRANKLIN 4.4 W, TN US","35.926153","-86.920009","199.6","2026-04-10",,,,,,,"0.0",",,N","0.0",",,N",,,,,,,,,,,,,,,,,,,,,,
"US1TNWL0077","FRANKLIN 4.4 W, TN US","35.926153","-86.920009","199.6","2026-04-11",,,,,,,"0.0",",,N","0.0",",,N",,,,,,,,,,,,,,,,,,,,,,
"US1TNWL0077","FRANKLIN 4.4 W, TN US","35.926153","-86.920009","199.6","2026-04-12",,,,,,,"0.0",",,N","0.0",",,N",,,,,,,,,,,,,,,,,,,,,,
"US1TNWL0077","FRANKLIN 4.4 W, TN US","35.926153","-86.920009","199.6","2026-04-13",,,,,,,"0.0",",,N","0.0",",,N",,,,,,,,,,,,,,,,,,,,,,
"US1TNWL0077","FRANKLIN 4.4 W, TN US","35.926153","-86.920009","199.6","2026-04-14",,,,,,,"0.5",",,N",,,,,,,,,,,,,,,,,,,,,,,,
"US1TNWL0077","FRANKLIN 4.4 W, TN US","35.926153","-86.920009","199.6","2026-04-15",,,,,,,"0.0",",,N","0.0",",,N",,,,,,,,,,,,,,,,,,,,,,
"US1TNWL0077","FRANKLIN 4.4 W, TN US","35.926153","-86.920009","199.6","2026-04-16",,,,,,,"0.0",",,N","0.0",",,N",,,,,,,,,,,,,,,,,,,,,,
"US1TNWL0077","FRANKLIN 4.4 W, TN US","35.926153","-86.920009","199.6","2026-04-17",,,,,,,"3.6",",,N",,,,,,,,,,,,,,,,,,,,,,,,
"US1TNWL0077","FRANKLIN 4.4 W, TN US","35.926153","-86.920009","199.6","2026-04-18",,,,,,,"0.0",",,N","0.0",",,N",,,,,,,,,,,,,,,,,,,,,,
"US1TNWL0077","FRANKLIN 4.4 W, TN US","35.926153","-86.920009","199.6","2026-04-19",,,,,,,"0.5",",,N",,,,,,,,,,,,,,,,,,,,,,,,
"US1TNWL0077","FRANKLIN 4.4 W, TN US","35.926153","-86.920009","199.6","2026-04-20",,,,,,,"0.0",",,N","0.0",",,N",,,,,,,,,,,,,,,,,,,,,,
"US1TNWL0077","FRANKLIN 4.4 W, TN US","35.926153","-86.920009","199.6","2026-04-21",,,,,,,"0.0",",,N","0.0",",,N",,,,,,,,,,,,,,,,,,,,,,
"US1TNWL0077","FRANKLIN 4.4 W, TN US","35.926153","-86.920009","199.6","2026-04-22",,,,,,,"0.0",",,N","0.0",",,N",,,,,,,,,,,,,,,,,,,,,,
"US1TNWL0077","FRANKLIN 4.4 W, TN US","35.926153","-86.920009","199.6","2026-04-23",,,,,,,"0.0",",,N","0.0",",,N",,,,,,,,,,,,,,,,,,,,,,
"US1TNWL0077","FRANKLIN 4.4 W, TN US","35.926153","-86.920009","199.6","2026-04-24",,,,,,,"0.0",",,N","0.0",",,N",,,,,,,,,,,,,,,,,,,,,,
"US1TNWL0077","FRANKLIN 4.4 W, TN US","35.926153","-86.920009","199.6","2026-04-25",,,,,,,"1.3",",,N",,,,,,,,,,,,,,,,,,,,,,,,
"US1TNWL0077","FRANKLIN 4.4 W, TN US","35.926153","-86.920009","199.6","2026-04-26",,,,,,,"0.5",",,N",,,,,,,,,,,,,,,,,,,,,,,,
"US1TNWL0077","FRANKLIN 4.4 W, TN US","35.926153","-86.920009","199.6","2026-04-27",,,,,,,"0.0",",,N","0.0",",,N",,,,,,,,,,,,,,,,,,,,,,
"US1TNWL0077","FRANKLIN 4.4 W, TN US","35.926153","-86.920009","199.6","2026-04-28",,,,,,,"11.4",",,N",,,,,,,,,,,,,,,,,,,,,,,,
"US1TNWL0077","FRANKLIN 4.4 W, TN US","35.926153","-86.920009","199.6","2026-04-29",,,,,,,"21.6",",,N",,,,,,,,,,,,,,,,,,,,,,,,
"US1TNWL0077","FRANKLIN 4.4 W, TN US","35.926153","-86.920009","199.6","2026-04-30",,,,,,,"0.0",",,N","0.0",",,N",,,,,,,,,,,,,,,,,,,,,,
"US1TNWN0123","MOUNT JULIET 6.4 NE, TN US","36.28225","-86.4577","138.4","2026-04-01",,,,,,,"0.0",",,N","0.0",",,N",,,,,,,,,,,,,,,,,,,,,,
"US1TNWN0123","MOUNT JULIET 6.4 NE, TN US","36.28225","-86.4577","138.4","2026-04-02",,,,,,,"0.0",",,N","0.0",",,N",,,,,,,,,,,,,,,,,,,,,,
"US1TNWN0123","MOUNT JULIET 6.4 NE, TN US","36.28225","-86.4577","138.4","2026-04-03",,,,,,,"0.0",",,N","0.0",",,N",,,,,,,,,,,,,,,,,,,,,,
"US1TNWN0123","MOUNT JULIET 6.4 NE, TN US","36.28225","-86.4577","138.4","2026-04-04",,,,,,,"0.0",",,N","0.0",",,N",,,,,,,,,,,,,,,,,,,,,,
"US1TNWN0123","MOUNT JULIET 6.4 NE, TN US","36.28225","-86.4577","138.4","2026-04-05",,,,,,,"29.7",",,N",,,,,,,,,,,,,,,,,,,,,,,,
"US1TNWN0123","MOUNT JULIET 6.4 NE, TN US","36.28225","-86.4577","138.4","2026-04-06",,,,,,,"0.3",",,N",,,,,,,,,,,,,,,,,,,,,,,,
"US1TNWN0123","MOUNT JULIET 6.4 NE, TN US","36.28225","-86.4577","138.4","2026-04-07",,,,,,,"0.0",",,N","0.0",",,N",,,,,,,,,,,,,,,,,,,,,,
"US1TNWN0123","MOUNT JULIET 6.4 NE, TN US","36.28225","-86.4577","138.4","2026-04-08",,,,,,,"0.0",",,N","0.0",",,N",,,,,,,,,,,,,,,,,,,,,,
"US1TNWN0123","MOUNT JULIET 6.4 NE, TN US","36.28225","-86.4577","138.4","2026-04-09",,,,,,,"0.0",",,N","0.0",",,N",,,,,,,,,,,,,,,,,,,,,,
"US1TNWN0123","MOUNT JULIET 6.4 NE, TN US","36.28225","-86.4577","138.4","2026-04-10",,,,,,,"0.0",",,N","0.0",",,N",,,,,,,,,,,,,,,,,,,,,,
"US1TNWN0123","MOUNT JULIET 6.4 NE, TN US","36.28225","-86.4577","138.4","2026-04-11",,,,,,,"0.0",",,N","0.0",",,N",,,,,,,,,,,,,,,,,,,,,,
"US1TNWN0123","MOUNT JULIET 6.4 NE, TN US","36.28225","-86.4577","138.4","2026-04-12",,,,,,,"0.0",",,N","0.0",",,N",,,,,,,,,,,,,,,,,,,,,,
"US1TNWN0123","MOUNT JULIET 6.4 NE, TN US","36.28225","-86.4577","138.4","2026-04-13",,,,,,,"0.3",",,N",,,,,,,,,,,,,,,,,,,,,,,,
"US1TNWN0123","MOUNT JULIET 6.4 NE, TN US","36.28225","-86.4577","138.4","2026-04-14",,,,,,,"1.3",",,N",,,,,,,,,,,,,,,,,,,,,,,,
"US1TNWN0123","MOUNT JULIET 6.4 NE, TN US","36.28225","-86.4577","138.4","2026-04-15",,,,,,,"0.0","T,,N",,,,,,,,,,,,,,,,,,,,,,,,
"US1TNWN0123","MOUNT JULIET 6.4 NE, TN US","36.28225","-86.4577","138.4","2026-04-16",,,,,,,"0.0",",,N","0.0",",,N",,,,,,,,,,,,,,,,,,,,,,
"US1TNWN0123","MOUNT JULIET 6.4 NE, TN US","36.28225","-86.4577","138.4","2026-04-17",,,,,,,"7.9",",,N",,,,,,,,,,,,,,,,,,,,,,,,
"US1TNWN0123","MOUNT JULIET 6.4 NE, TN US","36.28225","-86.4577","138.4","2026-04-18",,,,,,,"0.0","T,,N",,,,,,,,,,,,,,,,,,,,,,,,
"US1TNWN0123","MOUNT JULIET 6.4 NE, TN US","36.28225","-86.4577","138.4","2026-04-19",,,,,,,"0.8",",,N",,,,,,,,,,,,,,,,,,,,,,,,
"US1TNWN0123","MOUNT JULIET 6.4 NE, TN US","36.28225","-86.4577","138.4","2026-04-20",,,,,,,"0.0","T,,N",,,,,,,,,,,,,,,,,,,,,,,,
"US1TNWN0123","MOUNT JULIET 6.4 NE, TN US","36.28225","-86.4577","138.4","2026-04-21",,,,,,,"0.0",",,N","0.0",",,N",,,,,,,,,,,,,,,,,,,,,,
"US1TNWN0123","MOUNT JULIET 6.4 NE, TN US","36.28225","-86.4577","138.4","2026-04-22",,,,,,,"0.0",",,N","0.0",",,N",,,,,,,,,,,,,,,,,,,,,,
"US1TNWN0123","MOUNT JULIET 6.4 NE, TN US","36.28225","-86.4577","138.4","2026-04-23",,,,,,,"0.0",",,N","0.0",",,N",,,,,,,,,,,,,,,,,,,,,,
"US1TNWN0123","MOUNT JULIET 6.4 NE, TN US","36.28225","-86.4577","138.4","2026-04-24",,,,,,,"0.0",",,N","0.0",",,N",,,,,,,,,,,,,,,,,,,,,,
"US1TNWN0123","MOUNT JULIET 6.4 NE, TN US","36.28225","-86.4577","138.4","2026-04-25",,,,,,,"0.0",",,N","0.0",",,N",,,,,,,,,,,,,,,,,,,,,,
"US1TNWN0123","MOUNT JULIET 6.4 NE, TN US","36.28225","-86.4577","138.4","2026-04-26",,,,,,,"0.0",",,N","0.0",",,N",,,,,,,,,,,,,,,,,,,,,,
"US1TNWN0123","MOUNT JULIET 6.4 NE, TN US","36.28225","-86.4577","138.4","2026-04-27",,,,,,,"0.0",",,N","0.0",",,N",,,,,,,,,,,,,,,,,,,,,,
"US1TNWN0123","MOUNT JULIET 6.4 NE, TN US","36.28225","-86.4577","138.4","2026-04-28",,,,,,,"15.2",",,N",,,,,,,,,,,,,,,,,,,,,,,,
"US1TNWN0123","MOUNT JULIET 6.4 NE, TN US","36.28225","-86.4577","138.4","2026-04-29",,,,,,,"10.4",",,N",,,,,,,,,,,,,,,,,,,,,,,,
"US1TNWN0123","MOUNT JULIET 6.4 NE, TN US","36.28225","-86.4577","138.4","2026-04-30",,,,,,,"0.3",",,N",,,,,,,,,,,,,,,,,,,,,,,,
"US1TNWN0124","MOUNT JULIET 7.9 SE, TN US","36.12399","-86.42363","200.6","2026-04-01",,,,,,,"0.0",",,N","0.0",",,N",,,,,,,,,,,,,,,,,,,,,,
"US1TNWN0124","MOUNT JULIET 7.9 SE, TN US","36.12399","-86.42363","200.6","2026-04-02",,,,,,,"0.0",",,N","0.0",",,N",,,,,,,,,,,,,,,,,,,,,,
"US1TNWN0124","MOUNT JULIET 7.9 SE, TN US","36.12399","-86.42363","200.6","2026-04-03",,,,,,,"0.0","T,,N","0.0",",,N",,,,,,,,,,,,,,,,,,,,,,
"US1TNWN0124","MOUNT JULIET 7.9 SE, TN US","36.12399","-86.42363","200.6","2026-04-04",,,,,,,"0.0",",,N","0.0",",,N",,,,,,,,,,,,,,,,,,,,,,
"US1TNWN0124","MOUNT JULIET 7.9 SE, TN US","36.12399","-86.42363","200.6","2026-04-05",,,,,,,"25.4",",,N",,,,,,,,,,,,,,,,,,,,,,,,
"US1TNWN0124","MOUNT JULIET 7.9 SE, TN US","36.12399","-86.42363","200.6","2026-04-06",,,,,,,"0.0",",,N","0.0",",,N",,,,,,,,,,,,,,,,,,,,,,
"US1TNWN0124","MOUNT JULIET 7.9 SE, TN US","36.12399","-86.42363","200.6","2026-04-07",,,,,,,"0.0",",,N","0.0",",,N",,,,,,,,,,,,,,,,,,,,,,
"US1TNWN0124","MOUNT JULIET 7.9 SE, TN US","36.12399","-86.42363","200.6","2026-04-08",,,,,,,"0.0",",,N","0.0",",,N",,,,,,,,,,,,,,,,,,,,,,
"US1TNWN0124","MOUNT JULIET 7.9 SE, TN US","36.12399","-86.42363","200.6","2026-04-09",,,,,,,"0.0",",,N","0.0",",,N",,,,,,,,,,,,,,,,,,,,,,
"US1TNWN0124","MOUNT JULIET 7.9 SE, TN US","36.12399","-86.42363","200.6","2026-04-10",,,,,,,"0.0",",,N","0.0",",,N",,,,,,,,,,,,,,,,,,,,,,
"US1TNWN0124","MOUNT JULIET 7.9 SE, TN US","36.12399","-86.42363","200.6","2026-04-11",,,,,,,"0.0",",,N","0.0",",,N",,,,,,,,,,,,,,,,,,,,,,
"US1TNWN0124","MOUNT JULIET 7.9 SE, TN US","36.12399","-86.42363","200.6","2026-04-12",,,,,,,"0.0","T,,N",,,,,,,,,,,,,,,,,,,,,,,,
"US1TNWN0124","MOUNT JULIET 7.9 SE, TN US","36.12399","-86.42363","200.6","2026-04-13",,,,,,,"0.0",",,N","0.0",",,N",,,,,,,,,,,,,,,,,,,,,,
"US1TNWN0124","MOUNT JULIET 7.9 SE, TN US","36.12399","-86.42363","200.6","2026-04-14",,,,,,,"0.5",",,N",,,,,,,,,,,,,,,,,,,,,,,,
"US1TNWN0124","MOUNT JULIET 7.9 SE, TN US","36.12399","-86.42363","200.6","2026-04-15",,,,,,,"0.0",",,N","0.0",",,N",,,,,,,,,,,,,,,,,,,,,,
"US1TNWN0124","MOUNT JULIET 7.9 SE, TN US","36.12399","-86.42363","200.6","2026-04-16",,,,,,,"0.0",",,N","0.0",",,N",,,,,,,,,,,,,,,,,,,,,,
"US1TNWN0124","MOUNT JULIET 7.9 SE, TN US","36.12399","-86.42363","200.6","2026-04-17",,,,,,,"4.8",",,N",,,,,,,,,,,,,,,,,,,,,,,,
"US1TNWN0124","MOUNT JULIET 7.9 SE, TN US","36.12399","-86.42363","200.6","2026-04-18",,,,,,,"0.0",",,N","0.0",",,N",,,,,,,,,,,,,,,,,,,,,,
"US1TNWN0124","MOUNT JULIET 7.9 SE, TN US","36.12399","-86.42363","200.6","2026-04-19",,,,,,,"0.8",",,N",,,,,,,,,,,,,,,,,,,,,,,,
"US1TNWN0124","MOUNT JULIET 7.9 SE, TN US","36.12399","-86.42363","200.6","2026-04-20",,,,,,,"0.0",",,N","0.0",",,N",,,,,,,,,,,,,,,,,,,,,,
"US1TNWN0124","MOUNT JULIET 7.9 SE, TN US","36.12399","-86.42363","200.6","2026-04-21",,,,,,,"0.0",",,N","0.0",",,N",,,,,,,,,,,,,,,,,,,,,,
"US1TNWN0124","MOUNT JULIET 7.9 SE, TN US","36.12399","-86.42363","200.6","2026-04-22",,,,,,,"0.0",",,N","0.0",",,N",,,,,,,,,,,,,,,,,,,,,,
"US1TNWN0124","MOUNT JULIET 7.9 SE, TN US","36.12399","-86.42363","200.6","2026-04-23",,,,,,,"0.0",",,N","0.0",",,N",,,,,,,,,,,,,,,,,,,,,,
"US1TNWN0124","MOUNT JULIET 7.9 SE, TN US","36.12399","-86.42363","200.6","2026-04-24",,,,,,,"0.0",",,N","0.0",",,N",,,,,,,,,,,,,,,,,,,,,,
"US1TNWN0124","MOUNT JULIET 7.9 SE, TN US","36.12399","-86.42363","200.6","2026-04-25",,,,,,,"0.0",",,N","0.0",",,N",,,,,,,,,,,,,,,,,,,,,,
"US1TNWN0124","MOUNT JULIET 7.9 SE, TN US","36.12399","-86.42363","200.6","2026-04-26",,,,,,,"0.0",",,N","0.0",",,N",,,,,,,,,,,,,,,,,,,,,,
"US1TNWN0124","MOUNT JULIET 7.9 SE, TN US","36.12399","-86.42363","200.6","2026-04-27",,,,,,,"0.0",",,N","0.0",",,N",,,,,,,,,,,,,,,,,,,,,,
"US1TNWN0124","MOUNT JULIET 7.9 SE, TN US","36.12399","-86.42363","200.6","2026-04-28",,,,,,,"41.4",",,N",,,,,,,,,,,,,,,,,,,,,,,,
"US1TNWN0124","MOUNT JULIET 7.9 SE, TN US","36.12399","-86.42363","200.6","2026-04-29",,,,,,,"10.7",",,N",,,,,,,,,,,,,,,,,,,,,,,,
"US1TNWN0124","MOUNT JULIET 7.9 SE, TN US","36.12399","-86.42363","200.6","2026-04-30",,,,,,,"0.0","T,,N",,,,,,,,,,,,,,,,,,,,,,,,
"US1TNDV0184","HERMITAGE 4.6 WSW, TN US","36.174203","-86.700559","162.5","2026-04-01",,,,,,,"0.0",",,N","0.0",",,N",,,,,,,,,,,,,,,,,,,,,,
"US1TNDV0184","HERMITAGE 4.6 WSW, TN US","36.174203","-86.700559","162.5","2026-04-02",,,,,,,"0.0",",,N","0.0",",,N",,,,,,,,,,,,,,,,,,,,,,
"US1TNDV0184","HERMITAGE 4.6 WSW, TN US","36.174203","-86.700559","162.5","2026-04-03",,,,,,,"0.0",",,N","0.0",",,N",,,,,,,,,,,,,,,,,,,,,,
"US1TNDV0184","HERMITAGE 4.6 WSW, TN US","36.174203","-86.700559","162.5","2026-04-07",,,"    4",",,N","22.9",",,N",,,,,,,,,,,,,,,,,,,,,,,,,,
"US1TNDV0184","HERMITAGE 4.6 WSW, TN US","36.174203","-86.700559","162.5","2026-04-08",,,,,,,"0.5",",,N",,,,,,,,,,,,,,,,,,,,,,,,
"US1TNDV0184","HERMITAGE 4.6 WSW, TN US","36.174203","-86.700559","162.5","2026-04-09",,,,,,,"0.0",",,N","0.0",",,N",,,,,,,,,,,,,,,,,,,,,,
"US1TNDV0184","HERMITAGE 4.6 WSW, TN US","36.174203","-86.700559","162.5","2026-04-10",,,,,,,"0.0",",,N","0.0",",,N",,,,,,,,,,,,,,,,,,,,,,
"US1TNDV0184","HERMITAGE 4.6 WSW, TN US","36.174203","-86.700559","162.5","2026-04-11",,,,,,,"0.0",",,N","0.0",",,N",,,,,,,,,,,,,,,,,,,,,,
"US1TNDV0184","HERMITAGE 4.6 WSW, TN US","36.174203","-86.700559","162.5","2026-04-12",,,,,,,"0.0",",,N","0.0",",,N",,,,,,,,,,,,,,,,,,,,,,
"US1TNDV0184","HERMITAGE 4.6 WSW, TN US","36.174203","-86.700559","162.5","2026-04-13",,,,,,,"0.8",",,N",,,,,,,,,,,,,,,,,,,,,,,,
"US1TNDV0184","HERMITAGE 4.6 WSW, TN US","36.174203","-86.700559","162.5","2026-04-14",,,,,,,"1.5",",,N",,,,,,,,,,,,,,,,,,,,,,,,
"US1TNDV0184","HERMITAGE 4.6 WSW, TN US","36.174203","-86.700559","162.5","2026-04-15",,,,,,,"0.0",",,N","0.0",",,N",,,,,,,,,,,,,,,,,,,,,,
"US1TNDV0184","HERMITAGE 4.6 WSW, TN US","36.174203","-86.700559","162.5","2026-04-16",,,,,,,"0.0",",,N","0.0",",,N",,,,,,,,,,,,,,,,,,,,,,
"US1TNDV0184","HERMITAGE 4.6 WSW, TN US","36.174203","-86.700559","162.5","2026-04-17",,,,,,,"11.4",",,N",,,,,,,,,,,,,,,,,,,,,,,,
"US1TNDV0184","HERMITAGE 4.6 WSW, TN US","36.174203","-86.700559","162.5","2026-04-21",,,"    4",",,N","0.5",",,N",,,,,,,,,,,,,,,,,,,,,,,,,,
"US1TNDV0184","HERMITAGE 4.6 WSW, TN US","36.174203","-86.700559","162.5","2026-04-22",,,,,,,"0.0",",,N","0.0",",,N",,,,,,,,,,,,,,,,,,,,,,
"US1TNDV0184","HERMITAGE 4.6 WSW, TN US","36.174203","-86.700559","162.5","2026-04-23",,,,,,,"0.0",",,N","0.0",",,N",,,,,,,,,,,,,,,,,,,,,,
"US1TNDV0184","HERMITAGE 4.6 WSW, TN US","36.174203","-86.700559","162.5","2026-04-24",,,,,,,"0.0",",,N","0.0",",,N",,,,,,,,,,,,,,,,,,,,,,
"US1TNDV0184","HERMITAGE 4.6 WSW, TN US","36.174203","-86.700559","162.5","2026-04-25",,,,,,,"0.0",",,N","0.0",",,N",,,,,,,,,,,,,,,,,,,,,,
"US1TNDV0184","HERMITAGE 4.6 WSW, TN US","36.174203","-86.700559","162.5","2026-04-26",,,,,,,"0.0",",,N","0.0",",,N",,,,,,,,,,,,,,,,,,,,,,
"US1TNDV0184","HERMITAGE 4.6 WSW, TN US","36.174203","-86.700559","162.5","2026-04-27",,,,,,,"0.0",",,N","0.0",",,N",,,,,,,,,,,,,,,,,,,,,,
"US1TNDV0184","HERMITAGE 4.6 WSW, TN US","36.174203","-86.700559","162.5","2026-04-28",,,,,,,"27.4",",,N",,,,,,,,,,,,,,,,,,,,,,,,
"US1TNDV0184","HERMITAGE 4.6 WSW, TN US","36.174203","-86.700559","162.5","2026-04-29",,,,,,,"14.0",",,N",,,,,,,,,,,,,,,,,,,,,,,,
"US1TNDV0187","BRENTWOOD 3.6 NE, TN US","36.02994","-86.73907","229.8","2026-04-07",,,"    4",",,N","147.3",",,N",,,,,,,,,,,,,,,,,,,,,,,,,,
"US1TNDV0187","BRENTWOOD 3.6 NE, TN US","36.02994","-86.73907","229.8","2026-04-14",,,,,,,"1.0",",,N",,,,,,,,,,,,,,,,,,,,,,,,
"US1TNDV0187","BRENTWOOD 3.6 NE, TN US","36.02994","-86.73907","229.8","2026-04-17",,,,,,,"9.9",",,N",,,,,,,,,,,,,,,,,,,,,,,,
"US1TNDV0187","BRENTWOOD 3.6 NE, TN US","36.02994","-86.73907","229.8","2026-04-19",,,,,,,"0.8",",,N",,,,,,,,,,,,,,,,,,,,,,,,
"US1TNDV0187","BRENTWOOD 3.6 NE, TN US","36.02994","-86.73907","229.8","2026-04-28",,,,,,,"10.9",",,N",,,,,,,,,,,,,,,,,,,,,,,,
"US1TNDV0187","BRENTWOOD 3.6 NE, TN US","36.02994","-86.73907","229.8","2026-04-29",,,,,,,"5.1",",,N",,,,,,,,,,,,,,,,,,,,,,,,
"US1TNRD0001","MURFREESBORO 5.5 NNW, TN US","35.92469","-86.43666","167.9","2026-04-01",,,,,,,"0.0",",,N","0.0",",,N",,,,,,,,,,,,,,,,,,,,,,
"US1TNRD0001","MURFREESBORO 5.5 NNW, TN US","35.92469","-86.43666","167.9","2026-04-02",,,,,,,"1.3",",,N",,,,,,,,,,,,,,,,,,,,,,,,
"US1TNRD0001","MURFREESBORO 5.5 NNW, TN US","35.92469","-86.43666","167.9","2026-04-03",,,,,,,"0.0",",,N","0.0",",,N",,,,,,,,,,,,,,,,,,,,,,
"US1TNRD0001","MURFREESBORO 5.5 NNW, TN US","35.92469","-86.43666","167.9","2026-04-04",,,,,,,"0.0",",,N","0.0",",,N",,,,,,,,,,,,,,,,,,,,,,
"US1TNRD0001","MURFREESBORO 5.5 NNW, TN US","35.92469","-86.43666","167.9","2026-04-05",,,,,,,"22.4",",,N",,,,,,,,,,,,,,,,,,,,,,,,
"US1TNRD0001","MURFREESBORO 5.5 NNW, TN US","35.92469","-86.43666","167.9","2026-04-06",,,,,,,"0.0",",,N","0.0",",,N",,,,,,,,,,,,,,,,,,,,,,
"US1TNRD0001","MURFREESBORO 5.5 NNW, TN US","35.92469","-86.43666","167.9","2026-04-07",,,,,,,"0.0",",,N","0.0",",,N",,,,,,,,,,,,,,,,,,,,,,
"US1TNRD0001","MURFREESBORO 5.5 NNW, TN US","35.92469","-86.43666","167.9","2026-04-08",,,,,,,"0.0",",,N","0.0",",,N",,,,,,,,,,,,,,,,,,,,,,
"US1TNRD0001","MURFREESBORO 5.5 NNW, TN US","35.92469","-86.43666","167.9","2026-04-09",,,,,,,"0.0",",,N","0.0",",,N",,,,,,,,,,,,,,,,,,,,,,
"US1TNRD0001","MURFREESBORO 5.5 NNW, TN US","35.92469","-86.43666","167.9","2026-04-10",,,,,,,"0.0",",,N","0.0",",,N",,,,,,,,,,,,,,,,,,,,,,
"US1TNRD0001","MURFREESBORO 5.5 NNW, TN US","35.92469","-86.43666","167.9","2026-04-11",,,,,,,"0.0",",,N","0.0",",,N",,,,,,,,,,,,,,,,,,,,,,
"US1TNRD0001","MURFREESBORO 5.5 NNW, TN US","35.92469","-86.43666","167.9","2026-04-12",,,,,,,"0.0",",,N","0.0",",,N",,,,,,,,,,,,,,,,,,,,,,
"US1TNRD0001","MURFREESBORO 5.5 NNW, TN US","35.92469","-86.43666","167.9","2026-04-13",,,,,,,"0.0",",,N","0.0",",,N",,,,,,,,,,,,,,,,,,,,,,
"US1TNRD0001","MURFREESBORO 5.5 NNW, TN US","35.92469","-86.43666","167.9","2026-04-14",,,,,,,"0.0",",,N","0.0",",,N",,,,,,,,,,,,,,,,,,,,,,
"US1TNRD0001","MURFREESBORO 5.5 NNW, TN US","35.92469","-86.43666","167.9","2026-04-15",,,,,,,"0.0",",,N","0.0",",,N",,,,,,,,,,,,,,,,,,,,,,
"US1TNRD0001","MURFREESBORO 5.5 NNW, TN US","35.92469","-86.43666","167.9","2026-04-16",,,,,,,"0.0",",,N","0.0",",,N",,,,,,,,,,,,,,,,,,,,,,
"US1TNRD0001","MURFREESBORO 5.5 NNW, TN US","35.92469","-86.43666","167.9","2026-04-17",,,,,,,"13.2",",,N",,,,,,,,,,,,,,,,,,,,,,,,
"US1TNRD0001","MURFREESBORO 5.5 NNW, TN US","35.92469","-86.43666","167.9","2026-04-18",,,,,,,"0.0",",,N","0.0",",,N",,,,,,,,,,,,,,,,,,,,,,
"US1TNRD0001","MURFREESBORO 5.5 NNW, TN US","35.92469","-86.43666","167.9","2026-04-19",,,,,,,"1.0",",,N",,,,,,,,,,,,,,,,,,,,,,,,
"US1TNRD0001","MURFREESBORO 5.5 NNW, TN US","35.92469","-86.43666","167.9","2026-04-20",,,,,,,"0.0",",,N","0.0",",,N",,,,,,,,,,,,,,,,,,,,,,
"US1TNRD0001","MURFREESBORO 5.5 NNW, TN US","35.92469","-86.43666","167.9","2026-04-21",,,,,,,"0.0",",,N","0.0",",,N",,,,,,,,,,,,,,,,,,,,,,
"US1TNRD0001","MURFREESBORO 5.5 NNW, TN US","35.92469","-86.43666","167.9","2026-04-22",,,,,,,"0.0",",,N","0.0",",,N",,,,,,,,,,,,,,,,,,,,,,
"US1TNRD0001","MURFREESBORO 5.5 NNW, TN US","35.92469","-86.43666","167.9","2026-04-23",,,,,,,"0.0",",,N","0.0",",,N",,,,,,,,,,,,,,,,,,,,,,
"US1TNRD0001","MURFREESBORO 5.5 NNW, TN US","35.92469","-86.43666","167.9","2026-04-24",,,,,,,"0.0",",,N","0.0",",,N",,,,,,,,,,,,,,,,,,,,,,
"US1TNRD0001","MURFREESBORO 5.5 NNW, TN US","35.92469","-86.43666","167.9","2026-04-25",,,,,,,"0.0",",,N","0.0",",,N",,,,,,,,,,,,,,,,,,,,,,
"US1TNRD0001","MURFREESBORO 5.5 NNW, TN US","35.92469","-86.43666","167.9","2026-04-26",,,,,,,"0.0",",,N","0.0",",,N",,,,,,,,,,,,,,,,,,,,,,
"US1TNRD0001","MURFREESBORO 5.5 NNW, TN US","35.92469","-86.43666","167.9","2026-04-27",,,,,,,"0.0",",,N","0.0",",,N",,,,,,,,,,,,,,,,,,,,,,
"US1TNRD0001","MURFREESBORO 5.5 NNW, TN US","35.92469","-86.43666","167.9","2026-04-28",,,,,,,"11.4",",,N",,,,,,,,,,,,,,,,,,,,,,,,
"US1TNRD0001","MURFREESBORO 5.5 NNW, TN US","35.92469","-86.43666","167.9","2026-04-29",,,,,,,"14.2",",,N",,,,,,,,,,,,,,,,,,,,,,,,
"US1TNRD0001","MURFREESBORO 5.5 NNW, TN US","35.92469","-86.43666","167.9","2026-04-30",,,,,,,"0.0",",,N","0.0",",,N",,,,,,,,,,,,,,,,,,,,,,
"US1TNMT0039","CLARKSVILLE 11.6 SE, TN US","36.437313","-87.206432","185.0","2026-04-17",,,,,,,"11.4",",,N",,,,,,,,,,,,,,,,,,,,,,,,
"US1TNMT0039","CLARKSVILLE 11.6 SE, TN US","36.437313","-87.206432","185.0","2026-04-18",,,,,,,"4.3",",,N",,,,,,,,,,,,,,,,,,,,,,,,
"US1TNMT0039","CLARKSVILLE 11.6 SE, TN US","36.437313","-87.206432","185.0","2026-04-27",,,"    9",",,N","0.0",",,N",,,,,,,,,,,,,,,,,,,,,,,,,,
"US1TNMT0039","CLARKSVILLE 11.6 SE, TN US","36.437313","-87.206432","185.0","2026-04-28",,,,,,,"37.6",",,N",,,,,,,,,,,,,,,,,,,,,,,,
"US1TNMT0039","CLARKSVILLE 11.6 SE, TN US","36.437313","-87.206432","185.0","2026-04-29",,,,,,,"19.1",",,N",,,,,,,,,,,,,,,,,,,,,,,,
"USW00013897","NASHVILLE INTERNATIONAL AIRPORT, TN US","36.11054","-86.68815","178.9","2026-04-01","4.3",",,1",,,,,"0.0",",,1,2400","0.0",",,1,0600","0.0",",,1,0600",,,"28.3",",,1","18.3",",,1",,,"  180",",,1","  210",",,1",,,,,"8.0",",,1","11.6",",,1"
"USW00013897","NASHVILLE INTERNATIONAL AIRPORT, TN US","36.11054","-86.68815","178.9","2026-04-02","5.9",",,1",,,,,"0.0",",,1,2400","0.0",",,1,0600","0.0",",,1,0600",,,"28.9",",,1","17.8",",,1",,,"  170",",,1","  180",",,1",,,,,"11.6",",,1","19.2",",,1"
"USW00013897","NASHVILLE INTERNATIONAL AIRPORT, TN US","36.11054","-86.68815","178.9","2026-04-03","4.5",",,1",,,,,"0.0",",,1,2400","0.0",",,1,0600","0.0",",,1,0600",,,"30.6",",,1","19.4",",,1",,,"  190",",,1","  170",",,1",,,,,"9.8",",,1","13.4",",,1"
"USW00013897","NASHVILLE INTERNATIONAL AIRPORT, TN US","36.11054","-86.68815","178.9","2026-04-04","4.7",",,1",,,,,"20.6",",,1,2400","0.0",",,1,0600","0.0",",,1,0600",,,"27.2",",,1","13.3",",,1",,,"  190",",,1","  190",",,1",,,,,"11.2",",,1","18.3",",,1"
"USW00013897","NASHVILLE INTERNATIONAL AIRPORT, TN US","36.11054","-86.68815","178.9","2026-04-05","4.4",",,1",,,,,"1.3",",,1,2400","0.0",",,1,0600","0.0",",,1,0600",,,"17.8",",,1","7.8",",,1",,,"  350",",,1","  360",",,1",,,,,"7.2",",,1","16.1",",,1"
"USW00013897","NASHVILLE INTERNATIONAL AIRPORT, TN US","36.11054","-86.68815","178.9","2026-04-06","2.8",",,1",,,,,"0.0",",,1,2400","0.0",",,1,0600","0.0",",,1,0600",,,"21.1",",,1","5.0",",,1",,,"  360",",,1","  330",",,1",,,,,"7.2",",,1","9.8",",,1"
"USW00013897","NASHVILLE INTERNATIONAL AIRPORT, TN US","36.11054","-86.68815","178.9","2026-04-07","3.8",",,1",,,,,"0.0",",,1,2400","0.0",",,1,0600","0.0",",,1,0600",,,"20.0",",,1","7.2",",,1",,,"   30",",,1","   60",",,1",,,,,"7.6",",,1","10.7",",,1"
"USW00013897","NASHVILLE INTERNATIONAL AIRPORT, TN US","36.11054","-86.68815","178.9","2026-04-08","3.4",",,1",,,,,"0.0",",,1,2400","0.0",",,1,0600","0.0",",,1,0600",,,"25.0",",,1","7.8",",,1",,,"  180",",,1","  170",",,1",,,,,"6.7",",,1","9.8",",,1"
"USW00013897","NASHVILLE INTERNATIONAL AIRPORT, TN US","36.11054","-86.68815","178.9","2026-04-09","3.2",",,1",,,,,"0.0",",,1,2400","0.0",",,1,0600","0.0",",,1,0600",,,"25.0",",,1","12.2",",,1",,,"  180",",,1","  200",",,1",,,,,"7.2",",,1","9.8",",,1"
"USW00013897","NASHVILLE INTERNATIONAL AIRPORT, TN US","36.11054","-86.68815","178.9","2026-04-10","2.5",",,1",,,,,"0.0",",,1,2400","0.0",",,1,0600","0.0",",,1,0600",,,"26.7",",,1","10.6",",,1",,,"  200",",,1","  200",",,1",,,,,"7.6",",,1","10.7",",,1"
"USW00013897","NASHVILLE INTERNATIONAL AIRPORT, TN US","36.11054","-86.68815","178.9","2026-04-11","1.3",",,1",,,,,"0.0",",,1,2400","0.0",",,1,0600","0.0",",,1,0600",,,"28.9",",,1","13.9",",,1",,,"  320",",,1","  360",",,1",,,,,"5.8",",,1","7.6",",,1"
"USW00013897","NASHVILLE INTERNATIONAL AIRPORT, TN US","36.11054","-86.68815","178.9","2026-04-12","4.0",",,1",,,,,"0.0",",,1,2400","0.0",",,1,0600","0.0",",,1,0600",,,"29.4",",,1","11.7",",,1",,,"  190",",,1","  200",",,1",,,,,"10.3",",,1","17.0",",,1"
"USW00013897","NASHVILLE INTERNATIONAL AIRPORT, TN US","36.11054","-86.68815","178.9","2026-04-13","4.0",",,1",,,,,"0.5",",,1,2400","0.0",",,1,0600","0.0",",,1,0600",,,"26.1",",,1","18.9",",,1",,,"  200",",,1","  200",",,1",,,,,"9.4",",,1","11.6",",,1"
"USW00013897","NASHVILLE INTERNATIONAL AIRPORT, TN US","36.11054","-86.68815","178.9","2026-04-14","3.7",",,1",,,,,"0.0",",,1,2400","0.0",",,1,0600","0.0",",,1,0600",,,"28.9",",,1","17.2",",,1",,,"  200",",,1","  200",",,1",,,,,"8.9",",,1","13.4",",,1"
"USW00013897","NASHVILLE INTERNATIONAL AIRPORT, TN US","36.11054","-86.68815","178.9","2026-04-15","4.1",",,1",,,,,"0.0",",,1,2400","0.0",",,1,0600","0.0",",,1,0600",,,"30.6",",,1","17.2",",,1",,,"  170",",,1","  180",",,1",,,,,"8.9",",,1","14.3",",,1"
"USW00013897","NASHVILLE INTERNATIONAL AIRPORT, TN US","36.11054","-86.68815","178.9","2026-04-16","4.2",",,1",,,,,"17.0",",,1,2400","0.0",",,1,0600","0.0",",,1,0600",,,"28.9",",,1","15.0",",,1",,,"  290",",,1","  300",",,1",,,,,"17.9",",,1","27.7",",,1"
"USW00013897","NASHVILLE INTERNATIONAL AIRPORT, TN US","36.11054","-86.68815","178.9","2026-04-17","2.5",",,1",,,,,"0.0",",,1,2400","0.0",",,1,0600","0.0",",,1,0600",,,"29.4",",,1","13.9",",,1",,,"  200",",,1","  200",",,1",,,,,"6.7",",,1","9.4",",,1"
"USW00013897","NASHVILLE INTERNATIONAL AIRPORT, TN US","36.11054","-86.68815","178.9","2026-04-18","3.3",",,1",,,,,"0.3",",,1,2400","0.0",",,1,0600","0.0",",,1,0600",,,"23.3",",,1","8.9",",,1",,,"  360",",,1","  340",",,1",,,,,"11.2",",,1","19.2",",,1"
"USW00013897","NASHVILLE INTERNATIONAL AIRPORT, TN US","36.11054","-86.68815","178.9","2026-04-19","3.0",",,1",,,,,"0.0",",,1,2400","0.0",",,1,0600","0.0",",,1,0600",,,"19.4",",,1","7.2",",,1",,,"   20",",,1","   30",",,1",,,,,"8.0",",,1","13.9",",,1"
"USW00013897","NASHVILLE INTERNATIONAL AIRPORT, TN US","36.11054","-86.68815","178.9","2026-04-20","2.8",",,1",,,,,"0.0",",,1,2400","0.0",",,1,0600","0.0",",,1,0600",,,"23.3",",,1","6.1",",,1",,,"  340",",,1","   30",",,1",,,,,"7.2",",,1","14.8",",,1"
"USW00013897","NASHVILLE INTERNATIONAL AIRPORT, TN US","36.11054","-86.68815","178.9","2026-04-21","3.0",",,1",,,,,"0.0",",,1,2400","0.0",",,1,0600","0.0",",,1,0600",,,"27.8",",,1","8.3",",,1",,,"  210",",,1","  210",",,1",,,,,"7.2",",,1","11.2",",,1"
"USW00013897","NASHVILLE INTERNATIONAL AIRPORT, TN US","36.11054","-86.68815","178.9","2026-04-22","2.7",",,1",,,,,"0.0",",,1,2400","0.0",",,1,0600","0.0",",,1,0600",,,"28.3",",,1","10.6",",,1",,,"  190",",,1","  210",",,1",,,,,"7.2",",,1","11.6",",,1"
"USW00013897","NASHVILLE INTERNATIONAL AIRPORT, TN US","36.11054","-86.68815","178.9","2026-04-23","2.7",",,1",,,,,"0.0",",,1,2400","0.0",",,1,0600","0.0",",,1,0600",,,"29.4",",,1","11.7",",,1",,,"  190",",,1","  180",",,1",,,,,"8.0",",,1","12.1",",,1"
"USW00013897","NASHVILLE INTERNATIONAL AIRPORT, TN US","36.11054","-86.68815","178.9","2026-04-24","2.9",",,1",,,,,"0.0","T,,1,2400","0.0",",,1,0600","0.0",",,1,0600",,,"27.2",",,1","13.9",",,1",,,"  190",",,1","  200",",,1",,,,,"8.0",",,1","11.6",",,1"
"USW00013897","NASHVILLE INTERNATIONAL AIRPORT, TN US","36.11054","-86.68815","178.9","2026-04-25","2.6",",,1",,,,,"0.0",",,1,2400","0.0",",,1,0600","0.0",",,1,0600",,,"28.3",",,1","16.7",",,1",,,"   10",",,1","  350",",,1",,,,,"6.7",",,1","13.4",",,1"
"USW00013897","NASHVILLE INTERNATIONAL AIRPORT, TN US","36.11054","-86.68815","178.9","2026-04-26","2.0",",,1",,,,,"0.0",",,1,2400","0.0",",,1,0600","0.0",",,1,0600",,,"28.9",",,1","13.9",",,1",,,"   60",",,1","  110",",,1",,,,,"6.3",",,1","8.0",",,1"
"USW00013897","NASHVILLE INTERNATIONAL AIRPORT, TN US","36.11054","-86.68815","178.9","2026-04-27","6.7",",,1",,,,,"0.8",",,1,2400","0.0",",,1,0600","0.0",",,1,0600",,,"28.9",",,1","16.1",",,1",,,"  170",",,1","  190",",,1",,,,,"11.6",",,1","19.2",",,1"
"USW00013897","NASHVILLE INTERNATIONAL AIRPORT, TN US","36.11054","-86.68815","178.9","2026-04-28","5.6",",,1",,,,,"43.4",",,1,2400","0.0",",,1,0600","0.0",",,1,0600",,,"27.8",",,1","17.2",",,1",,,"  280",",,1","  270",",,1",,,,,"13.9",",,1","25.0",",,1"
"USW00013897","NASHVILLE INTERNATIONAL AIRPORT, TN US","36.11054","-86.68815","178.9","2026-04-29","4.9",",,1",,,,,"1.0",",,1,2400","0.0",",,1,0600","0.0",",,1,0600",,,"23.9",",,1","14.4",",,1",,,"  180",",,1","  190",",,1",,,,,"10.7",",,1","19.7",",,1"
"USW00013897","NASHVILLE INTERNATIONAL AIRPORT, TN US","36.11054","-86.68815","178.9","2026-04-30","4.1",",,1",,,,,"0.0",",,1,2400","0.0",",,1,0600","0.0",",,1,0600",,,"19.4",",,1","10.0",",,1",,,"   20",",,1","   20",",,1",,,,,"8.9",",,1","15.2",",,1"
"US1TNSR0089","MILLERSVILLE 1.4 NW, TN US","36.3939498","-86.721666","173.7","2026-04-01",,,,,,,"0.0",",,N","0.0",",,N",,,,,,,,,,,,,,,,,,,,,,
"US1TNSR0089","MILLERSVILLE 1.4 NW, TN US","36.3939498","-86.721666","173.7","2026-04-02",,,,,,,"0.0",",,N","0.0",",,N",,,,,,,,,,,,,,,,,,,,,,
"US1TNSR0089","MILLERSVILLE 1.4 NW, TN US","36.3939498","-86.721666","173.7","2026-04-03",,,,,,,"0.8",",,N",,,,,,,,,,,,,,,,,,,,,,,,
"US1TNSR0089","MILLERSVILLE 1.4 NW, TN US","36.3939498","-86.721666","173.7","2026-04-04",,,,,,,"0.0",",,N","0.0",",,N",,,,,,,,,,,,,,,,,,,,,,
"US1TNSR0089","MILLERSVILLE 1.4 NW, TN US","36.3939498","-86.721666","173.7","2026-04-05",,,,,,,"27.9",",,N",,,,,,,,,,,,,,,,,,,,,,,,
"US1TNSR0089","MILLERSVILLE 1.4 NW, TN US","36.3939498","-86.721666","173.7","2026-04-06",,,,,,,"0.0",",,N","0.0",",,N",,,,,,,,,,,,,,,,,,,,,,
"US1TNSR0089","MILLERSVILLE 1.4 NW, TN US","36.3939498","-86.721666","173.7","2026-04-07",,,,,,,"0.0",",,N","0.0",",,N",,,,,,,,,,,,,,,,,,,,,,
"US1TNSR0089","MILLERSVILLE 1.4 NW, TN US","36.3939498","-86.721666","173.7","2026-04-08",,,,,,,"0.0",",,N","0.0",",,N",,,,,,,,,,,,,,,,,,,,,,
"US1TNSR0089","MILLERSVILLE 1.4 NW, TN US","36.3939498","-86.721666","173.7","2026-04-09",,,,,,,"0.0",",,N","0.0",",,N",,,,,,,,,,,,,,,,,,,,,,
"US1TNSR0089","MILLERSVILLE 1.4 NW, TN US","36.3939498","-86.721666","173.7","2026-04-10",,,,,,,"0.0",",,N","0.0",",,N",,,,,,,,,,,,,,,,,,,,,,
"US1TNSR0089","MILLERSVILLE 1.4 NW, TN US","36.3939498","-86.721666","173.7","2026-04-11",,,,,,,"0.0",",,N","0.0",",,N",,,,,,,,,,,,,,,,,,,,,,
"US1TNSR0089","MILLERSVILLE 1.4 NW, TN US","36.3939498","-86.721666","173.7","2026-04-12",,,,,,,"0.0",",,N","0.0",",,N",,,,,,,,,,,,,,,,,,,,,,
"US1TNSR0089","MILLERSVILLE 1.4 NW, TN US","36.3939498","-86.721666","173.7","2026-04-13",,,,,,,"1.0",",,N",,,,,,,,,,,,,,,,,,,,,,,,
"US1TNSR0089","MILLERSVILLE 1.4 NW, TN US","36.3939498","-86.721666","173.7","2026-04-14",,,,,,,"0.0",",,N","0.0",",,N",,,,,,,,,,,,,,,,,,,,,,
"US1TNSR0089","MILLERSVILLE 1.4 NW, TN US","36.3939498","-86.721666","173.7","2026-04-15",,,,,,,"0.0",",,N","0.0",",,N",,,,,,,,,,,,,,,,,,,,,,
"US1TNSR0089","MILLERSVILLE 1.4 NW, TN US","36.3939498","-86.721666","173.7","2026-04-16",,,,,,,"0.0",",,N","0.0",",,N",,,,,,,,,,,,,,,,,,,,,,
"US1TNSR0089","MILLERSVILLE 1.4 NW, TN US","36.3939498","-86.721666","173.7","2026-04-17",,,,,,,"9.1",",,N",,,,,,,,,,,,,,,,,,,,,,,,
"US1TNSR0089","MILLERSVILLE 1.4 NW, TN US","36.3939498","-86.721666","173.7","2026-04-18",,,,,,,"0.0",",,N","0.0",",,N",,,,,,,,,,,,,,,,,,,,,,
"US1TNSR0089","MILLERSVILLE 1.4 NW, TN US","36.3939498","-86.721666","173.7","2026-04-19",,,,,,,"0.0",",,N","0.0",",,N",,,,,,,,,,,,,,,,,,,,,,
"US1TNSR0089","MILLERSVILLE 1.4 NW, TN US","36.3939498","-86.721666","173.7","2026-04-20",,,,,,,"0.0",",,N","0.0",",,N",,,,,,,,,,,,,,,,,,,,,,
"US1TNSR0089","MILLERSVILLE 1.4 NW, TN US","36.3939498","-86.721666","173.7","2026-04-21",,,,,,,"0.0",",,N","0.0",",,N",,,,,,,,,,,,,,,,,,,,,,
"US1TNSR0089","MILLERSVILLE 1.4 NW, TN US","36.3939498","-86.721666","173.7","2026-04-22",,,,,,,"0.0",",,N","0.0",",,N",,,,,,,,,,,,,,,,,,,,,,
"US1TNSR0089","MILLERSVILLE 1.4 NW, TN US","36.3939498","-86.721666","173.7","2026-04-23",,,,,,,"0.0",",,N","0.0",",,N",,,,,,,,,,,,,,,,,,,,,,
"US1TNSR0089","MILLERSVILLE 1.4 NW, TN US","36.3939498","-86.721666","173.7","2026-04-24",,,,,,,"0.0",",,N","0.0",",,N",,,,,,,,,,,,,,,,,,,,,,
"US1TNSR0089","MILLERSVILLE 1.4 NW, TN US","36.3939498","-86.721666","173.7","2026-04-25",,,,,,,"0.5",",,N",,,,,,,,,,,,,,,,,,,,,,,,
"US1TNSR0089","MILLERSVILLE 1.4 NW, TN US","36.3939498","-86.721666","173.7","2026-04-26",,,,,,,"0.0",",,N","0.0",",,N",,,,,,,,,,,,,,,,,,,,,,
"US1TNSR0089","MILLERSVILLE 1.4 NW, TN US","36.3939498","-86.721666","173.7","2026-04-27",,,,,,,"0.0",",,N","0.0",",,N",,,,,,,,,,,,,,,,,,,,,,
"US1TNSR0089","MILLERSVILLE 1.4 NW, TN US","36.3939498","-86.721666","173.7","2026-04-28",,,,,,,"30.5",",,N",,,,,,,,,,,,,,,,,,,,,,,,
"US1TNSR0089","MILLERSVILLE 1.4 NW, TN US","36.3939498","-86.721666","173.7","2026-04-29",,,,,,,"38.6",",,N",,,,,,,,,,,,,,,,,,,,,,,,
"US1TNSR0089","MILLERSVILLE 1.4 NW, TN US","36.3939498","-86.721666","173.7","2026-04-30",,,,,,,"0.0",",,N","0.0",",,N",,,,,,,,,,,,,,,,,,,,,,
"US1TNSR0085","HENDERSONVILLE 4.9 NNE, TN US","36.352625","-86.55498","156.1","2026-04-06",,,"    6",",,N","16.0",",,N",,,,,,,,,,,,,,,,,,,,,,,,,,
"US1TNSR0085","HENDERSONVILLE 4.9 NNE, TN US","36.352625","-86.55498","156.1","2026-04-12",,,,,,,"7.4",",,N",,,,,,,,,,,,,,,,,,,,,,,,
"US1TNSR0085","HENDERSONVILLE 4.9 NNE, TN US","36.352625","-86.55498","156.1","2026-04-17",,,,,,,"6.9",",,N",,,,,,,,,,,,,,,,,,,,,,,,
"US1TNSR0085","HENDERSONVILLE 4.9 NNE, TN US","36.352625","-86.55498","156.1","2026-04-28",,,,,,,"27.4",",,N",,,,,,,,,,,,,,,,,,,,,,,,
"US1TNSR0085","HENDERSONVILLE 4.9 NNE, TN US","36.352625","-86.55498","156.1","2026-04-29",,,,,,,"16.3",",,N",,,,,,,,,,,,,,,,,,,,,,,,
"US1TNSR0084","HENDERSONVILLE 4.7 N, TN US","36.361865","-86.597069","162.5","2026-04-01",,,,,,,"0.0",",,N","0.0",",,N",,,,,,,,,,,,,,,,,,,,,,
"US1TNSR0084","HENDERSONVILLE 4.7 N, TN US","36.361865","-86.597069","162.5","2026-04-02",,,,,,,"0.0",",,N","0.0",",,N",,,,,,,,,,,,,,,,,,,,,,
"US1TNSR0084","HENDERSONVILLE 4.7 N, TN US","36.361865","-86.597069","162.5","2026-04-03",,,,,,,"0.5",",,N",,,,,,,,,,,,,,,,,,,,,,,,
"US1TNSR0084","HENDERSONVILLE 4.7 N, TN US","36.361865","-86.597069","162.5","2026-04-04",,,,,,,"0.0",",,N","0.0",",,N",,,,,,,,,,,,,,,,,,,,,,
"US1TNSR0084","HENDERSONVILLE 4.7 N, TN US","36.361865","-86.597069","162.5","2026-04-05",,,,,,,"17.5",",,N",,,,,,,,,,,,,,,,,,,,,,,,
"US1TNSR0084","HENDERSONVILLE 4.7 N, TN US","36.361865","-86.597069","162.5","2026-04-06",,,,,,,"0.0",",,N","0.0",",,N",,,,,,,,,,,,,,,,,,,,,,
"US1TNSR0084","HENDERSONVILLE 4.7 N, TN US","36.361865","-86.597069","162.5","2026-04-07",,,,,,,"0.0",",,N","0.0",",,N",,,,,,,,,,,,,,,,,,,,,,
"US1TNSR0084","HENDERSONVILLE 4.7 N, TN US","36.361865","-86.597069","162.5","2026-04-08",,,,,,,"0.0",",,N","0.0",",,N",,,,,,,,,,,,,,,,,,,,,,
"US1TNSR0084","HENDERSONVILLE 4.7 N, TN US","36.361865","-86.597069","162.5","2026-04-09",,,,,,,"0.0",",,N","0.0",",,N",,,,,,,,,,,,,,,,,,,,,,
"US1TNSR0084","HENDERSONVILLE 4.7 N, TN US","36.361865","-86.597069","162.5","2026-04-10",,,,,,,"0.0",",,N","0.0",",,N",,,,,,,,,,,,,,,,,,,,,,
"US1TNSR0084","HENDERSONVILLE 4.7 N, TN US","36.361865","-86.597069","162.5","2026-04-11",,,,,,,"0.0",",,N","0.0",",,N",,,,,,,,,,,,,,,,,,,,,,
"US1TNSR0084","HENDERSONVILLE 4.7 N, TN US","36.361865","-86.597069","162.5","2026-04-12",,,,,,,"4.1",",,N",,,,,,,,,,,,,,,,,,,,,,,,
"US1TNSR0084","HENDERSONVILLE 4.7 N, TN US","36.361865","-86.597069","162.5","2026-04-15",,,"    3",",,N","0.0","T,,N",,,,,,,,,,,,,,,,,,,,,,,,,,
"US1TNSR0084","HENDERSONVILLE 4.7 N, TN US","36.361865","-86.597069","162.5","2026-04-16",,,,,,,"0.0",",,N","0.0",",,N",,,,,,,,,,,,,,,,,,,,,,
"US1TNSR0084","HENDERSONVILLE 4.7 N, TN US","36.361865","-86.597069","162.5","2026-04-17",,,,,,,,,"0.0",",,N",,,,,,,,,,,,,,,,,,,,,,
"US1TNSR0084","HENDERSONVILLE 4.7 N, TN US","36.361865","-86.597069","162.5","2026-04-20",,,"    2",",,N","0.3",",,N",,,,,,,,,,,,,,,,,,,,,,,,,,
"US1TNSR0084","HENDERSONVILLE 4.7 N, TN US","36.361865","-86.597069","162.5","2026-04-21",,,,,,,"0.0",",,N","0.0",",,N",,,,,,,,,,,,,,,,,,,,,,
"US1TNSR0084","HENDERSONVILLE 4.7 N, TN US","36.361865","-86.597069","162.5","2026-04-22",,,,,,,"0.0",",,N","0.0",",,N",,,,,,,,,,,,,,,,,,,,,,
"US1TNSR0084","HENDERSONVILLE 4.7 N, TN US","36.361865","-86.597069","162.5","2026-04-23",,,,,,,"0.0",",,N","0.0",",,N",,,,,,,,,,,,,,,,,,,,,,
"US1TNSR0084","HENDERSONVILLE 4.7 N, TN US","36.361865","-86.597069","162.5","2026-04-24",,,,,,,"0.0",",,N","0.0",",,N",,,,,,,,,,,,,,,,,,,,,,
"US1TNSR0084","HENDERSONVILLE 4.7 N, TN US","36.361865","-86.597069","162.5","2026-04-25",,,,,,,"0.5",",,N",,,,,,,,,,,,,,,,,,,,,,,,
"US1TNSR0084","HENDERSONVILLE 4.7 N, TN US","36.361865","-86.597069","162.5","2026-04-26",,,,,,,"0.0",",,N","0.0",",,N",,,,,,,,,,,,,,,,,,,,,,
"US1TNSR0084","HENDERSONVILLE 4.7 N, TN US","36.361865","-86.597069","162.5","2026-04-27",,,,,,,"0.0",",,N","0.0",",,N",,,,,,,,,,,,,,,,,,,,,,
"US1TNSR0084","HENDERSONVILLE 4.7 N, TN US","36.361865","-86.597069","162.5","2026-04-28",,,,,,,"34.0",",,N",,,,,,,,,,,,,,,,,,,,,,,,
"US1TNCH0024","KINGSTON SPRINGS 2.8 WNW, TN US","36.113323","-87.146123","218.5","2026-04-01",,,,,,,"0.0",",,N","0.0",",,N",,,,,,,,,,,,,,,,,,,,,,
"US1TNCH0024","KINGSTON SPRINGS 2.8 WNW, TN US","36.113323","-87.146123","218.5","2026-04-02",,,,,,,"0.0",",,N","0.0",",,N",,,,,,,,,,,,,,,,,,,,,,
"US1TNCH0024","KINGSTON SPRINGS 2.8 WNW, TN US","36.113323","-87.146123","218.5","2026-04-03",,,,,,,"0.8",",,N","0.0",",,N",,,,,,,,,,,,,,,,,,,,,,
"US1TNCH0024","KINGSTON SPRINGS 2.8 WNW, TN US","36.113323","-87.146123","218.5","2026-04-04",,,,,,,"0.0",",,N","0.0",",,N",,,,,,,,,,,,,,,,,,,,,,
"US1TNCH0024","KINGSTON SPRINGS 2.8 WNW, TN US","36.113323","-87.146123","218.5","2026-04-05",,,,,,,"25.1",",,N",,,,,,,,,,,,,,,,,,,,,,,,
"US1TNCH0024","KINGSTON SPRINGS 2.8 WNW, TN US","36.113323","-87.146123","218.5","2026-04-06",,,,,,,"0.0",",,N","0.0",",,N",,,,,,,,,,,,,,,,,,,,,,
"US1TNCH0024","KINGSTON SPRINGS 2.8 WNW, TN US","36.113323","-87.146123","218.5","2026-04-07",,,,,,,"0.0",",,N","0.0",",,N",,,,,,,,,,,,,,,,,,,,,,
"US1TNCH0024","KINGSTON SPRINGS 2.8 WNW, TN US","36.113323","-87.146123","218.5","2026-04-08",,,,,,,"0.0",",,N","0.0",",,N",,,,,,,,,,,,,,,,,,,,,,
"US1TNCH0024","KINGSTON SPRINGS 2.8 WNW, TN US","36.113323","-87.146123","218.5","2026-04-09",,,,,,,"0.0",",,N","0.0",",,N",,,,,,,,,,,,,,,,,,,,,,
"US1TNCH0024","KINGSTON SPRINGS 2.8 WNW, TN US","36.113323","-87.146123","218.5","2026-04-10",,,,,,,"0.0",",,N","0.0",",,N",,,,,,,,,,,,,,,,,,,,,,
"US1TNCH0024","KINGSTON SPRINGS 2.8 WNW, TN US","36.113323","-87.146123","218.5","2026-04-11",,,,,,,"0.0",",,N","0.0",",,N",,,,,,,,,,,,,,,,,,,,,,
"US1TNCH0024","KINGSTON SPRINGS 2.8 WNW, TN US","36.113323","-87.146123","218.5","2026-04-12",,,,,,,"0.0",",,N","0.0",",,N",,,,,,,,,,,,,,,,,,,,,,
"US1TNCH0024","KINGSTON SPRINGS 2.8 WNW, TN US","36.113323","-87.146123","218.5","2026-04-13",,,,,,,"0.0",",,N","0.0",",,N",,,,,,,,,,,,,,,,,,,,,,
"US1TNCH0024","KINGSTON SPRINGS 2.8 WNW, TN US","36.113323","-87.146123","218.5","2026-04-14",,,,,,,"0.0",",,N","0.0",",,N",,,,,,,,,,,,,,,,,,,,,,
"US1TNCH0024","KINGSTON SPRINGS 2.8 WNW, TN US","36.113323","-87.146123","218.5","2026-04-15",,,,,,,"0.0",",,N","0.0",",,N",,,,,,,,,,,,,,,,,,,,,,
"US1TNCH0024","KINGSTON SPRINGS 2.8 WNW, TN US","36.113323","-87.146123","218.5","2026-04-16",,,,,,,"0.0",",,N","0.0",",,N",,,,,,,,,,,,,,,,,,,,,,
"US1TNCH0024","KINGSTON SPRINGS 2.8 WNW, TN US","36.113323","-87.146123","218.5","2026-04-17",,,,,,,"9.4",",,N",,,,,,,,,,,,,,,,,,,,,,,,
"US1TNCH0024","KINGSTON SPRINGS 2.8 WNW, TN US","36.113323","-87.146123","218.5","2026-04-18",,,,,,,"0.0",",,N","0.0",",,N",,,,,,,,,,,,,,,,,,,,,,
"US1TNCH0024","KINGSTON SPRINGS 2.8 WNW, TN US","36.113323","-87.146123","218.5","2026-04-19",,,,,,,"0.5",",,N",,,,,,,,,,,,,,,,,,,,,,,,
"US1TNCH0024","KINGSTON SPRINGS 2.8 WNW, TN US","36.113323","-87.146123","218.5","2026-04-20",,,,,,,"0.0",",,N","0.0",",,N",,,,,,,,,,,,,,,,,,,,,,
"US1TNSR0086","HENDERSONVILLE 1.4 SW, TN US","36.28066","-86.62173","146.6","2026-04-01",,,,,,,"0.0",",,N","0.0",",,N",,,,,,,,,,,,,,,,,,,,,,
"US1TNSR0086","HENDERSONVILLE 1.4 SW, TN US","36.28066","-86.62173","146.6","2026-04-02",,,,,,,"0.0",",,N","0.0",",,N",,,,,,,,,,,,,,,,,,,,,,
"US1TNSR0086","HENDERSONVILLE 1.4 SW, TN US","36.28066","-86.62173","146.6","2026-04-03",,,,,,,"0.0","T,,N",,,,,,,,,,,,,,,,,,,,,,,,
"US1TNSR0086","HENDERSONVILLE 1.4 SW, TN US","36.28066","-86.62173","146.6","2026-04-04",,,,,,,"0.0",",,N","0.0",",,N",,,,,,,,,,,,,,,,,,,,,,
"US1TNSR0086","HENDERSONVILLE 1.4 SW, TN US","36.28066","-86.62173","146.6","2026-04-05",,,,,,,"16.8",",,N",,,,,,,,,,,,,,,,,,,,,,,,
"US1TNSR0086","HENDERSONVILLE 1.4 SW, TN US","36.28066","-86.62173","146.6","2026-04-06",,,,,,,"0.0",",,N","0.0",",,N",,,,,,,,,,,,,,,,,,,,,,
"US1TNSR0086","HENDERSONVILLE 1.4 SW, TN US","36.28066","-86.62173","146.6","2026-04-07",,,,,,,"0.0",",,N","0.0",",,N",,,,,,,,,,,,,,,,,,,,,,
"US1TNSR0086","HENDERSONVILLE 1.4 SW, TN US","36.28066","-86.62173","146.6","2026-04-08",,,,,,,"0.0",",,N","0.0",",,N",,,,,,,,,,,,,,,,,,,,,,
"US1TNSR0086","HENDERSONVILLE 1.4 SW, TN US","36.28066","-86.62173","146.6","2026-04-09",,,,,,,"0.0",",,N","0.0",",,N",,,,,,,,,,,,,,,,,,,,,,
"US1TNSR0086","HENDERSONVILLE 1.4 SW, TN US","36.28066","-86.62173","146.6","2026-04-10",,,,,,,"0.0",",,N","0.0",",,N",,,,,,,,,,,,,,,,,,,,,,
"US1TNSR0086","HENDERSONVILLE 1.4 SW, TN US","36.28066","-86.62173","146.6","2026-04-11",,,,,,,"0.0",",,N","0.0",",,N",,,,,,,,,,,,,,,,,,,,,,
"US1TNSR0086","HENDERSONVILLE 1.4 SW, TN US","36.28066","-86.62173","146.6","2026-04-12",,,,,,,"0.5",",,N",,,,,,,,,,,,,,,,,,,,,,,,
"US1TNSR0086","HENDERSONVILLE 1.4 SW, TN US","36.28066","-86.62173","146.6","2026-04-13",,,,,,,"0.0",",,N","0.0",",,N",,,,,,,,,,,,,,,,,,,,,,
"US1TNSR0086","HENDERSONVILLE 1.4 SW, TN US","36.28066","-86.62173","146.6","2026-04-14",,,,,,,"0.0",",,N","0.0",",,N",,,,,,,,,,,,,,,,,,,,,,
"US1TNSR0086","HENDERSONVILLE 1.4 SW, TN US","36.28066","-86.62173","146.6","2026-04-15",,,,,,,"0.0",",,N","0.0",",,N",,,,,,,,,,,,,,,,,,,,,,
"US1TNSR0086","HENDERSONVILLE 1.4 SW, TN US","36.28066","-86.62173","146.6","2026-04-16",,,,,,,"0.0",",,N","0.0",",,N",,,,,,,,,,,,,,,,,,,,,,
"US1TNSR0086","HENDERSONVILLE 1.4 SW, TN US","36.28066","-86.62173","146.6","2026-04-17",,,,,,,"7.4",",,N",,,,,,,,,,,,,,,,,,,,,,,,
"US1TNSR0086","HENDERSONVILLE 1.4 SW, TN US","36.28066","-86.62173","146.6","2026-04-18",,,,,,,"0.0",",,N","0.0",",,N",,,,,,,,,,,,,,,,,,,,,,
"US1TNSR0086","HENDERSONVILLE 1.4 SW, TN US","36.28066","-86.62173","146.6","2026-04-19",,,,,,,"0.5",",,N",,,,,,,,,,,,,,,,,,,,,,,,
"US1TNSR0086","HENDERSONVILLE 1.4 SW, TN US","36.28066","-86.62173","146.6","2026-04-20",,,,,,,"0.0",",,N","0.0",",,N",,,,,,,,,,,,,,,,,,,,,,
"US1TNSR0086","HENDERSONVILLE 1.4 SW, TN US","36.28066","-86.62173","146.6","2026-04-21",,,,,,,"0.0",",,N","0.0",",,N",,,,,,,,,,,,,,,,,,,,,,
"US1TNSR0086","HENDERSONVILLE 1.4 SW, TN US","36.28066","-86.62173","146.6","2026-04-22",,,,,,,"0.0",",,N","0.0",",,N",,,,,,,,,,,,,,,,,,,,,,
"US1TNSR0086","HENDERSONVILLE 1.4 SW, TN US","36.28066","-86.62173","146.6","2026-04-23",,,,,,,"0.0",",,N","0.0",",,N",,,,,,,,,,,,,,,,,,,,,,
"US1TNSR0086","HENDERSONVILLE 1.4 SW, TN US","36.28066","-86.62173","146.6","2026-04-24",,,,,,,"0.0",",,N","0.0",",,N",,,,,,,,,,,,,,,,,,,,,,
"US1TNSR0086","HENDERSONVILLE 1.4 SW, TN US","36.28066","-86.62173","146.6","2026-04-25",,,,,,,"0.0","T,,N",,,,,,,,,,,,,,,,,,,,,,,,
"US1TNSR0086","HENDERSONVILLE 1.4 SW, TN US","36.28066","-86.62173","146.6","2026-04-26",,,,,,,"0.0",",,N","0.0",",,N",,,,,,,,,,,,,,,,,,,,,,
"US1TNSR0086","HENDERSONVILLE 1.4 SW, TN US","36.28066","-86.62173","146.6","2026-04-27",,,,,,,"0.0",",,N","0.0",",,N",,,,,,,,,,,,,,,,,,,,,,
"US1TNSR0086","HENDERSONVILLE 1.4 SW, TN US","36.28066","-86.62173","146.6","2026-04-28",,,,,,,"14.2",",,N",,,,,,,,,,,,,,,,,,,,,,,,
"US1TNSR0086","HENDERSONVILLE 1.4 SW, TN US","36.28066","-86.62173","146.6","2026-04-29",,,,,,,"13.2",",,N",,,,,,,,,,,,,,,,,,,,,,,,
"US1TNRD0095","SMYRNA 2.1 E, TN US","35.9854927062988","-86.4802169799805","157.3","2026-04-05",,,,,,,"30.2",",,N","0.0",",,N","0.0",",,N",,,,,,,,,,,,,,,,,,,,
"US1TNRD0095","SMYRNA 2.1 E, TN US","35.9854927062988","-86.4802169799805","157.3","2026-04-13",,,,,,,"0.0",",,N","0.0",",,N","0.0",",,N",,,,,,,,,,,,,,,,,,,,
"US1TNRD0095","SMYRNA 2.1 E, TN US","35.9854927062988","-86.4802169799805","157.3","2026-04-14",,,,,,,"0.5",",,N","0.0",",,N","0.0",",,N",,,,,,,,,,,,,,,,,,,,
"US1TNRD0095","SMYRNA 2.1 E, TN US","35.9854927062988","-86.4802169799805","157.3","2026-04-15",,,,,,,"0.0",",,N","0.0",",,N","0.0",",,N",,,,,,,,,,,,,,,,,,,,
"US1TNRD0095","SMYRNA 2.1 E, TN US","35.9854927062988","-86.4802169799805","157.3","2026-04-16",,,,,,,"0.0",",,N","0.0",",,N","0.0",",,N",,,,,,,,,,,,,,,,,,,,
"US1TNRD0095","SMYRNA 2.1 E, TN US","35.9854927062988","-86.4802169799805","157.3","2026-04-17",,,,,,,"13.0",",,N","0.0",",,N","0.0",",,N",,,,,,,,,,,,,,,,,,,,
"US1TNRD0095","SMYRNA 2.1 E, TN US","35.9854927062988","-86.4802169799805","157.3","2026-04-18",,,,,,,"0.0",",,N","0.0",",,N","0.0",",,N",,,,,,,,,,,,,,,,,,,,
"US1TNRD0095","SMYRNA 2.1 E, TN US","35.9854927062988","-86.4802169799805","157.3","2026-04-19",,,,,,,"1.0",",,N","0.0",",,N","0.0",",,N",,,,,,,,,,,,,,,,,,,,
"US1TNRD0095","SMYRNA 2.1 E, TN US","35.9854927062988","-86.4802169799805","157.3","2026-04-25",,,,,,,"0.0",",,N","0.0",",,N","0.0",",,N",,,,,,,,,,,,,,,,,,,,
"US1TNRD0095","SMYRNA 2.1 E, TN US","35.9854927062988","-86.4802169799805","157.3","2026-04-26",,,,,,,"0.0",",,N","0.0",",,N","0.0",",,N",,,,,,,,,,,,,,,,,,,,
"US1TNRD0095","SMYRNA 2.1 E, TN US","35.9854927062988","-86.4802169799805","157.3","2026-04-28",,,,,,,"11.9",",,N",,,,,,,,,,,,,,,,,,,,,,,,
"US1TNSR0082","GALLATIN 3.0 WNW, TN US","36.39794","-86.500999","168.6","2026-04-28",,,,,,,"34.0",",,N",,,,,,,,,,,,,,,,,,,,,,,,
"US1TNSR0082","GALLATIN 3.0 WNW, TN US","36.39794","-86.500999","168.6","2026-04-29",,,,,,,"14.0",",,N",,,,,,,,,,,,,,,,,,,,,,,,
"US1TNWL0005","FOREST HILLS 4.3 WSW, TN US","36.029657","-86.90089","196.0","2026-04-01",,,,,,,"0.0",",,N","0.0",",,N",,,,,,,,,,,,,,,,,,,,,,
"US1TNWL0005","FOREST HILLS 4.3 WSW, TN US","36.029657","-86.90089","196.0","2026-04-02",,,,,,,"0.0",",,N","0.0",",,N",,,,,,,,,,,,,,,,,,,,,,
"US1TNWL0005","FOREST HILLS 4.3 WSW, TN US","36.029657","-86.90089","196.0","2026-04-03",,,,,,,"0.0",",,N","0.0",",,N",,,,,,,,,,,,,,,,,,,,,,
"US1TNWL0005","FOREST HILLS 4.3 WSW, TN US","36.029657","-86.90089","196.0","2026-04-04",,,,,,,"0.0",",,N","0.0",",,N",,,,,,,,,,,,,,,,,,,,,,
"US1TNWL0005","FOREST HILLS 4.3 WSW, TN US","36.029657","-86.90089","196.0","2026-04-05",,,,,,,"22.1",",,N",,,,,,,,,,,,,,,,,,,,,,,,
"US1TNWL0005","FOREST HILLS 4.3 WSW, TN US","36.029657","-86.90089","196.0","2026-04-06",,,,,,,"0.0",",,N","0.0",",,N",,,,,,,,,,,,,,,,,,,,,,
"US1TNWL0005","FOREST HILLS 4.3 WSW, TN US","36.029657","-86.90089","196.0","2026-04-07",,,,,,,"0.0",",,N","0.0",",,N",,,,,,,,,,,,,,,,,,,,,,
"US1TNWL0005","FOREST HILLS 4.3 WSW, TN US","36.029657","-86.90089","196.0","2026-04-08",,,,,,,"0.0",",,N","0.0",",,N",,,,,,,,,,,,,,,,,,,,,,
"US1TNWL0005","FOREST HILLS 4.3 WSW, TN US","36.029657","-86.90089","196.0","2026-04-09",,,,,,,"0.0",",,N","0.0",",,N",,,,,,,,,,,,,,,,,,,,,,
"US1TNWL0005","FOREST HILLS 4.3 WSW, TN US","36.029657","-86.90089","196.0","2026-04-10",,,,,,,"0.0",",,N","0.0",",,N",,,,,,,,,,,,,,,,,,,,,,
"US1TNWL0005","FOREST HILLS 4.3 WSW, TN US","36.029657","-86.90089","196.0","2026-04-16",,,"    6",",,N","1.3",",,N",,,,,,,,,,,,,,,,,,,,,,,,,,
"US1TNWL0005","FOREST HILLS 4.3 WSW, TN US","36.029657","-86.90089","196.0","2026-04-17",,,,,,,"11.4",",,N",,,,,,,,,,,,,,,,,,,,,,,,
"US1TNWL0005","FOREST HILLS 4.3 WSW, TN US","36.029657","-86.90089","196.0","2026-04-18",,,,,,,"0.0",",,N","0.0",",,N",,,,,,,,,,,,,,,,,,,,,,
"US1TNWL0005","FOREST HILLS 4.3 WSW, TN US","36.029657","-86.90089","196.0","2026-04-19",,,,,,,"1.0",",,N",,,,,,,,,,,,,,,,,,,,,,,,
"US1TNWL0005","FOREST HILLS 4.3 WSW, TN US","36.029657","-86.90089","196.0","2026-04-20",,,,,,,"0.0",",,N","0.0",",,N",,,,,,,,,,,,,,,,,,,,,,
"US1TNWL0005","FOREST HILLS 4.3 WSW, TN US","36.029657","-86.90089","196.0","2026-04-21",,,,,,,"0.0",",,N","0.0",",,N",,,,,,,,,,,,,,,,,,,,,,
"US1TNWL0005","FOREST HILLS 4.3 WSW, TN US","36.029657","-86.90089","196.0","2026-04-22",,,,,,,"0.0",",,N","0.0",",,N",,,,,,,,,,,,,,,,,,,,,,
"US1TNWL0005","FOREST HILLS 4.3 WSW, TN US","36.029657","-86.90089","196.0","2026-04-23",,,,,,,"0.0",",,N","0.0",",,N",,,,,,,,,,,,,,,,,,,,,,
"US1TNWL0005","FOREST HILLS 4.3 WSW, TN US","36.029657","-86.90089","196.0","2026-04-24",,,,,,,"0.0",",,N","0.0",",,N",,,,,,,,,,,,,,,,,,,,,,
"US1TNWL0005","FOREST HILLS 4.3 WSW, TN US","36.029657","-86.90089","196.0","2026-04-25",,,,,,,"0.0","T,,N",,,,,,,,,,,,,,,,,,,,,,,,
"US1TNWL0005","FOREST HILLS 4.3 WSW, TN US","36.029657","-86.90089","196.0","2026-04-26",,,,,,,"0.0","T,,N","0.0",",,N",,,,,,,,,,,,,,,,,,,,,,
"US1TNWL0005","FOREST HILLS 4.3 WSW, TN US","36.029657","-86.90089","196.0","2026-04-27",,,,,,,"0.0",",,N","0.0",",,N",,,,,,,,,,,,,,,,,,,,,,
"US1TNWL0005","FOREST HILLS 4.3 WSW, TN US","36.029657","-86.90089","196.0","2026-04-28",,,,,,,"17.3",",,N",,,,,,,,,,,,,,,,,,,,,,,,
"US1TNWL0005","FOREST HILLS 4.3 WSW, TN US","36.029657","-86.90089","196.0","2026-04-29",,,,,,,"19.6",",,N",,,,,,,,,,,,,,,,,,,,,,,,
"US1TNWL0005","FOREST HILLS 4.3 WSW, TN US","36.029657","-86.90089","196.0","2026-04-30",,,,,,,"0.0",",,N","0.0",",,N",,,,,,,,,,,,,,,,,,,,,,
"US1TNCH0029","JOELTON 6.3 NW, TN US","36.3704572","-86.9521067","211.8","2026-04-02",,,,,,,"0.0",",,N","0.0",",,N",,,,,,,,,,,,,,,,,,,,,,
"US1TNCH0029","JOELTON 6.3 NW, TN US","36.3704572","-86.9521067","211.8","2026-04-03",,,,,,,"1.3",",,N",,,,,,,,,,,,,,,,,,,,,,,,
"US1TNCH0029","JOELTON 6.3 NW, TN US","36.3704572","-86.9521067","211.8","2026-04-04",,,,,,,"0.0",",,N","0.0",",,N",,,,,,,,,,,,,,,,,,,,,,
"US1TNCH0029","JOELTON 6.3 NW, TN US","36.3704572","-86.9521067","211.8","2026-04-05",,,,,,,"25.7",",,N",,,,,,,,,,,,,,,,,,,,,,,,
"US1TNCH0029","JOELTON 6.3 NW, TN US","36.3704572","-86.9521067","211.8","2026-04-06",,,,,,,"0.0",",,N","0.0",",,N",,,,,,,,,,,,,,,,,,,,,,
"US1TNCH0029","JOELTON 6.3 NW, TN US","36.3704572","-86.9521067","211.8","2026-04-07",,,,,,,"0.0",",,N","0.0",",,N",,,,,,,,,,,,,,,,,,,,,,
"US1TNCH0029","JOELTON 6.3 NW, TN US","36.3704572","-86.9521067","211.8","2026-04-08",,,,,,,"0.0",",,N","0.0",",,N",,,,,,,,,,,,,,,,,,,,,,
"US1TNCH0029","JOELTON 6.3 NW, TN US","36.3704572","-86.9521067","211.8","2026-04-09",,,,,,,"0.0",",,N","0.0",",,N",,,,,,,,,,,,,,,,,,,,,,
"US1TNCH0029","JOELTON 6.3 NW, TN US","36.3704572","-86.9521067","211.8","2026-04-10",,,,,,,"0.0",",,N","0.0",",,N",,,,,,,,,,,,,,,,,,,,,,
"US1TNCH0029","JOELTON 6.3 NW, TN US","36.3704572","-86.9521067","211.8","2026-04-11",,,,,,,"0.0",",,N","0.0",",,N",,,,,,,,,,,,,,,,,,,,,,
"US1TNCH0029","JOELTON 6.3 NW, TN US","36.3704572","-86.9521067","211.8","2026-04-12",,,,,,,"0.0",",,N","0.0",",,N",,,,,,,,,,,,,,,,,,,,,,
"US1TNCH0029","JOELTON 6.3 NW, TN US","36.3704572","-86.9521067","211.8","2026-04-13",,,,,,,"0.0",",,N","0.0",",,N",,,,,,,,,,,,,,,,,,,,,,
"US1TNCH0029","JOELTON 6.3 NW, TN US","36.3704572","-86.9521067","211.8","2026-04-14",,,,,,,"0.0",",,N","0.0",",,N",,,,,,,,,,,,,,,,,,,,,,
"US1TNCH0029","JOELTON 6.3 NW, TN US","36.3704572","-86.9521067","211.8","2026-04-15",,,,,,,"0.0",",,N","0.0",",,N",,,,,,,,,,,,,,,,,,,,,,
"US1TNCH0029","JOELTON 6.3 NW, TN US","36.3704572","-86.9521067","211.8","2026-04-16",,,,,,,"0.0",",,N","0.0",",,N",,,,,,,,,,,,,,,,,,,,,,
"US1TNCH0029","JOELTON 6.3 NW, TN US","36.3704572","-86.9521067","211.8","2026-04-17",,,,,,,"9.9",",,N",,,,,,,,,,,,,,,,,,,,,,,,
"US1TNCH0029","JOELTON 6.3 NW, TN US","36.3704572","-86.9521067","211.8","2026-04-18",,,,,,,"0.0",",,N","0.0",",,N",,,,,,,,,,,,,,,,,,,,,,
"US1TNCH0029","JOELTON 6.3 NW, TN US","36.3704572","-86.9521067","211.8","2026-04-19",,,,,,,"2.8",",,N",,,,,,,,,,,,,,,,,,,,,,,,
"US1TNCH0029","JOELTON 6.3 NW, TN US","36.3704572","-86.9521067","211.8","2026-04-20",,,,,,,"0.0",",,N","0.0",",,N",,,,,,,,,,,,,,,,,,,,,,
"US1TNCH0029","JOELTON 6.3 NW, TN US","36.3704572","-86.9521067","211.8","2026-04-21",,,,,,,"0.0",",,N","0.0",",,N",,,,,,,,,,,,,,,,,,,,,,
"US1TNCH0029","JOELTON 6.3 NW, TN US","36.3704572","-86.9521067","211.8","2026-04-22",,,,,,,"0.0",",,N","0.0",",,N",,,,,,,,,,,,,,,,,,,,,,
"US1TNCH0029","JOELTON 6.3 NW, TN US","36.3704572","-86.9521067","211.8","2026-04-23",,,,,,,"0.0",",,N","0.0",",,N",,,,,,,,,,,,,,,,,,,,,,
"US1TNCH0029","JOELTON 6.3 NW, TN US","36.3704572","-86.9521067","211.8","2026-04-24",,,,,,,"0.0",",,N","0.0",",,N",,,,,,,,,,,,,,,,,,,,,,
"US1TNCH0029","JOELTON 6.3 NW, TN US","36.3704572","-86.9521067","211.8","2026-04-25",,,,,,,"2.3",",,N",,,,,,,,,,,,,,,,,,,,,,,,
"US1TNCH0029","JOELTON 6.3 NW, TN US","36.3704572","-86.9521067","211.8","2026-04-26",,,,,,,"0.0",",,N","0.0",",,N",,,,,,,,,,,,,,,,,,,,,,
"US1TNCH0029","JOELTON 6.3 NW, TN US","36.3704572","-86.9521067","211.8","2026-04-27",,,,,,,"0.0",",,N","0.0",",,N",,,,,,,,,,,,,,,,,,,,,,
"US1TNCH0029","JOELTON 6.3 NW, TN US","36.3704572","-86.9521067","211.8","2026-04-28",,,,,,,"24.9",",,N",,,,,,,,,,,,,,,,,,,,,,,,
"US1TNCH0029","JOELTON 6.3 NW, TN US","36.3704572","-86.9521067","211.8","2026-04-29",,,,,,,"15.2",",,N",,,,,,,,,,,,,,,,,,,,,,,,
"USR0000TBUR","BURNS TENNESSEE, TN US","36.065","-87.2831","215.2","2026-04-01",,,,,,,,,,,,,"22.3",",,U","27.8","H,,U","18.3","H,,U",,,,,,,,,,,,,,
"USR0000TBUR","BURNS TENNESSEE, TN US","36.065","-87.2831","215.2","2026-04-02",,,,,,,,,,,,,"23.1",",,U","27.2","H,,U","18.9","H,,U",,,,,,,,,,,,,,
"USR0000TBUR","BURNS TENNESSEE, TN US","36.065","-87.2831","215.2","2026-04-03",,,,,,,,,,,,,"24.2",",,U","30.6","H,,U","20.0","H,,U",,,,,,,,,,,,,,
"USR0000TBUR","BURNS TENNESSEE, TN US","36.065","-87.2831","215.2","2026-04-04",,,,,,,,,,,,,"19.7",",,U","25.6","H,,U","11.1","H,,U",,,,,,,,,,,,,,
"USR0000TBUR","BURNS TENNESSEE, TN US","36.065","-87.2831","215.2","2026-04-05",,,,,,,,,,,,,"11.3",",,U","17.8","H,,U","6.1","H,,U",,,,,,,,,,,,,,
"USR0000TBUR","BURNS TENNESSEE, TN US","36.065","-87.2831","215.2","2026-04-06",,,,,,,,,,,,,"12.9",",,U","20.6","H,,U","5.0","H,,U",,,,,,,,,,,,,,
"USR0000TBUR","BURNS TENNESSEE, TN US","36.065","-87.2831","215.2","2026-04-07",,,,,,,,,,,,,"13.4",",,U","20.6","H,,U","6.1","H,,U",,,,,,,,,,,,,,
"USR0000TBUR","BURNS TENNESSEE, TN US","36.065","-87.2831","215.2","2026-04-08",,,,,,,,,,,,,"17.0",",,U","26.1","H,,U","7.2","H,,U",,,,,,,,,,,,,,
"USR0000TBUR","BURNS TENNESSEE, TN US","36.065","-87.2831","215.2","2026-04-09",,,,,,,,,,,,,"18.7",",,U","26.1","H,,U","12.2","H,,U",,,,,,,,,,,,,,
"USR0000TBUR","BURNS TENNESSEE, TN US","36.065","-87.2831","215.2","2026-04-10",,,,,,,,,,,,,"19.7",",,U","27.2","H,,U","12.2","H,,U",,,,,,,,,,,,,,
"USR0000TBUR","BURNS TENNESSEE, TN US","36.065","-87.2831","215.2","2026-04-11",,,,,,,,,,,,,"20.2",",,U","26.7","H,,U","13.9","H,,U",,,,,,,,,,,,,,
"USR0000TBUR","BURNS TENNESSEE, TN US","36.065","-87.2831","215.2","2026-04-12",,,,,,,,,,,,,"22.8",",,U","29.4","H,,U","15.0","H,,U",,,,,,,,,,,,,,
"USR0000TBUR","BURNS TENNESSEE, TN US","36.065","-87.2831","215.2","2026-04-13",,,,,,,,,,,,,"21.4",",,U","25.0","H,,U","19.4","H,,U",,,,,,,,,,,,,,
"USR0000TBUR","BURNS TENNESSEE, TN US","36.065","-87.2831","215.2","2026-04-14",,,,,,,,,,,,,"22.7",",,U","28.3","H,,U","17.8","H,,U",,,,,,,,,,,,,,
"USR0000TBUR","BURNS TENNESSEE, TN US","36.065","-87.2831","215.2","2026-04-15",,,,,,,,,,,,,"23.2",",,U","30.6","H,,U","17.2","H,,U",,,,,,,,,,,,,,
"USR0000TBUR","BURNS TENNESSEE, TN US","36.065","-87.2831","215.2","2026-04-16",,,,,,,,,,,,,"20.9",",,U","28.3","H,,U","14.4","H,,U",,,,,,,,,,,,,,
"USR0000TBUR","BURNS TENNESSEE, TN US","36.065","-87.2831","215.2","2026-04-17",,,,,,,,,,,,,"21.8",",,U","29.4","H,,U","13.9","H,,U",,,,,,,,,,,,,,
"USR0000TBUR","BURNS TENNESSEE, TN US","36.065","-87.2831","215.2","2026-04-18",,,,,,,,,,,,,"15.6",",,U","21.1","H,,U","7.8","H,,U",,,,,,,,,,,,,,
"USR0000TBUR","BURNS TENNESSEE, TN US","36.065","-87.2831","215.2","2026-04-19",,,,,,,,,,,,,"12.2",",,U","19.4","H,,U","5.0","H,,U",,,,,,,,,,,,,,
"USR0000TBUR","BURNS TENNESSEE, TN US","36.065","-87.2831","215.2","2026-04-20",,,,,,,,,,,,,"15.4",",,U","23.3","H,,U","8.3","H,,U",,,,,,,,,,,,,,
"USR0000TBUR","BURNS TENNESSEE, TN US","36.065","-87.2831","215.2","2026-04-21",,,,,,,,,,,,,"19.1",",,U","27.8","H,,U","11.1","H,,U",,,,,,,,,,,,,,
"USR0000TBUR","BURNS TENNESSEE, TN US","36.065","-87.2831","215.2","2026-04-22",,,,,,,,,,,,,"20.0",",,U","28.3","H,,U","13.3","H,,U",,,,,,,,,,,,,,
"USR0000TBUR","BURNS TENNESSEE, TN US","36.065","-87.2831","215.2","2026-04-23",,,,,,,,,,,,,"20.6",",,U","28.3","H,,U","12.8","H,,U",,,,,,,,,,,,,,
"USR0000TBUR","BURNS TENNESSEE, TN US","36.065","-87.2831","215.2","2026-04-24",,,,,,,,,,,,,"19.6",",,U","26.1","H,,U","15.0","H,,U",,,,,,,,,,,,,,
"USR0000TBUR","BURNS TENNESSEE, TN US","36.065","-87.2831","215.2","2026-04-25",,,,,,,,,,,,,"20.4",",,U","27.2","H,,U","15.0","H,,U",,,,,,,,,,,,,,
"USR0000TBUR","BURNS TENNESSEE, TN US","36.065","-87.2831","215.2","2026-04-26",,,,,,,,,,,,,"20.5",",,U","28.3","H,,U","12.8","H,,U",,,,,,,,,,,,,,
"USR0000TBUR","BURNS TENNESSEE, TN US","36.065","-87.2831","215.2","2026-04-27",,,,,,,,,,,,,"22.3",",,U","28.3","H,,U","15.0","H,,U",,,,,,,,,,,,,,
"USR0000TBUR","BURNS TENNESSEE, TN US","36.065","-87.2831","215.2","2026-04-28",,,,,,,,,,,,,"20.4",",,U","27.8","H,,U","16.1","H,,U",,,,,,,,,,,,,,
"USR0000TBUR","BURNS TENNESSEE, TN US","36.065","-87.2831","215.2","2026-04-29",,,,,,,,,,,,,"17.0",",,U","20.6","H,,U","12.2","H,,U",,,,,,,,,,,,,,
"USR0000TBUR","BURNS TENNESSEE, TN US","36.065","-87.2831","215.2","2026-04-30",,,,,,,,,,,,,"12.8",",,U","17.8","H,,U","7.8","H,,U",,,,,,,,,,,,,,
"US1TNWL0089","FRANKLIN 0.5 NE, TN US","35.933802","-86.834047","206.0","2026-04-01",,,,,,,"0.0",",,N","0.0",",,N",,,,,,,,,,,,,,,,,,,,,,
"US1TNWL0089","FRANKLIN 0.5 NE, TN US","35.933802","-86.834047","206.0","2026-04-02",,,,,,,"0.0",",,N","0.0",",,N",,,,,,,,,,,,,,,,,,,,,,
"US1TNWL0089","FRANKLIN 0.5 NE, TN US","35.933802","-86.834047","206.0","2026-04-03",,,,,,,"0.0",",,N","0.0",",,N",,,,,,,,,,,,,,,,,,,,,,
"US1TNWL0089","FRANKLIN 0.5 NE, TN US","35.933802","-86.834047","206.0","2026-04-04",,,,,,,"0.0",",,N","0.0",",,N",,,,,,,,,,,,,,,,,,,,,,
"US1TNWL0089","FRANKLIN 0.5 NE, TN US","35.933802","-86.834047","206.0","2026-04-05",,,,,,,"21.1",",,N",,,,,,,,,,,,,,,,,,,,,,,,
"US1TNWL0089","FRANKLIN 0.5 NE, TN US","35.933802","-86.834047","206.0","2026-04-06",,,,,,,"0.0",",,N","0.0",",,N",,,,,,,,,,,,,,,,,,,,,,
"US1TNWL0089","FRANKLIN 0.5 NE, TN US","35.933802","-86.834047","206.0","2026-04-07",,,,,,,"0.0",",,N","0.0",",,N",,,,,,,,,,,,,,,,,,,,,,
"US1TNWL0089","FRANKLIN 0.5 NE, TN US","35.933802","-86.834047","206.0","2026-04-08",,,,,,,"0.0",",,N","0.0",",,N",,,,,,,,,,,,,,,,,,,,,,
"US1TNWL0089","FRANKLIN 0.5 NE, TN US","35.933802","-86.834047","206.0","2026-04-09",,,,,,,"0.0",",,N","0.0",",,N",,,,,,,,,,,,,,,,,,,,,,
"US1TNWL0089","FRANKLIN 0.5 NE, TN US","35.933802","-86.834047","206.0","2026-04-10",,,,,,,"0.0",",,N","0.0",",,N",,,,,,,,,,,,,,,,,,,,,,
"US1TNWL0089","FRANKLIN 0.5 NE, TN US","35.933802","-86.834047","206.0","2026-04-11",,,,,,,"0.0",",,N","0.0",",,N",,,,,,,,,,,,,,,,,,,,,,
"US1TNWL0089","FRANKLIN 0.5 NE, TN US","35.933802","-86.834047","206.0","2026-04-12",,,,,,,"0.0",",,N","0.0",",,N",,,,,,,,,,,,,,,,,,,,,,
"US1TNWL0089","FRANKLIN 0.5 NE, TN US","35.933802","-86.834047","206.0","2026-04-13",,,,,,,"0.0",",,N","0.0",",,N",,,,,,,,,,,,,,,,,,,,,,
"US1TNWL0089","FRANKLIN 0.5 NE, TN US","35.933802","-86.834047","206.0","2026-04-14",,,,,,,"0.0","T,,N",,,,,,,,,,,,,,,,,,,,,,,,
"US1TNWL0089","FRANKLIN 0.5 NE, TN US","35.933802","-86.834047","206.0","2026-04-15",,,,,,,"0.0",",,N","0.0",",,N",,,,,,,,,,,,,,,,,,,,,,
"US1TNWL0089","FRANKLIN 0.5 NE, TN US","35.933802","-86.834047","206.0","2026-04-16",,,,,,,"0.0",",,N","0.0",",,N",,,,,,,,,,,,,,,,,,,,,,
"US1TNWL0089","FRANKLIN 0.5 NE, TN US","35.933802","-86.834047","206.0","2026-04-17",,,,,,,"5.3",",,N",,,,,,,,,,,,,,,,,,,,,,,,
"US1TNWL0089","FRANKLIN 0.5 NE, TN US","35.933802","-86.834047","206.0","2026-04-18",,,,,,,"0.0",",,N","0.0",",,N",,,,,,,,,,,,,,,,,,,,,,
"US1TNWL0089","FRANKLIN 0.5 NE, TN US","35.933802","-86.834047","206.0","2026-04-19",,,,,,,"0.8",",,N",,,,,,,,,,,,,,,,,,,,,,,,
"US1TNWL0089","FRANKLIN 0.5 NE, TN US","35.933802","-86.834047","206.0","2026-04-20",,,,,,,"0.0",",,N","0.0",",,N",,,,,,,,,,,,,,,,,,,,,,
"US1TNWL0089","FRANKLIN 0.5 NE, TN US","35.933802","-86.834047","206.0","2026-04-21",,,,,,,"0.0",",,N","0.0",",,N",,,,,,,,,,,,,,,,,,,,,,
"US1TNWL0089","FRANKLIN 0.5 NE, TN US","35.933802","-86.834047","206.0","2026-04-22",,,,,,,"0.0",",,N","0.0",",,N",,,,,,,,,,,,,,,,,,,,,,
"US1TNWL0089","FRANKLIN 0.5 NE, TN US","35.933802","-86.834047","206.0","2026-04-23",,,,,,,"0.0",",,N","0.0",",,N",,,,,,,,,,,,,,,,,,,,,,
"US1TNWL0089","FRANKLIN 0.5 NE, TN US","35.933802","-86.834047","206.0","2026-04-24",,,,,,,"0.0",",,N","0.0",",,N",,,,,,,,,,,,,,,,,,,,,,
"US1TNWL0089","FRANKLIN 0.5 NE, TN US","35.933802","-86.834047","206.0","2026-04-25",,,,,,,"0.0",",,N","0.0",",,N",,,,,,,,,,,,,,,,,,,,,,
"US1TNWL0089","FRANKLIN 0.5 NE, TN US","35.933802","-86.834047","206.0","2026-04-26",,,,,,,"0.0","T,,N",,,,,,,,,,,,,,,,,,,,,,,,
"US1TNWL0089","FRANKLIN 0.5 NE, TN US","35.933802","-86.834047","206.0","2026-04-27",,,,,,,"0.0",",,N","0.0",",,N",,,,,,,,,,,,,,,,,,,,,,
"US1TNWL0089","FRANKLIN 0.5 NE, TN US","35.933802","-86.834047","206.0","2026-04-28",,,,,,,"10.4",",,N",,,,,,,,,,,,,,,,,,,,,,,,
"US1TNWL0089","FRANKLIN 0.5 NE, TN US","35.933802","-86.834047","206.0","2026-04-29",,,,,,,"20.1",",,N",,,,,,,,,,,,,,,,,,,,,,,,
"US1TNWL0089","FRANKLIN 0.5 NE, TN US","35.933802","-86.834047","206.0","2026-04-30",,,,,,,"0.0",",,N","0.0",",,N",,,,,,,,,,,,,,,,,,,,,,
"US1TNWN0113","GREEN HILL 1.7 NNE, TN US","36.257208","-86.557872","146.3","2026-04-01",,,,,,,"0.0",",,N","0.0",",,N",,,,,,,,,,,,,,,,,,,,,,
"US1TNWN0113","GREEN HILL 1.7 NNE, TN US","36.257208","-86.557872","146.3","2026-04-02",,,,,,,"0.0",",,N","0.0",",,N",,,,,,,,,,,,,,,,,,,,,,
"US1TNWN0113","GREEN HILL 1.7 NNE, TN US","36.257208","-86.557872","146.3","2026-04-03",,,,,,,"0.0",",,N","0.0",",,N",,,,,,,,,,,,,,,,,,,,,,
"US1TNWN0113","GREEN HILL 1.7 NNE, TN US","36.257208","-86.557872","146.3","2026-04-04",,,,,,,"0.0",",,N","0.0",",,N",,,,,,,,,,,,,,,,,,,,,,
"US1TNWN0113","GREEN HILL 1.7 NNE, TN US","36.257208","-86.557872","146.3","2026-04-05",,,,,,,"24.9",",,N",,,,,,,,,,,,,,,,,,,,,,,,
"US1TNWN0113","GREEN HILL 1.7 NNE, TN US","36.257208","-86.557872","146.3","2026-04-06",,,,,,,"0.0",",,N","0.0",",,N",,,,,,,,,,,,,,,,,,,,,,
"US1TNWN0113","GREEN HILL 1.7 NNE, TN US","36.257208","-86.557872","146.3","2026-04-07",,,,,,,"0.0",",,N","0.0",",,N",,,,,,,,,,,,,,,,,,,,,,
"US1TNWN0113","GREEN HILL 1.7 NNE, TN US","36.257208","-86.557872","146.3","2026-04-08",,,,,,,"0.0",",,N","0.0",",,N",,,,,,,,,,,,,,,,,,,,,,
"US1TNWN0113","GREEN HILL 1.7 NNE, TN US","36.257208","-86.557872","146.3","2026-04-09",,,,,,,"0.0",",,N","0.0",",,N",,,,,,,,,,,,,,,,,,,,,,
"US1TNWN0113","GREEN HILL 1.7 NNE, TN US","36.257208","-86.557872","146.3","2026-04-10",,,,,,,"0.0",",,N","0.0",",,N",,,,,,,,,,,,,,,,,,,,,,
"US1TNWN0113","GREEN HILL 1.7 NNE, TN US","36.257208","-86.557872","146.3","2026-04-11",,,,,,,"0.0",",,N","0.0",",,N",,,,,,,,,,,,,,,,,,,,,,
"US1TNWN0113","GREEN HILL 1.7 NNE, TN US","36.257208","-86.557872","146.3","2026-04-12",,,,,,,"0.0",",,N","0.0",",,N",,,,,,,,,,,,,,,,,,,,,,
"US1TNWN0113","GREEN HILL 1.7 NNE, TN US","36.257208","-86.557872","146.3","2026-04-13",,,,,,,"0.0","T,,N",,,,,,,,,,,,,,,,,,,,,,,,
"US1TNWN0113","GREEN HILL 1.7 NNE, TN US","36.257208","-86.557872","146.3","2026-04-14",,,,,,,"0.0",",,N","0.0",",,N",,,,,,,,,,,,,,,,,,,,,,
"US1TNWN0113","GREEN HILL 1.7 NNE, TN US","36.257208","-86.557872","146.3","2026-04-15",,,,,,,"0.0",",,N","0.0",",,N",,,,,,,,,,,,,,,,,,,,,,
"US1TNWN0113","GREEN HILL 1.7 NNE, TN US","36.257208","-86.557872","146.3","2026-04-16",,,,,,,"0.0",",,N","0.0",",,N",,,,,,,,,,,,,,,,,,,,,,
"US1TNWN0113","GREEN HILL 1.7 NNE, TN US","36.257208","-86.557872","146.3","2026-04-17",,,,,,,"7.9",",,N",,,,,,,,,,,,,,,,,,,,,,,,
"US1TNWN0113","GREEN HILL 1.7 NNE, TN US","36.257208","-86.557872","146.3","2026-04-18",,,,,,,"0.0",",,N","0.0",",,N",,,,,,,,,,,,,,,,,,,,,,
"US1TNWN0113","GREEN HILL 1.7 NNE, TN US","36.257208","-86.557872","146.3","2026-04-19",,,,,,,"0.3",",,N",,,,,,,,,,,,,,,,,,,,,,,,
"US1TNWN0113","GREEN HILL 1.7 NNE, TN US","36.257208","-86.557872","146.3","2026-04-20",,,,,,,"0.0",",,N","0.0",",,N",,,,,,,,,,,,,,,,,,,,,,
"US1TNWN0113","GREEN HILL 1.7 NNE, TN US","36.257208","-86.557872","146.3","2026-04-21",,,,,,,"0.0",",,N","0.0",",,N",,,,,,,,,,,,,,,,,,,,,,
"US1TNWN0113","GREEN HILL 1.7 NNE, TN US","36.257208","-86.557872","146.3","2026-04-22",,,,,,,"0.0",",,N","0.0",",,N",,,,,,,,,,,,,,,,,,,,,,
"US1TNWN0113","GREEN HILL 1.7 NNE, TN US","36.257208","-86.557872","146.3","2026-04-23",,,,,,,"0.0",",,N","0.0",",,N",,,,,,,,,,,,,,,,,,,,,,
"US1TNWN0113","GREEN HILL 1.7 NNE, TN US","36.257208","-86.557872","146.3","2026-04-24",,,,,,,"0.0",",,N","0.0",",,N",,,,,,,,,,,,,,,,,,,,,,
"US1TNWN0113","GREEN HILL 1.7 NNE, TN US","36.257208","-86.557872","146.3","2026-04-25",,,,,,,"0.0",",,N","0.0",",,N",,,,,,,,,,,,,,,,,,,,,,
"US1TNWN0113","GREEN HILL 1.7 NNE, TN US","36.257208","-86.557872","146.3","2026-04-26",,,,,,,"0.0",",,N","0.0",",,N",,,,,,,,,,,,,,,,,,,,,,
"US1TNWN0113","GREEN HILL 1.7 NNE, TN US","36.257208","-86.557872","146.3","2026-04-27",,,,,,,"0.0",",,N","0.0",",,N",,,,,,,,,,,,,,,,,,,,,,
"US1TNWN0113","GREEN HILL 1.7 NNE, TN US","36.257208","-86.557872","146.3","2026-04-28",,,,,,,"16.3",",,N",,,,,,,,,,,,,,,,,,,,,,,,
"US1TNWN0113","GREEN HILL 1.7 NNE, TN US","36.257208","-86.557872","146.3","2026-04-29",,,,,,,"13.7",",,N",,,,,,,,,,,,,,,,,,,,,,,,
"US1TNWN0113","GREEN HILL 1.7 NNE, TN US","36.257208","-86.557872","146.3","2026-04-30",,,,,,,"0.0",",,N","0.0",",,N",,,,,,,,,,,,,,,,,,,,,,
"USC00403465","GLADEVILLE, TN US","36.065","-86.4174","182.9","2026-04-16",,,,,,,"0.0",",,H,0600",,,,,,,"27.8",",,H","14.4",",,H","19.4",",,H,0600",,,,,,,,,,,,
"USC00403465","GLADEVILLE, TN US","36.065","-86.4174","182.9","2026-04-17",,,,,,,"7.6",",,H,0600",,,,,,,"29.4",",,H","12.2",",,H","13.3",",,H,0600",,,,,,,,,,,,
"USC00403465","GLADEVILLE, TN US","36.065","-86.4174","182.9","2026-04-18",,,,,,,"0.0",",,H,0600",,,,,,,"29.4",",,H","12.2",",,H","15.6",",,H,0600",,,,,,,,,,,,
"USC00403465","GLADEVILLE, TN US","36.065","-86.4174","182.9","2026-04-30",,,,,,,"2.5",",,H,0600",,,,,,,"22.2",",,H","10.0",",,H","12.8",",,H,0600",,,,,,,,,,,,
"US1TNDV0131","GOODLETTSVILLE 1.5 W, TN US","36.33672","-86.730774","172.8","2026-04-01",,,,,,,"0.0",",,N","0.0",",,N",,,,,,,,,,,,,,,,,,,,,,
"US1TNDV0131","GOODLETTSVILLE 1.5 W, TN US","36.33672","-86.730774","172.8","2026-04-02",,,,,,,"0.0",",,N","0.0",",,N",,,,,,,,,,,,,,,,,,,,,,
"US1TNDV0131","GOODLETTSVILLE 1.5 W, TN US","36.33672","-86.730774","172.8","2026-04-03",,,,,,,"0.8",",,N",,,,,,,,,,,,,,,,,,,,,,,,
"US1TNDV0131","GOODLETTSVILLE 1.5 W, TN US","36.33672","-86.730774","172.8","2026-04-04",,,,,,,"0.0",",,N","0.0",",,N",,,,,,,,,,,,,,,,,,,,,,
"US1TNDV0131","GOODLETTSVILLE 1.5 W, TN US","36.33672","-86.730774","172.8","2026-04-05",,,,,,,"30.7",",,N",,,,,,,,,,,,,,,,,,,,,,,,
"US1TNDV0131","GOODLETTSVILLE 1.5 W, TN US","36.33672","-86.730774","172.8","2026-04-06",,,,,,,"0.0",",,N","0.0",",,N",,,,,,,,,,,,,,,,,,,,,,
"US1TNDV0131","GOODLETTSVILLE 1.5 W, TN US","36.33672","-86.730774","172.8","2026-04-07",,,,,,,"0.0",",,N","0.0",",,N",,,,,,,,,,,,,,,,,,,,,,
"US1TNDV0131","GOODLETTSVILLE 1.5 W, TN US","36.33672","-86.730774","172.8","2026-04-08",,,,,,,"0.0",",,N","0.0",",,N",,,,,,,,,,,,,,,,,,,,,,
"US1TNDV0131","GOODLETTSVILLE 1.5 W, TN US","36.33672","-86.730774","172.8","2026-04-09",,,,,,,"0.0",",,N","0.0",",,N",,,,,,,,,,,,,,,,,,,,,,
"US1TNDV0131","GOODLETTSVILLE 1.5 W, TN US","36.33672","-86.730774","172.8","2026-04-10",,,,,,,"0.0",",,N","0.0",",,N",,,,,,,,,,,,,,,,,,,,,,
"US1TNDV0131","GOODLETTSVILLE 1.5 W, TN US","36.33672","-86.730774","172.8","2026-04-11",,,,,,,"0.0",",,N","0.0",",,N",,,,,,,,,,,,,,,,,,,,,,
"US1TNDV0131","GOODLETTSVILLE 1.5 W, TN US","36.33672","-86.730774","172.8","2026-04-12",,,,,,,"10.2",",,N",,,,,,,,,,,,,,,,,,,,,,,,
"US1TNDV0131","GOODLETTSVILLE 1.5 W, TN US","36.33672","-86.730774","172.8","2026-04-13",,,,,,,"0.0",",,N","0.0",",,N",,,,,,,,,,,,,,,,,,,,,,
"US1TNDV0131","GOODLETTSVILLE 1.5 W, TN US","36.33672","-86.730774","172.8","2026-04-27",,,"   14",",,N","6.9",",,N",,,,,,,,,,,,,,,,,,,,,,,,,,
"US1TNDV0131","GOODLETTSVILLE 1.5 W, TN US","36.33672","-86.730774","172.8","2026-04-28",,,,,,,"26.4",",,N",,,,,,,,,,,,,,,,,,,,,,,,
"US1TNDV0131","GOODLETTSVILLE 1.5 W, TN US","36.33672","-86.730774","172.8","2026-04-29",,,,,,,"22.4",",,N",,,,,,,,,,,,,,,,,,,,,,,,
"US1TNDV0131","GOODLETTSVILLE 1.5 W, TN US","36.33672","-86.730774","172.8","2026-04-30",,,,,,,"0.0",",,N","0.0",",,N",,,,,,,,,,,,,,,,,,,,,,
"USC00408238","SHELBY BOTTOMS NATURE CENTER, TN US","36.1661","-86.7247","123.4","2026-04-16",,,,,,,"12.2",",,H,0800",,,,,,,"29.4",",,H","16.7",",,H",,,,,,,,,,,,,,
"USC00408238","SHELBY BOTTOMS NATURE CENTER, TN US","36.1661","-86.7247","123.4","2026-04-17",,,,,,,"0.0",",,H,0800",,,,,,,"28.9",",,H","12.8",",,H",,,,,,,,,,,,,,
"USC00408238","SHELBY BOTTOMS NATURE CENTER, TN US","36.1661","-86.7247","123.4","2026-04-18",,,,,,,"0.0",",,H,0800",,,,,,,"28.3",",,H","17.2",",,H","21.7",",,H,0800",,,,,,,,,,,,
"USC00406180","MONTGOMERY BELL STATE PARK, TN US","36.1014","-87.285","182.9","2026-04-02",,,,,,,"0.0",",,H,0800",,,,,,,"27.2",",,H","16.1",",,H","19.4",",,H,0800",,,,,,,,,,,,
"USC00406180","MONTGOMERY BELL STATE PARK, TN US","36.1014","-87.285","182.9","2026-04-04",,,,,,,"0.0",",,H,0800",,,,,,,"29.4",",,H","16.1",",,H","24.4",",,H,0800",,,,,,,,,,,,
"USC00406180","MONTGOMERY BELL STATE PARK, TN US","36.1014","-87.285","182.9","2026-04-05",,,,,,,"22.6",",,H,0800",,,,,,,"29.4",",,H","6.1",",,H","9.4",",,H,0800",,,,,,,,,,,,
"USC00406180","MONTGOMERY BELL STATE PARK, TN US","36.1014","-87.285","182.9","2026-04-06",,,,,,,"0.0",",,H,0800",,,,,,,"16.7",",,H","2.2",",,H","2.8",",,H,0800",,,,,,,,,,,,
"USC00406180","MONTGOMERY BELL STATE PARK, TN US","36.1014","-87.285","182.9","2026-04-07",,,,,,,"0.0",",,H,0800",,,,,,,"19.4",",,H","2.8",",,H","3.3",",,H,0800",,,,,,,,,,,,
"USC00406180","MONTGOMERY BELL STATE PARK, TN US","36.1014","-87.285","182.9","2026-04-09",,,,,,,"0.0",",,H,0800",,,,,,,"24.4",",,H","5.0",",,H","20.0",",,H,0800",,,,,,,,,,,,
"USC00406180","MONTGOMERY BELL STATE PARK, TN US","36.1014","-87.285","182.9","2026-04-10",,,,,,,"0.0",",,H,0800",,,,,,,"25.6",",,H","7.8",",,H","25.0",",,H,0800",,,,,,,,,,,,
"USC00406180","MONTGOMERY BELL STATE PARK, TN US","36.1014","-87.285","182.9","2026-04-11",,,,,,,"0.0",",,H,0800",,,,,,,"25.6",",,H","11.1",",,H","14.4",",,H,0800",,,,,,,,,,,,
"USC00406180","MONTGOMERY BELL STATE PARK, TN US","36.1014","-87.285","182.9","2026-04-12",,,,,,,"0.0",",,H,0800",,,,,,,"25.0",",,H","10.6",",,H","13.9",",,H,0800",,,,,,,,,,,,
"USC00406180","MONTGOMERY BELL STATE PARK, TN US","36.1014","-87.285","182.9","2026-04-13",,,,,,,"0.0","T,,H,0800",,,,,,,"27.8",",,H","13.9",",,H","18.9",",,H,0800",,,,,,,,,,,,
"USC00406180","MONTGOMERY BELL STATE PARK, TN US","36.1014","-87.285","182.9","2026-04-14",,,,,,,"0.3",",,H,0800",,,,,,,"24.4",",,H","16.1",",,H","24.4",",,H,0800",,,,,,,,,,,,
"USC00406180","MONTGOMERY BELL STATE PARK, TN US","36.1014","-87.285","182.9","2026-04-15",,,,,,,"0.0",",,H,0800",,,,,,,"27.8",",,H","15.6",",,H","21.7",",,H,0800",,,,,,,,,,,,
"USC00406180","MONTGOMERY BELL STATE PARK, TN US","36.1014","-87.285","182.9","2026-04-16",,,,,,,"0.0",",,H,0800",,,,,,,"28.3",",,H","16.1",",,H","22.8",",,H,0800",,,,,,,,,,,,
"USC00406180","MONTGOMERY BELL STATE PARK, TN US","36.1014","-87.285","182.9","2026-04-18",,,,,,,"0.0",",,H,0800",,,,,,,"27.2",",,H","14.4",",,H","20.0",",,H,0800",,,,,,,,,,,,
"USC00406180","MONTGOMERY BELL STATE PARK, TN US","36.1014","-87.285","182.9","2026-04-19",,,,,,,"1.0",",,H,0800",,,,,,,"20.0",",,H","3.9",",,H","5.6",",,H,0800",,,,,,,,,,,,
"USC00406180","MONTGOMERY BELL STATE PARK, TN US","36.1014","-87.285","182.9","2026-04-20",,,,,,,"0.0",",,H,0800",,,,,,,"17.2",",,H","4.4",",,H","6.7",",,H,0800",,,,,,,,,,,,
"USC00406180","MONTGOMERY BELL STATE PARK, TN US","36.1014","-87.285","182.9","2026-04-21",,,,,,,"0.0",",,H,0800",,,,,,,"21.7",",,H","6.1",",,H","10.0",",,H,0800",,,,,,,,,,,,
"USC00406180","MONTGOMERY BELL STATE PARK, TN US","36.1014","-87.285","182.9","2026-04-22",,,,,,,"0.0",",,H,0800",,,,,,,"25.0",",,H","6.1",",,H","10.0",",,H,0800",,,,,,,,,,,,
"USC00406180","MONTGOMERY BELL STATE PARK, TN US","36.1014","-87.285","182.9","2026-04-23",,,,,,,"0.0",",,H,0800",,,,,,,"26.1",",,H","10.0",",,H","11.7",",,H,0800",,,,,,,,,,,,
"USC00406180","MONTGOMERY BELL STATE PARK, TN US","36.1014","-87.285","182.9","2026-04-24",,,,,,,"0.0",",,H,0800",,,,,,,"26.7",",,H","11.7",",,H","17.8",",,H,0800",,,,,,,,,,,,
"USC00406180","MONTGOMERY BELL STATE PARK, TN US","36.1014","-87.285","182.9","2026-04-25",,,,,,,"0.0",",,H,0800",,,,,,,"25.0",",,H","15.6",",,H","24.4",",,H,0800",,,,,,,,,,,,
"USC00406180","MONTGOMERY BELL STATE PARK, TN US","36.1014","-87.285","182.9","2026-04-26",,,,,,,"0.0",",,H,0800",,,,,,,"24.4",",,H","10.6",",,H","11.7",",,H,0800",,,,,,,,,,,,
"USC00406180","MONTGOMERY BELL STATE PARK, TN US","36.1014","-87.285","182.9","2026-04-28",,,,,,,"44.2",",,H,0800",,,,,,,"27.2",",,H","15.6",",,H","17.8",",,H,0800",,,,,,,,,,,,
"USC00406180","MONTGOMERY BELL STATE PARK, TN US","36.1014","-87.285","182.9","2026-04-29",,,,,,,"27.9",",,H,0800",,,,,,,"25.0",",,H","16.1",",,H","18.9",",,H,0800",,,,,,,,,,,,
"USC00406180","MONTGOMERY BELL STATE PARK, TN US","36.1014","-87.285","182.9","2026-04-30",,,,,,,"0.0",",,H,0800",,,,,,,"18.9",",,H","7.2",",,H","11.1",",,H,0800",,,,,,,,,,,,
"US1TNSR0011","HENDERSONVILLE 2.9 NE, TN US","36.31886","-86.561239","148.1","2026-04-01",,,,,,,"0.0",",,N","0.0",",,N",,,,,,,,,,,,,,,,,,,,,,
"US1TNSR0011","HENDERSONVILLE 2.9 NE, TN US","36.31886","-86.561239","148.1","2026-04-02",,,,,,,"0.0",",,N","0.0",",,N",,,,,,,,,,,,,,,,,,,,,,
"US1TNSR0011","HENDERSONVILLE 2.9 NE, TN US","36.31886","-86.561239","148.1","2026-04-03",,,,,,,"0.0",",,N","0.0",",,N",,,,,,,,,,,,,,,,,,,,,,
"US1TNSR0011","HENDERSONVILLE 2.9 NE, TN US","36.31886","-86.561239","148.1","2026-04-04",,,,,,,"0.0",",,N","0.0",",,N",,,,,,,,,,,,,,,,,,,,,,
"US1TNSR0011","HENDERSONVILLE 2.9 NE, TN US","36.31886","-86.561239","148.1","2026-04-05",,,,,,,"21.8",",,N",,,,,,,,,,,,,,,,,,,,,,,,
"US1TNSR0011","HENDERSONVILLE 2.9 NE, TN US","36.31886","-86.561239","148.1","2026-04-06",,,,,,,"0.0",",,N","0.0",",,N",,,,,,,,,,,,,,,,,,,,,,
"US1TNSR0011","HENDERSONVILLE 2.9 NE, TN US","36.31886","-86.561239","148.1","2026-04-07",,,,,,,"0.0",",,N","0.0",",,N",,,,,,,,,,,,,,,,,,,,,,
"US1TNSR0011","HENDERSONVILLE 2.9 NE, TN US","36.31886","-86.561239","148.1","2026-04-08",,,,,,,"0.0",",,N","0.0",",,N",,,,,,,,,,,,,,,,,,,,,,
"US1TNSR0011","HENDERSONVILLE 2.9 NE, TN US","36.31886","-86.561239","148.1","2026-04-09",,,,,,,"0.0",",,N","0.0",",,N",,,,,,,,,,,,,,,,,,,,,,
"US1TNSR0011","HENDERSONVILLE 2.9 NE, TN US","36.31886","-86.561239","148.1","2026-04-10",,,,,,,"0.0",",,N","0.0",",,N",,,,,,,,,,,,,,,,,,,,,,
"US1TNSR0011","HENDERSONVILLE 2.9 NE, TN US","36.31886","-86.561239","148.1","2026-04-11",,,,,,,"0.0",",,N","0.0",",,N",,,,,,,,,,,,,,,,,,,,,,
"US1TNSR0011","HENDERSONVILLE 2.9 NE, TN US","36.31886","-86.561239","148.1","2026-04-12",,,,,,,"3.6",",,N",,,,,,,,,,,,,,,,,,,,,,,,
"US1TNSR0011","HENDERSONVILLE 2.9 NE, TN US","36.31886","-86.561239","148.1","2026-04-13",,,,,,,"0.0",",,N","0.0",",,N",,,,,,,,,,,,,,,,,,,,,,
"US1TNSR0011","HENDERSONVILLE 2.9 NE, TN US","36.31886","-86.561239","148.1","2026-04-14",,,,,,,"0.3",",,N","0.0",",,N",,,,,,,,,,,,,,,,,,,,,,
"US1TNSR0011","HENDERSONVILLE 2.9 NE, TN US","36.31886","-86.561239","148.1","2026-04-15",,,,,,,"0.0",",,N","0.0",",,N",,,,,,,,,,,,,,,,,,,,,,
"US1TNSR0011","HENDERSONVILLE 2.9 NE, TN US","36.31886","-86.561239","148.1","2026-04-16",,,,,,,"0.0",",,N","0.0",",,N",,,,,,,,,,,,,,,,,,,,,,
"US1TNSR0011","HENDERSONVILLE 2.9 NE, TN US","36.31886","-86.561239","148.1","2026-04-17",,,,,,,"5.8",",,N",,,,,,,,,,,,,,,,,,,,,,,,
"US1TNSR0011","HENDERSONVILLE 2.9 NE, TN US","36.31886","-86.561239","148.1","2026-04-18",,,,,,,"0.0",",,N","0.0",",,N",,,,,,,,,,,,,,,,,,,,,,
"US1TNSR0011","HENDERSONVILLE 2.9 NE, TN US","36.31886","-86.561239","148.1","2026-04-19",,,,,,,"0.3",",,N",,,,,,,,,,,,,,,,,,,,,,,,
"US1TNSR0011","HENDERSONVILLE 2.9 NE, TN US","36.31886","-86.561239","148.1","2026-04-20",,,,,,,"0.0",",,N","0.0",",,N",,,,,,,,,,,,,,,,,,,,,,
"US1TNSR0011","HENDERSONVILLE 2.9 NE, TN US","36.31886","-86.561239","148.1","2026-04-21",,,,,,,"0.0",",,N","0.0",",,N",,,,,,,,,,,,,,,,,,,,,,
"US1TNSR0011","HENDERSONVILLE 2.9 NE, TN US","36.31886","-86.561239","148.1","2026-04-22",,,,,,,"0.0",",,N","0.0",",,N",,,,,,,,,,,,,,,,,,,,,,
"US1TNSR0011","HENDERSONVILLE 2.9 NE, TN US","36.31886","-86.561239","148.1","2026-04-23",,,,,,,"0.0",",,N","0.0",",,N",,,,,,,,,,,,,,,,,,,,,,
"US1TNSR0011","HENDERSONVILLE 2.9 NE, TN US","36.31886","-86.561239","148.1","2026-04-24",,,,,,,"0.0",",,N","0.0",",,N",,,,,,,,,,,,,,,,,,,,,,
"US1TNSR0011","HENDERSONVILLE 2.9 NE, TN US","36.31886","-86.561239","148.1","2026-04-25",,,,,,,"0.0","T,,N",,,,,,,,,,,,,,,,,,,,,,,,
"US1TNSR0011","HENDERSONVILLE 2.9 NE, TN US","36.31886","-86.561239","148.1","2026-04-26",,,,,,,"0.0",",,N","0.0",",,N",,,,,,,,,,,,,,,,,,,,,,
"US1TNSR0011","HENDERSONVILLE 2.9 NE, TN US","36.31886","-86.561239","148.1","2026-04-27",,,,,,,"0.0",",,N","0.0",",,N",,,,,,,,,,,,,,,,,,,,,,
"US1TNSR0011","HENDERSONVILLE 2.9 NE, TN US","36.31886","-86.561239","148.1","2026-04-28",,,,,,,"20.3",",,N",,,,,,,,,,,,,,,,,,,,,,,,
"US1TNSR0011","HENDERSONVILLE 2.9 NE, TN US","36.31886","-86.561239","148.1","2026-04-29",,,,,,,"17.5",",,N",,,,,,,,,,,,,,,,,,,,,,,,
"US1TNSR0011","HENDERSONVILLE 2.9 NE, TN US","36.31886","-86.561239","148.1","2026-04-30",,,,,,,"0.3",",,N",,,,,,,,,,,,,,,,,,,,,,,,
"US1TNSR0099","GALLATIN 2.5 N, TN US","36.414766","-86.4558","156.4","2026-04-01",,,,,,,"0.0",",,N","0.0",",,N",,,,,,,,,,,,,,,,,,,,,,
"US1TNSR0099","GALLATIN 2.5 N, TN US","36.414766","-86.4558","156.4","2026-04-02",,,,,,,"0.0",",,N","0.0",",,N",,,,,,,,,,,,,,,,,,,,,,
"US1TNSR0099","GALLATIN 2.5 N, TN US","36.414766","-86.4558","156.4","2026-04-03",,,,,,,"0.0",",,N","0.0",",,N",,,,,,,,,,,,,,,,,,,,,,
"US1TNSR0099","GALLATIN 2.5 N, TN US","36.414766","-86.4558","156.4","2026-04-04",,,,,,,"0.0",",,N","0.0",",,N",,,,,,,,,,,,,,,,,,,,,,
"US1TNSR0099","GALLATIN 2.5 N, TN US","36.414766","-86.4558","156.4","2026-04-05",,,,,,,"15.0",",,N",,,,,,,,,,,,,,,,,,,,,,,,
"US1TNSR0099","GALLATIN 2.5 N, TN US","36.414766","-86.4558","156.4","2026-04-06",,,,,,,"0.0",",,N","0.0",",,N",,,,,,,,,,,,,,,,,,,,,,
"US1TNSR0099","GALLATIN 2.5 N, TN US","36.414766","-86.4558","156.4","2026-04-07",,,,,,,"0.0",",,N","0.0",",,N",,,,,,,,,,,,,,,,,,,,,,
"US1TNSR0099","GALLATIN 2.5 N, TN US","36.414766","-86.4558","156.4","2026-04-08",,,,,,,"0.0",",,N","0.0",",,N",,,,,,,,,,,,,,,,,,,,,,
"US1TNSR0099","GALLATIN 2.5 N, TN US","36.414766","-86.4558","156.4","2026-04-09",,,,,,,"0.0",",,N","0.0",",,N",,,,,,,,,,,,,,,,,,,,,,
"US1TNSR0099","GALLATIN 2.5 N, TN US","36.414766","-86.4558","156.4","2026-04-10",,,,,,,"0.0",",,N","0.0",",,N",,,,,,,,,,,,,,,,,,,,,,
"US1TNSR0099","GALLATIN 2.5 N, TN US","36.414766","-86.4558","156.4","2026-04-11",,,,,,,"0.0",",,N","0.0",",,N",,,,,,,,,,,,,,,,,,,,,,
"US1TNSR0099","GALLATIN 2.5 N, TN US","36.414766","-86.4558","156.4","2026-04-12",,,,,,,"0.0",",,N","0.0",",,N",,,,,,,,,,,,,,,,,,,,,,
"US1TNSR0099","GALLATIN 2.5 N, TN US","36.414766","-86.4558","156.4","2026-04-15",,,,,,,"0.0",",,N","0.0",",,N",,,,,,,,,,,,,,,,,,,,,,
"US1TNSR0099","GALLATIN 2.5 N, TN US","36.414766","-86.4558","156.4","2026-04-16",,,,,,,"0.0",",,N","0.0",",,N",,,,,,,,,,,,,,,,,,,,,,
"US1TNSR0099","GALLATIN 2.5 N, TN US","36.414766","-86.4558","156.4","2026-04-17",,,,,,,"10.4",",,N",,,,,,,,,,,,,,,,,,,,,,,,
"US1TNSR0099","GALLATIN 2.5 N, TN US","36.414766","-86.4558","156.4","2026-04-20",,,,,,,"0.0",",,N","0.0",",,N",,,,,,,,,,,,,,,,,,,,,,
"US1TNSR0099","GALLATIN 2.5 N, TN US","36.414766","-86.4558","156.4","2026-04-21",,,,,,,"0.0",",,N","0.0",",,N",,,,,,,,,,,,,,,,,,,,,,
"US1TNSR0099","GALLATIN 2.5 N, TN US","36.414766","-86.4558","156.4","2026-04-22",,,,,,,"0.0",",,N","0.0",",,N",,,,,,,,,,,,,,,,,,,,,,
"US1TNSR0099","GALLATIN 2.5 N, TN US","36.414766","-86.4558","156.4","2026-04-23",,,,,,,"0.0",",,N","0.0",",,N",,,,,,,,,,,,,,,,,,,,,,
"US1TNSR0099","GALLATIN 2.5 N, TN US","36.414766","-86.4558","156.4","2026-04-24",,,,,,,"0.0",",,N","0.0",",,N",,,,,,,,,,,,,,,,,,,,,,
"US1TNSR0099","GALLATIN 2.5 N, TN US","36.414766","-86.4558","156.4","2026-04-27",,,,,,,"0.0",",,N","0.0",",,N",,,,,,,,,,,,,,,,,,,,,,
"US1TNSR0099","GALLATIN 2.5 N, TN US","36.414766","-86.4558","156.4","2026-04-28",,,,,,,"35.8",",,N",,,,,,,,,,,,,,,,,,,,,,,,
"US1TNSR0099","GALLATIN 2.5 N, TN US","36.414766","-86.4558","156.4","2026-04-29",,,,,,,"12.7",",,N",,,,,,,,,,,,,,,,,,,,,,,,
"US1TNSR0099","GALLATIN 2.5 N, TN US","36.414766","-86.4558","156.4","2026-04-30",,,,,,,"0.0",",,N","0.0",",,N",,,,,,,,,,,,,,,,,,,,,,
"US1TNWL0018","BRENTWOOD 0.5 SSW, TN US","35.98934","-86.790429","220.1","2026-04-01",,,,,,,"0.0",",,N","0.0",",,N",,,,,,,,,,,,,,,,,,,,,,
"US1TNWL0018","BRENTWOOD 0.5 SSW, TN US","35.98934","-86.790429","220.1","2026-04-02",,,,,,,"0.0",",,N","0.0",",,N",,,,,,,,,,,,,,,,,,,,,,
"US1TNWL0018","BRENTWOOD 0.5 SSW, TN US","35.98934","-86.790429","220.1","2026-04-03",,,,,,,"0.0",",,N","0.0",",,N",,,,,,,,,,,,,,,,,,,,,,
"US1TNWL0018","BRENTWOOD 0.5 SSW, TN US","35.98934","-86.790429","220.1","2026-04-04",,,,,,,"0.0",",,N","0.0",",,N",,,,,,,,,,,,,,,,,,,,,,
"US1TNWL0018","BRENTWOOD 0.5 SSW, TN US","35.98934","-86.790429","220.1","2026-04-05",,,,,,,"23.9",",,N",,,,,,,,,,,,,,,,,,,,,,,,
"US1TNWL0018","BRENTWOOD 0.5 SSW, TN US","35.98934","-86.790429","220.1","2026-04-06",,,,,,,"0.0",",,N","0.0",",,N",,,,,,,,,,,,,,,,,,,,,,
"US1TNWL0018","BRENTWOOD 0.5 SSW, TN US","35.98934","-86.790429","220.1","2026-04-07",,,,,,,"0.0",",,N","0.0",",,N",,,,,,,,,,,,,,,,,,,,,,
"US1TNWL0018","BRENTWOOD 0.5 SSW, TN US","35.98934","-86.790429","220.1","2026-04-08",,,,,,,"0.0",",,N","0.0",",,N",,,,,,,,,,,,,,,,,,,,,,
"US1TNWL0018","BRENTWOOD 0.5 SSW, TN US","35.98934","-86.790429","220.1","2026-04-09",,,,,,,"0.0",",,N","0.0",",,N",,,,,,,,,,,,,,,,,,,,,,
"US1TNWL0018","BRENTWOOD 0.5 SSW, TN US","35.98934","-86.790429","220.1","2026-04-10",,,,,,,"0.0",",,N","0.0",",,N",,,,,,,,,,,,,,,,,,,,,,
"US1TNWL0018","BRENTWOOD 0.5 SSW, TN US","35.98934","-86.790429","220.1","2026-04-11",,,,,,,"0.0",",,N","0.0",",,N",,,,,,,,,,,,,,,,,,,,,,
"US1TNWL0018","BRENTWOOD 0.5 SSW, TN US","35.98934","-86.790429","220.1","2026-04-12",,,,,,,"0.0",",,N","0.0",",,N",,,,,,,,,,,,,,,,,,,,,,
"US1TNWL0018","BRENTWOOD 0.5 SSW, TN US","35.98934","-86.790429","220.1","2026-04-13",,,,,,,"0.0",",,N","0.0",",,N",,,,,,,,,,,,,,,,,,,,,,
"US1TNWL0018","BRENTWOOD 0.5 SSW, TN US","35.98934","-86.790429","220.1","2026-04-14",,,,,,,"0.8",",,N",,,,,,,,,,,,,,,,,,,,,,,,
"US1TNWL0018","BRENTWOOD 0.5 SSW, TN US","35.98934","-86.790429","220.1","2026-04-15",,,,,,,"0.0",",,N","0.0",",,N",,,,,,,,,,,,,,,,,,,,,,
"US1TNWL0018","BRENTWOOD 0.5 SSW, TN US","35.98934","-86.790429","220.1","2026-04-16",,,,,,,"0.0",",,N","0.0",",,N",,,,,,,,,,,,,,,,,,,,,,
"US1TNWL0018","BRENTWOOD 0.5 SSW, TN US","35.98934","-86.790429","220.1","2026-04-17",,,,,,,"4.3",",,N",,,,,,,,,,,,,,,,,,,,,,,,
"US1TNWL0018","BRENTWOOD 0.5 SSW, TN US","35.98934","-86.790429","220.1","2026-04-18",,,,,,,"0.0",",,N","0.0",",,N",,,,,,,,,,,,,,,,,,,,,,
"US1TNWL0018","BRENTWOOD 0.5 SSW, TN US","35.98934","-86.790429","220.1","2026-04-19",,,,,,,"0.5",",,N",,,,,,,,,,,,,,,,,,,,,,,,
"US1TNWL0018","BRENTWOOD 0.5 SSW, TN US","35.98934","-86.790429","220.1","2026-04-20",,,,,,,"0.0",",,N","0.0",",,N",,,,,,,,,,,,,,,,,,,,,,
"US1TNWL0018","BRENTWOOD 0.5 SSW, TN US","35.98934","-86.790429","220.1","2026-04-21",,,,,,,"0.0",",,N","0.0",",,N",,,,,,,,,,,,,,,,,,,,,,
"US1TNWL0018","BRENTWOOD 0.5 SSW, TN US","35.98934","-86.790429","220.1","2026-04-22",,,,,,,"0.0",",,N","0.0",",,N",,,,,,,,,,,,,,,,,,,,,,
"US1TNWL0018","BRENTWOOD 0.5 SSW, TN US","35.98934","-86.790429","220.1","2026-04-23",,,,,,,"0.0",",,N","0.0",",,N",,,,,,,,,,,,,,,,,,,,,,
"US1TNWL0018","BRENTWOOD 0.5 SSW, TN US","35.98934","-86.790429","220.1","2026-04-24",,,,,,,"0.0",",,N","0.0",",,N",,,,,,,,,,,,,,,,,,,,,,
"US1TNWL0018","BRENTWOOD 0.5 SSW, TN US","35.98934","-86.790429","220.1","2026-04-25",,,,,,,"0.0",",,N","0.0",",,N",,,,,,,,,,,,,,,,,,,,,,
"US1TNWL0018","BRENTWOOD 0.5 SSW, TN US","35.98934","-86.790429","220.1","2026-04-26",,,,,,,"6.9",",,N",,,,,,,,,,,,,,,,,,,,,,,,
"US1TNWL0018","BRENTWOOD 0.5 SSW, TN US","35.98934","-86.790429","220.1","2026-04-27",,,,,,,"0.0",",,N","0.0",",,N",,,,,,,,,,,,,,,,,,,,,,
"US1TNWL0018","BRENTWOOD 0.5 SSW, TN US","35.98934","-86.790429","220.1","2026-04-28",,,,,,,"17.0",",,N",,,,,,,,,,,,,,,,,,,,,,,,
"US1TNWL0018","BRENTWOOD 0.5 SSW, TN US","35.98934","-86.790429","220.1","2026-04-29",,,,,,,"19.8",",,N",,,,,,,,,,,,,,,,,,,,,,,,
"US1TNWL0018","BRENTWOOD 0.5 SSW, TN US","35.98934","-86.790429","220.1","2026-04-30",,,,,,,"0.3",",,N",,,,,,,,,,,,,,,,,,,,,,,,
"US1TNSR0098","GOODLETTSVILLE 4.3 NNW, TN US","36.3943542","-86.7198625","184.1","2026-04-01",,,,,,,"0.0",",,N","0.0",",,N",,,,,,,,,,,,,,,,,,,,,,
"US1TNSR0098","GOODLETTSVILLE 4.3 NNW, TN US","36.3943542","-86.7198625","184.1","2026-04-02",,,,,,,"0.0",",,N","0.0",",,N",,,,,,,,,,,,,,,,,,,,,,
"US1TNSR0098","GOODLETTSVILLE 4.3 NNW, TN US","36.3943542","-86.7198625","184.1","2026-04-03",,,,,,,"1.0",",,N",,,,,,,,,,,,,,,,,,,,,,,,
"US1TNSR0098","GOODLETTSVILLE 4.3 NNW, TN US","36.3943542","-86.7198625","184.1","2026-04-04",,,,,,,"0.0",",,N","0.0",",,N",,,,,,,,,,,,,,,,,,,,,,
"US1TNSR0098","GOODLETTSVILLE 4.3 NNW, TN US","36.3943542","-86.7198625","184.1","2026-04-05",,,,,,,"28.4",",,N",,,,,,,,,,,,,,,,,,,,,,,,
"US1TNSR0098","GOODLETTSVILLE 4.3 NNW, TN US","36.3943542","-86.7198625","184.1","2026-04-06",,,,,,,"0.0",",,N","0.0",",,N",,,,,,,,,,,,,,,,,,,,,,
"US1TNSR0098","GOODLETTSVILLE 4.3 NNW, TN US","36.3943542","-86.7198625","184.1","2026-04-07",,,,,,,"0.0",",,N","0.0",",,N",,,,,,,,,,,,,,,,,,,,,,
"US1TNSR0098","GOODLETTSVILLE 4.3 NNW, TN US","36.3943542","-86.7198625","184.1","2026-04-08",,,,,,,"0.0",",,N","0.0",",,N",,,,,,,,,,,,,,,,,,,,,,
"US1TNSR0098","GOODLETTSVILLE 4.3 NNW, TN US","36.3943542","-86.7198625","184.1","2026-04-09",,,,,,,"0.0",",,N","0.0",",,N",,,,,,,,,,,,,,,,,,,,,,
"US1TNSR0098","GOODLETTSVILLE 4.3 NNW, TN US","36.3943542","-86.7198625","184.1","2026-04-10",,,,,,,"0.0",",,N","0.0",",,N",,,,,,,,,,,,,,,,,,,,,,
"US1TNSR0098","GOODLETTSVILLE 4.3 NNW, TN US","36.3943542","-86.7198625","184.1","2026-04-11",,,,,,,"0.0",",,N","0.0",",,N",,,,,,,,,,,,,,,,,,,,,,
"US1TNSR0098","GOODLETTSVILLE 4.3 NNW, TN US","36.3943542","-86.7198625","184.1","2026-04-12",,,,,,,"0.0","T,,N",,,,,,,,,,,,,,,,,,,,,,,,
"US1TNSR0098","GOODLETTSVILLE 4.3 NNW, TN US","36.3943542","-86.7198625","184.1","2026-04-13",,,,,,,"0.0",",,N","0.0",",,N",,,,,,,,,,,,,,,,,,,,,,
"US1TNSR0098","GOODLETTSVILLE 4.3 NNW, TN US","36.3943542","-86.7198625","184.1","2026-04-14",,,,,,,"0.0",",,N","0.0",",,N",,,,,,,,,,,,,,,,,,,,,,
"US1TNSR0098","GOODLETTSVILLE 4.3 NNW, TN US","36.3943542","-86.7198625","184.1","2026-04-15",,,,,,,"0.0",",,N","0.0",",,N",,,,,,,,,,,,,,,,,,,,,,
"US1TNSR0098","GOODLETTSVILLE 4.3 NNW, TN US","36.3943542","-86.7198625","184.1","2026-04-16",,,,,,,"0.0",",,N","0.0",",,N",,,,,,,,,,,,,,,,,,,,,,
"US1TNSR0098","GOODLETTSVILLE 4.3 NNW, TN US","36.3943542","-86.7198625","184.1","2026-04-17",,,,,,,"10.4",",,N",,,,,,,,,,,,,,,,,,,,,,,,
"US1TNSR0098","GOODLETTSVILLE 4.3 NNW, TN US","36.3943542","-86.7198625","184.1","2026-04-18",,,,,,,"0.0",",,N","0.0",",,N",,,,,,,,,,,,,,,,,,,,,,
"US1TNSR0098","GOODLETTSVILLE 4.3 NNW, TN US","36.3943542","-86.7198625","184.1","2026-04-19",,,,,,,"0.8",",,N",,,,,,,,,,,,,,,,,,,,,,,,
"US1TNSR0098","GOODLETTSVILLE 4.3 NNW, TN US","36.3943542","-86.7198625","184.1","2026-04-20",,,,,,,"0.0",",,N","0.0",",,N",,,,,,,,,,,,,,,,,,,,,,
"US1TNSR0098","GOODLETTSVILLE 4.3 NNW, TN US","36.3943542","-86.7198625","184.1","2026-04-21",,,,,,,"0.0",",,N","0.0",",,N",,,,,,,,,,,,,,,,,,,,,,
"US1TNSR0098","GOODLETTSVILLE 4.3 NNW, TN US","36.3943542","-86.7198625","184.1","2026-04-22",,,,,,,"0.0",",,N","0.0",",,N",,,,,,,,,,,,,,,,,,,,,,
"US1TNSR0098","GOODLETTSVILLE 4.3 NNW, TN US","36.3943542","-86.7198625","184.1","2026-04-23",,,,,,,"0.0",",,N","0.0",",,N",,,,,,,,,,,,,,,,,,,,,,
"US1TNSR0098","GOODLETTSVILLE 4.3 NNW, TN US","36.3943542","-86.7198625","184.1","2026-04-24",,,,,,,"0.0",",,N","0.0",",,N",,,,,,,,,,,,,,,,,,,,,,
"US1TNSR0098","GOODLETTSVILLE 4.3 NNW, TN US","36.3943542","-86.7198625","184.1","2026-04-25",,,,,,,"0.0",",,N","0.0",",,N",,,,,,,,,,,,,,,,,,,,,,
"US1TNSR0098","GOODLETTSVILLE 4.3 NNW, TN US","36.3943542","-86.7198625","184.1","2026-04-26",,,,,,,"0.0",",,N","0.0",",,N",,,,,,,,,,,,,,,,,,,,,,
"US1TNSR0098","GOODLETTSVILLE 4.3 NNW, TN US","36.3943542","-86.7198625","184.1","2026-04-27",,,,,,,"0.0",",,N","0.0",",,N",,,,,,,,,,,,,,,,,,,,,,
"US1TNSR0098","GOODLETTSVILLE 4.3 NNW, TN US","36.3943542","-86.7198625","184.1","2026-04-28",,,,,,,"30.7",",,N",,,,,,,,,,,,,,,,,,,,,,,,
"US1TNSR0098","GOODLETTSVILLE 4.3 NNW, TN US","36.3943542","-86.7198625","184.1","2026-04-30",,,,,,,"0.0",",,N","0.0",",,N",,,,,,,,,,,,,,,,,,,,,,
"US1TNSR0097","GALLATIN 2.8 SW, TN US","36.3467592","-86.483332","147.8","2026-04-01",,,,,,,"0.0",",,N","0.0",",,N",,,,,,,,,,,,,,,,,,,,,,
"US1TNSR0097","GALLATIN 2.8 SW, TN US","36.3467592","-86.483332","147.8","2026-04-02",,,,,,,"0.0",",,N","0.0",",,N",,,,,,,,,,,,,,,,,,,,,,
"US1TNSR0097","GALLATIN 2.8 SW, TN US","36.3467592","-86.483332","147.8","2026-04-03",,,,,,,"0.0",",,N","0.0",",,N",,,,,,,,,,,,,,,,,,,,,,
"US1TNSR0097","GALLATIN 2.8 SW, TN US","36.3467592","-86.483332","147.8","2026-04-04",,,,,,,"0.0",",,N","0.0",",,N",,,,,,,,,,,,,,,,,,,,,,
"US1TNSR0097","GALLATIN 2.8 SW, TN US","36.3467592","-86.483332","147.8","2026-04-05",,,,,,,"24.6",",,N",,,,,,,,,,,,,,,,,,,,,,,,
"US1TNSR0097","GALLATIN 2.8 SW, TN US","36.3467592","-86.483332","147.8","2026-04-06",,,,,,,"0.0",",,N","0.0",",,N",,,,,,,,,,,,,,,,,,,,,,
"US1TNSR0097","GALLATIN 2.8 SW, TN US","36.3467592","-86.483332","147.8","2026-04-07",,,,,,,"0.0",",,N","0.0",",,N",,,,,,,,,,,,,,,,,,,,,,
"US1TNSR0097","GALLATIN 2.8 SW, TN US","36.3467592","-86.483332","147.8","2026-04-08",,,,,,,"0.0",",,N","0.0",",,N",,,,,,,,,,,,,,,,,,,,,,
"US1TNSR0097","GALLATIN 2.8 SW, TN US","36.3467592","-86.483332","147.8","2026-04-09",,,,,,,"0.0",",,N","0.0",",,N",,,,,,,,,,,,,,,,,,,,,,
"US1TNSR0097","GALLATIN 2.8 SW, TN US","36.3467592","-86.483332","147.8","2026-04-10",,,,,,,"0.0",",,N","0.0",",,N",,,,,,,,,,,,,,,,,,,,,,
"US1TNSR0097","GALLATIN 2.8 SW, TN US","36.3467592","-86.483332","147.8","2026-04-11",,,,,,,"0.0",",,N","0.0",",,N",,,,,,,,,,,,,,,,,,,,,,
"US1TNSR0097","GALLATIN 2.8 SW, TN US","36.3467592","-86.483332","147.8","2026-04-12",,,,,,,"2.0",",,N",,,,,,,,,,,,,,,,,,,,,,,,
"US1TNSR0097","GALLATIN 2.8 SW, TN US","36.3467592","-86.483332","147.8","2026-04-13",,,,,,,"0.0",",,N","0.0",",,N",,,,,,,,,,,,,,,,,,,,,,
"US1TNSR0097","GALLATIN 2.8 SW, TN US","36.3467592","-86.483332","147.8","2026-04-14",,,,,,,"0.3",",,N",,,,,,,,,,,,,,,,,,,,,,,,
"US1TNSR0097","GALLATIN 2.8 SW, TN US","36.3467592","-86.483332","147.8","2026-04-15",,,,,,,"0.0",",,N","0.0",",,N",,,,,,,,,,,,,,,,,,,,,,
"US1TNSR0097","GALLATIN 2.8 SW, TN US","36.3467592","-86.483332","147.8","2026-04-16",,,,,,,"0.0",",,N","0.0",",,N",,,,,,,,,,,,,,,,,,,,,,
"US1TNSR0097","GALLATIN 2.8 SW, TN US","36.3467592","-86.483332","147.8","2026-04-17",,,,,,,"5.6",",,N",,,,,,,,,,,,,,,,,,,,,,,,
"US1TNSR0097","GALLATIN 2.8 SW, TN US","36.3467592","-86.483332","147.8","2026-04-18",,,,,,,"0.0",",,N","0.0",",,N",,,,,,,,,,,,,,,,,,,,,,
"US1TNSR0097","GALLATIN 2.8 SW, TN US","36.3467592","-86.483332","147.8","2026-04-19",,,,,,,"0.5",",,N",,,,,,,,,,,,,,,,,,,,,,,,
"US1TNSR0097","GALLATIN 2.8 SW, TN US","36.3467592","-86.483332","147.8","2026-04-20",,,,,,,"0.0",",,N","0.0",",,N",,,,,,,,,,,,,,,,,,,,,,
"US1TNSR0097","GALLATIN 2.8 SW, TN US","36.3467592","-86.483332","147.8","2026-04-21",,,,,,,"0.0",",,N","0.0",",,N",,,,,,,,,,,,,,,,,,,,,,
"US1TNSR0097","GALLATIN 2.8 SW, TN US","36.3467592","-86.483332","147.8","2026-04-22",,,,,,,"0.0",",,N","0.0",",,N",,,,,,,,,,,,,,,,,,,,,,
"US1TNSR0097","GALLATIN 2.8 SW, TN US","36.3467592","-86.483332","147.8","2026-04-23",,,,,,,"0.0",",,N","0.0",",,N",,,,,,,,,,,,,,,,,,,,,,
"US1TNSR0097","GALLATIN 2.8 SW, TN US","36.3467592","-86.483332","147.8","2026-04-24",,,,,,,"0.0",",,N","0.0",",,N",,,,,,,,,,,,,,,,,,,,,,
"US1TNSR0097","GALLATIN 2.8 SW, TN US","36.3467592","-86.483332","147.8","2026-04-25",,,,,,,"0.0",",,N","0.0",",,N",,,,,,,,,,,,,,,,,,,,,,
"US1TNSR0097","GALLATIN 2.8 SW, TN US","36.3467592","-86.483332","147.8","2026-04-26",,,,,,,"0.0",",,N","0.0",",,N",,,,,,,,,,,,,,,,,,,,,,
"US1TNSR0097","GALLATIN 2.8 SW, TN US","36.3467592","-86.483332","147.8","2026-04-27",,,,,,,"0.0",",,N","0.0",",,N",,,,,,,,,,,,,,,,,,,,,,
"US1TNSR0097","GALLATIN 2.8 SW, TN US","36.3467592","-86.483332","147.8","2026-04-28",,,,,,,"25.1",",,N",,,,,,,,,,,,,,,,,,,,,,,,
"US1TNSR0097","GALLATIN 2.8 SW, TN US","36.3467592","-86.483332","147.8","2026-04-29",,,,,,,"15.7",",,N",,,,,,,,,,,,,,,,,,,,,,,,
"US1TNSR0097","GALLATIN 2.8 SW, TN US","36.3467592","-86.483332","147.8","2026-04-30",,,,,,,"0.0",",,N","0.0",",,N",,,,,,,,,,,,,,,,,,,,,,
"US1TNSR0094","GOODLETTSVILLE 1.7 ESE, TN US","36.328597","-86.673589","159.1","2026-04-17",,,,,,,"7.6",",,N",,,,,,,,,,,,,,,,,,,,,,,,
"US1TNSR0094","GOODLETTSVILLE 1.7 ESE, TN US","36.328597","-86.673589","159.1","2026-04-18",,,,,,,"0.0",",,N","0.0",",,N",,,,,,,,,,,,,,,,,,,,,,
"US1TNSR0094","GOODLETTSVILLE 1.7 ESE, TN US","36.328597","-86.673589","159.1","2026-04-19",,,,,,,"0.0",",,N","0.0",",,N",,,,,,,,,,,,,,,,,,,,,,
"US1TNSR0094","GOODLETTSVILLE 1.7 ESE, TN US","36.328597","-86.673589","159.1","2026-04-20",,,,,,,"0.0",",,N","0.0",",,N",,,,,,,,,,,,,,,,,,,,,,
"US1TNSR0094","GOODLETTSVILLE 1.7 ESE, TN US","36.328597","-86.673589","159.1","2026-04-21",,,,,,,"0.0",",,N","0.0",",,N",,,,,,,,,,,,,,,,,,,,,,
"US1TNSR0094","GOODLETTSVILLE 1.7 ESE, TN US","36.328597","-86.673589","159.1","2026-04-22",,,,,,,"0.0",",,N","0.0",",,N",,,,,,,,,,,,,,,,,,,,,,
"US1TNSR0094","GOODLETTSVILLE 1.7 ESE, TN US","36.328597","-86.673589","159.1","2026-04-23",,,,,,,"0.0",",,N","0.0",",,N",,,,,,,,,,,,,,,,,,,,,,
"US1TNSR0094","GOODLETTSVILLE 1.7 ESE, TN US","36.328597","-86.673589","159.1","2026-04-24",,,,,,,"0.0",",,N","0.0",",,N",,,,,,,,,,,,,,,,,,,,,,
"US1TNSR0094","GOODLETTSVILLE 1.7 ESE, TN US","36.328597","-86.673589","159.1","2026-04-25",,,,,,,"0.0",",,N","0.0",",,N",,,,,,,,,,,,,,,,,,,,,,
"US1TNSR0094","GOODLETTSVILLE 1.7 ESE, TN US","36.328597","-86.673589","159.1","2026-04-26",,,,,,,"0.0",",,N","0.0",",,N",,,,,,,,,,,,,,,,,,,,,,
"US1TNSR0094","GOODLETTSVILLE 1.7 ESE, TN US","36.328597","-86.673589","159.1","2026-04-27",,,,,,,"0.0",",,N","0.0",",,N",,,,,,,,,,,,,,,,,,,,,,
"US1TNSR0094","GOODLETTSVILLE 1.7 ESE, TN US","36.328597","-86.673589","159.1","2026-04-28",,,,,,,"23.9",",,N",,,,,,,,,,,,,,,,,,,,,,,,
"US1TNSR0094","GOODLETTSVILLE 1.7 ESE, TN US","36.328597","-86.673589","159.1","2026-04-29",,,,,,,"14.7",",,N",,,,,,,,,,,,,,,,,,,,,,,,
"US1TNSR0094","GOODLETTSVILLE 1.7 ESE, TN US","36.328597","-86.673589","159.1","2026-04-30",,,,,,,"0.0",",,N","0.0",",,N",,,,,,,,,,,,,,,,,,,,,,
"US1TNWL0098","FAIRVIEW 1.9 WNW, TN US","35.98601","-87.15682","249.9","2026-04-01",,,,,,,"0.0",",,N","0.0",",,N",,,,,,,,,,,,,,,,,,,,,,
"US1TNWL0098","FAIRVIEW 1.9 WNW, TN US","35.98601","-87.15682","249.9","2026-04-02",,,,,,,"1.0",",,N",,,,,,,,,,,,,,,,,,,,,,,,
"US1TNWL0098","FAIRVIEW 1.9 WNW, TN US","35.98601","-87.15682","249.9","2026-04-03",,,,,,,"0.0",",,N","0.0",",,N",,,,,,,,,,,,,,,,,,,,,,
"US1TNWL0098","FAIRVIEW 1.9 WNW, TN US","35.98601","-87.15682","249.9","2026-04-04",,,,,,,"0.0",",,N","0.0",",,N",,,,,,,,,,,,,,,,,,,,,,
"US1TNWL0098","FAIRVIEW 1.9 WNW, TN US","35.98601","-87.15682","249.9","2026-04-05",,,,,,,"18.3",",,N",,,,,,,,,,,,,,,,,,,,,,,,
"US1TNWL0098","FAIRVIEW 1.9 WNW, TN US","35.98601","-87.15682","249.9","2026-04-06",,,,,,,"0.0",",,N","0.0",",,N",,,,,,,,,,,,,,,,,,,,,,
"US1TNWL0098","FAIRVIEW 1.9 WNW, TN US","35.98601","-87.15682","249.9","2026-04-07",,,,,,,"0.0",",,N","0.0",",,N",,,,,,,,,,,,,,,,,,,,,,
"US1TNWL0098","FAIRVIEW 1.9 WNW, TN US","35.98601","-87.15682","249.9","2026-04-08",,,,,,,"0.0",",,N","0.0",",,N",,,,,,,,,,,,,,,,,,,,,,
"US1TNWL0098","FAIRVIEW 1.9 WNW, TN US","35.98601","-87.15682","249.9","2026-04-09",,,,,,,"0.0",",,N","0.0",",,N",,,,,,,,,,,,,,,,,,,,,,
"US1TNWL0098","FAIRVIEW 1.9 WNW, TN US","35.98601","-87.15682","249.9","2026-04-10",,,,,,,"0.0",",,N","0.0",",,N",,,,,,,,,,,,,,,,,,,,,,
"US1TNWL0098","FAIRVIEW 1.9 WNW, TN US","35.98601","-87.15682","249.9","2026-04-11",,,,,,,"0.0",",,N","0.0",",,N",,,,,,,,,,,,,,,,,,,,,,
"US1TNWL0098","FAIRVIEW 1.9 WNW, TN US","35.98601","-87.15682","249.9","2026-04-12",,,,,,,"0.0","T,,N",,,,,,,,,,,,,,,,,,,,,,,,
"US1TNWL0098","FAIRVIEW 1.9 WNW, TN US","35.98601","-87.15682","249.9","2026-04-17",,,,,,,"6.9",",,N",,,,,,,,,,,,,,,,,,,,,,,,
"US1TNWL0098","FAIRVIEW 1.9 WNW, TN US","35.98601","-87.15682","249.9","2026-04-18",,,,,,,"0.0",",,N","0.0",",,N",,,,,,,,,,,,,,,,,,,,,,
"US1TNWL0098","FAIRVIEW 1.9 WNW, TN US","35.98601","-87.15682","249.9","2026-04-19",,,,,,,"1.0",",,N",,,,,,,,,,,,,,,,,,,,,,,,
"US1TNWL0098","FAIRVIEW 1.9 WNW, TN US","35.98601","-87.15682","249.9","2026-04-20",,,,,,,"0.0",",,N","0.0",",,N",,,,,,,,,,,,,,,,,,,,,,
"US1TNWL0098","FAIRVIEW 1.9 WNW, TN US","35.98601","-87.15682","249.9","2026-04-21",,,,,,,"0.0",",,N","0.0",",,N",,,,,,,,,,,,,,,,,,,,,,
"US1TNWL0098","FAIRVIEW 1.9 WNW, TN US","35.98601","-87.15682","249.9","2026-04-22",,,,,,,"0.0",",,N","0.0",",,N",,,,,,,,,,,,,,,,,,,,,,
"US1TNWL0098","FAIRVIEW 1.9 WNW, TN US","35.98601","-87.15682","249.9","2026-04-23",,,,,,,"0.0",",,N","0.0",",,N",,,,,,,,,,,,,,,,,,,,,,
"US1TNWL0098","FAIRVIEW 1.9 WNW, TN US","35.98601","-87.15682","249.9","2026-04-24",,,,,,,"0.0",",,N","0.0",",,N",,,,,,,,,,,,,,,,,,,,,,
"US1TNWL0098","FAIRVIEW 1.9 WNW, TN US","35.98601","-87.15682","249.9","2026-04-25",,,,,,,"0.0","T,,N",,,,,,,,,,,,,,,,,,,,,,,,
"US1TNWL0098","FAIRVIEW 1.9 WNW, TN US","35.98601","-87.15682","249.9","2026-04-26",,,,,,,"0.0",",,N","0.0",",,N",,,,,,,,,,,,,,,,,,,,,,
"US1TNWL0098","FAIRVIEW 1.9 WNW, TN US","35.98601","-87.15682","249.9","2026-04-27",,,,,,,"0.0",",,N","0.0",",,N",,,,,,,,,,,,,,,,,,,,,,
"US1TNWL0098","FAIRVIEW 1.9 WNW, TN US","35.98601","-87.15682","249.9","2026-04-28",,,,,,,"17.3",",,N",,,,,,,,,,,,,,,,,,,,,,,,
"US1TNWL0098","FAIRVIEW 1.9 WNW, TN US","35.98601","-87.15682","249.9","2026-04-29",,,,,,,"21.1",",,N",,,,,,,,,,,,,,,,,,,,,,,,
"US1TNWL0099","THOMPSON S STATION 1.5 SSE, TN US","35.7771","-86.8959","243.5","2026-04-01",,,,,,,"0.0",",,N","0.0",",,N",,,,,,,,,,,,,,,,,,,,,,
"US1TNWL0099","THOMPSON S STATION 1.5 SSE, TN US","35.7771","-86.8959","243.5","2026-04-02",,,,,,,"0.0",",,N","0.0",",,N",,,,,,,,,,,,,,,,,,,,,,
"US1TNWL0099","THOMPSON S STATION 1.5 SSE, TN US","35.7771","-86.8959","243.5","2026-04-03",,,,,,,"0.0",",,N","0.0",",,N",,,,,,,,,,,,,,,,,,,,,,
"US1TNWL0099","THOMPSON S STATION 1.5 SSE, TN US","35.7771","-86.8959","243.5","2026-04-05",,,,,,,"26.7",",,N",,,,,,,,,,,,,,,,,,,,,,,,
"US1TNWL0099","THOMPSON S STATION 1.5 SSE, TN US","35.7771","-86.8959","243.5","2026-04-06",,,,,,,"0.0",",,N","0.0",",,N",,,,,,,,,,,,,,,,,,,,,,
"US1TNWL0099","THOMPSON S STATION 1.5 SSE, TN US","35.7771","-86.8959","243.5","2026-04-07",,,,,,,"0.0",",,N","0.0",",,N",,,,,,,,,,,,,,,,,,,,,,
"US1TNWL0099","THOMPSON S STATION 1.5 SSE, TN US","35.7771","-86.8959","243.5","2026-04-08",,,,,,,"0.0",",,N","0.0",",,N",,,,,,,,,,,,,,,,,,,,,,
"US1TNWL0099","THOMPSON S STATION 1.5 SSE, TN US","35.7771","-86.8959","243.5","2026-04-09",,,,,,,"0.0",",,N","0.0",",,N",,,,,,,,,,,,,,,,,,,,,,
"US1TNWL0099","THOMPSON S STATION 1.5 SSE, TN US","35.7771","-86.8959","243.5","2026-04-10",,,,,,,"0.0",",,N","0.0",",,N",,,,,,,,,,,,,,,,,,,,,,
"US1TNWL0099","THOMPSON S STATION 1.5 SSE, TN US","35.7771","-86.8959","243.5","2026-04-11",,,,,,,"0.0",",,N","0.0",",,N",,,,,,,,,,,,,,,,,,,,,,
"US1TNWL0099","THOMPSON S STATION 1.5 SSE, TN US","35.7771","-86.8959","243.5","2026-04-12",,,,,,,"0.0",",,N","0.0",",,N",,,,,,,,,,,,,,,,,,,,,,
"US1TNWL0099","THOMPSON S STATION 1.5 SSE, TN US","35.7771","-86.8959","243.5","2026-04-13",,,,,,,"0.0",",,N","0.0",",,N",,,,,,,,,,,,,,,,,,,,,,
"US1TNWL0099","THOMPSON S STATION 1.5 SSE, TN US","35.7771","-86.8959","243.5","2026-04-14",,,,,,,"0.0",",,N","0.0",",,N",,,,,,,,,,,,,,,,,,,,,,
"US1TNWL0099","THOMPSON S STATION 1.5 SSE, TN US","35.7771","-86.8959","243.5","2026-04-15",,,,,,,"0.0",",,N","0.0",",,N",,,,,,,,,,,,,,,,,,,,,,
"US1TNWL0099","THOMPSON S STATION 1.5 SSE, TN US","35.7771","-86.8959","243.5","2026-04-16",,,,,,,"0.0",",,N","0.0",",,N",,,,,,,,,,,,,,,,,,,,,,
"US1TNWL0099","THOMPSON S STATION 1.5 SSE, TN US","35.7771","-86.8959","243.5","2026-04-17",,,,,,,,,"0.0",",,N",,,,,,,,,,,,,,,,,,,,,,
"US1TNWL0099","THOMPSON S STATION 1.5 SSE, TN US","35.7771","-86.8959","243.5","2026-04-18",,,,,,,"0.0",",,N","0.0",",,N",,,,,,,,,,,,,,,,,,,,,,
"US1TNWL0099","THOMPSON S STATION 1.5 SSE, TN US","35.7771","-86.8959","243.5","2026-04-19",,,,,,,"4.1",",,N",,,,,,,,,,,,,,,,,,,,,,,,
"US1TNWL0099","THOMPSON S STATION 1.5 SSE, TN US","35.7771","-86.8959","243.5","2026-04-20",,,,,,,"0.0",",,N","0.0",",,N",,,,,,,,,,,,,,,,,,,,,,
"US1TNWL0099","THOMPSON S STATION 1.5 SSE, TN US","35.7771","-86.8959","243.5","2026-04-21",,,,,,,"0.0",",,N","0.0",",,N",,,,,,,,,,,,,,,,,,,,,,
"US1TNWL0099","THOMPSON S STATION 1.5 SSE, TN US","35.7771","-86.8959","243.5","2026-04-22",,,,,,,"0.0",",,N","0.0",",,N",,,,,,,,,,,,,,,,,,,,,,
"US1TNWL0099","THOMPSON S STATION 1.5 SSE, TN US","35.7771","-86.8959","243.5","2026-04-23",,,,,,,"0.0",",,N","0.0",",,N",,,,,,,,,,,,,,,,,,,,,,
"US1TNWL0099","THOMPSON S STATION 1.5 SSE, TN US","35.7771","-86.8959","243.5","2026-04-24",,,,,,,"0.0",",,N","0.0",",,N",,,,,,,,,,,,,,,,,,,,,,
"US1TNWL0099","THOMPSON S STATION 1.5 SSE, TN US","35.7771","-86.8959","243.5","2026-04-25",,,,,,,"0.0",",,N","0.0",",,N",,,,,,,,,,,,,,,,,,,,,,
"US1TNWL0099","THOMPSON S STATION 1.5 SSE, TN US","35.7771","-86.8959","243.5","2026-04-26",,,,,,,"0.0",",,N","0.0",",,N",,,,,,,,,,,,,,,,,,,,,,
"US1TNWL0099","THOMPSON S STATION 1.5 SSE, TN US","35.7771","-86.8959","243.5","2026-04-27",,,,,,,"0.0",",,N","0.0",",,N",,,,,,,,,,,,,,,,,,,,,,
"US1TNWL0099","THOMPSON S STATION 1.5 SSE, TN US","35.7771","-86.8959","243.5","2026-04-28",,,,,,,"18.5",",,N",,,,,,,,,,,,,,,,,,,,,,,,
"US1TNWL0099","THOMPSON S STATION 1.5 SSE, TN US","35.7771","-86.8959","243.5","2026-04-29",,,,,,,"25.7",",,N",,,,,,,,,,,,,,,,,,,,,,,,
"US1TNWL0099","THOMPSON S STATION 1.5 SSE, TN US","35.7771","-86.8959","243.5","2026-04-30",,,,,,,"0.5",",,N",,,,,,,,,,,,,,,,,,,,,,,,
"US1TNWL0012","FOREST HILLS 6.7 WSW, TN US","36.025587","-86.946578","209.1","2026-04-01",,,,,,,"0.0",",,N","0.0",",,N",,,,,,,,,,,,,,,,,,,,,,
"US1TNWL0012","FOREST HILLS 6.7 WSW, TN US","36.025587","-86.946578","209.1","2026-04-02",,,,,,,"0.0",",,N","0.0",",,N",,,,,,,,,,,,,,,,,,,,,,
"US1TNWL0012","FOREST HILLS 6.7 WSW, TN US","36.025587","-86.946578","209.1","2026-04-03",,,,,,,"0.0",",,N","0.0",",,N",,,,,,,,,,,,,,,,,,,,,,
"US1TNWL0012","FOREST HILLS 6.7 WSW, TN US","36.025587","-86.946578","209.1","2026-04-04",,,,,,,"0.0",",,N","0.0",",,N",,,,,,,,,,,,,,,,,,,,,,
"US1TNWL0012","FOREST HILLS 6.7 WSW, TN US","36.025587","-86.946578","209.1","2026-04-05",,,,,,,"19.3",",,N",,,,,,,,,,,,,,,,,,,,,,,,
"US1TNWL0012","FOREST HILLS 6.7 WSW, TN US","36.025587","-86.946578","209.1","2026-04-06",,,,,,,"0.0",",,N","0.0",",,N",,,,,,,,,,,,,,,,,,,,,,
"US1TNWL0012","FOREST HILLS 6.7 WSW, TN US","36.025587","-86.946578","209.1","2026-04-07",,,,,,,"0.0",",,N","0.0",",,N",,,,,,,,,,,,,,,,,,,,,,
"US1TNWL0012","FOREST HILLS 6.7 WSW, TN US","36.025587","-86.946578","209.1","2026-04-08",,,,,,,"0.0",",,N","0.0",",,N",,,,,,,,,,,,,,,,,,,,,,
"US1TNWL0012","FOREST HILLS 6.7 WSW, TN US","36.025587","-86.946578","209.1","2026-04-09",,,,,,,"0.0",",,N","0.0",",,N",,,,,,,,,,,,,,,,,,,,,,
"US1TNWL0012","FOREST HILLS 6.7 WSW, TN US","36.025587","-86.946578","209.1","2026-04-10",,,,,,,"0.0",",,N","0.0",",,N",,,,,,,,,,,,,,,,,,,,,,
"US1TNWL0012","FOREST HILLS 6.7 WSW, TN US","36.025587","-86.946578","209.1","2026-04-11",,,,,,,"0.0",",,N","0.0",",,N",,,,,,,,,,,,,,,,,,,,,,
"US1TNWL0012","FOREST HILLS 6.7 WSW, TN US","36.025587","-86.946578","209.1","2026-04-12",,,,,,,"0.0",",,N","0.0",",,N",,,,,,,,,,,,,,,,,,,,,,
"US1TNWL0012","FOREST HILLS 6.7 WSW, TN US","36.025587","-86.946578","209.1","2026-04-13",,,,,,,"0.0",",,N","0.0",",,N",,,,,,,,,,,,,,,,,,,,,,
"US1TNWL0012","FOREST HILLS 6.7 WSW, TN US","36.025587","-86.946578","209.1","2026-04-14",,,,,,,"1.3",",,N",,,,,,,,,,,,,,,,,,,,,,,,
"US1TNWL0012","FOREST HILLS 6.7 WSW, TN US","36.025587","-86.946578","209.1","2026-04-15",,,,,,,"0.0",",,N","0.0",",,N",,,,,,,,,,,,,,,,,,,,,,
"US1TNWL0012","FOREST HILLS 6.7 WSW, TN US","36.025587","-86.946578","209.1","2026-04-16",,,,,,,"0.0",",,N","0.0",",,N",,,,,,,,,,,,,,,,,,,,,,
"US1TNWL0012","FOREST HILLS 6.7 WSW, TN US","36.025587","-86.946578","209.1","2026-04-17",,,,,,,"10.7",",,N",,,,,,,,,,,,,,,,,,,,,,,,
"US1TNWL0012","FOREST HILLS 6.7 WSW, TN US","36.025587","-86.946578","209.1","2026-04-18",,,,,,,"0.0",",,N","0.0",",,N",,,,,,,,,,,,,,,,,,,,,,
"US1TNWL0012","FOREST HILLS 6.7 WSW, TN US","36.025587","-86.946578","209.1","2026-04-19",,,,,,,"0.5",",,N",,,,,,,,,,,,,,,,,,,,,,,,
"US1TNWL0012","FOREST HILLS 6.7 WSW, TN US","36.025587","-86.946578","209.1","2026-04-20",,,,,,,"0.0",",,N","0.0",",,N",,,,,,,,,,,,,,,,,,,,,,
"US1TNWL0012","FOREST HILLS 6.7 WSW, TN US","36.025587","-86.946578","209.1","2026-04-21",,,,,,,"0.0",",,N","0.0",",,N",,,,,,,,,,,,,,,,,,,,,,
"US1TNWL0012","FOREST HILLS 6.7 WSW, TN US","36.025587","-86.946578","209.1","2026-04-22",,,,,,,"0.0",",,N","0.0",",,N",,,,,,,,,,,,,,,,,,,,,,
"US1TNWL0012","FOREST HILLS 6.7 WSW, TN US","36.025587","-86.946578","209.1","2026-04-23",,,,,,,"0.0",",,N","0.0",",,N",,,,,,,,,,,,,,,,,,,,,,
"US1TNWL0012","FOREST HILLS 6.7 WSW, TN US","36.025587","-86.946578","209.1","2026-04-24",,,,,,,"0.0",",,N","0.0",",,N",,,,,,,,,,,,,,,,,,,,,,
"US1TNWL0012","FOREST HILLS 6.7 WSW, TN US","36.025587","-86.946578","209.1","2026-04-25",,,,,,,"0.0",",,N","0.0",",,N",,,,,,,,,,,,,,,,,,,,,,
"US1TNWL0012","FOREST HILLS 6.7 WSW, TN US","36.025587","-86.946578","209.1","2026-04-26",,,,,,,"0.0",",,N","0.0",",,N",,,,,,,,,,,,,,,,,,,,,,
"US1TNWL0012","FOREST HILLS 6.7 WSW, TN US","36.025587","-86.946578","209.1","2026-04-27",,,,,,,"0.0",",,N","0.0",",,N",,,,,,,,,,,,,,,,,,,,,,
"US1TNWL0012","FOREST HILLS 6.7 WSW, TN US","36.025587","-86.946578","209.1","2026-04-28",,,,,,,"17.3",",,N",,,,,,,,,,,,,,,,,,,,,,,,
"US1TNWL0012","FOREST HILLS 6.7 WSW, TN US","36.025587","-86.946578","209.1","2026-04-29",,,,,,,"21.6",",,N",,,,,,,,,,,,,,,,,,,,,,,,
"US1TNDV0081","ANTIOCH 4.3ENE, TN US","36.081845","-86.596925","167.9","2026-04-01",,,,,,,"0.0",",,N","0.0",",,N",,,,,,,,,,,,,,,,,,,,,,
"US1TNDV0081","ANTIOCH 4.3ENE, TN US","36.081845","-86.596925","167.9","2026-04-02",,,,,,,"0.0",",,N","0.0",",,N",,,,,,,,,,,,,,,,,,,,,,
"US1TNDV0081","ANTIOCH 4.3ENE, TN US","36.081845","-86.596925","167.9","2026-04-03",,,,,,,"0.0",",,N","0.0",",,N",,,,,,,,,,,,,,,,,,,,,,
"US1TNDV0081","ANTIOCH 4.3ENE, TN US","36.081845","-86.596925","167.9","2026-04-04",,,,,,,"0.0",",,N","0.0",",,N",,,,,,,,,,,,,,,,,,,,,,
"US1TNDV0081","ANTIOCH 4.3ENE, TN US","36.081845","-86.596925","167.9","2026-04-05",,,,,,,"21.8",",,N",,,,,,,,,,,,,,,,,,,,,,,,
"US1TNDV0081","ANTIOCH 4.3ENE, TN US","36.081845","-86.596925","167.9","2026-04-06",,,,,,,"0.0",",,N","0.0",",,N",,,,,,,,,,,,,,,,,,,,,,
"US1TNDV0081","ANTIOCH 4.3ENE, TN US","36.081845","-86.596925","167.9","2026-04-07",,,,,,,"0.0",",,N","0.0",",,N",,,,,,,,,,,,,,,,,,,,,,
"US1TNDV0081","ANTIOCH 4.3ENE, TN US","36.081845","-86.596925","167.9","2026-04-08",,,,,,,"0.0",",,N","0.0",",,N",,,,,,,,,,,,,,,,,,,,,,
"US1TNDV0081","ANTIOCH 4.3ENE, TN US","36.081845","-86.596925","167.9","2026-04-09",,,,,,,"0.0",",,N","0.0",",,N",,,,,,,,,,,,,,,,,,,,,,
"US1TNDV0081","ANTIOCH 4.3ENE, TN US","36.081845","-86.596925","167.9","2026-04-10",,,,,,,"0.0",",,N","0.0",",,N",,,,,,,,,,,,,,,,,,,,,,
"US1TNDV0081","ANTIOCH 4.3ENE, TN US","36.081845","-86.596925","167.9","2026-04-11",,,,,,,"0.0",",,N","0.0",",,N",,,,,,,,,,,,,,,,,,,,,,
"US1TNDV0081","ANTIOCH 4.3ENE, TN US","36.081845","-86.596925","167.9","2026-04-12",,,,,,,"0.0",",,N","0.0",",,N",,,,,,,,,,,,,,,,,,,,,,
"US1TNDV0081","ANTIOCH 4.3ENE, TN US","36.081845","-86.596925","167.9","2026-04-13",,,,,,,"0.0",",,N","0.0",",,N",,,,,,,,,,,,,,,,,,,,,,
"US1TNDV0081","ANTIOCH 4.3ENE, TN US","36.081845","-86.596925","167.9","2026-04-14",,,,,,,"0.8",",,N",,,,,,,,,,,,,,,,,,,,,,,,
"US1TNDV0081","ANTIOCH 4.3ENE, TN US","36.081845","-86.596925","167.9","2026-04-15",,,,,,,"0.0",",,N","0.0",",,N",,,,,,,,,,,,,,,,,,,,,,
"US1TNDV0081","ANTIOCH 4.3ENE, TN US","36.081845","-86.596925","167.9","2026-04-16",,,,,,,"0.0",",,N","0.0",",,N",,,,,,,,,,,,,,,,,,,,,,
"US1TNDV0081","ANTIOCH 4.3ENE, TN US","36.081845","-86.596925","167.9","2026-04-17",,,,,,,"7.6",",,N",,,,,,,,,,,,,,,,,,,,,,,,
"US1TNDV0081","ANTIOCH 4.3ENE, TN US","36.081845","-86.596925","167.9","2026-04-18",,,,,,,"0.0",",,N","0.0",",,N",,,,,,,,,,,,,,,,,,,,,,
"US1TNDV0081","ANTIOCH 4.3ENE, TN US","36.081845","-86.596925","167.9","2026-04-19",,,,,,,"0.5",",,N",,,,,,,,,,,,,,,,,,,,,,,,
"US1TNDV0081","ANTIOCH 4.3ENE, TN US","36.081845","-86.596925","167.9","2026-04-20",,,,,,,"0.0",",,N","0.0",",,N",,,,,,,,,,,,,,,,,,,,,,
"US1TNDV0081","ANTIOCH 4.3ENE, TN US","36.081845","-86.596925","167.9","2026-04-21",,,,,,,"0.0",",,N","0.0",",,N",,,,,,,,,,,,,,,,,,,,,,
"US1TNDV0081","ANTIOCH 4.3ENE, TN US","36.081845","-86.596925","167.9","2026-04-22",,,,,,,"0.0",",,N","0.0",",,N",,,,,,,,,,,,,,,,,,,,,,
"US1TNDV0081","ANTIOCH 4.3ENE, TN US","36.081845","-86.596925","167.9","2026-04-23",,,,,,,"0.0",",,N","0.0",",,N",,,,,,,,,,,,,,,,,,,,,,
"US1TNDV0081","ANTIOCH 4.3ENE, TN US","36.081845","-86.596925","167.9","2026-04-24",,,,,,,"0.0",",,N","0.0",",,N",,,,,,,,,,,,,,,,,,,,,,
"US1TNDV0081","ANTIOCH 4.3ENE, TN US","36.081845","-86.596925","167.9","2026-04-25",,,,,,,"0.0","T,,N",,,,,,,,,,,,,,,,,,,,,,,,
"US1TNDV0081","ANTIOCH 4.3ENE, TN US","36.081845","-86.596925","167.9","2026-04-26",,,,,,,"0.0",",,N","0.0",",,N",,,,,,,,,,,,,,,,,,,,,,
"US1TNDV0081","ANTIOCH 4.3ENE, TN US","36.081845","-86.596925","167.9","2026-04-27",,,,,,,"0.0",",,N","0.0",",,N",,,,,,,,,,,,,,,,,,,,,,
"US1TNDV0081","ANTIOCH 4.3ENE, TN US","36.081845","-86.596925","167.9","2026-04-28",,,,,,,"32.0",",,N",,,,,,,,,,,,,,,,,,,,,,,,
"US1TNDV0081","ANTIOCH 4.3ENE, TN US","36.081845","-86.596925","167.9","2026-04-29",,,,,,,"11.7",",,N",,,,,,,,,,,,,,,,,,,,,,,,
"USW00013827","SMYRNA AIRPORT, TN US","36.00889","-86.52","165.5","2026-04-01",,,,,,,,,,,,,"22.0","H,,2","28.3","H,,2","17.8","H,,2",,,,,,,,,,,,,,
"USW00013827","SMYRNA AIRPORT, TN US","36.00889","-86.52","165.5","2026-04-02",,,,,,,,,,,,,"23.1","H,,2","27.8","H,,2","18.3","H,,2",,,,,,,,,,,,,,
"USW00013827","SMYRNA AIRPORT, TN US","36.00889","-86.52","165.5","2026-04-03",,,,,,,,,,,,,"24.9","H,,2","28.9","H,,2","21.1","H,,2",,,,,,,,,,,,,,
"USW00013827","SMYRNA AIRPORT, TN US","36.00889","-86.52","165.5","2026-04-04",,,,,,,,,,,,,"20.8","H,,2","26.7","H,,2","14.4","H,,2",,,,,,,,,,,,,,
"USW00013827","SMYRNA AIRPORT, TN US","36.00889","-86.52","165.5","2026-04-05",,,,,,,,,,,,,"13.5","H,,2","18.9","H,,2","8.3","H,,2",,,,,,,,,,,,,,
"USW00013827","SMYRNA AIRPORT, TN US","36.00889","-86.52","165.5","2026-04-06",,,,,,,,,,,,,"12.3","H,,2","20.0","H,,2","5.0","H,,2",,,,,,,,,,,,,,
"USW00013827","SMYRNA AIRPORT, TN US","36.00889","-86.52","165.5","2026-04-07",,,,,,,,,,,,,"12.8","H,,2","19.4","H,,2","5.6","H,,2",,,,,,,,,,,,,,
"USW00013827","SMYRNA AIRPORT, TN US","36.00889","-86.52","165.5","2026-04-08",,,,,,,,,,,,,"14.8","H,,2","24.4","H,,2","6.1","H,,2",,,,,,,,,,,,,,
"USW00013827","SMYRNA AIRPORT, TN US","36.00889","-86.52","165.5","2026-04-09",,,,,,,,,,,,,"17.8","H,,2","24.4","H,,2","10.6","H,,2",,,,,,,,,,,,,,
"USW00013827","SMYRNA AIRPORT, TN US","36.00889","-86.52","165.5","2026-04-10",,,,,,,,,,,,,"16.6","H,,2","25.6","H,,2","7.8","H,,2",,,,,,,,,,,,,,
"USW00013827","SMYRNA AIRPORT, TN US","36.00889","-86.52","165.5","2026-04-11",,,,,,,,,,,,,"18.7","H,,2","27.2","H,,2","11.7","H,,2",,,,,,,,,,,,,,
"USW00013827","SMYRNA AIRPORT, TN US","36.00889","-86.52","165.5","2026-04-12",,,,,,,,,,,,,"20.2","H,,2","28.9","H,,2","11.7","H,,2",,,,,,,,,,,,,,
"USW00013827","SMYRNA AIRPORT, TN US","36.00889","-86.52","165.5","2026-04-13",,,,,,,,,,,,,"21.9","H,,2","24.4","H,,2","19.4","H,,2",,,,,,,,,,,,,,
"USW00013827","SMYRNA AIRPORT, TN US","36.00889","-86.52","165.5","2026-04-14",,,,,,,,,,,,,"22.3","H,,2","27.2","H,,2","16.7","H,,2",,,,,,,,,,,,,,
"USW00013827","SMYRNA AIRPORT, TN US","36.00889","-86.52","165.5","2026-04-15",,,,,,,,,,,,,"22.4","H,,2","28.9","H,,2","15.6","H,,2",,,,,,,,,,,,,,
"USW00013827","SMYRNA AIRPORT, TN US","36.00889","-86.52","165.5","2026-04-16",,,,,,,,,,,,,"22.5","H,,2","27.8","H,,2","17.8","H,,2",,,,,,,,,,,,,,
"USW00013827","SMYRNA AIRPORT, TN US","36.00889","-86.52","165.5","2026-04-17",,,,,,,,,,,,,"19.9","H,,2","28.9","H,,2","14.4","H,,2",,,,,,,,,,,,,,
"USW00013827","SMYRNA AIRPORT, TN US","36.00889","-86.52","165.5","2026-04-18",,,,,,,,,,,,,"19.5","H,,2","25.0","H,,2","11.1","H,,2",,,,,,,,,,,,,,
"USW00013827","SMYRNA AIRPORT, TN US","36.00889","-86.52","165.5","2026-04-19",,,,,,,,,,,,,"12.1","H,,2","18.3","H,,2","6.7","H,,2",,,,,,,,,,,,,,
"USW00013827","SMYRNA AIRPORT, TN US","36.00889","-86.52","165.5","2026-04-20",,,,,,,,,,,,,"13.7","H,,2","22.8","H,,2","5.0","H,,2",,,,,,,,,,,,,,
"USW00013827","SMYRNA AIRPORT, TN US","36.00889","-86.52","165.5","2026-04-21",,,,,,,,,,,,,"16.6","H,,2","27.2","H,,2","7.2","H,,2",,,,,,,,,,,,,,
"USW00013827","SMYRNA AIRPORT, TN US","36.00889","-86.52","165.5","2026-04-22",,,,,,,,,,,,,"18.9","H,,2","27.2","H,,2","8.9","H,,2",,,,,,,,,,,,,,
"USW00013827","SMYRNA AIRPORT, TN US","36.00889","-86.52","165.5","2026-04-23",,,,,,,,,,,,,"19.3","H,,2","27.8","H,,2","10.6","H,,2",,,,,,,,,,,,,,
"USW00013827","SMYRNA AIRPORT, TN US","36.00889","-86.52","165.5","2026-04-24",,,,,,,,,,,,,"19.8","H,,2","26.1","H,,2","12.8","H,,2",,,,,,,,,,,,,,
"USW00013827","SMYRNA AIRPORT, TN US","36.00889","-86.52","165.5","2026-04-25",,,,,,,,,,,,,"21.7","H,,2","27.2","H,,2","16.1","H,,2",,,,,,,,,,,,,,
"USW00013827","SMYRNA AIRPORT, TN US","36.00889","-86.52","165.5","2026-04-26",,,,,,,,,,,,,"19.9","H,,2","28.9","H,,2","13.3","H,,2",,,,,,,,,,,,,,
"USW00013827","SMYRNA AIRPORT, TN US","36.00889","-86.52","165.5","2026-04-27",,,,,,,,,,,,,"21.4","H,,2","28.3","H,,2","14.4","H,,2",,,,,,,,,,,,,,
"USW00013827","SMYRNA AIRPORT, TN US","36.00889","-86.52","165.5","2026-04-28",,,,,,,,,,,,,"22.3","H,,2","26.7","H,,2","17.2","H,,2",,,,,,,,,,,,,,
"USW00013827","SMYRNA AIRPORT, TN US","36.00889","-86.52","165.5","2026-04-29",,,,,,,,,,,,,"19.3","H,,2","22.2","H,,2","16.7","H,,2",,,,,,,,,,,,,,
"USW00013827","SMYRNA AIRPORT, TN US","36.00889","-86.52","165.5","2026-04-30",,,,,,,,,,,,,"15.4","H,,2","18.3","H,,2","11.1","H,,2",,,,,,,,,,,,,,
"US1TNWN0019","GREEN HILL 3.1 NNE, TN US","36.276","-86.547","164.0","2026-04-01",,,,,,,"0.0",",,N","0.0",",,N",,,,,,,,,,,,,,,,,,,,,,
"US1TNWN0019","GREEN HILL 3.1 NNE, TN US","36.276","-86.547","164.0","2026-04-02",,,,,,,"0.0",",,N","0.0",",,N",,,,,,,,,,,,,,,,,,,,,,
"US1TNWN0019","GREEN HILL 3.1 NNE, TN US","36.276","-86.547","164.0","2026-04-03",,,,,,,"0.0",",,N","0.0",",,N",,,,,,,,,,,,,,,,,,,,,,
"US1TNWN0019","GREEN HILL 3.1 NNE, TN US","36.276","-86.547","164.0","2026-04-04",,,,,,,"0.0",",,N","0.0",",,N",,,,,,,,,,,,,,,,,,,,,,
"US1TNWN0019","GREEN HILL 3.1 NNE, TN US","36.276","-86.547","164.0","2026-04-05",,,,,,,"22.4",",,N",,,,,,,,,,,,,,,,,,,,,,,,
"US1TNWN0019","GREEN HILL 3.1 NNE, TN US","36.276","-86.547","164.0","2026-04-06",,,,,,,"0.0",",,N","0.0",",,N",,,,,,,,,,,,,,,,,,,,,,
"US1TNWN0019","GREEN HILL 3.1 NNE, TN US","36.276","-86.547","164.0","2026-04-07",,,,,,,"0.0",",,N","0.0",",,N",,,,,,,,,,,,,,,,,,,,,,
"US1TNWN0019","GREEN HILL 3.1 NNE, TN US","36.276","-86.547","164.0","2026-04-08",,,,,,,"0.0",",,N","0.0",",,N",,,,,,,,,,,,,,,,,,,,,,
"US1TNWN0019","GREEN HILL 3.1 NNE, TN US","36.276","-86.547","164.0","2026-04-09",,,,,,,"0.0",",,N","0.0",",,N",,,,,,,,,,,,,,,,,,,,,,
"US1TNWN0019","GREEN HILL 3.1 NNE, TN US","36.276","-86.547","164.0","2026-04-10",,,,,,,"0.0",",,N","0.0",",,N",,,,,,,,,,,,,,,,,,,,,,
"US1TNWN0019","GREEN HILL 3.1 NNE, TN US","36.276","-86.547","164.0","2026-04-11",,,,,,,"0.0",",,N","0.0",",,N",,,,,,,,,,,,,,,,,,,,,,
"US1TNWN0019","GREEN HILL 3.1 NNE, TN US","36.276","-86.547","164.0","2026-04-12",,,,,,,"0.0",",,N","0.0",",,N",,,,,,,,,,,,,,,,,,,,,,
"US1TNWN0019","GREEN HILL 3.1 NNE, TN US","36.276","-86.547","164.0","2026-04-13",,,,,,,"0.0",",,N","0.0",",,N",,,,,,,,,,,,,,,,,,,,,,
"US1TNWN0019","GREEN HILL 3.1 NNE, TN US","36.276","-86.547","164.0","2026-04-14",,,,,,,"1.0",",,N",,,,,,,,,,,,,,,,,,,,,,,,
"US1TNWN0019","GREEN HILL 3.1 NNE, TN US","36.276","-86.547","164.0","2026-04-15",,,,,,,"0.0",",,N","0.0",",,N",,,,,,,,,,,,,,,,,,,,,,
"US1TNWN0019","GREEN HILL 3.1 NNE, TN US","36.276","-86.547","164.0","2026-04-16",,,,,,,"0.0",",,N","0.0",",,N",,,,,,,,,,,,,,,,,,,,,,
"US1TNWN0019","GREEN HILL 3.1 NNE, TN US","36.276","-86.547","164.0","2026-04-17",,,,,,,"6.4",",,N",,,,,,,,,,,,,,,,,,,,,,,,
"US1TNWN0019","GREEN HILL 3.1 NNE, TN US","36.276","-86.547","164.0","2026-04-18",,,,,,,"0.0",",,N","0.0",",,N",,,,,,,,,,,,,,,,,,,,,,
"US1TNWN0019","GREEN HILL 3.1 NNE, TN US","36.276","-86.547","164.0","2026-04-19",,,,,,,"0.0",",,N","0.0",",,N",,,,,,,,,,,,,,,,,,,,,,
"US1TNWN0019","GREEN HILL 3.1 NNE, TN US","36.276","-86.547","164.0","2026-04-20",,,,,,,"0.0",",,N","0.0",",,N",,,,,,,,,,,,,,,,,,,,,,
"US1TNWN0019","GREEN HILL 3.1 NNE, TN US","36.276","-86.547","164.0","2026-04-21",,,,,,,"0.0",",,N","0.0",",,N",,,,,,,,,,,,,,,,,,,,,,
"US1TNWN0019","GREEN HILL 3.1 NNE, TN US","36.276","-86.547","164.0","2026-04-22",,,,,,,"0.0",",,N","0.0",",,N",,,,,,,,,,,,,,,,,,,,,,
"US1TNWN0019","GREEN HILL 3.1 NNE, TN US","36.276","-86.547","164.0","2026-04-23",,,,,,,"0.0",",,N","0.0",",,N",,,,,,,,,,,,,,,,,,,,,,
"US1TNWN0019","GREEN HILL 3.1 NNE, TN US","36.276","-86.547","164.0","2026-04-24",,,,,,,"0.0",",,N","0.0",",,N",,,,,,,,,,,,,,,,,,,,,,
"US1TNWN0019","GREEN HILL 3.1 NNE, TN US","36.276","-86.547","164.0","2026-04-25",,,,,,,"0.0",",,N","0.0",",,N",,,,,,,,,,,,,,,,,,,,,,
"US1TNWN0019","GREEN HILL 3.1 NNE, TN US","36.276","-86.547","164.0","2026-04-26",,,,,,,"0.0",",,N","0.0",",,N",,,,,,,,,,,,,,,,,,,,,,
"US1TNWN0019","GREEN HILL 3.1 NNE, TN US","36.276","-86.547","164.0","2026-04-27",,,,,,,"0.0",",,N","0.0",",,N",,,,,,,,,,,,,,,,,,,,,,
"US1TNWN0019","GREEN HILL 3.1 NNE, TN US","36.276","-86.547","164.0","2026-04-28",,,,,,,"15.2",",,N",,,,,,,,,,,,,,,,,,,,,,,,
"US1TNDV0117","NASHVILLE 5.0 NE, TN US","36.222431","-86.720452","159.4","2026-04-01",,,,,,,"0.0",",,N","0.0",",,N",,,,,,,,,,,,,,,,,,,,,,
"US1TNDV0117","NASHVILLE 5.0 NE, TN US","36.222431","-86.720452","159.4","2026-04-02",,,,,,,"0.0",",,N","0.0",",,N",,,,,,,,,,,,,,,,,,,,,,
"US1TNDV0117","NASHVILLE 5.0 NE, TN US","36.222431","-86.720452","159.4","2026-04-03",,,,,,,"0.0",",,N","0.0",",,N",,,,,,,,,,,,,,,,,,,,,,
"US1TNDV0117","NASHVILLE 5.0 NE, TN US","36.222431","-86.720452","159.4","2026-04-05",,,,,,,"17.5",",,N",,,,,,,,,,,,,,,,,,,,,,,,
"US1TNDV0117","NASHVILLE 5.0 NE, TN US","36.222431","-86.720452","159.4","2026-04-06",,,,,,,"0.0",",,N","0.0",",,N",,,,,,,,,,,,,,,,,,,,,,
"US1TNDV0117","NASHVILLE 5.0 NE, TN US","36.222431","-86.720452","159.4","2026-04-08",,,,,,,"0.0",",,N","0.0",",,N",,,,,,,,,,,,,,,,,,,,,,
"US1TNDV0117","NASHVILLE 5.0 NE, TN US","36.222431","-86.720452","159.4","2026-04-09",,,,,,,"0.0",",,N","0.0",",,N",,,,,,,,,,,,,,,,,,,,,,
"US1TNDV0117","NASHVILLE 5.0 NE, TN US","36.222431","-86.720452","159.4","2026-04-10",,,,,,,"0.0",",,N","0.0",",,N",,,,,,,,,,,,,,,,,,,,,,
"US1TNDV0117","NASHVILLE 5.0 NE, TN US","36.222431","-86.720452","159.4","2026-04-11",,,,,,,"0.0",",,N","0.0",",,N",,,,,,,,,,,,,,,,,,,,,,
"US1TNDV0117","NASHVILLE 5.0 NE, TN US","36.222431","-86.720452","159.4","2026-04-12",,,,,,,"0.0",",,N","0.0",",,N",,,,,,,,,,,,,,,,,,,,,,
"US1TNDV0117","NASHVILLE 5.0 NE, TN US","36.222431","-86.720452","159.4","2026-04-13",,,,,,,"0.0",",,N","0.0",",,N",,,,,,,,,,,,,,,,,,,,,,
"US1TNDV0117","NASHVILLE 5.0 NE, TN US","36.222431","-86.720452","159.4","2026-04-14",,,,,,,"1.0",",,N",,,,,,,,,,,,,,,,,,,,,,,,
"US1TNDV0117","NASHVILLE 5.0 NE, TN US","36.222431","-86.720452","159.4","2026-04-15",,,,,,,"0.0",",,N","0.0",",,N",,,,,,,,,,,,,,,,,,,,,,
"US1TNDV0117","NASHVILLE 5.0 NE, TN US","36.222431","-86.720452","159.4","2026-04-19",,,,,,,"0.3",",,N",,,,,,,,,,,,,,,,,,,,,,,,
"US1TNDV0117","NASHVILLE 5.0 NE, TN US","36.222431","-86.720452","159.4","2026-04-20",,,,,,,"0.0",",,N","0.0",",,N",,,,,,,,,,,,,,,,,,,,,,
"US1TNDV0117","NASHVILLE 5.0 NE, TN US","36.222431","-86.720452","159.4","2026-04-21",,,,,,,"0.0",",,N","0.0",",,N",,,,,,,,,,,,,,,,,,,,,,
"US1TNDV0117","NASHVILLE 5.0 NE, TN US","36.222431","-86.720452","159.4","2026-04-22",,,,,,,"0.0",",,N","0.0",",,N",,,,,,,,,,,,,,,,,,,,,,
"US1TNDV0117","NASHVILLE 5.0 NE, TN US","36.222431","-86.720452","159.4","2026-04-23",,,,,,,"0.0",",,N","0.0",",,N",,,,,,,,,,,,,,,,,,,,,,
"US1TNDV0117","NASHVILLE 5.0 NE, TN US","36.222431","-86.720452","159.4","2026-04-24",,,,,,,"0.0",",,N","0.0",",,N",,,,,,,,,,,,,,,,,,,,,,
"US1TNDV0117","NASHVILLE 5.0 NE, TN US","36.222431","-86.720452","159.4","2026-04-25",,,,,,,"0.0",",,N","0.0",",,N",,,,,,,,,,,,,,,,,,,,,,
"US1TNDV0117","NASHVILLE 5.0 NE, TN US","36.222431","-86.720452","159.4","2026-04-26",,,,,,,"0.0",",,N","0.0",",,N",,,,,,,,,,,,,,,,,,,,,,
"US1TNDV0117","NASHVILLE 5.0 NE, TN US","36.222431","-86.720452","159.4","2026-04-27",,,,,,,"0.0",",,N","0.0",",,N",,,,,,,,,,,,,,,,,,,,,,
"US1TNDV0117","NASHVILLE 5.0 NE, TN US","36.222431","-86.720452","159.4","2026-04-28",,,,,,,"20.1",",,N",,,,,,,,,,,,,,,,,,,,,,,,
"US1TNDV0117","NASHVILLE 5.0 NE, TN US","36.222431","-86.720452","159.4","2026-04-29",,,,,,,"14.5",",,N",,,,,,,,,,,,,,,,,,,,,,,,
"US1TNDV0117","NASHVILLE 5.0 NE, TN US","36.222431","-86.720452","159.4","2026-04-30",,,,,,,"0.3",",,N",,,,,,,,,,,,,,,,,,,,,,,,
"US1TNWN0010","GREEN HILL 0.3 N, TN US","36.238651","-86.571596","157.9","2026-04-01",,,,,,,"0.0",",,N","0.0",",,N","0.0",",,N",,,,,,,,,,,,,"0.0",",,N","0.0",",,N",,,,
"US1TNWN0010","GREEN HILL 0.3 N, TN US","36.238651","-86.571596","157.9","2026-04-02",,,,,,,"0.0",",,N","0.0",",,N","0.0",",,N",,,,,,,,,,,,,"0.0",",,N","0.0",",,N",,,,
"US1TNWN0010","GREEN HILL 0.3 N, TN US","36.238651","-86.571596","157.9","2026-04-03",,,,,,,"0.0",",,N","0.0",",,N","0.0",",,N",,,,,,,,,,,,,"0.0",",,N","0.0",",,N",,,,
"US1TNWN0010","GREEN HILL 0.3 N, TN US","36.238651","-86.571596","157.9","2026-04-04",,,,,,,"0.0",",,N","0.0",",,N","0.0",",,N",,,,,,,,,,,,,"0.0",",,N","0.0",",,N",,,,
"US1TNWN0010","GREEN HILL 0.3 N, TN US","36.238651","-86.571596","157.9","2026-04-05",,,,,,,"21.3",",,N","0.0",",,N","0.0",",,N",,,,,,,,,,,,,"0.0",",,N","0.0",",,N",,,,
"US1TNWN0010","GREEN HILL 0.3 N, TN US","36.238651","-86.571596","157.9","2026-04-06",,,,,,,"0.0",",,N","0.0",",,N","0.0",",,N",,,,,,,,,,,,,"0.0",",,N","0.0",",,N",,,,
"US1TNWN0010","GREEN HILL 0.3 N, TN US","36.238651","-86.571596","157.9","2026-04-07",,,,,,,"0.0",",,N","0.0",",,N","0.0",",,N",,,,,,,,,,,,,"0.0",",,N","0.0",",,N",,,,
"US1TNWN0010","GREEN HILL 0.3 N, TN US","36.238651","-86.571596","157.9","2026-04-08",,,,,,,"0.0",",,N","0.0",",,N","0.0",",,N",,,,,,,,,,,,,"0.0",",,N","0.0",",,N",,,,
"US1TNWN0010","GREEN HILL 0.3 N, TN US","36.238651","-86.571596","157.9","2026-04-09",,,,,,,"0.0",",,N","0.0",",,N","0.0",",,N",,,,,,,,,,,,,"0.0",",,N","0.0",",,N",,,,
"US1TNWN0010","GREEN HILL 0.3 N, TN US","36.238651","-86.571596","157.9","2026-04-10",,,,,,,"0.0",",,N","0.0",",,N","0.0",",,N",,,,,,,,,,,,,"0.0",",,N","0.0",",,N",,,,
"US1TNWN0010","GREEN HILL 0.3 N, TN US","36.238651","-86.571596","157.9","2026-04-11",,,,,,,"0.0",",,N","0.0",",,N","0.0",",,N",,,,,,,,,,,,,"0.0",",,N","0.0",",,N",,,,
"US1TNWN0010","GREEN HILL 0.3 N, TN US","36.238651","-86.571596","157.9","2026-04-12",,,,,,,"0.0",",,N","0.0",",,N","0.0",",,N",,,,,,,,,,,,,"0.0",",,N","0.0",",,N",,,,
"US1TNWN0010","GREEN HILL 0.3 N, TN US","36.238651","-86.571596","157.9","2026-04-13",,,,,,,"0.3",",,N","0.0",",,N","0.0",",,N",,,,,,,,,,,,,"0.0",",,N","0.0",",,N",,,,
"US1TNWN0010","GREEN HILL 0.3 N, TN US","36.238651","-86.571596","157.9","2026-04-14",,,,,,,"1.0",",,N","0.0",",,N","0.0",",,N",,,,,,,,,,,,,"0.0",",,N","0.0",",,N",,,,
"US1TNWN0010","GREEN HILL 0.3 N, TN US","36.238651","-86.571596","157.9","2026-04-15",,,,,,,"0.0",",,N","0.0",",,N","0.0",",,N",,,,,,,,,,,,,"0.0",",,N","0.0",",,N",,,,
"US1TNWN0010","GREEN HILL 0.3 N, TN US","36.238651","-86.571596","157.9","2026-04-16",,,,,,,"0.0",",,N","0.0",",,N","0.0",",,N",,,,,,,,,,,,,"0.0",",,N","0.0",",,N",,,,
"US1TNWN0010","GREEN HILL 0.3 N, TN US","36.238651","-86.571596","157.9","2026-04-17",,,,,,,"6.4",",,N","0.0",",,N","0.0",",,N",,,,,,,,,,,,,"0.0",",,N","0.0",",,N",,,,
"US1TNWN0010","GREEN HILL 0.3 N, TN US","36.238651","-86.571596","157.9","2026-04-18",,,,,,,"0.0",",,N","0.0",",,N","0.0",",,N",,,,,,,,,,,,,"0.0",",,N","0.0",",,N",,,,
"US1TNWN0010","GREEN HILL 0.3 N, TN US","36.238651","-86.571596","157.9","2026-04-19",,,,,,,"0.3",",,N","0.0",",,N","0.0",",,N",,,,,,,,,,,,,"0.0",",,N","0.0",",,N",,,,
"US1TNWN0010","GREEN HILL 0.3 N, TN US","36.238651","-86.571596","157.9","2026-04-21",,,,,,,"0.0",",,N","0.0",",,N","0.0",",,N",,,,,,,,,,,,,"0.0",",,N","0.0",",,N",,,,
"US1TNWN0010","GREEN HILL 0.3 N, TN US","36.238651","-86.571596","157.9","2026-04-22",,,,,,,"0.0",",,N","0.0",",,N","0.0",",,N",,,,,,,,,,,,,"0.0",",,N","0.0",",,N",,,,
"US1TNWN0010","GREEN HILL 0.3 N, TN US","36.238651","-86.571596","157.9","2026-04-23",,,,,,,"0.0",",,N","0.0",",,N","0.0",",,N",,,,,,,,,,,,,"0.0",",,N","0.0",",,N",,,,
"US1TNWN0010","GREEN HILL 0.3 N, TN US","36.238651","-86.571596","157.9","2026-04-24",,,,,,,"0.0",",,N","0.0",",,N","0.0",",,N",,,,,,,,,,,,,"0.0",",,N","0.0",",,N",,,,
"US1TNWN0010","GREEN HILL 0.3 N, TN US","36.238651","-86.571596","157.9","2026-04-25",,,,,,,"0.0",",,N","0.0",",,N","0.0",",,N",,,,,,,,,,,,,"0.0",",,N","0.0",",,N",,,,
"US1TNWN0010","GREEN HILL 0.3 N, TN US","36.238651","-86.571596","157.9","2026-04-26",,,,,,,"0.0",",,N","0.0",",,N","0.0",",,N",,,,,,,,,,,,,"0.0",",,N","0.0",",,N",,,,
"US1TNWN0010","GREEN HILL 0.3 N, TN US","36.238651","-86.571596","157.9","2026-04-27",,,,,,,"0.0",",,N","0.0",",,N","0.0",",,N",,,,,,,,,,,,,"0.0",",,N","0.0",",,N",,,,
"US1TNWN0010","GREEN HILL 0.3 N, TN US","36.238651","-86.571596","157.9","2026-04-28",,,,,,,"15.5",",,N","0.0",",,N","0.0",",,N",,,,,,,,,,,,,"0.0",",,N","0.0",",,N",,,,
"US1TNWN0010","GREEN HILL 0.3 N, TN US","36.238651","-86.571596","157.9","2026-04-29",,,,,,,"13.2",",,N","0.0",",,N","0.0",",,N",,,,,,,,,,,,,"0.0",",,N","0.0",",,N",,,,
"US1TNWN0010","GREEN HILL 0.3 N, TN US","36.238651","-86.571596","157.9","2026-04-30",,,,,,,"0.0","T,,N","0.0",",,N","0.0",",,N",,,,,,,,,,,,,"0.0",",,N","0.0",",,N",,,,
"US1TNWN0098","LEBANON 3.6 N, TN US","36.260833","-86.331944","167.9","2026-04-01",,,,,,,"0.0",",,N","0.0",",,N",,,,,,,,,,,,,,,,,,,,,,
"US1TNWN0098","LEBANON 3.6 N, TN US","36.260833","-86.331944","167.9","2026-04-02",,,,,,,"0.0",",,N","0.0",",,N",,,,,,,,,,,,,,,,,,,,,,
"US1TNWN0098","LEBANON 3.6 N, TN US","36.260833","-86.331944","167.9","2026-04-03",,,,,,,"0.0",",,N","0.0",",,N",,,,,,,,,,,,,,,,,,,,,,
"US1TNWN0098","LEBANON 3.6 N, TN US","36.260833","-86.331944","167.9","2026-04-05",,,,,,,"18.3",",,N",,,,,,,,,,,,,,,,,,,,,,,,
"US1TNWN0098","LEBANON 3.6 N, TN US","36.260833","-86.331944","167.9","2026-04-06",,,,,,,"0.0",",,N","0.0",",,N",,,,,,,,,,,,,,,,,,,,,,
"US1TNWN0098","LEBANON 3.6 N, TN US","36.260833","-86.331944","167.9","2026-04-07",,,,,,,"0.0",",,N","0.0",",,N",,,,,,,,,,,,,,,,,,,,,,
"US1TNWN0098","LEBANON 3.6 N, TN US","36.260833","-86.331944","167.9","2026-04-08",,,,,,,"0.0",",,N","0.0",",,N",,,,,,,,,,,,,,,,,,,,,,
"US1TNWN0098","LEBANON 3.6 N, TN US","36.260833","-86.331944","167.9","2026-04-09",,,,,,,"0.0",",,N","0.0",",,N",,,,,,,,,,,,,,,,,,,,,,
"US1TNWN0098","LEBANON 3.6 N, TN US","36.260833","-86.331944","167.9","2026-04-10",,,,,,,"0.0",",,N","0.0",",,N",,,,,,,,,,,,,,,,,,,,,,
"US1TNWN0098","LEBANON 3.6 N, TN US","36.260833","-86.331944","167.9","2026-04-11",,,,,,,"0.0",",,N","0.0",",,N",,,,,,,,,,,,,,,,,,,,,,
"US1TNWN0098","LEBANON 3.6 N, TN US","36.260833","-86.331944","167.9","2026-04-12",,,,,,,"0.0",",,N","0.0",",,N",,,,,,,,,,,,,,,,,,,,,,
"US1TNWN0098","LEBANON 3.6 N, TN US","36.260833","-86.331944","167.9","2026-04-13",,,,,,,"0.5",",,N",,,,,,,,,,,,,,,,,,,,,,,,
"US1TNWN0098","LEBANON 3.6 N, TN US","36.260833","-86.331944","167.9","2026-04-14",,,,,,,"0.8",",,N",,,,,,,,,,,,,,,,,,,,,,,,
"US1TNWN0098","LEBANON 3.6 N, TN US","36.260833","-86.331944","167.9","2026-04-15",,,,,,,"0.0",",,N","0.0",",,N",,,,,,,,,,,,,,,,,,,,,,
"US1TNWN0098","LEBANON 3.6 N, TN US","36.260833","-86.331944","167.9","2026-04-16",,,,,,,"0.0",",,N","0.0",",,N",,,,,,,,,,,,,,,,,,,,,,
"US1TNWN0098","LEBANON 3.6 N, TN US","36.260833","-86.331944","167.9","2026-04-17",,,,,,,"13.2",",,N",,,,,,,,,,,,,,,,,,,,,,,,
"US1TNWN0098","LEBANON 3.6 N, TN US","36.260833","-86.331944","167.9","2026-04-19",,,,,,,"1.0",",,N",,,,,,,,,,,,,,,,,,,,,,,,
"US1TNWN0098","LEBANON 3.6 N, TN US","36.260833","-86.331944","167.9","2026-04-20",,,,,,,"0.0",",,N","0.0",",,N",,,,,,,,,,,,,,,,,,,,,,
"US1TNWN0098","LEBANON 3.6 N, TN US","36.260833","-86.331944","167.9","2026-04-21",,,,,,,"0.0",",,N","0.0",",,N",,,,,,,,,,,,,,,,,,,,,,
"US1TNWN0098","LEBANON 3.6 N, TN US","36.260833","-86.331944","167.9","2026-04-22",,,,,,,"0.0",",,N","0.0",",,N",,,,,,,,,,,,,,,,,,,,,,
"US1TNWN0098","LEBANON 3.6 N, TN US","36.260833","-86.331944","167.9","2026-04-23",,,,,,,"0.0",",,N","0.0",",,N",,,,,,,,,,,,,,,,,,,,,,
"US1TNWN0098","LEBANON 3.6 N, TN US","36.260833","-86.331944","167.9","2026-04-24",,,,,,,"0.0",",,N","0.0",",,N",,,,,,,,,,,,,,,,,,,,,,
"US1TNWN0098","LEBANON 3.6 N, TN US","36.260833","-86.331944","167.9","2026-04-25",,,,,,,"0.3",",,N",,,,,,,,,,,,,,,,,,,,,,,,
"US1TNWN0098","LEBANON 3.6 N, TN US","36.260833","-86.331944","167.9","2026-04-26",,,,,,,"0.0",",,N","0.0",",,N",,,,,,,,,,,,,,,,,,,,,,
"US1TNWN0098","LEBANON 3.6 N, TN US","36.260833","-86.331944","167.9","2026-04-27",,,,,,,"0.0",",,N","0.0",",,N",,,,,,,,,,,,,,,,,,,,,,
"US1TNWN0098","LEBANON 3.6 N, TN US","36.260833","-86.331944","167.9","2026-04-28",,,,,,,"13.5",",,N",,,,,,,,,,,,,,,,,,,,,,,,
"US1TNWN0098","LEBANON 3.6 N, TN US","36.260833","-86.331944","167.9","2026-04-29",,,,,,,"8.9",",,N",,,,,,,,,,,,,,,,,,,,,,,,
"US1TNWN0098","LEBANON 3.6 N, TN US","36.260833","-86.331944","167.9","2026-04-30",,,,,,,"0.5",",,N","0.0",",,N",,,,,,,,,,,,,,,,,,,,,,
"US1TNDV0079","MOUNT JULIET 5.2 SSW, TN US","36.13878","-86.565737","158.5","2026-04-01",,,,,,,"0.0",",,N","0.0",",,N",,,,,,,,,,,,,,,,,,,,,,
"US1TNDV0079","MOUNT JULIET 5.2 SSW, TN US","36.13878","-86.565737","158.5","2026-04-02",,,,,,,"0.0",",,N","0.0",",,N",,,,,,,,,,,,,,,,,,,,,,
"US1TNDV0079","MOUNT JULIET 5.2 SSW, TN US","36.13878","-86.565737","158.5","2026-04-03",,,,,,,"0.0",",,N","0.0",",,N",,,,,,,,,,,,,,,,,,,,,,
"US1TNDV0079","MOUNT JULIET 5.2 SSW, TN US","36.13878","-86.565737","158.5","2026-04-04",,,,,,,"0.0",",,N","0.0",",,N",,,,,,,,,,,,,,,,,,,,,,
"US1TNDV0079","MOUNT JULIET 5.2 SSW, TN US","36.13878","-86.565737","158.5","2026-04-05",,,,,,,"26.7",",,N",,,,,,,,,,,,,,,,,,,,,,,,
"US1TNDV0079","MOUNT JULIET 5.2 SSW, TN US","36.13878","-86.565737","158.5","2026-04-06",,,,,,,"0.0",",,N","0.0",",,N",,,,,,,,,,,,,,,,,,,,,,
"US1TNDV0079","MOUNT JULIET 5.2 SSW, TN US","36.13878","-86.565737","158.5","2026-04-07",,,,,,,"0.0",",,N","0.0",",,N",,,,,,,,,,,,,,,,,,,,,,
"US1TNDV0079","MOUNT JULIET 5.2 SSW, TN US","36.13878","-86.565737","158.5","2026-04-08",,,,,,,"0.0",",,N","0.0",",,N",,,,,,,,,,,,,,,,,,,,,,
"US1TNDV0079","MOUNT JULIET 5.2 SSW, TN US","36.13878","-86.565737","158.5","2026-04-09",,,,,,,"0.0",",,N","0.0",",,N",,,,,,,,,,,,,,,,,,,,,,
"US1TNDV0079","MOUNT JULIET 5.2 SSW, TN US","36.13878","-86.565737","158.5","2026-04-10",,,,,,,"0.0",",,N","0.0",",,N",,,,,,,,,,,,,,,,,,,,,,
"US1TNDV0079","MOUNT JULIET 5.2 SSW, TN US","36.13878","-86.565737","158.5","2026-04-11",,,,,,,"0.0",",,N","0.0",",,N",,,,,,,,,,,,,,,,,,,,,,
"US1TNDV0079","MOUNT JULIET 5.2 SSW, TN US","36.13878","-86.565737","158.5","2026-04-12",,,,,,,"0.0",",,N","0.0",",,N",,,,,,,,,,,,,,,,,,,,,,
"US1TNDV0079","MOUNT JULIET 5.2 SSW, TN US","36.13878","-86.565737","158.5","2026-04-13",,,,,,,"0.0",",,N","0.0",",,N",,,,,,,,,,,,,,,,,,,,,,
"US1TNDV0079","MOUNT JULIET 5.2 SSW, TN US","36.13878","-86.565737","158.5","2026-04-14",,,,,,,"6.4",",,N",,,,,,,,,,,,,,,,,,,,,,,,
"US1TNDV0079","MOUNT JULIET 5.2 SSW, TN US","36.13878","-86.565737","158.5","2026-04-15",,,,,,,"0.0",",,N","0.0",",,N",,,,,,,,,,,,,,,,,,,,,,
"US1TNDV0079","MOUNT JULIET 5.2 SSW, TN US","36.13878","-86.565737","158.5","2026-04-16",,,,,,,"0.0",",,N","0.0",",,N",,,,,,,,,,,,,,,,,,,,,,
"US1TNDV0079","MOUNT JULIET 5.2 SSW, TN US","36.13878","-86.565737","158.5","2026-04-17",,,,,,,"10.2",",,N",,,,,,,,,,,,,,,,,,,,,,,,
"US1TNDV0079","MOUNT JULIET 5.2 SSW, TN US","36.13878","-86.565737","158.5","2026-04-18",,,,,,,"0.0",",,N","0.0",",,N",,,,,,,,,,,,,,,,,,,,,,
"US1TNDV0079","MOUNT JULIET 5.2 SSW, TN US","36.13878","-86.565737","158.5","2026-04-19",,,,,,,"0.0",",,N","0.0",",,N",,,,,,,,,,,,,,,,,,,,,,
"US1TNDV0079","MOUNT JULIET 5.2 SSW, TN US","36.13878","-86.565737","158.5","2026-04-20",,,,,,,"0.0",",,N","0.0",",,N",,,,,,,,,,,,,,,,,,,,,,
"US1TNDV0079","MOUNT JULIET 5.2 SSW, TN US","36.13878","-86.565737","158.5","2026-04-21",,,,,,,"0.0",",,N","0.0",",,N",,,,,,,,,,,,,,,,,,,,,,
"US1TNDV0079","MOUNT JULIET 5.2 SSW, TN US","36.13878","-86.565737","158.5","2026-04-22",,,,,,,"0.0",",,N","0.0",",,N",,,,,,,,,,,,,,,,,,,,,,
"US1TNDV0079","MOUNT JULIET 5.2 SSW, TN US","36.13878","-86.565737","158.5","2026-04-23",,,,,,,"0.0",",,N","0.0",",,N",,,,,,,,,,,,,,,,,,,,,,
"US1TNDV0079","MOUNT JULIET 5.2 SSW, TN US","36.13878","-86.565737","158.5","2026-04-24",,,,,,,"0.0",",,N","0.0",",,N",,,,,,,,,,,,,,,,,,,,,,
"US1TNDV0079","MOUNT JULIET 5.2 SSW, TN US","36.13878","-86.565737","158.5","2026-04-25",,,,,,,"0.0",",,N","0.0",",,N",,,,,,,,,,,,,,,,,,,,,,
"US1TNDV0079","MOUNT JULIET 5.2 SSW, TN US","36.13878","-86.565737","158.5","2026-04-26",,,,,,,"0.0",",,N","0.0",",,N",,,,,,,,,,,,,,,,,,,,,,
"US1TNDV0079","MOUNT JULIET 5.2 SSW, TN US","36.13878","-86.565737","158.5","2026-04-27",,,,,,,"0.0",",,N","0.0",",,N",,,,,,,,,,,,,,,,,,,,,,
"US1TNDV0079","MOUNT JULIET 5.2 SSW, TN US","36.13878","-86.565737","158.5","2026-04-28",,,,,,,"58.4",",,N",,,,,,,,,,,,,,,,,,,,,,,,
"US1TNDV0079","MOUNT JULIET 5.2 SSW, TN US","36.13878","-86.565737","158.5","2026-04-29",,,,,,,"12.7",",,N",,,,,,,,,,,,,,,,,,,,,,,,
"US1TNDV0079","MOUNT JULIET 5.2 SSW, TN US","36.13878","-86.565737","158.5","2026-04-30",,,,,,,"0.0",",,N","0.0",",,N",,,,,,,,,,,,,,,,,,,,,,
"US1TNDV0112","NASHVILLE 7.6 WSW, TN US","36.11079","-86.898709","184.1","2026-04-01",,,,,,,"0.0",",,N","0.0",",,N",,,,,,,,,,,,,,,,,,,,,,
"US1TNDV0112","NASHVILLE 7.6 WSW, TN US","36.11079","-86.898709","184.1","2026-04-02",,,,,,,"0.0",",,N","0.0",",,N",,,,,,,,,,,,,,,,,,,,,,
"US1TNDV0112","NASHVILLE 7.6 WSW, TN US","36.11079","-86.898709","184.1","2026-04-03",,,,,,,"0.0",",,N","0.0",",,N",,,,,,,,,,,,,,,,,,,,,,
"US1TNDV0112","NASHVILLE 7.6 WSW, TN US","36.11079","-86.898709","184.1","2026-04-05",,,"    2",",,N","15.7",",,N",,,,,,,,,,,,,,,,,,,,,,,,,,
"US1TNDV0112","NASHVILLE 7.6 WSW, TN US","36.11079","-86.898709","184.1","2026-04-09",,,"    4",",,N","0.0",",,N",,,,,,,,,,,,,,,,,,,,,,,,,,
"US1TNDV0112","NASHVILLE 7.6 WSW, TN US","36.11079","-86.898709","184.1","2026-04-10",,,,,,,"0.0",",,N","0.0",",,N",,,,,,,,,,,,,,,,,,,,,,
"US1TNDV0112","NASHVILLE 7.6 WSW, TN US","36.11079","-86.898709","184.1","2026-04-11",,,,,,,"0.0",",,N","0.0",",,N",,,,,,,,,,,,,,,,,,,,,,
"US1TNDV0112","NASHVILLE 7.6 WSW, TN US","36.11079","-86.898709","184.1","2026-04-13",,,,,,,"0.0",",,N","0.0",",,N",,,,,,,,,,,,,,,,,,,,,,
"US1TNDV0112","NASHVILLE 7.6 WSW, TN US","36.11079","-86.898709","184.1","2026-04-14",,,,,,,"0.0","T,,N",,,,,,,,,,,,,,,,,,,,,,,,
"US1TNDV0112","NASHVILLE 7.6 WSW, TN US","36.11079","-86.898709","184.1","2026-04-15",,,,,,,"0.0",",,N","0.0",",,N",,,,,,,,,,,,,,,,,,,,,,
"US1TNDV0112","NASHVILLE 7.6 WSW, TN US","36.11079","-86.898709","184.1","2026-04-16",,,,,,,"0.0",",,N","0.0",",,N",,,,,,,,,,,,,,,,,,,,,,
"US1TNDV0112","NASHVILLE 7.6 WSW, TN US","36.11079","-86.898709","184.1","2026-04-17",,,,,,,"12.4",",,N",,,,,,,,,,,,,,,,,,,,,,,,
"US1TNDV0112","NASHVILLE 7.6 WSW, TN US","36.11079","-86.898709","184.1","2026-04-19",,,"    2",",,N","0.0",",,N",,,,,,,,,,,,,,,,,,,,,,,,,,
"US1TNDV0112","NASHVILLE 7.6 WSW, TN US","36.11079","-86.898709","184.1","2026-04-20",,,,,,,"0.0",",,N","0.0",",,N",,,,,,,,,,,,,,,,,,,,,,
"US1TNDV0112","NASHVILLE 7.6 WSW, TN US","36.11079","-86.898709","184.1","2026-04-22",,,,,,,"0.0",",,N","0.0",",,N",,,,,,,,,,,,,,,,,,,,,,
"US1TNDV0112","NASHVILLE 7.6 WSW, TN US","36.11079","-86.898709","184.1","2026-04-23",,,,,,,"0.0",",,N","0.0",",,N",,,,,,,,,,,,,,,,,,,,,,
"US1TNDV0112","NASHVILLE 7.6 WSW, TN US","36.11079","-86.898709","184.1","2026-04-26",,,"    3",",,N","0.0",",,N",,,,,,,,,,,,,,,,,,,,,,,,,,
"US1TNDV0112","NASHVILLE 7.6 WSW, TN US","36.11079","-86.898709","184.1","2026-04-27",,,,,,,"0.0",",,N","0.0",",,N",,,,,,,,,,,,,,,,,,,,,,
"US1TNDV0112","NASHVILLE 7.6 WSW, TN US","36.11079","-86.898709","184.1","2026-04-28",,,,,,,"37.6",",,N",,,,,,,,,,,,,,,,,,,,,,,,
"US1TNDV0111","MADISON 1.2 WSW, TN US","36.25487","-86.73067","168.9","2026-04-05",,,,,,,"17.8",",,N",,,,,,,,,,,,,,,,,,,,,,,,
"US1TNDV0111","MADISON 1.2 WSW, TN US","36.25487","-86.73067","168.9","2026-04-14",,,,,,,"0.5",",,N",,,,,,,,,,,,,,,,,,,,,,,,
"US1TNDV0111","MADISON 1.2 WSW, TN US","36.25487","-86.73067","168.9","2026-04-24",,,,,,,"0.0",",,N","0.0",",,N",,,,,,,,,,,,,,,,,,,,,,
"US1TNDV0111","MADISON 1.2 WSW, TN US","36.25487","-86.73067","168.9","2026-04-25",,,,,,,"0.0","T,,N",,,,,,,,,,,,,,,,,,,,,,,,
"US1TNDV0111","MADISON 1.2 WSW, TN US","36.25487","-86.73067","168.9","2026-04-26",,,,,,,"0.0",",,N","0.0",",,N",,,,,,,,,,,,,,,,,,,,,,
"US1TNDV0111","MADISON 1.2 WSW, TN US","36.25487","-86.73067","168.9","2026-04-27",,,,,,,"0.0",",,N","0.0",",,N",,,,,,,,,,,,,,,,,,,,,,
"US1TNDV0111","MADISON 1.2 WSW, TN US","36.25487","-86.73067","168.9","2026-04-28",,,,,,,"18.5",",,N",,,,,,,,,,,,,,,,,,,,,,,,
"US1TNDV0111","MADISON 1.2 WSW, TN US","36.25487","-86.73067","168.9","2026-04-29",,,,,,,"15.2",",,N",,,,,,,,,,,,,,,,,,,,,,,,
"US1TNDV0111","MADISON 1.2 WSW, TN US","36.25487","-86.73067","168.9","2026-04-30",,,,,,,"0.0","T,,N",,,,,,,,,,,,,,,,,,,,,,,,
"US1TNDV0199","HERMITAGE 1.6 S, TN US","36.173611","-86.627222","176.8","2026-04-01",,,,,,,"0.0",",,N","0.0",",,N",,,,,,,,,,,,,,,,,,,,,,
"US1TNDV0199","HERMITAGE 1.6 S, TN US","36.173611","-86.627222","176.8","2026-04-02",,,,,,,"0.0",",,N","0.0",",,N",,,,,,,,,,,,,,,,,,,,,,
"US1TNDV0199","HERMITAGE 1.6 S, TN US","36.173611","-86.627222","176.8","2026-04-03",,,,,,,"0.0",",,N","0.0",",,N",,,,,,,,,,,,,,,,,,,,,,
"US1TNDV0199","HERMITAGE 1.6 S, TN US","36.173611","-86.627222","176.8","2026-04-04",,,,,,,"0.0",",,N","0.0",",,N",,,,,,,,,,,,,,,,,,,,,,
"US1TNDV0199","HERMITAGE 1.6 S, TN US","36.173611","-86.627222","176.8","2026-04-05",,,,,,,"24.6",",,N",,,,,,,,,,,,,,,,,,,,,,,,
"US1TNDV0199","HERMITAGE 1.6 S, TN US","36.173611","-86.627222","176.8","2026-04-06",,,,,,,"0.0",",,N","0.0",",,N",,,,,,,,,,,,,,,,,,,,,,
"US1TNDV0199","HERMITAGE 1.6 S, TN US","36.173611","-86.627222","176.8","2026-04-07",,,,,,,"0.0",",,N","0.0",",,N",,,,,,,,,,,,,,,,,,,,,,
"US1TNDV0199","HERMITAGE 1.6 S, TN US","36.173611","-86.627222","176.8","2026-04-08",,,,,,,"0.0",",,N","0.0",",,N",,,,,,,,,,,,,,,,,,,,,,
"US1TNDV0199","HERMITAGE 1.6 S, TN US","36.173611","-86.627222","176.8","2026-04-09",,,,,,,"0.0",",,N","0.0",",,N",,,,,,,,,,,,,,,,,,,,,,
"US1TNDV0199","HERMITAGE 1.6 S, TN US","36.173611","-86.627222","176.8","2026-04-10",,,,,,,"0.0",",,N","0.0",",,N",,,,,,,,,,,,,,,,,,,,,,
"US1TNDV0199","HERMITAGE 1.6 S, TN US","36.173611","-86.627222","176.8","2026-04-11",,,,,,,"0.0",",,N","0.0",",,N",,,,,,,,,,,,,,,,,,,,,,
"US1TNDV0199","HERMITAGE 1.6 S, TN US","36.173611","-86.627222","176.8","2026-04-12",,,,,,,"0.0",",,N","0.0",",,N",,,,,,,,,,,,,,,,,,,,,,
"US1TNDV0199","HERMITAGE 1.6 S, TN US","36.173611","-86.627222","176.8","2026-04-13",,,,,,,"0.5",",,N",,,,,,,,,,,,,,,,,,,,,,,,
"US1TNDV0199","HERMITAGE 1.6 S, TN US","36.173611","-86.627222","176.8","2026-04-14",,,,,,,"1.8",",,N",,,,,,,,,,,,,,,,,,,,,,,,
"US1TNDV0199","HERMITAGE 1.6 S, TN US","36.173611","-86.627222","176.8","2026-04-15",,,,,,,"0.0",",,N","0.0",",,N",,,,,,,,,,,,,,,,,,,,,,
"US1TNDV0199","HERMITAGE 1.6 S, TN US","36.173611","-86.627222","176.8","2026-04-16",,,,,,,"0.0",",,N","0.0",",,N",,,,,,,,,,,,,,,,,,,,,,
"US1TNDV0199","HERMITAGE 1.6 S, TN US","36.173611","-86.627222","176.8","2026-04-17",,,,,,,"10.7",",,N",,,,,,,,,,,,,,,,,,,,,,,,
"US1TNDV0199","HERMITAGE 1.6 S, TN US","36.173611","-86.627222","176.8","2026-04-18",,,,,,,"0.0",",,N","0.0",",,N",,,,,,,,,,,,,,,,,,,,,,
"US1TNDV0199","HERMITAGE 1.6 S, TN US","36.173611","-86.627222","176.8","2026-04-19",,,,,,,"0.8",",,N",,,,,,,,,,,,,,,,,,,,,,,,
"US1TNDV0199","HERMITAGE 1.6 S, TN US","36.173611","-86.627222","176.8","2026-04-20",,,,,,,"0.0",",,N","0.0",",,N",,,,,,,,,,,,,,,,,,,,,,
"US1TNDV0199","HERMITAGE 1.6 S, TN US","36.173611","-86.627222","176.8","2026-04-21",,,,,,,"0.0",",,N","0.0",",,N",,,,,,,,,,,,,,,,,,,,,,
"US1TNDV0199","HERMITAGE 1.6 S, TN US","36.173611","-86.627222","176.8","2026-04-22",,,,,,,"0.0",",,N","0.0",",,N",,,,,,,,,,,,,,,,,,,,,,
"US1TNDV0199","HERMITAGE 1.6 S, TN US","36.173611","-86.627222","176.8","2026-04-23",,,,,,,"0.0",",,N","0.0",",,N",,,,,,,,,,,,,,,,,,,,,,
"US1TNDV0199","HERMITAGE 1.6 S, TN US","36.173611","-86.627222","176.8","2026-04-24",,,,,,,"0.0",",,N","0.0",",,N",,,,,,,,,,,,,,,,,,,,,,
"US1TNDV0199","HERMITAGE 1.6 S, TN US","36.173611","-86.627222","176.8","2026-04-25",,,,,,,"0.0",",,N","0.0",",,N",,,,,,,,,,,,,,,,,,,,,,
"US1TNDV0199","HERMITAGE 1.6 S, TN US","36.173611","-86.627222","176.8","2026-04-26",,,,,,,"0.0",",,N","0.0",",,N",,,,,,,,,,,,,,,,,,,,,,
"US1TNDV0199","HERMITAGE 1.6 S, TN US","36.173611","-86.627222","176.8","2026-04-27",,,,,,,"0.0",",,N","0.0",",,N",,,,,,,,,,,,,,,,,,,,,,
"US1TNDV0199","HERMITAGE 1.6 S, TN US","36.173611","-86.627222","176.8","2026-04-28",,,,,,,"31.5",",,N",,,,,,,,,,,,,,,,,,,,,,,,
"US1TNDV0199","HERMITAGE 1.6 S, TN US","36.173611","-86.627222","176.8","2026-04-29",,,,,,,"11.7",",,N",,,,,,,,,,,,,,,,,,,,,,,,
"US1TNDV0199","HERMITAGE 1.6 S, TN US","36.173611","-86.627222","176.8","2026-04-30",,,,,,,"0.0",",,N","0.0",",,N",,,,,,,,,,,,,,,,,,,,,,
"US1TNWN0014","GREEN HILL 1.7 S, TN US","36.210373","-86.573554","164.0","2026-04-01",,,,,,,"0.0",",,N","0.0",",,N",,,,,,,,,,,,,,,,,,,,,,
"US1TNWN0014","GREEN HILL 1.7 S, TN US","36.210373","-86.573554","164.0","2026-04-02",,,,,,,"0.0",",,N","0.0",",,N",,,,,,,,,,,,,,,,,,,,,,
"US1TNWN0014","GREEN HILL 1.7 S, TN US","36.210373","-86.573554","164.0","2026-04-03",,,,,,,"0.0",",,N","0.0",",,N",,,,,,,,,,,,,,,,,,,,,,
"US1TNWN0014","GREEN HILL 1.7 S, TN US","36.210373","-86.573554","164.0","2026-04-04",,,,,,,"0.0",",,N","0.0",",,N",,,,,,,,,,,,,,,,,,,,,,
"US1TNWN0014","GREEN HILL 1.7 S, TN US","36.210373","-86.573554","164.0","2026-04-05",,,,,,,"30.5",",,N",,,,,,,,,,,,,,,,,,,,,,,,
"US1TNWN0014","GREEN HILL 1.7 S, TN US","36.210373","-86.573554","164.0","2026-04-06",,,,,,,"0.0",",,N","0.0",",,N",,,,,,,,,,,,,,,,,,,,,,
"US1TNWN0014","GREEN HILL 1.7 S, TN US","36.210373","-86.573554","164.0","2026-04-07",,,,,,,"0.0",",,N","0.0",",,N",,,,,,,,,,,,,,,,,,,,,,
"US1TNWN0014","GREEN HILL 1.7 S, TN US","36.210373","-86.573554","164.0","2026-04-08",,,,,,,"0.0",",,N","0.0",",,N",,,,,,,,,,,,,,,,,,,,,,
"US1TNWN0014","GREEN HILL 1.7 S, TN US","36.210373","-86.573554","164.0","2026-04-09",,,,,,,"0.0",",,N","0.0",",,N",,,,,,,,,,,,,,,,,,,,,,
"US1TNWN0014","GREEN HILL 1.7 S, TN US","36.210373","-86.573554","164.0","2026-04-10",,,,,,,"0.0",",,N","0.0",",,N",,,,,,,,,,,,,,,,,,,,,,
"US1TNWN0014","GREEN HILL 1.7 S, TN US","36.210373","-86.573554","164.0","2026-04-11",,,,,,,"0.0",",,N","0.0",",,N",,,,,,,,,,,,,,,,,,,,,,
"US1TNWN0014","GREEN HILL 1.7 S, TN US","36.210373","-86.573554","164.0","2026-04-12",,,,,,,"0.0",",,N","0.0",",,N",,,,,,,,,,,,,,,,,,,,,,
"US1TNWN0014","GREEN HILL 1.7 S, TN US","36.210373","-86.573554","164.0","2026-04-13",,,,,,,"0.0",",,N","0.0",",,N",,,,,,,,,,,,,,,,,,,,,,
"US1TNWN0014","GREEN HILL 1.7 S, TN US","36.210373","-86.573554","164.0","2026-04-14",,,,,,,"2.0",",,N",,,,,,,,,,,,,,,,,,,,,,,,
"US1TNWN0014","GREEN HILL 1.7 S, TN US","36.210373","-86.573554","164.0","2026-04-15",,,,,,,"0.0",",,N","0.0",",,N",,,,,,,,,,,,,,,,,,,,,,
"US1TNWN0014","GREEN HILL 1.7 S, TN US","36.210373","-86.573554","164.0","2026-04-16",,,,,,,"0.0",",,N","0.0",",,N",,,,,,,,,,,,,,,,,,,,,,
"US1TNWN0014","GREEN HILL 1.7 S, TN US","36.210373","-86.573554","164.0","2026-04-17",,,,,,,"8.4",",,N",,,,,,,,,,,,,,,,,,,,,,,,
"US1TNWN0014","GREEN HILL 1.7 S, TN US","36.210373","-86.573554","164.0","2026-04-18",,,,,,,"0.0",",,N","0.0",",,N",,,,,,,,,,,,,,,,,,,,,,
"US1TNWN0014","GREEN HILL 1.7 S, TN US","36.210373","-86.573554","164.0","2026-04-19",,,,,,,"0.0","T,,N",,,,,,,,,,,,,,,,,,,,,,,,
"US1TNWN0014","GREEN HILL 1.7 S, TN US","36.210373","-86.573554","164.0","2026-04-20",,,,,,,"0.0",",,N","0.0",",,N",,,,,,,,,,,,,,,,,,,,,,
"US1TNWN0014","GREEN HILL 1.7 S, TN US","36.210373","-86.573554","164.0","2026-04-21",,,,,,,"0.0",",,N","0.0",",,N",,,,,,,,,,,,,,,,,,,,,,
"US1TNWN0014","GREEN HILL 1.7 S, TN US","36.210373","-86.573554","164.0","2026-04-22",,,,,,,"0.0",",,N","0.0",",,N",,,,,,,,,,,,,,,,,,,,,,
"US1TNWN0014","GREEN HILL 1.7 S, TN US","36.210373","-86.573554","164.0","2026-04-23",,,,,,,"0.0",",,N","0.0",",,N",,,,,,,,,,,,,,,,,,,,,,
"US1TNWN0014","GREEN HILL 1.7 S, TN US","36.210373","-86.573554","164.0","2026-04-24",,,,,,,"0.0",",,N","0.0",",,N",,,,,,,,,,,,,,,,,,,,,,
"US1TNWN0014","GREEN HILL 1.7 S, TN US","36.210373","-86.573554","164.0","2026-04-25",,,,,,,"0.0",",,N","0.0",",,N",,,,,,,,,,,,,,,,,,,,,,
"US1TNWN0014","GREEN HILL 1.7 S, TN US","36.210373","-86.573554","164.0","2026-04-26",,,,,,,"0.0",",,N","0.0",",,N",,,,,,,,,,,,,,,,,,,,,,
"US1TNWN0014","GREEN HILL 1.7 S, TN US","36.210373","-86.573554","164.0","2026-04-27",,,,,,,"0.0",",,N","0.0",",,N",,,,,,,,,,,,,,,,,,,,,,
"US1TNWN0014","GREEN HILL 1.7 S, TN US","36.210373","-86.573554","164.0","2026-04-28",,,,,,,"23.6",",,N",,,,,,,,,,,,,,,,,,,,,,,,
"US1TNWN0014","GREEN HILL 1.7 S, TN US","36.210373","-86.573554","164.0","2026-04-29",,,,,,,"12.7",",,N",,,,,,,,,,,,,,,,,,,,,,,,
"US1TNWL0041","EAGLEVILLE 3.9 WSW, TN US","35.719605","-86.719343","267.9","2026-04-05",,,,,,,"26.9",",,N",,,,,,,,,,,,,,,,,,,,,,,,
"US1TNWL0041","EAGLEVILLE 3.9 WSW, TN US","35.719605","-86.719343","267.9","2026-04-28",,,,,,,"34.8",",,N",,,,,,,,,,,,,,,,,,,,,,,,
"US1TNRB0048","CROSS PLAINS 1.9 NNW, TN US","36.5669682","-86.6892985","222.8","2026-04-02",,,"    2",",,N","0.0",",,N",,,,,,,,,,,,,,,,,,,,,,,,,,
"US1TNRB0048","CROSS PLAINS 1.9 NNW, TN US","36.5669682","-86.6892985","222.8","2026-04-03",,,,,,,"1.0",",,N",,,,,,,,,,,,,,,,,,,,,,,,
"US1TNRB0048","CROSS PLAINS 1.9 NNW, TN US","36.5669682","-86.6892985","222.8","2026-04-04",,,,,,,"0.0",",,N","0.0",",,N",,,,,,,,,,,,,,,,,,,,,,
"US1TNRB0048","CROSS PLAINS 1.9 NNW, TN US","36.5669682","-86.6892985","222.8","2026-04-05",,,,,,,"14.5",",,N",,,,,,,,,,,,,,,,,,,,,,,,
"US1TNRB0048","CROSS PLAINS 1.9 NNW, TN US","36.5669682","-86.6892985","222.8","2026-04-06",,,,,,,"0.0",",,N","0.0",",,N",,,,,,,,,,,,,,,,,,,,,,
"US1TNRB0048","CROSS PLAINS 1.9 NNW, TN US","36.5669682","-86.6892985","222.8","2026-04-07",,,,,,,"0.0",",,N","0.0",",,N",,,,,,,,,,,,,,,,,,,,,,
"US1TNRB0048","CROSS PLAINS 1.9 NNW, TN US","36.5669682","-86.6892985","222.8","2026-04-08",,,,,,,"0.0",",,N","0.0",",,N",,,,,,,,,,,,,,,,,,,,,,
"US1TNRB0048","CROSS PLAINS 1.9 NNW, TN US","36.5669682","-86.6892985","222.8","2026-04-09",,,,,,,"0.0",",,N","0.0",",,N",,,,,,,,,,,,,,,,,,,,,,
"US1TNRB0048","CROSS PLAINS 1.9 NNW, TN US","36.5669682","-86.6892985","222.8","2026-04-10",,,,,,,"0.0",",,N","0.0",",,N",,,,,,,,,,,,,,,,,,,,,,
"US1TNRB0048","CROSS PLAINS 1.9 NNW, TN US","36.5669682","-86.6892985","222.8","2026-04-11",,,,,,,"0.0",",,N","0.0",",,N",,,,,,,,,,,,,,,,,,,,,,
"US1TNRB0048","CROSS PLAINS 1.9 NNW, TN US","36.5669682","-86.6892985","222.8","2026-04-12",,,,,,,"0.0",",,N","0.0",",,N",,,,,,,,,,,,,,,,,,,,,,
"US1TNRB0048","CROSS PLAINS 1.9 NNW, TN US","36.5669682","-86.6892985","222.8","2026-04-13",,,,,,,"0.0",",,N","0.0",",,N",,,,,,,,,,,,,,,,,,,,,,
"US1TNRB0048","CROSS PLAINS 1.9 NNW, TN US","36.5669682","-86.6892985","222.8","2026-04-14",,,,,,,"1.0",",,N",,,,,,,,,,,,,,,,,,,,,,,,
"US1TNRB0048","CROSS PLAINS 1.9 NNW, TN US","36.5669682","-86.6892985","222.8","2026-04-16",,,"    2",",,N","0.0",",,N",,,,,,,,,,,,,,,,,,,,,,,,,,
"US1TNRB0048","CROSS PLAINS 1.9 NNW, TN US","36.5669682","-86.6892985","222.8","2026-04-17",,,,,,,"7.6",",,N",,,,,,,,,,,,,,,,,,,,,,,,
"US1TNRB0048","CROSS PLAINS 1.9 NNW, TN US","36.5669682","-86.6892985","222.8","2026-04-18",,,,,,,"0.0",",,N","0.0",",,N",,,,,,,,,,,,,,,,,,,,,,
"US1TNRB0048","CROSS PLAINS 1.9 NNW, TN US","36.5669682","-86.6892985","222.8","2026-04-19",,,,,,,"3.3",",,N",,,,,,,,,,,,,,,,,,,,,,,,
"US1TNRB0048","CROSS PLAINS 1.9 NNW, TN US","36.5669682","-86.6892985","222.8","2026-04-20",,,,,,,"0.0",",,N","0.0",",,N",,,,,,,,,,,,,,,,,,,,,,
"US1TNRB0048","CROSS PLAINS 1.9 NNW, TN US","36.5669682","-86.6892985","222.8","2026-04-21",,,,,,,"0.0",",,N","0.0",",,N",,,,,,,,,,,,,,,,,,,,,,
"US1TNRB0048","CROSS PLAINS 1.9 NNW, TN US","36.5669682","-86.6892985","222.8","2026-04-22",,,,,,,"0.0",",,N","0.0",",,N",,,,,,,,,,,,,,,,,,,,,,
"US1TNRB0048","CROSS PLAINS 1.9 NNW, TN US","36.5669682","-86.6892985","222.8","2026-04-25",,,"    3",",,N","2.5",",,N",,,,,,,,,,,,,,,,,,,,,,,,,,
"US1TNRB0048","CROSS PLAINS 1.9 NNW, TN US","36.5669682","-86.6892985","222.8","2026-04-26",,,,,,,"0.0",",,N","0.0",",,N",,,,,,,,,,,,,,,,,,,,,,
"US1TNRB0048","CROSS PLAINS 1.9 NNW, TN US","36.5669682","-86.6892985","222.8","2026-04-27",,,,,,,"0.0",",,N","0.0",",,N",,,,,,,,,,,,,,,,,,,,,,
"US1TNRB0048","CROSS PLAINS 1.9 NNW, TN US","36.5669682","-86.6892985","222.8","2026-04-28",,,,,,,"16.0",",,N",,,,,,,,,,,,,,,,,,,,,,,,
"US1TNRB0048","CROSS PLAINS 1.9 NNW, TN US","36.5669682","-86.6892985","222.8","2026-04-29",,,,,,,"17.3",",,N",,,,,,,,,,,,,,,,,,,,,,,,
"US1TNRB0047","GREENBRIER 3.6 E, TN US","36.4277","-86.7358","262.4","2026-04-01",,,,,,,"0.0",",,N","0.0",",,N",,,,,,,,,,,,,,,,,,,,,,
"US1TNRB0047","GREENBRIER 3.6 E, TN US","36.4277","-86.7358","262.4","2026-04-02",,,,,,,"0.0",",,N","0.0",",,N",,,,,,,,,,,,,,,,,,,,,,
"US1TNRB0047","GREENBRIER 3.6 E, TN US","36.4277","-86.7358","262.4","2026-04-03",,,,,,,"0.3",",,N",,,,,,,,,,,,,,,,,,,,,,,,
"US1TNRB0047","GREENBRIER 3.6 E, TN US","36.4277","-86.7358","262.4","2026-04-04",,,,,,,"0.0",",,N","0.0",",,N",,,,,,,,,,,,,,,,,,,,,,
"US1TNRB0047","GREENBRIER 3.6 E, TN US","36.4277","-86.7358","262.4","2026-04-05",,,,,,,"25.7",",,N",,,,,,,,,,,,,,,,,,,,,,,,
"US1TNRB0047","GREENBRIER 3.6 E, TN US","36.4277","-86.7358","262.4","2026-04-06",,,,,,,"0.0",",,N","0.0",",,N",,,,,,,,,,,,,,,,,,,,,,
"US1TNRB0047","GREENBRIER 3.6 E, TN US","36.4277","-86.7358","262.4","2026-04-07",,,,,,,"0.0",",,N","0.0",",,N",,,,,,,,,,,,,,,,,,,,,,
"US1TNRB0047","GREENBRIER 3.6 E, TN US","36.4277","-86.7358","262.4","2026-04-08",,,,,,,"0.0",",,N","0.0",",,N",,,,,,,,,,,,,,,,,,,,,,
"US1TNRB0047","GREENBRIER 3.6 E, TN US","36.4277","-86.7358","262.4","2026-04-09",,,,,,,"0.0",",,N","0.0",",,N",,,,,,,,,,,,,,,,,,,,,,
"US1TNRB0047","GREENBRIER 3.6 E, TN US","36.4277","-86.7358","262.4","2026-04-10",,,,,,,"0.0",",,N","0.0",",,N",,,,,,,,,,,,,,,,,,,,,,
"US1TNRB0047","GREENBRIER 3.6 E, TN US","36.4277","-86.7358","262.4","2026-04-11",,,,,,,"0.0",",,N","0.0",",,N",,,,,,,,,,,,,,,,,,,,,,
"US1TNRB0047","GREENBRIER 3.6 E, TN US","36.4277","-86.7358","262.4","2026-04-12",,,,,,,"0.0",",,N","0.0",",,N",,,,,,,,,,,,,,,,,,,,,,
"US1TNRB0047","GREENBRIER 3.6 E, TN US","36.4277","-86.7358","262.4","2026-04-13",,,,,,,"0.0",",,N","0.0",",,N",,,,,,,,,,,,,,,,,,,,,,
"US1TNRB0047","GREENBRIER 3.6 E, TN US","36.4277","-86.7358","262.4","2026-04-14",,,,,,,"1.5",",,N",,,,,,,,,,,,,,,,,,,,,,,,
"US1TNRB0047","GREENBRIER 3.6 E, TN US","36.4277","-86.7358","262.4","2026-04-15",,,,,,,"0.0",",,N","0.0",",,N",,,,,,,,,,,,,,,,,,,,,,
"US1TNRB0047","GREENBRIER 3.6 E, TN US","36.4277","-86.7358","262.4","2026-04-16",,,,,,,"0.0",",,N","0.0",",,N",,,,,,,,,,,,,,,,,,,,,,
"US1TNRB0047","GREENBRIER 3.6 E, TN US","36.4277","-86.7358","262.4","2026-04-17",,,,,,,"10.2",",,N",,,,,,,,,,,,,,,,,,,,,,,,
"US1TNRB0047","GREENBRIER 3.6 E, TN US","36.4277","-86.7358","262.4","2026-04-19",,,,,,,"1.3",",,N",,,,,,,,,,,,,,,,,,,,,,,,
"US1TNRB0047","GREENBRIER 3.6 E, TN US","36.4277","-86.7358","262.4","2026-04-20",,,,,,,"0.0",",,N","0.0",",,N",,,,,,,,,,,,,,,,,,,,,,
"US1TNRB0047","GREENBRIER 3.6 E, TN US","36.4277","-86.7358","262.4","2026-04-21",,,,,,,"0.0",",,N","0.0",",,N",,,,,,,,,,,,,,,,,,,,,,
"US1TNRB0047","GREENBRIER 3.6 E, TN US","36.4277","-86.7358","262.4","2026-04-22",,,,,,,"0.0",",,N","0.0",",,N",,,,,,,,,,,,,,,,,,,,,,
"US1TNRB0047","GREENBRIER 3.6 E, TN US","36.4277","-86.7358","262.4","2026-04-23",,,,,,,"0.0",",,N","0.0",",,N",,,,,,,,,,,,,,,,,,,,,,
"US1TNRB0047","GREENBRIER 3.6 E, TN US","36.4277","-86.7358","262.4","2026-04-24",,,,,,,"0.0",",,N","0.0",",,N",,,,,,,,,,,,,,,,,,,,,,
"US1TNRB0047","GREENBRIER 3.6 E, TN US","36.4277","-86.7358","262.4","2026-04-25",,,,,,,"0.5",",,N",,,,,,,,,,,,,,,,,,,,,,,,
"US1TNRB0047","GREENBRIER 3.6 E, TN US","36.4277","-86.7358","262.4","2026-04-26",,,,,,,"0.0",",,N","0.0",",,N",,,,,,,,,,,,,,,,,,,,,,
"US1TNRB0047","GREENBRIER 3.6 E, TN US","36.4277","-86.7358","262.4","2026-04-27",,,,,,,"0.0",",,N","0.0",",,N",,,,,,,,,,,,,,,,,,,,,,
"US1TNRB0047","GREENBRIER 3.6 E, TN US","36.4277","-86.7358","262.4","2026-04-28",,,,,,,"22.9",",,N",,,,,,,,,,,,,,,,,,,,,,,,
"US1TNRB0047","GREENBRIER 3.6 E, TN US","36.4277","-86.7358","262.4","2026-04-29",,,,,,,"13.7",",,N",,,,,,,,,,,,,,,,,,,,,,,,
"US1TNRB0047","GREENBRIER 3.6 E, TN US","36.4277","-86.7358","262.4","2026-04-30",,,,,,,"0.0",",,N","0.0",",,N",,,,,,,,,,,,,,,,,,,,,,
"US1TNMT0085","CLARKSVILLE 13.6 SSE, TN US","36.381667","-87.248333","158.8","2026-04-01",,,,,,,"0.0",",,N","0.0",",,N",,,,,,,,,,,,,,,,,,,,,,
"US1TNMT0085","CLARKSVILLE 13.6 SSE, TN US","36.381667","-87.248333","158.8","2026-04-02",,,,,,,"0.0",",,N","0.0",",,N",,,,,,,,,,,,,,,,,,,,,,
"US1TNMT0085","CLARKSVILLE 13.6 SSE, TN US","36.381667","-87.248333","158.8","2026-04-03",,,,,,,"1.5",",,N",,,,,,,,,,,,,,,,,,,,,,,,
"US1TNMT0085","CLARKSVILLE 13.6 SSE, TN US","36.381667","-87.248333","158.8","2026-04-04",,,,,,,"0.0",",,N","0.0",",,N",,,,,,,,,,,,,,,,,,,,,,
"US1TNMT0085","CLARKSVILLE 13.6 SSE, TN US","36.381667","-87.248333","158.8","2026-04-05",,,,,,,"14.5",",,N",,,,,,,,,,,,,,,,,,,,,,,,
"US1TNMT0085","CLARKSVILLE 13.6 SSE, TN US","36.381667","-87.248333","158.8","2026-04-06",,,,,,,"0.0",",,N","0.0",",,N",,,,,,,,,,,,,,,,,,,,,,
"US1TNMT0085","CLARKSVILLE 13.6 SSE, TN US","36.381667","-87.248333","158.8","2026-04-07",,,,,,,"0.0",",,N","0.0",",,N",,,,,,,,,,,,,,,,,,,,,,
"US1TNMT0085","CLARKSVILLE 13.6 SSE, TN US","36.381667","-87.248333","158.8","2026-04-08",,,,,,,"0.0",",,N","0.0",",,N",,,,,,,,,,,,,,,,,,,,,,
"US1TNMT0085","CLARKSVILLE 13.6 SSE, TN US","36.381667","-87.248333","158.8","2026-04-09",,,,,,,"0.0",",,N","0.0",",,N",,,,,,,,,,,,,,,,,,,,,,
"US1TNMT0085","CLARKSVILLE 13.6 SSE, TN US","36.381667","-87.248333","158.8","2026-04-10",,,,,,,"0.0",",,N","0.0",",,N",,,,,,,,,,,,,,,,,,,,,,
"US1TNMT0085","CLARKSVILLE 13.6 SSE, TN US","36.381667","-87.248333","158.8","2026-04-11",,,,,,,"0.0",",,N","0.0",",,N",,,,,,,,,,,,,,,,,,,,,,
"US1TNMT0085","CLARKSVILLE 13.6 SSE, TN US","36.381667","-87.248333","158.8","2026-04-12",,,,,,,"7.1",",,N",,,,,,,,,,,,,,,,,,,,,,,,
"US1TNMT0085","CLARKSVILLE 13.6 SSE, TN US","36.381667","-87.248333","158.8","2026-04-13",,,,,,,"0.8",",,N",,,,,,,,,,,,,,,,,,,,,,,,
"US1TNMT0085","CLARKSVILLE 13.6 SSE, TN US","36.381667","-87.248333","158.8","2026-04-14",,,,,,,"0.5",",,N",,,,,,,,,,,,,,,,,,,,,,,,
"US1TNMT0085","CLARKSVILLE 13.6 SSE, TN US","36.381667","-87.248333","158.8","2026-04-15",,,,,,,"0.0",",,N","0.0",",,N",,,,,,,,,,,,,,,,,,,,,,
"US1TNMT0085","CLARKSVILLE 13.6 SSE, TN US","36.381667","-87.248333","158.8","2026-04-16",,,,,,,"0.0",",,N","0.0",",,N",,,,,,,,,,,,,,,,,,,,,,
"US1TNMT0085","CLARKSVILLE 13.6 SSE, TN US","36.381667","-87.248333","158.8","2026-04-17",,,,,,,"13.2",",,N",,,,,,,,,,,,,,,,,,,,,,,,
"US1TNMT0085","CLARKSVILLE 13.6 SSE, TN US","36.381667","-87.248333","158.8","2026-04-18",,,,,,,"0.3",",,N",,,,,,,,,,,,,,,,,,,,,,,,
"US1TNMT0085","CLARKSVILLE 13.6 SSE, TN US","36.381667","-87.248333","158.8","2026-04-19",,,,,,,"3.0",",,N",,,,,,,,,,,,,,,,,,,,,,,,
"US1TNMT0085","CLARKSVILLE 13.6 SSE, TN US","36.381667","-87.248333","158.8","2026-04-20",,,,,,,"0.0",",,N","0.0",",,N",,,,,,,,,,,,,,,,,,,,,,
"US1TNMT0085","CLARKSVILLE 13.6 SSE, TN US","36.381667","-87.248333","158.8","2026-04-21",,,,,,,"0.0",",,N","0.0",",,N",,,,,,,,,,,,,,,,,,,,,,
"US1TNMT0085","CLARKSVILLE 13.6 SSE, TN US","36.381667","-87.248333","158.8","2026-04-22",,,,,,,"0.0",",,N","0.0",",,N",,,,,,,,,,,,,,,,,,,,,,
"US1TNMT0085","CLARKSVILLE 13.6 SSE, TN US","36.381667","-87.248333","158.8","2026-04-23",,,,,,,"0.0",",,N","0.0",",,N",,,,,,,,,,,,,,,,,,,,,,
"US1TNMT0085","CLARKSVILLE 13.6 SSE, TN US","36.381667","-87.248333","158.8","2026-04-24",,,,,,,"0.0",",,N","0.0",",,N",,,,,,,,,,,,,,,,,,,,,,
"US1TNMT0085","CLARKSVILLE 13.6 SSE, TN US","36.381667","-87.248333","158.8","2026-04-25",,,,,,,"1.0",",,N",,,,,,,,,,,,,,,,,,,,,,,,
"US1TNMT0085","CLARKSVILLE 13.6 SSE, TN US","36.381667","-87.248333","158.8","2026-04-26",,,,,,,"0.0",",,N","0.0",",,N",,,,,,,,,,,,,,,,,,,,,,
"US1TNMT0085","CLARKSVILLE 13.6 SSE, TN US","36.381667","-87.248333","158.8","2026-04-27",,,,,,,"0.0",",,N","0.0",",,N",,,,,,,,,,,,,,,,,,,,,,
"US1TNMT0085","CLARKSVILLE 13.6 SSE, TN US","36.381667","-87.248333","158.8","2026-04-28",,,,,,,"26.2",",,N",,,,,,,,,,,,,,,,,,,,,,,,
"US1TNMT0085","CLARKSVILLE 13.6 SSE, TN US","36.381667","-87.248333","158.8","2026-04-29",,,,,,,"18.0",",,N",,,,,,,,,,,,,,,,,,,,,,,,
"US1TNMT0085","CLARKSVILLE 13.6 SSE, TN US","36.381667","-87.248333","158.8","2026-04-30",,,,,,,"1.0",",,N",,,,,,,,,,,,,,,,,,,,,,,,
"US1TNWL0039","FRANKLIN 3.6 NW, TN US","35.966194","-86.888551","195.1","2026-04-01",,,,,,,"0.0",",,N","0.0",",,N",,,,,,,,,,,,,,,,,,,,,,
"US1TNWL0039","FRANKLIN 3.6 NW, TN US","35.966194","-86.888551","195.1","2026-04-02",,,,,,,"0.0",",,N","0.0",",,N",,,,,,,,,,,,,,,,,,,,,,
"US1TNWL0039","FRANKLIN 3.6 NW, TN US","35.966194","-86.888551","195.1","2026-04-03",,,,,,,"0.0",",,N","0.0",",,N",,,,,,,,,,,,,,,,,,,,,,
"US1TNWL0039","FRANKLIN 3.6 NW, TN US","35.966194","-86.888551","195.1","2026-04-04",,,,,,,"0.0",",,N","0.0",",,N",,,,,,,,,,,,,,,,,,,,,,
"US1TNWL0039","FRANKLIN 3.6 NW, TN US","35.966194","-86.888551","195.1","2026-04-05",,,,,,,"20.8",",,N",,,,,,,,,,,,,,,,,,,,,,,,
"US1TNWL0039","FRANKLIN 3.6 NW, TN US","35.966194","-86.888551","195.1","2026-04-06",,,,,,,"0.0",",,N","0.0",",,N",,,,,,,,,,,,,,,,,,,,,,
"US1TNWL0039","FRANKLIN 3.6 NW, TN US","35.966194","-86.888551","195.1","2026-04-07",,,,,,,"0.0",",,N","0.0",",,N",,,,,,,,,,,,,,,,,,,,,,
"US1TNWL0039","FRANKLIN 3.6 NW, TN US","35.966194","-86.888551","195.1","2026-04-08",,,,,,,"0.0",",,N","0.0",",,N",,,,,,,,,,,,,,,,,,,,,,
"US1TNWL0039","FRANKLIN 3.6 NW, TN US","35.966194","-86.888551","195.1","2026-04-09",,,,,,,"0.0",",,N","0.0",",,N",,,,,,,,,,,,,,,,,,,,,,
"US1TNWL0039","FRANKLIN 3.6 NW, TN US","35.966194","-86.888551","195.1","2026-04-10",,,,,,,"0.0",",,N","0.0",",,N",,,,,,,,,,,,,,,,,,,,,,
"US1TNWL0039","FRANKLIN 3.6 NW, TN US","35.966194","-86.888551","195.1","2026-04-11",,,,,,,"0.0",",,N","0.0",",,N",,,,,,,,,,,,,,,,,,,,,,
"US1TNWL0039","FRANKLIN 3.6 NW, TN US","35.966194","-86.888551","195.1","2026-04-12",,,,,,,"0.0",",,N","0.0",",,N",,,,,,,,,,,,,,,,,,,,,,
"US1TNWL0039","FRANKLIN 3.6 NW, TN US","35.966194","-86.888551","195.1","2026-04-13",,,,,,,"0.0",",,N","0.0",",,N",,,,,,,,,,,,,,,,,,,,,,
"US1TNWL0039","FRANKLIN 3.6 NW, TN US","35.966194","-86.888551","195.1","2026-04-14",,,,,,,"0.8",",,N",,,,,,,,,,,,,,,,,,,,,,,,
"US1TNWL0039","FRANKLIN 3.6 NW, TN US","35.966194","-86.888551","195.1","2026-04-15",,,,,,,"0.0",",,N","0.0",",,N",,,,,,,,,,,,,,,,,,,,,,
"US1TNWL0039","FRANKLIN 3.6 NW, TN US","35.966194","-86.888551","195.1","2026-04-16",,,,,,,"0.0",",,N","0.0",",,N",,,,,,,,,,,,,,,,,,,,,,
"US1TNWL0039","FRANKLIN 3.6 NW, TN US","35.966194","-86.888551","195.1","2026-04-18",,,,,,,"0.0",",,N","0.0",",,N",,,,,,,,,,,,,,,,,,,,,,
"US1TNWL0039","FRANKLIN 3.6 NW, TN US","35.966194","-86.888551","195.1","2026-04-19",,,,,,,"0.5",",,N",,,,,,,,,,,,,,,,,,,,,,,,
"US1TNWL0039","FRANKLIN 3.6 NW, TN US","35.966194","-86.888551","195.1","2026-04-21",,,,,,,"0.0",",,N","0.0",",,N",,,,,,,,,,,,,,,,,,,,,,
"US1TNWL0039","FRANKLIN 3.6 NW, TN US","35.966194","-86.888551","195.1","2026-04-22",,,,,,,"0.0",",,N","0.0",",,N",,,,,,,,,,,,,,,,,,,,,,
"US1TNWL0039","FRANKLIN 3.6 NW, TN US","35.966194","-86.888551","195.1","2026-04-23",,,,,,,"0.0",",,N","0.0",",,N",,,,,,,,,,,,,,,,,,,,,,
"US1TNWL0039","FRANKLIN 3.6 NW, TN US","35.966194","-86.888551","195.1","2026-04-24",,,,,,,"0.0",",,N","0.0",",,N",,,,,,,,,,,,,,,,,,,,,,
"US1TNWL0039","FRANKLIN 3.6 NW, TN US","35.966194","-86.888551","195.1","2026-04-25",,,,,,,"0.0",",,N","0.0",",,N",,,,,,,,,,,,,,,,,,,,,,
"US1TNWL0039","FRANKLIN 3.6 NW, TN US","35.966194","-86.888551","195.1","2026-04-26",,,,,,,"0.0",",,N","0.0",",,N",,,,,,,,,,,,,,,,,,,,,,
"US1TNWL0039","FRANKLIN 3.6 NW, TN US","35.966194","-86.888551","195.1","2026-04-27",,,,,,,"0.0",",,N","0.0",",,N",,,,,,,,,,,,,,,,,,,,,,
"US1TNWL0039","FRANKLIN 3.6 NW, TN US","35.966194","-86.888551","195.1","2026-04-28",,,,,,,"17.5",",,N",,,,,,,,,,,,,,,,,,,,,,,,
"US1TNWL0039","FRANKLIN 3.6 NW, TN US","35.966194","-86.888551","195.1","2026-04-29",,,,,,,"19.8",",,N",,,,,,,,,,,,,,,,,,,,,,,,
"US1TNWL0039","FRANKLIN 3.6 NW, TN US","35.966194","-86.888551","195.1","2026-04-30",,,,,,,"0.0",",,N","0.0",",,N",,,,,,,,,,,,,,,,,,,,,,
"US1TNRB0057","SPRINGFIELD 6.1 SSW, TN US","36.423717","-86.935383","232.0","2026-04-01",,,,,,,"0.0",",,N","0.0",",,N",,,,,,,,,,,,,,,,,,,,,,
"US1TNRB0057","SPRINGFIELD 6.1 SSW, TN US","36.423717","-86.935383","232.0","2026-04-02",,,,,,,"0.0","T,,N",,,,,,,,,,,,,,,,,,,,,,,,
"US1TNRB0057","SPRINGFIELD 6.1 SSW, TN US","36.423717","-86.935383","232.0","2026-04-03",,,,,,,"1.0",",,N",,,,,,,,,,,,,,,,,,,,,,,,
"US1TNRB0057","SPRINGFIELD 6.1 SSW, TN US","36.423717","-86.935383","232.0","2026-04-05",,,,,,,"18.5",",,N",,,,,,,,,,,,,,,,,,,,,,,,
"US1TNRB0057","SPRINGFIELD 6.1 SSW, TN US","36.423717","-86.935383","232.0","2026-04-12",,,,,,,"0.5",",,N",,,,,,,,,,,,,,,,,,,,,,,,
"US1TNRB0057","SPRINGFIELD 6.1 SSW, TN US","36.423717","-86.935383","232.0","2026-04-14",,,,,,,"0.8",",,N",,,,,,,,,,,,,,,,,,,,,,,,
"US1TNRB0057","SPRINGFIELD 6.1 SSW, TN US","36.423717","-86.935383","232.0","2026-04-17",,,,,,,"8.9",",,N",,,,,,,,,,,,,,,,,,,,,,,,
"US1TNRB0057","SPRINGFIELD 6.1 SSW, TN US","36.423717","-86.935383","232.0","2026-04-19",,,,,,,"4.3",",,N",,,,,,,,,,,,,,,,,,,,,,,,
"US1TNRB0057","SPRINGFIELD 6.1 SSW, TN US","36.423717","-86.935383","232.0","2026-04-25",,,,,,,"2.8",",,N",,,,,,,,,,,,,,,,,,,,,,,,
"US1TNRB0057","SPRINGFIELD 6.1 SSW, TN US","36.423717","-86.935383","232.0","2026-04-28",,,,,,,"23.9",",,N",,,,,,,,,,,,,,,,,,,,,,,,
"US1TNRB0057","SPRINGFIELD 6.1 SSW, TN US","36.423717","-86.935383","232.0","2026-04-29",,,,,,,"15.7",",,N",,,,,,,,,,,,,,,,,,,,,,,,
"US1TNRB0057","SPRINGFIELD 6.1 SSW, TN US","36.423717","-86.935383","232.0","2026-04-30",,,,,,,"0.5",",,N",,,,,,,,,,,,,,,,,,,,,,,,
"US1TNWN0042","MOUNT JULIET 2.9 WSW, TN US","36.189689","-86.571279","146.0","2026-04-01",,,,,,,"0.0",",,N","0.0",",,N",,,,,,,,,,,,,,,,,,,,,,
"US1TNWN0042","MOUNT JULIET 2.9 WSW, TN US","36.189689","-86.571279","146.0","2026-04-02",,,,,,,"0.0",",,N","0.0",",,N",,,,,,,,,,,,,,,,,,,,,,
"US1TNWN0042","MOUNT JULIET 2.9 WSW, TN US","36.189689","-86.571279","146.0","2026-04-03",,,,,,,"0.0",",,N","0.0",",,N",,,,,,,,,,,,,,,,,,,,,,
"US1TNWN0042","MOUNT JULIET 2.9 WSW, TN US","36.189689","-86.571279","146.0","2026-04-04",,,,,,,"0.0",",,N","0.0",",,N",,,,,,,,,,,,,,,,,,,,,,
"US1TNWN0042","MOUNT JULIET 2.9 WSW, TN US","36.189689","-86.571279","146.0","2026-04-05",,,,,,,"31.0",",,N","0.0",",,N",,,,,,,,,,,,,,,,,,,,,,
"US1TNWN0042","MOUNT JULIET 2.9 WSW, TN US","36.189689","-86.571279","146.0","2026-04-06",,,,,,,"0.0",",,N","0.0",",,N",,,,,,,,,,,,,,,,,,,,,,
"US1TNWN0042","MOUNT JULIET 2.9 WSW, TN US","36.189689","-86.571279","146.0","2026-04-07",,,,,,,"0.0",",,N","0.0",",,N",,,,,,,,,,,,,,,,,,,,,,
"US1TNWN0042","MOUNT JULIET 2.9 WSW, TN US","36.189689","-86.571279","146.0","2026-04-08",,,,,,,"0.0",",,N","0.0",",,N",,,,,,,,,,,,,,,,,,,,,,
"US1TNWN0042","MOUNT JULIET 2.9 WSW, TN US","36.189689","-86.571279","146.0","2026-04-09",,,,,,,"0.0",",,N","0.0",",,N",,,,,,,,,,,,,,,,,,,,,,
"US1TNWN0042","MOUNT JULIET 2.9 WSW, TN US","36.189689","-86.571279","146.0","2026-04-10",,,,,,,"0.0",",,N","0.0",",,N",,,,,,,,,,,,,,,,,,,,,,
"US1TNWN0042","MOUNT JULIET 2.9 WSW, TN US","36.189689","-86.571279","146.0","2026-04-11",,,,,,,"0.0",",,N","0.0",",,N",,,,,,,,,,,,,,,,,,,,,,
"US1TNWN0042","MOUNT JULIET 2.9 WSW, TN US","36.189689","-86.571279","146.0","2026-04-12",,,,,,,"0.0",",,N","0.0",",,N",,,,,,,,,,,,,,,,,,,,,,
"US1TNWN0042","MOUNT JULIET 2.9 WSW, TN US","36.189689","-86.571279","146.0","2026-04-13",,,,,,,"0.8",",,N","0.0",",,N",,,,,,,,,,,,,,,,,,,,,,
"US1TNWN0042","MOUNT JULIET 2.9 WSW, TN US","36.189689","-86.571279","146.0","2026-04-14",,,,,,,"1.3",",,N","0.0",",,N",,,,,,,,,,,,,,,,,,,,,,
"US1TNWN0042","MOUNT JULIET 2.9 WSW, TN US","36.189689","-86.571279","146.0","2026-04-15",,,,,,,"0.0",",,N","0.0",",,N",,,,,,,,,,,,,,,,,,,,,,
"US1TNWN0042","MOUNT JULIET 2.9 WSW, TN US","36.189689","-86.571279","146.0","2026-04-16",,,,,,,"0.0",",,N","0.0",",,N",,,,,,,,,,,,,,,,,,,,,,
"US1TNWN0042","MOUNT JULIET 2.9 WSW, TN US","36.189689","-86.571279","146.0","2026-04-17",,,,,,,"8.4",",,N","0.0",",,N",,,,,,,,,,,,,,,,,,,,,,
"US1TNWN0042","MOUNT JULIET 2.9 WSW, TN US","36.189689","-86.571279","146.0","2026-04-18",,,,,,,"0.0",",,N","0.0",",,N",,,,,,,,,,,,,,,,,,,,,,
"US1TNWN0042","MOUNT JULIET 2.9 WSW, TN US","36.189689","-86.571279","146.0","2026-04-19",,,,,,,"0.8",",,N","0.0",",,N",,,,,,,,,,,,,,,,,,,,,,
"US1TNWN0042","MOUNT JULIET 2.9 WSW, TN US","36.189689","-86.571279","146.0","2026-04-20",,,,,,,"0.0",",,N","0.0",",,N",,,,,,,,,,,,,,,,,,,,,,
"US1TNWN0042","MOUNT JULIET 2.9 WSW, TN US","36.189689","-86.571279","146.0","2026-04-21",,,,,,,"0.0",",,N","0.0",",,N",,,,,,,,,,,,,,,,,,,,,,
"US1TNWN0042","MOUNT JULIET 2.9 WSW, TN US","36.189689","-86.571279","146.0","2026-04-22",,,,,,,"0.0",",,N","0.0",",,N",,,,,,,,,,,,,,,,,,,,,,
"US1TNWN0042","MOUNT JULIET 2.9 WSW, TN US","36.189689","-86.571279","146.0","2026-04-23",,,,,,,"0.0",",,N","0.0",",,N",,,,,,,,,,,,,,,,,,,,,,
"US1TNWN0042","MOUNT JULIET 2.9 WSW, TN US","36.189689","-86.571279","146.0","2026-04-24",,,,,,,"0.0",",,N","0.0",",,N",,,,,,,,,,,,,,,,,,,,,,
"US1TNWN0042","MOUNT JULIET 2.9 WSW, TN US","36.189689","-86.571279","146.0","2026-04-25",,,,,,,"0.0",",,N","0.0",",,N",,,,,,,,,,,,,,,,,,,,,,
"US1TNWN0042","MOUNT JULIET 2.9 WSW, TN US","36.189689","-86.571279","146.0","2026-04-26",,,,,,,"0.0",",,N","0.0",",,N",,,,,,,,,,,,,,,,,,,,,,
"US1TNWN0042","MOUNT JULIET 2.9 WSW, TN US","36.189689","-86.571279","146.0","2026-04-27",,,,,,,"0.0",",,N","0.0",",,N",,,,,,,,,,,,,,,,,,,,,,
"US1TNWN0042","MOUNT JULIET 2.9 WSW, TN US","36.189689","-86.571279","146.0","2026-04-28",,,,,,,"29.0",",,N","0.0",",,N",,,,,,,,,,,,,,,,,,,,,,
"US1TNWN0042","MOUNT JULIET 2.9 WSW, TN US","36.189689","-86.571279","146.0","2026-04-29",,,,,,,"11.9",",,N","0.0",",,N",,,,,,,,,,,,,,,,,,,,,,
"US1TNWN0042","MOUNT JULIET 2.9 WSW, TN US","36.189689","-86.571279","146.0","2026-04-30",,,,,,,"0.5",",,N","0.0",",,N",,,,,,,,,,,,,,,,,,,,,,
"US1TNWL0038","BRENTWOOD 2.7 SSE, TN US","35.9591","-86.7729","220.1","2026-04-01",,,,,,,"0.0",",,N","0.0",",,N",,,,,,,,,,,,,,,,,,,,,,
"US1TNWL0038","BRENTWOOD 2.7 SSE, TN US","35.9591","-86.7729","220.1","2026-04-02",,,,,,,"0.0",",,N","0.0",",,N",,,,,,,,,,,,,,,,,,,,,,
"US1TNWL0038","BRENTWOOD 2.7 SSE, TN US","35.9591","-86.7729","220.1","2026-04-03",,,,,,,"0.0",",,N","0.0",",,N",,,,,,,,,,,,,,,,,,,,,,
"US1TNWL0038","BRENTWOOD 2.7 SSE, TN US","35.9591","-86.7729","220.1","2026-04-04",,,,,,,"0.0",",,N","0.0",",,N",,,,,,,,,,,,,,,,,,,,,,
"US1TNWL0038","BRENTWOOD 2.7 SSE, TN US","35.9591","-86.7729","220.1","2026-04-05",,,,,,,"23.1",",,N",,,,,,,,,,,,,,,,,,,,,,,,
"US1TNWL0038","BRENTWOOD 2.7 SSE, TN US","35.9591","-86.7729","220.1","2026-04-06",,,,,,,"0.0",",,N","0.0",",,N",,,,,,,,,,,,,,,,,,,,,,
"US1TNWL0038","BRENTWOOD 2.7 SSE, TN US","35.9591","-86.7729","220.1","2026-04-07",,,,,,,"0.0",",,N","0.0",",,N",,,,,,,,,,,,,,,,,,,,,,
"US1TNWL0038","BRENTWOOD 2.7 SSE, TN US","35.9591","-86.7729","220.1","2026-04-08",,,,,,,"0.0",",,N","0.0",",,N",,,,,,,,,,,,,,,,,,,,,,
"US1TNWL0038","BRENTWOOD 2.7 SSE, TN US","35.9591","-86.7729","220.1","2026-04-09",,,,,,,"0.0",",,N","0.0",",,N",,,,,,,,,,,,,,,,,,,,,,
"US1TNWL0038","BRENTWOOD 2.7 SSE, TN US","35.9591","-86.7729","220.1","2026-04-10",,,,,,,"0.0",",,N","0.0",",,N",,,,,,,,,,,,,,,,,,,,,,
"US1TNWL0038","BRENTWOOD 2.7 SSE, TN US","35.9591","-86.7729","220.1","2026-04-11",,,,,,,"0.0",",,N","0.0",",,N",,,,,,,,,,,,,,,,,,,,,,
"US1TNWL0038","BRENTWOOD 2.7 SSE, TN US","35.9591","-86.7729","220.1","2026-04-12",,,,,,,"0.0",",,N","0.0",",,N",,,,,,,,,,,,,,,,,,,,,,
"US1TNWL0038","BRENTWOOD 2.7 SSE, TN US","35.9591","-86.7729","220.1","2026-04-13",,,,,,,"0.0",",,N","0.0",",,N",,,,,,,,,,,,,,,,,,,,,,
"US1TNWL0038","BRENTWOOD 2.7 SSE, TN US","35.9591","-86.7729","220.1","2026-04-14",,,,,,,"0.3",",,N","0.0",",,N",,,,,,,,,,,,,,,,,,,,,,
"US1TNWL0038","BRENTWOOD 2.7 SSE, TN US","35.9591","-86.7729","220.1","2026-04-15",,,,,,,"0.0",",,N","0.0",",,N",,,,,,,,,,,,,,,,,,,,,,
"US1TNWL0038","BRENTWOOD 2.7 SSE, TN US","35.9591","-86.7729","220.1","2026-04-16",,,,,,,"0.0",",,N","0.0",",,N",,,,,,,,,,,,,,,,,,,,,,
"US1TNWL0038","BRENTWOOD 2.7 SSE, TN US","35.9591","-86.7729","220.1","2026-04-17",,,,,,,"6.6",",,N",,,,,,,,,,,,,,,,,,,,,,,,
"US1TNWL0038","BRENTWOOD 2.7 SSE, TN US","35.9591","-86.7729","220.1","2026-04-18",,,,,,,"0.0",",,N","0.0",",,N",,,,,,,,,,,,,,,,,,,,,,
"US1TNWL0038","BRENTWOOD 2.7 SSE, TN US","35.9591","-86.7729","220.1","2026-04-19",,,,,,,"0.8",",,N",,,,,,,,,,,,,,,,,,,,,,,,
"US1TNWL0038","BRENTWOOD 2.7 SSE, TN US","35.9591","-86.7729","220.1","2026-04-20",,,,,,,"0.0",",,N","0.0",",,N",,,,,,,,,,,,,,,,,,,,,,
"US1TNWL0038","BRENTWOOD 2.7 SSE, TN US","35.9591","-86.7729","220.1","2026-04-21",,,,,,,"0.0",",,N","0.0",",,N",,,,,,,,,,,,,,,,,,,,,,
"US1TNWL0038","BRENTWOOD 2.7 SSE, TN US","35.9591","-86.7729","220.1","2026-04-22",,,,,,,"0.0",",,N","0.0",",,N",,,,,,,,,,,,,,,,,,,,,,
"US1TNWL0038","BRENTWOOD 2.7 SSE, TN US","35.9591","-86.7729","220.1","2026-04-23",,,,,,,"0.0",",,N","0.0",",,N",,,,,,,,,,,,,,,,,,,,,,
"US1TNWL0038","BRENTWOOD 2.7 SSE, TN US","35.9591","-86.7729","220.1","2026-04-24",,,,,,,"0.0",",,N","0.0",",,N",,,,,,,,,,,,,,,,,,,,,,
"US1TNWL0038","BRENTWOOD 2.7 SSE, TN US","35.9591","-86.7729","220.1","2026-04-25",,,,,,,"0.0",",,N","0.0",",,N",,,,,,,,,,,,,,,,,,,,,,
"US1TNWL0038","BRENTWOOD 2.7 SSE, TN US","35.9591","-86.7729","220.1","2026-04-26",,,,,,,"1.3",",,N",,,,,,,,,,,,,,,,,,,,,,,,
"US1TNWL0038","BRENTWOOD 2.7 SSE, TN US","35.9591","-86.7729","220.1","2026-04-27",,,,,,,"0.0",",,N","0.0",",,N",,,,,,,,,,,,,,,,,,,,,,
"US1TNWL0038","BRENTWOOD 2.7 SSE, TN US","35.9591","-86.7729","220.1","2026-04-28",,,,,,,"13.0",",,N",,,,,,,,,,,,,,,,,,,,,,,,
"US1TNWL0038","BRENTWOOD 2.7 SSE, TN US","35.9591","-86.7729","220.1","2026-04-29",,,,,,,"20.6",",,N",,,,,,,,,,,,,,,,,,,,,,,,
"US1TNWL0038","BRENTWOOD 2.7 SSE, TN US","35.9591","-86.7729","220.1","2026-04-30",,,,,,,"0.0","T,,N","0.0",",,N",,,,,,,,,,,,,,,,,,,,,,
"US1TNRB0054","SPRINGFIELD 6.2 NNW, TN US","36.57709","-86.934","210.9","2026-04-03",,,,,,,"2.0",",,N",,,,,,,,,,,,,,,,,,,,,,,,
"US1TNRB0054","SPRINGFIELD 6.2 NNW, TN US","36.57709","-86.934","210.9","2026-04-05",,,,,,,"13.0",",,N",,,,,,,,,,,,,,,,,,,,,,,,
"US1TNRB0054","SPRINGFIELD 6.2 NNW, TN US","36.57709","-86.934","210.9","2026-04-11",,,,,,,"0.5",",,N",,,,,,,,,,,,,,,,,,,,,,,,
"US1TNRB0054","SPRINGFIELD 6.2 NNW, TN US","36.57709","-86.934","210.9","2026-04-14",,,,,,,"1.8",",,N",,,,,,,,,,,,,,,,,,,,,,,,
"US1TNRB0054","SPRINGFIELD 6.2 NNW, TN US","36.57709","-86.934","210.9","2026-04-17",,,,,,,"7.6",",,N",,,,,,,,,,,,,,,,,,,,,,,,
"US1TNRB0054","SPRINGFIELD 6.2 NNW, TN US","36.57709","-86.934","210.9","2026-04-25",,,,,,,"4.1",",,N",,,,,,,,,,,,,,,,,,,,,,,,
"US1TNRB0054","SPRINGFIELD 6.2 NNW, TN US","36.57709","-86.934","210.9","2026-04-29",,,,,,,"18.8",",,N",,,,,,,,,,,,,,,,,,,,,,,,
"US1TNRD0065","MURFREESBORO 3.2 WNW, TN US","35.878605","-86.442307","171.9","2026-04-05",,,"    7",",,N","25.4",",,N",,,,,,,,,,,,,,,,,,,,,,,,,,
"US1TNRD0065","MURFREESBORO 3.2 WNW, TN US","35.878605","-86.442307","171.9","2026-04-10",,,"    5",",,N","0.0",",,N",,,,,,,,,,,,,,,,,,,,,,,,,,
"US1TNRD0065","MURFREESBORO 3.2 WNW, TN US","35.878605","-86.442307","171.9","2026-04-11",,,,,,,"0.0",",,N","0.0",",,N",,,,,,,,,,,,,,,,,,,,,,
"US1TNRD0065","MURFREESBORO 3.2 WNW, TN US","35.878605","-86.442307","171.9","2026-04-12",,,,,,,"0.0",",,N","0.0",",,N",,,,,,,,,,,,,,,,,,,,,,
"US1TNRD0065","MURFREESBORO 3.2 WNW, TN US","35.878605","-86.442307","171.9","2026-04-13",,,,,,,"0.0",",,N","0.0",",,N",,,,,,,,,,,,,,,,,,,,,,
"US1TNRD0065","MURFREESBORO 3.2 WNW, TN US","35.878605","-86.442307","171.9","2026-04-14",,,,,,,"0.0",",,N","0.0",",,N",,,,,,,,,,,,,,,,,,,,,,
"US1TNRD0065","MURFREESBORO 3.2 WNW, TN US","35.878605","-86.442307","171.9","2026-04-15",,,,,,,"0.0",",,N","0.0",",,N",,,,,,,,,,,,,,,,,,,,,,
"US1TNRD0065","MURFREESBORO 3.2 WNW, TN US","35.878605","-86.442307","171.9","2026-04-16",,,,,,,"0.0",",,N","0.0",",,N",,,,,,,,,,,,,,,,,,,,,,
"US1TNRD0065","MURFREESBORO 3.2 WNW, TN US","35.878605","-86.442307","171.9","2026-04-17",,,,,,,"4.6",",,N",,,,,,,,,,,,,,,,,,,,,,,,
"US1TNRD0065","MURFREESBORO 3.2 WNW, TN US","35.878605","-86.442307","171.9","2026-04-18",,,,,,,"0.0",",,N","0.0",",,N",,,,,,,,,,,,,,,,,,,,,,
"US1TNRD0065","MURFREESBORO 3.2 WNW, TN US","35.878605","-86.442307","171.9","2026-04-19",,,,,,,"1.5",",,N",,,,,,,,,,,,,,,,,,,,,,,,
"US1TNRD0065","MURFREESBORO 3.2 WNW, TN US","35.878605","-86.442307","171.9","2026-04-20",,,,,,,"0.0",",,N","0.0",",,N",,,,,,,,,,,,,,,,,,,,,,
"US1TNRD0065","MURFREESBORO 3.2 WNW, TN US","35.878605","-86.442307","171.9","2026-04-24",,,"    4",",,N","0.0",",,N",,,,,,,,,,,,,,,,,,,,,,,,,,
"US1TNRD0065","MURFREESBORO 3.2 WNW, TN US","35.878605","-86.442307","171.9","2026-04-25",,,,,,,"0.0","T,,N",,,,,,,,,,,,,,,,,,,,,,,,
"US1TNDV0143","HERMITAGE 3.2 SSW, TN US","36.1514015197754","-86.6339416503906","149.0","2026-04-02",,,"    2",",,N","0.0",",,N",,,,,,,,,,,,,,,,,,,,,,,,,,
"US1TNDV0143","HERMITAGE 3.2 SSW, TN US","36.1514015197754","-86.6339416503906","149.0","2026-04-03",,,,,,,"0.0",",,N","0.0",",,N",,,,,,,,,,,,,,,,,,,,,,
"US1TNDV0143","HERMITAGE 3.2 SSW, TN US","36.1514015197754","-86.6339416503906","149.0","2026-04-04",,,,,,,"0.0",",,N","0.0",",,N",,,,,,,,,,,,,,,,,,,,,,
"US1TNDV0143","HERMITAGE 3.2 SSW, TN US","36.1514015197754","-86.6339416503906","149.0","2026-04-05",,,,,,,"28.2",",,N",,,,,,,,,,,,,,,,,,,,,,,,
"US1TNDV0143","HERMITAGE 3.2 SSW, TN US","36.1514015197754","-86.6339416503906","149.0","2026-04-07",,,"    2",",,N","0.0",",,N",,,,,,,,,,,,,,,,,,,,,,,,,,
"US1TNDV0143","HERMITAGE 3.2 SSW, TN US","36.1514015197754","-86.6339416503906","149.0","2026-04-08",,,,,,,"0.0",",,N","0.0",",,N",,,,,,,,,,,,,,,,,,,,,,
"US1TNDV0143","HERMITAGE 3.2 SSW, TN US","36.1514015197754","-86.6339416503906","149.0","2026-04-10",,,"    2",",,N","0.0",",,N",,,,,,,,,,,,,,,,,,,,,,,,,,
"US1TNDV0143","HERMITAGE 3.2 SSW, TN US","36.1514015197754","-86.6339416503906","149.0","2026-04-12",,,"    2",",,N","0.0",",,N",,,,,,,,,,,,,,,,,,,,,,,,,,
"US1TNDV0143","HERMITAGE 3.2 SSW, TN US","36.1514015197754","-86.6339416503906","149.0","2026-04-15",,,"    3",",,N","2.5",",,N",,,,,,,,,,,,,,,,,,,,,,,,,,
"US1TNDV0143","HERMITAGE 3.2 SSW, TN US","36.1514015197754","-86.6339416503906","149.0","2026-04-16",,,,,,,"0.0",",,N","0.0",",,N",,,,,,,,,,,,,,,,,,,,,,
"US1TNDV0143","HERMITAGE 3.2 SSW, TN US","36.1514015197754","-86.6339416503906","149.0","2026-04-17",,,,,,,"12.4",",,N",,,,,,,,,,,,,,,,,,,,,,,,
"US1TNDV0143","HERMITAGE 3.2 SSW, TN US","36.1514015197754","-86.6339416503906","149.0","2026-04-19",,,"    2",",,N","1.5",",,N",,,,,,,,,,,,,,,,,,,,,,,,,,
"US1TNDV0143","HERMITAGE 3.2 SSW, TN US","36.1514015197754","-86.6339416503906","149.0","2026-04-21",,,"    2",",,N","0.0",",,N",,,,,,,,,,,,,,,,,,,,,,,,,,
"US1TNDV0143","HERMITAGE 3.2 SSW, TN US","36.1514015197754","-86.6339416503906","149.0","2026-04-23",,,"    2",",,N","0.0",",,N",,,,,,,,,,,,,,,,,,,,,,,,,,
"US1TNDV0143","HERMITAGE 3.2 SSW, TN US","36.1514015197754","-86.6339416503906","149.0","2026-04-24",,,,,,,"0.0",",,N","0.0",",,N",,,,,,,,,,,,,,,,,,,,,,
"US1TNDV0143","HERMITAGE 3.2 SSW, TN US","36.1514015197754","-86.6339416503906","149.0","2026-04-25",,,,,,,"0.0",",,N","0.0",",,N",,,,,,,,,,,,,,,,,,,,,,
"US1TNDV0143","HERMITAGE 3.2 SSW, TN US","36.1514015197754","-86.6339416503906","149.0","2026-04-26",,,,,,,"0.0",",,N","0.0",",,N",,,,,,,,,,,,,,,,,,,,,,
"US1TNDV0143","HERMITAGE 3.2 SSW, TN US","36.1514015197754","-86.6339416503906","149.0","2026-04-27",,,,,,,"0.0",",,N","0.0",",,N",,,,,,,,,,,,,,,,,,,,,,
"US1TNDV0143","HERMITAGE 3.2 SSW, TN US","36.1514015197754","-86.6339416503906","149.0","2026-04-28",,,,,,,"35.6",",,N",,,,,,,,,,,,,,,,,,,,,,,,
"US1TNDV0143","HERMITAGE 3.2 SSW, TN US","36.1514015197754","-86.6339416503906","149.0","2026-04-30",,,"    2",",,N","14.2",",,N",,,,,,,,,,,,,,,,,,,,,,,,,,
"USC00406803","OLD HICKORY DAM, TN US","36.295","-86.655","135.6","2026-04-01",,,,,,,"0.0",",,H,0600",,,,,,,"26.7",",,H","16.1",",,H","17.8",",,H,0600",,,,,,,,,,,,
"USC00406803","OLD HICKORY DAM, TN US","36.295","-86.655","135.6","2026-04-02",,,,,,,"0.0",",,H,0600",,,,,,,"27.8",",,H","17.2",",,H","19.4",",,H,0600",,,,,,,,,,,,
"USC00406803","OLD HICKORY DAM, TN US","36.295","-86.655","135.6","2026-04-03",,,,,,,"0.0",",,H,0600",,,,,,,"27.8",",,H","18.3",",,H","21.7",",,H,0600",,,,,,,,,,,,
"USC00406803","OLD HICKORY DAM, TN US","36.295","-86.655","135.6","2026-04-04",,,,,,,"0.0",",,H,0600",,,,,,,"30.0",",,H","18.9",",,H","18.9",",,H,0600",,,,,,,,,,,,
"USC00406803","OLD HICKORY DAM, TN US","36.295","-86.655","135.6","2026-04-05",,,,,,,"16.0",",,H,0600",,,,,,,"26.7",",,H","8.9",",,H","8.9",",,H,0600",,,,,,,,,,,,
"USC00406803","OLD HICKORY DAM, TN US","36.295","-86.655","135.6","2026-04-06",,,,,,,"0.0",",,H,0600",,,,,,,"16.7",",,H","5.0",",,H","5.0",",,H,0600",,,,,,,,,,,,
"USC00406803","OLD HICKORY DAM, TN US","36.295","-86.655","135.6","2026-04-07",,,,,,,"0.0",",,H,0600",,,,,,,"20.6",",,H","4.4",",,H","6.1",",,H,0600",,,,,,,,,,,,
"USC00406803","OLD HICKORY DAM, TN US","36.295","-86.655","135.6","2026-04-11",,,,,,,"0.0",",,H,0600",,,,,,,"26.7",",,H","7.2",",,H","13.9",",,H,0600",,,,,,,,,,,,
"USC00406803","OLD HICKORY DAM, TN US","36.295","-86.655","135.6","2026-04-12",,,,,,,"0.0",",,H,0600",,,,,,,"25.0",",,H","12.2",",,H","12.8",",,H,0600",,,,,,,,,,,,
"USC00406803","OLD HICKORY DAM, TN US","36.295","-86.655","135.6","2026-04-13",,,,,,,"0.0",",,H,0600",,,,,,,"28.9",",,H","12.2",",,H","20.6",",,H,0600",,,,,,,,,,,,
"USC00406803","OLD HICKORY DAM, TN US","36.295","-86.655","135.6","2026-04-18",,,,,,,"0.5",",,H,0600",,,,,,,"28.9",",,H","12.8",",,H","19.4",",,H,0600",,,,,,,,,,,,
"USC00406803","OLD HICKORY DAM, TN US","36.295","-86.655","135.6","2026-04-19",,,,,,,"0.0",",,H,0600",,,,,,,"22.8",",,H","6.1",",,H","6.1",",,H,0600",,,,,,,,,,,,
"USC00406803","OLD HICKORY DAM, TN US","36.295","-86.655","135.6","2026-04-22",,,,,,,"0.0",",,H,0600",,,,,,,"27.2",",,H","4.4",",,H","9.4",",,H,0600",,,,,,,,,,,,
"USC00406803","OLD HICKORY DAM, TN US","36.295","-86.655","135.6","2026-04-23",,,,,,,"0.0",",,H,0600",,,,,,,"27.8",",,H","8.3",",,H","11.1",",,H,0600",,,,,,,,,,,,
"USC00406803","OLD HICKORY DAM, TN US","36.295","-86.655","135.6","2026-04-24",,,,,,,"0.0",",,H,0600",,,,,,,"28.3",",,H","10.6",",,H","11.7",",,H,0600",,,,,,,,,,,,
"USC00406803","OLD HICKORY DAM, TN US","36.295","-86.655","135.6","2026-04-28",,,,,,,"14.0",",,H,0600",,,,,,,"27.8",",,H","14.4",",,H","17.2",",,H,0600",,,,,,,,,,,,
"USC00406803","OLD HICKORY DAM, TN US","36.295","-86.655","135.6","2026-04-29",,,,,,,"10.7",",,H,0600",,,,,,,"27.8",",,H","16.7",",,H","17.2",",,H,0600",,,,,,,,,,,,
"USC00406803","OLD HICKORY DAM, TN US","36.295","-86.655","135.6","2026-04-30",,,,,,,"0.0",",,H,0600",,,,,,,"21.7",",,H","10.6",",,H","10.6",",,H,0600",,,,,,,,,,,,
"USC00406403","NASHVILLE BERRY FIELD, TN US","36.1135","-86.6781","170.7","2026-04-01",,,,,,,"0.0",",,H,0600","0.0",",,H,0600","0.0",",,H,0600",,,"27.2",",,H","16.1",",,H","18.9",",,H,0600",,,,,,,,,,,,
"USC00406403","NASHVILLE BERRY FIELD, TN US","36.1135","-86.6781","170.7","2026-04-02",,,,,,,"0.0",",,H,0600","0.0",",,H,0600","0.0",",,H,0600",,,"28.3",",,H","18.3",",,H","18.9",",,H,0600",,,,,,,,,,,,
"USC00406403","NASHVILLE BERRY FIELD, TN US","36.1135","-86.6781","170.7","2026-04-03",,,,,,,"0.0",",,H,0600","0.0",",,H,0600","0.0",",,H,0600",,,"28.9",",,H","18.3",",,H","21.1",",,H,0600",,,,,,,,,,,,
"USC00406403","NASHVILLE BERRY FIELD, TN US","36.1135","-86.6781","170.7","2026-04-04",,,,,,,"0.0",",,H,0600","0.0",",,H,0600","0.0",",,H,0600",,,"30.6",",,H","18.3",",,H","18.3",",,H,0600",,,,,,,,,,,,
"USC00406403","NASHVILLE BERRY FIELD, TN US","36.1135","-86.6781","170.7","2026-04-05",,,,,,,"21.6",",,H,0600","0.0",",,H,0600","0.0",",,H,0600",,,"27.2",",,H","8.3",",,H","8.3",",,H,0600",,,,,,,,,,,,
"USC00406403","NASHVILLE BERRY FIELD, TN US","36.1135","-86.6781","170.7","2026-04-06",,,,,,,"0.0",",,H,0600","0.0",",,H,0600","0.0",",,H,0600",,,"17.8",",,H","5.0",",,H","5.6",",,H,0600",,,,,,,,,,,,
"USC00406403","NASHVILLE BERRY FIELD, TN US","36.1135","-86.6781","170.7","2026-04-07",,,,,,,"0.0",",,H,0600","0.0",",,H,0600","0.0",",,H,0600",,,"21.1",",,H","5.6",",,H","8.3",",,H,0600",,,,,,,,,,,,
"USC00406403","NASHVILLE BERRY FIELD, TN US","36.1135","-86.6781","170.7","2026-04-08",,,,,,,"0.0",",,H,0600","0.0",",,H,0600","0.0",",,H,0600",,,"20.0",",,H","7.8",",,H","7.8",",,H,0600",,,,,,,,,,,,
"USC00406403","NASHVILLE BERRY FIELD, TN US","36.1135","-86.6781","170.7","2026-04-09",,,,,,,"0.0",",,H,0600","0.0",",,H,0600","0.0",",,H,0600",,,"25.0",",,H","7.8",",,H","12.2",",,H,0600",,,,,,,,,,,,
"USC00406403","NASHVILLE BERRY FIELD, TN US","36.1135","-86.6781","170.7","2026-04-10",,,,,,,"0.0",",,H,0600","0.0",",,H,0600","0.0",",,H,0600",,,"25.0",",,H","11.7",",,H","11.7",",,H,0600",,,,,,,,,,,,
"USC00406403","NASHVILLE BERRY FIELD, TN US","36.1135","-86.6781","170.7","2026-04-11",,,,,,,"0.0",",,H,0600","0.0",",,H,0600","0.0",",,H,0600",,,"26.7",",,H","10.6",",,H","13.9",",,H,0600",,,,,,,,,,,,
"USC00406403","NASHVILLE BERRY FIELD, TN US","36.1135","-86.6781","170.7","2026-04-12",,,,,,,"0.0",",,H,0600","0.0",",,H,0600","0.0",",,H,0600",,,"28.9",",,H","11.7",",,H","12.2",",,H,0600",,,,,,,,,,,,
"USC00406403","NASHVILLE BERRY FIELD, TN US","36.1135","-86.6781","170.7","2026-04-13",,,,,,,"0.0",",,H,0600","0.0",",,H,0600","0.0",",,H,0600",,,"29.4",",,H","11.7",",,H","21.1",",,H,0600",,,,,,,,,,,,
"USC00406403","NASHVILLE BERRY FIELD, TN US","36.1135","-86.6781","170.7","2026-04-14",,,,,,,"0.8",",,H,0600","0.0",",,H,0600","0.0",",,H,0600",,,"26.1",",,H","17.2",",,H","17.8",",,H,0600",,,,,,,,,,,,
"USC00406403","NASHVILLE BERRY FIELD, TN US","36.1135","-86.6781","170.7","2026-04-15",,,,,,,"0.0",",,H,0600","0.0",",,H,0600","0.0",",,H,0600",,,"28.9",",,H","17.2",",,H","17.8",",,H,0600",,,,,,,,,,,,
"USC00406403","NASHVILLE BERRY FIELD, TN US","36.1135","-86.6781","170.7","2026-04-16",,,,,,,"0.0",",,H,0600","0.0",",,H,0600","0.0",",,H,0600",,,"30.6",",,H","17.2",",,H","20.6",",,H,0600",,,,,,,,,,,,
"USC00406403","NASHVILLE BERRY FIELD, TN US","36.1135","-86.6781","170.7","2026-04-17",,,,,,,"16.5",",,H,0600","0.0",",,H,0600","0.0",",,H,0600",,,"28.9",",,H","13.9",",,H","13.9",",,H,0600",,,,,,,,,,,,
"USC00406403","NASHVILLE BERRY FIELD, TN US","36.1135","-86.6781","170.7","2026-04-18",,,,,,,"0.0",",,H,0600","0.0",",,H,0600","0.0",",,H,0600",,,"29.4",",,H","13.9",",,H","18.3",",,H,0600",,,,,,,,,,,,
"USC00406403","NASHVILLE BERRY FIELD, TN US","36.1135","-86.6781","170.7","2026-04-19",,,,,,,"0.5",",,H,0600","0.0",",,H,0600","0.0",",,H,0600",,,"23.3",",,H","7.2",",,H","7.2",",,H,0600",,,,,,,,,,,,
"USC00406403","NASHVILLE BERRY FIELD, TN US","36.1135","-86.6781","170.7","2026-04-20",,,,,,,"0.0",",,H,0600","0.0",",,H,0600","0.0",",,H,0600",,,"19.4",",,H","6.1",",,H","6.1",",,H,0600",,,,,,,,,,,,
"USC00406403","NASHVILLE BERRY FIELD, TN US","36.1135","-86.6781","170.7","2026-04-21",,,,,,,"0.0",",,H,0600","0.0",",,H,0600","0.0",",,H,0600",,,"23.3",",,H","6.1",",,H","9.4",",,H,0600",,,,,,,,,,,,
"USC00406403","NASHVILLE BERRY FIELD, TN US","36.1135","-86.6781","170.7","2026-04-22",,,,,,,"0.0",",,H,0600","0.0",",,H,0600","0.0",",,H,0600",,,"27.8",",,H","8.3",",,H","11.1",",,H,0600",,,,,,,,,,,,
"USC00406403","NASHVILLE BERRY FIELD, TN US","36.1135","-86.6781","170.7","2026-04-23",,,,,,,"0.0",",,H,0600","0.0",",,H,0600","0.0",",,H,0600",,,"28.3",",,H","10.6",",,H","16.1",",,H,0600",,,,,,,,,,,,
"USC00406403","NASHVILLE BERRY FIELD, TN US","36.1135","-86.6781","170.7","2026-04-24",,,,,,,"0.0",",,H,0600","0.0",",,H,0600","0.0",",,H,0600",,,"29.4",",,H","11.7",",,H","14.4",",,H,0600",,,,,,,,,,,,
"USC00406403","NASHVILLE BERRY FIELD, TN US","36.1135","-86.6781","170.7","2026-04-25",,,,,,,"0.0","T,,H,0600","0.0",",,H,0600","0.0",",,H,0600",,,"27.2",",,H","13.9",",,H","17.8",",,H,0600",,,,,,,,,,,,
"USC00406403","NASHVILLE BERRY FIELD, TN US","36.1135","-86.6781","170.7","2026-04-26",,,,,,,"0.0",",,H,0600","0.0",",,H,0600","0.0",",,H,0600",,,"28.3",",,H","13.9",",,H","13.9",",,H,0600",,,,,,,,,,,,
"USC00406403","NASHVILLE BERRY FIELD, TN US","36.1135","-86.6781","170.7","2026-04-27",,,,,,,"0.0",",,H,0600","0.0",",,H,0600","0.0",",,H,0600",,,"28.9",",,H","13.9",",,H","16.7",",,H,0600",,,,,,,,,,,,
"USC00406403","NASHVILLE BERRY FIELD, TN US","36.1135","-86.6781","170.7","2026-04-28",,,,,,,"34.3",",,H,0600","0.0",",,H,0600","0.0",",,H,0600",,,"28.9",",,H","16.1",",,H","17.2",",,H,0600",,,,,,,,,,,,
"USC00406403","NASHVILLE BERRY FIELD, TN US","36.1135","-86.6781","170.7","2026-04-29",,,,,,,"12.2",",,H,0600","0.0",",,H,0600","0.0",",,H,0600",,,"27.8",",,H","16.7",",,H","17.2",",,H,0600",,,,,,,,,,,,
"USC00406403","NASHVILLE BERRY FIELD, TN US","36.1135","-86.6781","170.7","2026-04-30",,,,,,,"1.0",",,H,0600","0.0",",,H,0600","0.0",",,H,0600",,,"23.9",",,H","10.6",",,H","10.6",",,H,0600",,,,,,,,,,,,
"USC00406806","OLD HICKORY WEATHER FORECAST OFFICE, TN US","36.247","-86.5631","179.8","2026-04-01",,,,,,,"0.0",",,H,0700","0.0",",,H,0700","0.0",",,H,0700",,,"26.7",",,H","16.1",",,H","17.2",",,H,0700",,,,,,,,,,,,
"USC00406806","OLD HICKORY WEATHER FORECAST OFFICE, TN US","36.247","-86.5631","179.8","2026-04-02",,,,,,,"0.0",",,H,0700","0.0",",,H,0700","0.0",",,H,0700",,,"28.3",",,H","17.2",",,H","17.8",",,H,0700",,,,,,,,,,,,
"USC00406806","OLD HICKORY WEATHER FORECAST OFFICE, TN US","36.247","-86.5631","179.8","2026-04-03",,,,,,,"0.0",",,H,0700","0.0",",,H,0700","0.0",",,H,0700",,,"28.9",",,H","17.8",",,H","20.0",",,H,0700",,,,,,,,,,,,
"USC00406806","OLD HICKORY WEATHER FORECAST OFFICE, TN US","36.247","-86.5631","179.8","2026-04-04",,,,,,,"0.0",",,H,0700","0.0",",,H,0700","0.0",",,H,0700",,,"30.6",",,H","17.8",",,H","18.9",",,H,0700",,,,,,,,,,,,
"USC00406806","OLD HICKORY WEATHER FORECAST OFFICE, TN US","36.247","-86.5631","179.8","2026-04-05",,,,,,,"20.1",",,H,0700","0.0",",,H,0700","0.0",",,H,0700",,,"27.2",",,H","7.2",",,H","7.8",",,H,0700",,,,,,,,,,,,
"USC00406806","OLD HICKORY WEATHER FORECAST OFFICE, TN US","36.247","-86.5631","179.8","2026-04-06",,,,,,,"0.0",",,H,0700","0.0",",,H,0700","0.0",",,H,0700",,,"17.2",",,H","6.1",",,H","6.1",",,H,0700",,,,,,,,,,,,
"USC00406806","OLD HICKORY WEATHER FORECAST OFFICE, TN US","36.247","-86.5631","179.8","2026-04-07",,,,,,,"0.0",",,H,0700","0.0",",,H,0700","0.0",",,H,0700",,,"20.6",",,H","6.1",",,H","8.3",",,H,0700",,,,,,,,,,,,
"USC00406806","OLD HICKORY WEATHER FORECAST OFFICE, TN US","36.247","-86.5631","179.8","2026-04-08",,,,,,,"0.0",",,H,0700","0.0",",,H,0700","0.0",",,H,0700",,,"19.4",",,H","6.7",",,H","6.7",",,H,0700",,,,,,,,,,,,
"USC00406806","OLD HICKORY WEATHER FORECAST OFFICE, TN US","36.247","-86.5631","179.8","2026-04-09",,,,,,,"0.0",",,H,0700","0.0",",,H,0700","0.0",",,H,0700",,,"25.0",",,H","6.1",",,H","11.7",",,H,0700",,,,,,,,,,,,
"USC00406806","OLD HICKORY WEATHER FORECAST OFFICE, TN US","36.247","-86.5631","179.8","2026-04-10",,,,,,,"0.0",",,H,0700","0.0",",,H,0700","0.0",",,H,0700",,,"25.0",",,H","10.6",",,H","10.6",",,H,0700",,,,,,,,,,,,
"USC00406806","OLD HICKORY WEATHER FORECAST OFFICE, TN US","36.247","-86.5631","179.8","2026-04-11",,,,,,,"0.0",",,H,0700","0.0",",,H,0700","0.0",",,H,0700",,,"26.1",",,H","10.6",",,H","14.4",",,H,0700",,,,,,,,,,,,
"USC00406806","OLD HICKORY WEATHER FORECAST OFFICE, TN US","36.247","-86.5631","179.8","2026-04-12",,,,,,,"0.0","T,,H,0700","0.0",",,H,0700","0.0",",,H,0700",,,"26.7",",,H","13.3",",,H","13.9",",,H,0700",,,,,,,,,,,,
"USC00406806","OLD HICKORY WEATHER FORECAST OFFICE, TN US","36.247","-86.5631","179.8","2026-04-13",,,,,,,"0.3",",,H,0700","0.0",",,H,0700","0.0",",,H,0700",,,"29.4",",,H","13.9",",,H","18.3",",,H,0700",,,,,,,,,,,,
"USC00406806","OLD HICKORY WEATHER FORECAST OFFICE, TN US","36.247","-86.5631","179.8","2026-04-14",,,,,,,"0.8",",,H,0700","0.0",",,H,0700","0.0",",,H,0700",,,"24.4",",,H","16.7",",,H","16.7",",,H,0700",,,,,,,,,,,,
"USC00406806","OLD HICKORY WEATHER FORECAST OFFICE, TN US","36.247","-86.5631","179.8","2026-04-15",,,,,,,"0.0",",,H,0700","0.0",",,H,0700","0.0",",,H,0700",,,"28.3",",,H","16.1",",,H","16.1",",,H,0700",,,,,,,,,,,,
"USC00406806","OLD HICKORY WEATHER FORECAST OFFICE, TN US","36.247","-86.5631","179.8","2026-04-16",,,,,,,"0.0",",,H,0700","0.0",",,H,0700","0.0",",,H,0700",,,"30.0",",,H","16.1",",,H","18.3",",,H,0700",,,,,,,,,,,,
"USC00406806","OLD HICKORY WEATHER FORECAST OFFICE, TN US","36.247","-86.5631","179.8","2026-04-17",,,,,,,"5.6",",,H,0700","0.0",",,H,0700","0.0",",,H,0700",,,"28.3",",,H","13.3",",,H","13.3",",,H,0700",,,,,,,,,,,,
"USC00406806","OLD HICKORY WEATHER FORECAST OFFICE, TN US","36.247","-86.5631","179.8","2026-04-18",,,,,,,"0.0",",,H,0700","0.0",",,H,0700","0.0",",,H,0700",,,"28.9",",,H","13.3",",,H","18.3",",,H,0700",,,,,,,,,,,,
"USC00406806","OLD HICKORY WEATHER FORECAST OFFICE, TN US","36.247","-86.5631","179.8","2026-04-19",,,,,,,"0.3",",,H,0700","0.0",",,H,0700","0.0",",,H,0700",,,"22.2",",,H","7.2",",,H","7.2",",,H,0700",,,,,,,,,,,,
"USC00406806","OLD HICKORY WEATHER FORECAST OFFICE, TN US","36.247","-86.5631","179.8","2026-04-20",,,,,,,"0.0",",,H,0700","0.0",",,H,0700","0.0",",,H,0700",,,"18.3",",,H","6.1",",,H","6.1",",,H,0700",,,,,,,,,,,,
"USC00406806","OLD HICKORY WEATHER FORECAST OFFICE, TN US","36.247","-86.5631","179.8","2026-04-21",,,,,,,"0.0",",,H,0700","0.0",",,H,0700","0.0",",,H,0700",,,"21.7",",,H","6.1",",,H","8.9",",,H,0700",,,,,,,,,,,,
"USC00406806","OLD HICKORY WEATHER FORECAST OFFICE, TN US","36.247","-86.5631","179.8","2026-04-22",,,,,,,"0.0",",,H,0700","0.0",",,H,0700","0.0",",,H,0700",,,"27.8",",,H","7.8",",,H","11.7",",,H,0700",,,,,,,,,,,,
"USC00406806","OLD HICKORY WEATHER FORECAST OFFICE, TN US","36.247","-86.5631","179.8","2026-04-24",,,,,,,"0.0",",,H,0700","0.0",",,H,0700","0.0",",,H,0700",,,"28.9",",,H","11.7",",,H","15.0",",,H,0700",,,,,,,,,,,,
"USC00406806","OLD HICKORY WEATHER FORECAST OFFICE, TN US","36.247","-86.5631","179.8","2026-04-25",,,,,,,"0.0",",,H,0700","0.0",",,H,0700","0.0",",,H,0700",,,"27.2",",,H","15.0",",,H","16.7",",,H,0700",,,,,,,,,,,,
"USC00406806","OLD HICKORY WEATHER FORECAST OFFICE, TN US","36.247","-86.5631","179.8","2026-04-26",,,,,,,"0.0",",,H,0700","0.0",",,H,0700","0.0",",,H,0700",,,"28.3",",,H","13.3",",,H","15.6",",,H,0700",,,,,,,,,,,,
"USC00406806","OLD HICKORY WEATHER FORECAST OFFICE, TN US","36.247","-86.5631","179.8","2026-04-27",,,,,,,"0.0",",,H,0700","0.0",",,H,0700","0.0",",,H,0700",,,"27.2",",,H","15.6",",,H","18.3",",,H,0700",,,,,,,,,,,,
"USC00406806","OLD HICKORY WEATHER FORECAST OFFICE, TN US","36.247","-86.5631","179.8","2026-04-28",,,,,,,"15.0",",,H,0700","0.0",",,H,0700","0.0",",,H,0700",,,"28.9",",,H","16.7",",,H","16.7",",,H,0700",,,,,,,,,,,,
"USC00406806","OLD HICKORY WEATHER FORECAST OFFICE, TN US","36.247","-86.5631","179.8","2026-04-29",,,,,,,"12.4",",,H,0700",,,,,,,"28.9",",,H","16.1",",,H","16.7",",,H,0700",,,,,,,,,,,,
"USC00406806","OLD HICKORY WEATHER FORECAST OFFICE, TN US","36.247","-86.5631","179.8","2026-04-30",,,,,,,"0.0",",,H,0700",,,,,,,"21.7",",,H","9.4",",,H","9.4",",,H,0700",,,,,,,,,,,,
"US1TNDV0138","NASHVILLE 5.2 WSW, TN US","36.152266","-86.874626","150.9","2026-04-01",,,,,,,"0.0",",,N","0.0",",,N",,,,,,,,,,,,,,,,,,,,,,
"US1TNDV0138","NASHVILLE 5.2 WSW, TN US","36.152266","-86.874626","150.9","2026-04-02",,,,,,,"0.0",",,N","0.0",",,N",,,,,,,,,,,,,,,,,,,,,,
"US1TNDV0138","NASHVILLE 5.2 WSW, TN US","36.152266","-86.874626","150.9","2026-04-03",,,,,,,"0.0",",,N","0.0",",,N",,,,,,,,,,,,,,,,,,,,,,
"US1TNDV0138","NASHVILLE 5.2 WSW, TN US","36.152266","-86.874626","150.9","2026-04-04",,,,,,,"0.0",",,N","0.0",",,N",,,,,,,,,,,,,,,,,,,,,,
"US1TNDV0138","NASHVILLE 5.2 WSW, TN US","36.152266","-86.874626","150.9","2026-04-05",,,,,,,"22.9",",,N",,,,,,,,,,,,,,,,,,,,,,,,
"US1TNDV0138","NASHVILLE 5.2 WSW, TN US","36.152266","-86.874626","150.9","2026-04-06",,,,,,,"0.0",",,N","0.0",",,N",,,,,,,,,,,,,,,,,,,,,,
"US1TNDV0138","NASHVILLE 5.2 WSW, TN US","36.152266","-86.874626","150.9","2026-04-07",,,,,,,"0.0",",,N","0.0",",,N",,,,,,,,,,,,,,,,,,,,,,
"US1TNDV0138","NASHVILLE 5.2 WSW, TN US","36.152266","-86.874626","150.9","2026-04-08",,,,,,,"0.0",",,N","0.0",",,N",,,,,,,,,,,,,,,,,,,,,,
"US1TNDV0138","NASHVILLE 5.2 WSW, TN US","36.152266","-86.874626","150.9","2026-04-09",,,,,,,"0.0",",,N","0.0",",,N",,,,,,,,,,,,,,,,,,,,,,
"US1TNDV0138","NASHVILLE 5.2 WSW, TN US","36.152266","-86.874626","150.9","2026-04-10",,,,,,,"0.0",",,N","0.0",",,N",,,,,,,,,,,,,,,,,,,,,,
"US1TNDV0138","NASHVILLE 5.2 WSW, TN US","36.152266","-86.874626","150.9","2026-04-11",,,,,,,"0.0",",,N","0.0",",,N",,,,,,,,,,,,,,,,,,,,,,
"US1TNDV0138","NASHVILLE 5.2 WSW, TN US","36.152266","-86.874626","150.9","2026-04-12",,,,,,,"0.0",",,N","0.0",",,N",,,,,,,,,,,,,,,,,,,,,,
"US1TNDV0138","NASHVILLE 5.2 WSW, TN US","36.152266","-86.874626","150.9","2026-04-13",,,,,,,"0.0","T,,N",,,,,,,,,,,,,,,,,,,,,,,,
"US1TNDV0138","NASHVILLE 5.2 WSW, TN US","36.152266","-86.874626","150.9","2026-04-14",,,,,,,"1.3",",,N","0.0",",,N",,,,,,,,,,,,,,,,,,,,,,
"US1TNDV0138","NASHVILLE 5.2 WSW, TN US","36.152266","-86.874626","150.9","2026-04-15",,,,,,,"0.0",",,N","0.0",",,N",,,,,,,,,,,,,,,,,,,,,,
"US1TNDV0138","NASHVILLE 5.2 WSW, TN US","36.152266","-86.874626","150.9","2026-04-16",,,,,,,"0.0",",,N","0.0",",,N",,,,,,,,,,,,,,,,,,,,,,
"US1TNDV0138","NASHVILLE 5.2 WSW, TN US","36.152266","-86.874626","150.9","2026-04-17",,,,,,,"10.7",",,N",,,,,,,,,,,,,,,,,,,,,,,,
"US1TNDV0138","NASHVILLE 5.2 WSW, TN US","36.152266","-86.874626","150.9","2026-04-18",,,,,,,"0.0",",,N","0.0",",,N",,,,,,,,,,,,,,,,,,,,,,
"US1TNDV0138","NASHVILLE 5.2 WSW, TN US","36.152266","-86.874626","150.9","2026-04-19",,,,,,,"0.5",",,N",,,,,,,,,,,,,,,,,,,,,,,,
"US1TNDV0138","NASHVILLE 5.2 WSW, TN US","36.152266","-86.874626","150.9","2026-04-20",,,,,,,"0.0",",,N","0.0",",,N",,,,,,,,,,,,,,,,,,,,,,
"US1TNDV0138","NASHVILLE 5.2 WSW, TN US","36.152266","-86.874626","150.9","2026-04-21",,,,,,,"0.0",",,N","0.0",",,N",,,,,,,,,,,,,,,,,,,,,,
"US1TNDV0138","NASHVILLE 5.2 WSW, TN US","36.152266","-86.874626","150.9","2026-04-22",,,,,,,"0.0",",,N","0.0",",,N",,,,,,,,,,,,,,,,,,,,,,
"US1TNDV0138","NASHVILLE 5.2 WSW, TN US","36.152266","-86.874626","150.9","2026-04-23",,,,,,,"0.0",",,N","0.0",",,N",,,,,,,,,,,,,,,,,,,,,,
"US1TNDV0138","NASHVILLE 5.2 WSW, TN US","36.152266","-86.874626","150.9","2026-04-24",,,,,,,"0.0",",,N","0.0",",,N",,,,,,,,,,,,,,,,,,,,,,
"US1TNDV0138","NASHVILLE 5.2 WSW, TN US","36.152266","-86.874626","150.9","2026-04-25",,,,,,,"0.0",",,N","0.0",",,N",,,,,,,,,,,,,,,,,,,,,,
"US1TNDV0138","NASHVILLE 5.2 WSW, TN US","36.152266","-86.874626","150.9","2026-04-26",,,,,,,"0.0",",,N","0.0",",,N",,,,,,,,,,,,,,,,,,,,,,
"US1TNDV0138","NASHVILLE 5.2 WSW, TN US","36.152266","-86.874626","150.9","2026-04-27",,,,,,,"0.0",",,N","0.0",",,N",,,,,,,,,,,,,,,,,,,,,,
"US1TNDV0138","NASHVILLE 5.2 WSW, TN US","36.152266","-86.874626","150.9","2026-04-28",,,,,,,"40.6",",,N",,,,,,,,,,,,,,,,,,,,,,,,
"US1TNDV0138","NASHVILLE 5.2 WSW, TN US","36.152266","-86.874626","150.9","2026-04-29",,,,,,,"15.2",",,N",,,,,,,,,,,,,,,,,,,,,,,,
"US1TNDV0138","NASHVILLE 5.2 WSW, TN US","36.152266","-86.874626","150.9","2026-04-30",,,,,,,"0.0",",,N","0.0",",,N",,,,,,,,,,,,,,,,,,,,,,
"USC00406371","MURFREESBORO 5 N, TN US","35.9204","-86.3727","163.1","2026-04-01",,,,,,,"2.0",",,H",,,,,,,"26.7",",,H","15.0",",,H","19.4",",,H",,,,,,,,,,,,
"USC00406371","MURFREESBORO 5 N, TN US","35.9204","-86.3727","163.1","2026-04-02",,,,,,,"0.0",",,H",,,,,,,"27.2",",,H","17.8",",,H","20.0",",,H",,,,,,,,,,,,
"USC00406371","MURFREESBORO 5 N, TN US","35.9204","-86.3727","163.1","2026-04-03",,,,,,,"0.0",",,H",,,,,,,"27.8",",,H","20.0",",,H","20.6",",,H",,,,,,,,,,,,
"USC00406371","MURFREESBORO 5 N, TN US","35.9204","-86.3727","163.1","2026-04-04",,,,,,,"0.0",",,H",,,,,,,"28.3",",,H","15.0",",,H","21.1",",,H",,,,,,,,,,,,
"USC00406371","MURFREESBORO 5 N, TN US","35.9204","-86.3727","163.1","2026-04-05",,,,,,,"0.0",",,H",,,,,,,"28.3",",,H","2.8",",,H","3.9",",,H",,,,,,,,,,,,
"USC00406371","MURFREESBORO 5 N, TN US","35.9204","-86.3727","163.1","2026-04-09",,,,,,,"0.0",",,H",,,,,,,"23.9",",,H","8.3",",,H","10.6",",,H",,,,,,,,,,,,
"USC00406371","MURFREESBORO 5 N, TN US","35.9204","-86.3727","163.1","2026-04-10",,,,,,,"0.0",",,H",,,,,,,"24.4",",,H","5.6",",,H","7.8",",,H",,,,,,,,,,,,
"USC00406371","MURFREESBORO 5 N, TN US","35.9204","-86.3727","163.1","2026-04-11",,,,,,,"0.0",",,H",,,,,,,"26.7",",,H","7.8",",,H","20.6",",,H",,,,,,,,,,,,
"USC00406371","MURFREESBORO 5 N, TN US","35.9204","-86.3727","163.1","2026-04-12",,,,,,,"0.0",",,H",,,,,,,"26.7",",,H","7.8",",,H","14.4",",,H",,,,,,,,,,,,
"USC00406371","MURFREESBORO 5 N, TN US","35.9204","-86.3727","163.1","2026-04-13",,,,,,,"0.0",",,H",,,,,,,"28.3",",,H","7.8",",,H","19.4",",,H",,,,,,,,,,,,
"USC00406371","MURFREESBORO 5 N, TN US","35.9204","-86.3727","163.1","2026-04-14",,,,,,,"0.0",",,H",,,,,,,"28.3",",,H","7.8",",,H","20.0",",,H",,,,,,,,,,,,
"USC00406371","MURFREESBORO 5 N, TN US","35.9204","-86.3727","163.1","2026-04-15",,,,,,,"0.0",",,H",,,,,,,"27.8",",,H","12.8",",,H","15.6",",,H",,,,,,,,,,,,
"USC00406371","MURFREESBORO 5 N, TN US","35.9204","-86.3727","163.1","2026-04-16",,,,,,,"0.0",",,H",,,,,,,"28.3",",,H","15.6",",,H","19.4",",,H",,,,,,,,,,,,
"USC00406371","MURFREESBORO 5 N, TN US","35.9204","-86.3727","163.1","2026-04-17",,,,,,,"10.2",",,H",,,,,,,"27.8",",,H","12.8",",,H","16.1",",,H",,,,,,,,,,,,
"USC00406371","MURFREESBORO 5 N, TN US","35.9204","-86.3727","163.1","2026-04-18",,,,,,,"0.0",",,H",,,,,,,"28.9",",,H","12.8",",,H","16.1",",,H",,,,,,,,,,,,
"USC00406371","MURFREESBORO 5 N, TN US","35.9204","-86.3727","163.1","2026-04-19",,,,,,,"10.2",",,H",,,,,,,"28.9",",,H","5.0",",,H","7.8",",,H",,,,,,,,,,,,
"USC00406371","MURFREESBORO 5 N, TN US","35.9204","-86.3727","163.1","2026-04-20",,,,,,,"0.0",",,H",,,,,,,"28.9",",,H","2.8",",,H","8.9",",,H",,,,,,,,,,,,
"USC00406371","MURFREESBORO 5 N, TN US","35.9204","-86.3727","163.1","2026-04-21",,,,,,,"0.0",",,H",,,,,,,"22.2",",,H","5.0",",,H","8.3",",,H",,,,,,,,,,,,
"USC00406371","MURFREESBORO 5 N, TN US","35.9204","-86.3727","163.1","2026-04-23",,,,,,,"0.0",",,H",,,,,,,"27.2",",,H","6.7",",,H","13.3",",,H",,,,,,,,,,,,
"USC00406371","MURFREESBORO 5 N, TN US","35.9204","-86.3727","163.1","2026-04-24",,,,,,,"0.0",",,H",,,,,,,"27.2",",,H","11.1",",,H","17.8",",,H",,,,,,,,,,,,
"USC00406371","MURFREESBORO 5 N, TN US","35.9204","-86.3727","163.1","2026-04-25",,,,,,,"0.0",",,H",,,,,,,"25.6",",,H","15.6",",,H","17.8",",,H",,,,,,,,,,,,
"USC00406371","MURFREESBORO 5 N, TN US","35.9204","-86.3727","163.1","2026-04-26",,,,,,,"0.0",",,H",,,,,,,"26.7",",,H","11.1",",,H","12.8",",,H",,,,,,,,,,,,
"USC00406371","MURFREESBORO 5 N, TN US","35.9204","-86.3727","163.1","2026-04-27",,,,,,,"0.0",",,H",,,,,,,"28.9",",,H","12.8",",,H","18.9",",,H",,,,,,,,,,,,
"USC00406371","MURFREESBORO 5 N, TN US","35.9204","-86.3727","163.1","2026-04-28",,,,,,,"8.9",",,H",,,,,,,"27.8",",,H","17.2",",,H","17.2",",,H",,,,,,,,,,,,
"USC00406371","MURFREESBORO 5 N, TN US","35.9204","-86.3727","163.1","2026-04-29",,,,,,,"11.9",",,H",,,,,,,"25.6",",,H","16.1",",,H","16.7",",,H",,,,,,,,,,,,
"USC00406371","MURFREESBORO 5 N, TN US","35.9204","-86.3727","163.1","2026-04-30",,,,,,,"0.0",",,H",,,,,,,"22.8",",,H","8.3",",,H","10.6",",,H",,,,,,,,,,,,
"US1TNWN0036","LEBANON 2.7 SSE, TN US","36.149759","-86.30603","193.9","2026-04-01",,,,,,,"0.0",",,N","0.0",",,N",,,,,,,,,,,,,,,,,,,,,,
"US1TNWN0036","LEBANON 2.7 SSE, TN US","36.149759","-86.30603","193.9","2026-04-02",,,,,,,"0.0",",,N","0.0",",,N",,,,,,,,,,,,,,,,,,,,,,
"US1TNWN0036","LEBANON 2.7 SSE, TN US","36.149759","-86.30603","193.9","2026-04-03",,,,,,,"0.0",",,N","0.0",",,N",,,,,,,,,,,,,,,,,,,,,,
"US1TNWN0036","LEBANON 2.7 SSE, TN US","36.149759","-86.30603","193.9","2026-04-04",,,,,,,"0.0",",,N","0.0",",,N",,,,,,,,,,,,,,,,,,,,,,
"US1TNWN0036","LEBANON 2.7 SSE, TN US","36.149759","-86.30603","193.9","2026-04-05",,,,,,,"25.4",",,N",,,,,,,,,,,,,,,,,,,,,,,,
"US1TNWN0036","LEBANON 2.7 SSE, TN US","36.149759","-86.30603","193.9","2026-04-06",,,,,,,"0.0",",,N","0.0",",,N",,,,,,,,,,,,,,,,,,,,,,
"US1TNWN0036","LEBANON 2.7 SSE, TN US","36.149759","-86.30603","193.9","2026-04-07",,,,,,,"0.0",",,N","0.0",",,N",,,,,,,,,,,,,,,,,,,,,,
"US1TNWN0036","LEBANON 2.7 SSE, TN US","36.149759","-86.30603","193.9","2026-04-08",,,,,,,"0.0",",,N","0.0",",,N",,,,,,,,,,,,,,,,,,,,,,
"US1TNWN0036","LEBANON 2.7 SSE, TN US","36.149759","-86.30603","193.9","2026-04-09",,,,,,,"0.0",",,N","0.0",",,N",,,,,,,,,,,,,,,,,,,,,,
"US1TNWN0036","LEBANON 2.7 SSE, TN US","36.149759","-86.30603","193.9","2026-04-10",,,,,,,"0.0",",,N","0.0",",,N",,,,,,,,,,,,,,,,,,,,,,
"US1TNWN0036","LEBANON 2.7 SSE, TN US","36.149759","-86.30603","193.9","2026-04-11",,,,,,,"0.0",",,N","0.0",",,N",,,,,,,,,,,,,,,,,,,,,,
"US1TNWN0036","LEBANON 2.7 SSE, TN US","36.149759","-86.30603","193.9","2026-04-12",,,,,,,"0.0",",,N","0.0",",,N",,,,,,,,,,,,,,,,,,,,,,
"US1TNWN0036","LEBANON 2.7 SSE, TN US","36.149759","-86.30603","193.9","2026-04-13",,,,,,,"0.0",",,N","0.0",",,N",,,,,,,,,,,,,,,,,,,,,,
"US1TNWN0036","LEBANON 2.7 SSE, TN US","36.149759","-86.30603","193.9","2026-04-14",,,,,,,"0.3",",,N",,,,,,,,,,,,,,,,,,,,,,,,
"US1TNWN0036","LEBANON 2.7 SSE, TN US","36.149759","-86.30603","193.9","2026-04-15",,,,,,,"0.0",",,N","0.0",",,N",,,,,,,,,,,,,,,,,,,,,,
"US1TNWN0036","LEBANON 2.7 SSE, TN US","36.149759","-86.30603","193.9","2026-04-16",,,,,,,"0.0",",,N","0.0",",,N",,,,,,,,,,,,,,,,,,,,,,
"US1TNWN0036","LEBANON 2.7 SSE, TN US","36.149759","-86.30603","193.9","2026-04-17",,,,,,,"6.4",",,N",,,,,,,,,,,,,,,,,,,,,,,,
"US1TNWN0036","LEBANON 2.7 SSE, TN US","36.149759","-86.30603","193.9","2026-04-18",,,,,,,"0.0",",,N","0.0",",,N",,,,,,,,,,,,,,,,,,,,,,
"US1TNWN0036","LEBANON 2.7 SSE, TN US","36.149759","-86.30603","193.9","2026-04-19",,,,,,,"0.8",",,N",,,,,,,,,,,,,,,,,,,,,,,,
"US1TNWN0036","LEBANON 2.7 SSE, TN US","36.149759","-86.30603","193.9","2026-04-20",,,,,,,"0.0",",,N","0.0",",,N",,,,,,,,,,,,,,,,,,,,,,
"US1TNWN0036","LEBANON 2.7 SSE, TN US","36.149759","-86.30603","193.9","2026-04-21",,,,,,,"0.0",",,N","0.0",",,N",,,,,,,,,,,,,,,,,,,,,,
"US1TNWN0036","LEBANON 2.7 SSE, TN US","36.149759","-86.30603","193.9","2026-04-22",,,,,,,"0.0",",,N","0.0",",,N",,,,,,,,,,,,,,,,,,,,,,
"US1TNWN0036","LEBANON 2.7 SSE, TN US","36.149759","-86.30603","193.9","2026-04-23",,,,,,,"0.0",",,N","0.0",",,N",,,,,,,,,,,,,,,,,,,,,,
"US1TNWN0036","LEBANON 2.7 SSE, TN US","36.149759","-86.30603","193.9","2026-04-24",,,,,,,"0.0",",,N","0.0",",,N",,,,,,,,,,,,,,,,,,,,,,
"US1TNWN0036","LEBANON 2.7 SSE, TN US","36.149759","-86.30603","193.9","2026-04-25",,,,,,,"0.0",",,N","0.0",",,N",,,,,,,,,,,,,,,,,,,,,,
"US1TNWN0036","LEBANON 2.7 SSE, TN US","36.149759","-86.30603","193.9","2026-04-26",,,,,,,"0.0",",,N","0.0",",,N",,,,,,,,,,,,,,,,,,,,,,
"US1TNWN0036","LEBANON 2.7 SSE, TN US","36.149759","-86.30603","193.9","2026-04-27",,,,,,,"0.0",",,N","0.0",",,N",,,,,,,,,,,,,,,,,,,,,,
"US1TNWN0036","LEBANON 2.7 SSE, TN US","36.149759","-86.30603","193.9","2026-04-28",,,,,,,"44.5",",,N",,,,,,,,,,,,,,,,,,,,,,,,
"US1TNWN0036","LEBANON 2.7 SSE, TN US","36.149759","-86.30603","193.9","2026-04-29",,,,,,,"9.4",",,N",,,,,,,,,,,,,,,,,,,,,,,,
"US1TNWN0036","LEBANON 2.7 SSE, TN US","36.149759","-86.30603","193.9","2026-04-30",,,,,,,"0.0","T,,N",,,,,,,,,,,,,,,,,,,,,,,,
"USC00404876","KINGSTON SPRINGS, TN US","36.1033","-87.1152","157.6","2026-04-01",,,,,,,"0.0",",,H,0700",,,,,,,"27.2",",,H","17.8",",,H","20.6",",,H,0700",,,,,,,,,,,,
"USC00404876","KINGSTON SPRINGS, TN US","36.1033","-87.1152","157.6","2026-04-02",,,,,,,"0.0",",,H,0700",,,,,,,"28.9",",,H","19.4",",,H","20.6",",,H,0700",,,,,,,,,,,,
"USC00404876","KINGSTON SPRINGS, TN US","36.1033","-87.1152","157.6","2026-04-03",,,,,,,"1.0",",,H,0700",,,,,,,"28.9",",,H","18.9",",,H","20.6",",,H,0700",,,,,,,,,,,,
"USC00404876","KINGSTON SPRINGS, TN US","36.1033","-87.1152","157.6","2026-04-06",,,,,,,"19.6",",,H,0700",,,,,,,"31.1",",,H","2.2",",,H","2.8",",,H,0700",,,,,,,,,,,,
"USC00404876","KINGSTON SPRINGS, TN US","36.1033","-87.1152","157.6","2026-04-07",,,,,,,"0.0",",,H,0700",,,,,,,"21.1",",,H","1.7",",,H","5.6",",,H,0700",,,,,,,,,,,,
"USC00404876","KINGSTON SPRINGS, TN US","36.1033","-87.1152","157.6","2026-04-08",,,,,,,"0.0",",,H,0700",,,,,,,"20.6",",,H","4.4",",,H","18.3",",,H,0700",,,,,,,,,,,,
"USC00404876","KINGSTON SPRINGS, TN US","36.1033","-87.1152","157.6","2026-04-09",,,,,,,"0.0",",,H,0700",,,,,,,"25.6",",,H","12.2",",,H","12.2",",,H,0700",,,,,,,,,,,,
"USC00404876","KINGSTON SPRINGS, TN US","36.1033","-87.1152","157.6","2026-04-10",,,,,,,"0.0",",,H,0700",,,,,,,"26.7",",,H","6.1",",,H","7.2",",,H,0700",,,,,,,,,,,,
"USC00404876","KINGSTON SPRINGS, TN US","36.1033","-87.1152","157.6","2026-04-13",,,,,,,"0.0",",,H,0700",,,,,,,"30.0",",,H","7.2",",,H","20.0",",,H,0700",,,,,,,,,,,,
"USC00404876","KINGSTON SPRINGS, TN US","36.1033","-87.1152","157.6","2026-04-14",,,,,,,"0.0",",,H,0700",,,,,,,"26.1",",,H","18.3",",,H","21.1",",,H,0700",,,,,,,,,,,,
"USC00404876","KINGSTON SPRINGS, TN US","36.1033","-87.1152","157.6","2026-04-15",,,,,,,"0.0",",,H,0700",,,,,,,"28.9",",,H","16.1",",,H","21.7",",,H,0700",,,,,,,,,,,,
"USC00404876","KINGSTON SPRINGS, TN US","36.1033","-87.1152","157.6","2026-04-16",,,,,,,"0.0",",,H,0700",,,,,,,"31.1",",,H","14.4",",,H","19.4",",,H,0700",,,,,,,,,,,,
"USC00404876","KINGSTON SPRINGS, TN US","36.1033","-87.1152","157.6","2026-04-17",,,,,,,"10.9",",,H,0700",,,,,,,"28.3",",,H","12.8",",,H","13.3",",,H,0700",,,,,,,,,,,,
"USC00404876","KINGSTON SPRINGS, TN US","36.1033","-87.1152","157.6","2026-04-20",,,,,,,"0.0",",,H,0700",,,,,,,"26.1",",,H","1.7",",,H","2.2",",,H,0700",,,,,,,,,,,,
"USC00404876","KINGSTON SPRINGS, TN US","36.1033","-87.1152","157.6","2026-04-21",,,,,,,"0.0",",,H,0700",,,,,,,"22.8",",,H","2.2",",,H","6.1",",,H,0700",,,,,,,,,,,,
"USC00404876","KINGSTON SPRINGS, TN US","36.1033","-87.1152","157.6","2026-04-22",,,,,,,"0.0",",,H,0700",,,,,,,"27.2",",,H","6.1",",,H","17.8",",,H,0700",,,,,,,,,,,,
"USC00404876","KINGSTON SPRINGS, TN US","36.1033","-87.1152","157.6","2026-04-23",,,,,,,"0.0",",,H,0700",,,,,,,"27.8",",,H","8.3",",,H","8.9",",,H,0700",,,,,,,,,,,,
"USC00404876","KINGSTON SPRINGS, TN US","36.1033","-87.1152","157.6","2026-04-24",,,,,,,"0.0",",,H,0700",,,,,,,"28.9",",,H","8.9",",,H","15.6",",,H,0700",,,,,,,,,,,,
"USC00404876","KINGSTON SPRINGS, TN US","36.1033","-87.1152","157.6","2026-04-26",,,,,,,"0.0",",,H,0700",,,,,,,"27.8",",,H","11.1",",,H","11.7",",,H,0700",,,,,,,,,,,,
"USC00404876","KINGSTON SPRINGS, TN US","36.1033","-87.1152","157.6","2026-04-27",,,,,,,"0.0",",,H,0700",,,,,,,"30.0",",,H","11.7",",,H","12.8",",,H,0700",,,,,,,,,,,,
"USC00404876","KINGSTON SPRINGS, TN US","36.1033","-87.1152","157.6","2026-04-28",,,,,,,"34.8",",,H,0700",,,,,,,"29.4",",,H","12.8",",,H","23.3",",,H,0700",,,,,,,,,,,,
"USC00404876","KINGSTON SPRINGS, TN US","36.1033","-87.1152","157.6","2026-04-29",,,,,,,"22.6",",,H,0700",,,,,,,"28.3",",,H","16.7",",,H","18.3",",,H,0700",,,,,,,,,,,,
"USC00404876","KINGSTON SPRINGS, TN US","36.1033","-87.1152","157.6","2026-04-30",,,,,,,"0.0",",,H,0700",,,,,,,"22.2",",,H","7.8",",,H","9.4",",,H,0700",,,,,,,,,,,,
"US1TNDV0053","NASHVILLE 3.1 WSW, TN US","36.162676","-86.83998","142.0","2026-04-01",,,,,,,"0.0",",,N","0.0",",,N",,,,,,,,,,,,,,,,,,,,,,
"US1TNDV0053","NASHVILLE 3.1 WSW, TN US","36.162676","-86.83998","142.0","2026-04-02",,,,,,,"0.0",",,N","0.0",",,N",,,,,,,,,,,,,,,,,,,,,,
"US1TNDV0053","NASHVILLE 3.1 WSW, TN US","36.162676","-86.83998","142.0","2026-04-03",,,,,,,"0.0",",,N","0.0",",,N",,,,,,,,,,,,,,,,,,,,,,
"US1TNDV0053","NASHVILLE 3.1 WSW, TN US","36.162676","-86.83998","142.0","2026-04-04",,,,,,,"0.0",",,N","0.0",",,N",,,,,,,,,,,,,,,,,,,,,,
"US1TNDV0053","NASHVILLE 3.1 WSW, TN US","36.162676","-86.83998","142.0","2026-04-05",,,,,,,"19.1",",,N",,,,,,,,,,,,,,,,,,,,,,,,
"US1TNDV0053","NASHVILLE 3.1 WSW, TN US","36.162676","-86.83998","142.0","2026-04-06",,,,,,,"0.0",",,N","0.0",",,N",,,,,,,,,,,,,,,,,,,,,,
"US1TNDV0053","NASHVILLE 3.1 WSW, TN US","36.162676","-86.83998","142.0","2026-04-07",,,,,,,"0.0",",,N","0.0",",,N",,,,,,,,,,,,,,,,,,,,,,
"US1TNDV0053","NASHVILLE 3.1 WSW, TN US","36.162676","-86.83998","142.0","2026-04-08",,,,,,,"0.0",",,N","0.0",",,N",,,,,,,,,,,,,,,,,,,,,,
"US1TNDV0053","NASHVILLE 3.1 WSW, TN US","36.162676","-86.83998","142.0","2026-04-09",,,,,,,"0.0",",,N","0.0",",,N",,,,,,,,,,,,,,,,,,,,,,
"US1TNDV0053","NASHVILLE 3.1 WSW, TN US","36.162676","-86.83998","142.0","2026-04-10",,,,,,,"0.0",",,N","0.0",",,N",,,,,,,,,,,,,,,,,,,,,,
"US1TNDV0053","NASHVILLE 3.1 WSW, TN US","36.162676","-86.83998","142.0","2026-04-11",,,,,,,"0.0",",,N","0.0",",,N",,,,,,,,,,,,,,,,,,,,,,
"US1TNDV0053","NASHVILLE 3.1 WSW, TN US","36.162676","-86.83998","142.0","2026-04-12",,,,,,,"0.0",",,N","0.0",",,N",,,,,,,,,,,,,,,,,,,,,,
"US1TNDV0053","NASHVILLE 3.1 WSW, TN US","36.162676","-86.83998","142.0","2026-04-13",,,,,,,"0.0",",,N","0.0",",,N",,,,,,,,,,,,,,,,,,,,,,
"US1TNDV0053","NASHVILLE 3.1 WSW, TN US","36.162676","-86.83998","142.0","2026-04-16",,,,,,,"0.0",",,N","0.0",",,N",,,,,,,,,,,,,,,,,,,,,,
"US1TNDV0053","NASHVILLE 3.1 WSW, TN US","36.162676","-86.83998","142.0","2026-04-17",,,,,,,"10.4",",,N",,,,,,,,,,,,,,,,,,,,,,,,
"US1TNDV0053","NASHVILLE 3.1 WSW, TN US","36.162676","-86.83998","142.0","2026-04-18",,,,,,,"0.0",",,N","0.0",",,N",,,,,,,,,,,,,,,,,,,,,,
"US1TNDV0053","NASHVILLE 3.1 WSW, TN US","36.162676","-86.83998","142.0","2026-04-19",,,,,,,"0.0",",,N","0.0",",,N",,,,,,,,,,,,,,,,,,,,,,
"US1TNDV0053","NASHVILLE 3.1 WSW, TN US","36.162676","-86.83998","142.0","2026-04-20",,,,,,,"0.0",",,N","0.0",",,N",,,,,,,,,,,,,,,,,,,,,,
"US1TNDV0053","NASHVILLE 3.1 WSW, TN US","36.162676","-86.83998","142.0","2026-04-21",,,,,,,"0.0",",,N","0.0",",,N",,,,,,,,,,,,,,,,,,,,,,
"US1TNDV0053","NASHVILLE 3.1 WSW, TN US","36.162676","-86.83998","142.0","2026-04-22",,,,,,,"0.0",",,N","0.0",",,N",,,,,,,,,,,,,,,,,,,,,,
"US1TNDV0053","NASHVILLE 3.1 WSW, TN US","36.162676","-86.83998","142.0","2026-04-23",,,,,,,"0.0",",,N","0.0",",,N",,,,,,,,,,,,,,,,,,,,,,
"US1TNDV0053","NASHVILLE 3.1 WSW, TN US","36.162676","-86.83998","142.0","2026-04-24",,,,,,,"0.0",",,N","0.0",",,N",,,,,,,,,,,,,,,,,,,,,,
"US1TNDV0053","NASHVILLE 3.1 WSW, TN US","36.162676","-86.83998","142.0","2026-04-25",,,,,,,"0.0",",,N","0.0",",,N",,,,,,,,,,,,,,,,,,,,,,
"US1TNDV0053","NASHVILLE 3.1 WSW, TN US","36.162676","-86.83998","142.0","2026-04-26",,,,,,,"0.0",",,N","0.0",",,N",,,,,,,,,,,,,,,,,,,,,,
"US1TNDV0053","NASHVILLE 3.1 WSW, TN US","36.162676","-86.83998","142.0","2026-04-27",,,,,,,"0.0",",,N","0.0",",,N",,,,,,,,,,,,,,,,,,,,,,
"US1TNDV0053","NASHVILLE 3.1 WSW, TN US","36.162676","-86.83998","142.0","2026-04-28",,,,,,,"37.6",",,N",,,,,,,,,,,,,,,,,,,,,,,,
"US1TNDV0053","NASHVILLE 3.1 WSW, TN US","36.162676","-86.83998","142.0","2026-04-29",,,,,,,"14.5",",,N",,,,,,,,,,,,,,,,,,,,,,,,
"USC00401640","CHARLOTTE, TN US","36.1725","-87.31389","210.0","2026-04-06",,,,,,,"0.0",",,H,0700",,,,,,,"16.7",",,H","1.7",",,H","4.4",",,H,0700",,,,,,,,,,,,
"USC00401640","CHARLOTTE, TN US","36.1725","-87.31389","210.0","2026-04-07",,,,,,,"0.0",",,H,0700",,,,,,,"19.4",",,H","2.2",",,H","4.4",",,H,0700",,,,,,,,,,,,
"USC00401640","CHARLOTTE, TN US","36.1725","-87.31389","210.0","2026-04-08",,,,,,,"0.0",",,H,0700",,,,,,,"17.8",",,H","3.9",",,H","5.0",",,H,0700",,,,,,,,,,,,
"USC00401640","CHARLOTTE, TN US","36.1725","-87.31389","210.0","2026-04-10",,,,,,,"0.0",",,H,0700",,,,,,,"25.0",",,H","8.9",",,H","8.9",",,H,0700",,,,,,,,,,,,
"USC00401640","CHARLOTTE, TN US","36.1725","-87.31389","210.0","2026-04-13",,,,,,,"0.0",",,H,0700",,,,,,,"28.9",",,H","8.9",",,H","20.0",",,H,0700",,,,,,,,,,,,
"USC00401640","CHARLOTTE, TN US","36.1725","-87.31389","210.0","2026-04-14",,,,,,,"0.0",",,H,0700",,,,,,,"25.0",",,H","16.7",",,H","20.6",",,H,0700",,,,,,,,,,,,
"USC00401640","CHARLOTTE, TN US","36.1725","-87.31389","210.0","2026-04-15",,,,,,,"0.0",",,H,0700",,,,,,,"28.9",",,H","16.7",",,H","17.8",",,H,0700",,,,,,,,,,,,
"USC00401640","CHARLOTTE, TN US","36.1725","-87.31389","210.0","2026-04-20",,,,,,,"0.0",",,H,0700",,,,,,,"24.4",",,H","3.3",",,H","6.1",",,H,0700",,,,,,,,,,,,
"USC00401640","CHARLOTTE, TN US","36.1725","-87.31389","210.0","2026-04-21",,,,,,,"0.0",",,H,0700",,,,,,,"21.7",",,H","5.6",",,H","7.8",",,H,0700",,,,,,,,,,,,
"USC00401640","CHARLOTTE, TN US","36.1725","-87.31389","210.0","2026-04-22",,,,,,,"0.0",",,H,0700",,,,,,,"21.7",",,H","7.2",",,H","10.0",",,H,0700",,,,,,,,,,,,
"USC00401640","CHARLOTTE, TN US","36.1725","-87.31389","210.0","2026-04-23",,,,,,,"0.0",",,H,0700",,,,,,,"27.2",",,H","8.9",",,H","11.7",",,H,0700",,,,,,,,,,,,
"USC00401640","CHARLOTTE, TN US","36.1725","-87.31389","210.0","2026-04-24",,,,,,,"0.0",",,H,0700",,,,,,,"28.3",",,H","8.9",",,H","14.4",",,H,0700",,,,,,,,,,,,
"USC00401640","CHARLOTTE, TN US","36.1725","-87.31389","210.0","2026-04-27",,,,,,,"0.0",",,H,0700",,,,,,,"27.2",",,H","10.6",",,H","14.4",",,H,0700",,,,,,,,,,,,
"USC00401640","CHARLOTTE, TN US","36.1725","-87.31389","210.0","2026-04-28",,,,,,,"16.5",",,H,0700",,,,,,,"28.3",",,H","13.9",",,H","17.2",",,H,0700",,,,,,,,,,,,
"USC00401640","CHARLOTTE, TN US","36.1725","-87.31389","210.0","2026-04-29",,,,,,,"38.1",",,H,0700",,,,,,,"28.3",",,H","14.4",",,H","17.2",",,H,0700",,,,,,,,,,,,
"US1TNDV0176","NASHVILLE 6.1 ENE, TN US","36.1981","-86.6813","139.3","2026-04-04",,,,,,,"25.1",",,N",,,,,,,,,,,,,,,,,,,,,,,,
"US1TNDV0176","NASHVILLE 6.1 ENE, TN US","36.1981","-86.6813","139.3","2026-04-13",,,,,,,"1.3",",,N",,,,,,,,,,,,,,,,,,,,,,,,
"US1TNDV0176","NASHVILLE 6.1 ENE, TN US","36.1981","-86.6813","139.3","2026-04-16",,,,,,,"3.0",",,N",,,,,,,,,,,,,,,,,,,,,,,,
"US1TNDV0176","NASHVILLE 6.1 ENE, TN US","36.1981","-86.6813","139.3","2026-04-28",,,,,,,"1.8",",,N",,,,,,,,,,,,,,,,,,,,,,,,
"US1TNWL0063","FAIRVIEW 1.4 WNW, TN US","35.9893","-87.1459","263.3","2026-04-01",,,,,,,"0.0",",,N","0.0",",,N",,,,,,,,,,,,,,,,,,,,,,
"US1TNWL0063","FAIRVIEW 1.4 WNW, TN US","35.9893","-87.1459","263.3","2026-04-02",,,,,,,"1.0",",,N",,,,,,,,,,,,,,,,,,,,,,,,
"US1TNWL0063","FAIRVIEW 1.4 WNW, TN US","35.9893","-87.1459","263.3","2026-04-03",,,,,,,"0.0",",,N","0.0",",,N",,,,,,,,,,,,,,,,,,,,,,
"US1TNWL0063","FAIRVIEW 1.4 WNW, TN US","35.9893","-87.1459","263.3","2026-04-04",,,,,,,"0.0",",,N","0.0",",,N",,,,,,,,,,,,,,,,,,,,,,
"US1TNWL0063","FAIRVIEW 1.4 WNW, TN US","35.9893","-87.1459","263.3","2026-04-05",,,,,,,"18.3",",,N",,,,,,,,,,,,,,,,,,,,,,,,
"US1TNWL0063","FAIRVIEW 1.4 WNW, TN US","35.9893","-87.1459","263.3","2026-04-06",,,,,,,"0.0",",,N","0.0",",,N",,,,,,,,,,,,,,,,,,,,,,
"US1TNWL0063","FAIRVIEW 1.4 WNW, TN US","35.9893","-87.1459","263.3","2026-04-07",,,,,,,"0.0",",,N","0.0",",,N",,,,,,,,,,,,,,,,,,,,,,
"US1TNWL0063","FAIRVIEW 1.4 WNW, TN US","35.9893","-87.1459","263.3","2026-04-08",,,,,,,"0.0",",,N","0.0",",,N",,,,,,,,,,,,,,,,,,,,,,
"US1TNWL0063","FAIRVIEW 1.4 WNW, TN US","35.9893","-87.1459","263.3","2026-04-10",,,,,,,"0.0",",,N","0.0",",,N",,,,,,,,,,,,,,,,,,,,,,
"US1TNWL0063","FAIRVIEW 1.4 WNW, TN US","35.9893","-87.1459","263.3","2026-04-11",,,,,,,"0.0",",,N","0.0",",,N",,,,,,,,,,,,,,,,,,,,,,
"US1TNWL0063","FAIRVIEW 1.4 WNW, TN US","35.9893","-87.1459","263.3","2026-04-12",,,,,,,"0.0",",,N","0.0",",,N",,,,,,,,,,,,,,,,,,,,,,
"US1TNWL0063","FAIRVIEW 1.4 WNW, TN US","35.9893","-87.1459","263.3","2026-04-14",,,,,,,"1.3",",,N",,,,,,,,,,,,,,,,,,,,,,,,
"US1TNWL0063","FAIRVIEW 1.4 WNW, TN US","35.9893","-87.1459","263.3","2026-04-15",,,,,,,"0.0",",,N","0.0",",,N",,,,,,,,,,,,,,,,,,,,,,
"US1TNWL0063","FAIRVIEW 1.4 WNW, TN US","35.9893","-87.1459","263.3","2026-04-16",,,,,,,"0.0",",,N","0.0",",,N",,,,,,,,,,,,,,,,,,,,,,
"US1TNWL0063","FAIRVIEW 1.4 WNW, TN US","35.9893","-87.1459","263.3","2026-04-17",,,,,,,"6.9",",,N",,,,,,,,,,,,,,,,,,,,,,,,
"US1TNWL0063","FAIRVIEW 1.4 WNW, TN US","35.9893","-87.1459","263.3","2026-04-18",,,,,,,"0.0",",,N","0.0",",,N",,,,,,,,,,,,,,,,,,,,,,
"US1TNWL0063","FAIRVIEW 1.4 WNW, TN US","35.9893","-87.1459","263.3","2026-04-19",,,,,,,"0.8",",,N",,,,,,,,,,,,,,,,,,,,,,,,
"US1TNWL0063","FAIRVIEW 1.4 WNW, TN US","35.9893","-87.1459","263.3","2026-04-20",,,,,,,"0.0",",,N","0.0",",,N",,,,,,,,,,,,,,,,,,,,,,
"US1TNWL0063","FAIRVIEW 1.4 WNW, TN US","35.9893","-87.1459","263.3","2026-04-21",,,,,,,"0.0",",,N","0.0",",,N",,,,,,,,,,,,,,,,,,,,,,
"US1TNWL0063","FAIRVIEW 1.4 WNW, TN US","35.9893","-87.1459","263.3","2026-04-22",,,,,,,"0.0",",,N","0.0",",,N",,,,,,,,,,,,,,,,,,,,,,
"US1TNWL0063","FAIRVIEW 1.4 WNW, TN US","35.9893","-87.1459","263.3","2026-04-23",,,,,,,"0.0",",,N","0.0",",,N",,,,,,,,,,,,,,,,,,,,,,
"US1TNWL0063","FAIRVIEW 1.4 WNW, TN US","35.9893","-87.1459","263.3","2026-04-24",,,,,,,"0.0",",,N","0.0",",,N",,,,,,,,,,,,,,,,,,,,,,
"US1TNWL0063","FAIRVIEW 1.4 WNW, TN US","35.9893","-87.1459","263.3","2026-04-25",,,,,,,"0.0","T,,N",,,,,,,,,,,,,,,,,,,,,,,,
"US1TNWL0063","FAIRVIEW 1.4 WNW, TN US","35.9893","-87.1459","263.3","2026-04-26",,,,,,,"0.0",",,N","0.0",",,N",,,,,,,,,,,,,,,,,,,,,,
"US1TNWL0063","FAIRVIEW 1.4 WNW, TN US","35.9893","-87.1459","263.3","2026-04-27",,,,,,,"0.0",",,N","0.0",",,N",,,,,,,,,,,,,,,,,,,,,,
"US1TNWL0063","FAIRVIEW 1.4 WNW, TN US","35.9893","-87.1459","263.3","2026-04-28",,,,,,,"17.8",",,N",,,,,,,,,,,,,,,,,,,,,,,,
"US1TNWL0063","FAIRVIEW 1.4 WNW, TN US","35.9893","-87.1459","263.3","2026-04-29",,,,,,,"22.6",",,N",,,,,,,,,,,,,,,,,,,,,,,,
"US1TNDV0172","NASHVILLE 4.7 SW, TN US","36.1132","-86.8408","153.9","2026-04-01",,,,,,,"0.0",",,N","0.0",",,N",,,,,,,,,,,,,,,,,,,,,,
"US1TNDV0172","NASHVILLE 4.7 SW, TN US","36.1132","-86.8408","153.9","2026-04-02",,,,,,,"0.0",",,N","0.0",",,N",,,,,,,,,,,,,,,,,,,,,,
"US1TNDV0172","NASHVILLE 4.7 SW, TN US","36.1132","-86.8408","153.9","2026-04-03",,,,,,,"0.0",",,N","0.0",",,N",,,,,,,,,,,,,,,,,,,,,,
"US1TNDV0172","NASHVILLE 4.7 SW, TN US","36.1132","-86.8408","153.9","2026-04-04",,,,,,,"0.0",",,N","0.0",",,N",,,,,,,,,,,,,,,,,,,,,,
"US1TNDV0172","NASHVILLE 4.7 SW, TN US","36.1132","-86.8408","153.9","2026-04-05",,,,,,,"20.8",",,N",,,,,,,,,,,,,,,,,,,,,,,,
"US1TNDV0172","NASHVILLE 4.7 SW, TN US","36.1132","-86.8408","153.9","2026-04-06",,,,,,,"0.0",",,N","0.0",",,N",,,,,,,,,,,,,,,,,,,,,,
"US1TNDV0172","NASHVILLE 4.7 SW, TN US","36.1132","-86.8408","153.9","2026-04-07",,,,,,,"0.0",",,N","0.0",",,N",,,,,,,,,,,,,,,,,,,,,,
"US1TNDV0172","NASHVILLE 4.7 SW, TN US","36.1132","-86.8408","153.9","2026-04-08",,,,,,,"0.0",",,N","0.0",",,N",,,,,,,,,,,,,,,,,,,,,,
"US1TNDV0172","NASHVILLE 4.7 SW, TN US","36.1132","-86.8408","153.9","2026-04-09",,,,,,,"0.0",",,N","0.0",",,N",,,,,,,,,,,,,,,,,,,,,,
"US1TNDV0172","NASHVILLE 4.7 SW, TN US","36.1132","-86.8408","153.9","2026-04-10",,,,,,,"0.0",",,N","0.0",",,N",,,,,,,,,,,,,,,,,,,,,,
"US1TNDV0172","NASHVILLE 4.7 SW, TN US","36.1132","-86.8408","153.9","2026-04-11",,,,,,,"0.0",",,N","0.0",",,N",,,,,,,,,,,,,,,,,,,,,,
"US1TNDV0172","NASHVILLE 4.7 SW, TN US","36.1132","-86.8408","153.9","2026-04-12",,,,,,,"0.0",",,N","0.0",",,N",,,,,,,,,,,,,,,,,,,,,,
"US1TNDV0172","NASHVILLE 4.7 SW, TN US","36.1132","-86.8408","153.9","2026-04-13",,,,,,,"0.0",",,N","0.0",",,N",,,,,,,,,,,,,,,,,,,,,,
"US1TNDV0172","NASHVILLE 4.7 SW, TN US","36.1132","-86.8408","153.9","2026-04-14",,,,,,,"1.5",",,N",,,,,,,,,,,,,,,,,,,,,,,,
"US1TNDV0172","NASHVILLE 4.7 SW, TN US","36.1132","-86.8408","153.9","2026-04-15",,,,,,,"0.0",",,N","0.0",",,N",,,,,,,,,,,,,,,,,,,,,,
"US1TNDV0172","NASHVILLE 4.7 SW, TN US","36.1132","-86.8408","153.9","2026-04-16",,,,,,,"0.0",",,N","0.0",",,N",,,,,,,,,,,,,,,,,,,,,,
"US1TNDV0172","NASHVILLE 4.7 SW, TN US","36.1132","-86.8408","153.9","2026-04-17",,,,,,,"23.4",",,N",,,,,,,,,,,,,,,,,,,,,,,,
"US1TNDV0172","NASHVILLE 4.7 SW, TN US","36.1132","-86.8408","153.9","2026-04-18",,,,,,,"0.0",",,N","0.0",",,N",,,,,,,,,,,,,,,,,,,,,,
"US1TNDV0172","NASHVILLE 4.7 SW, TN US","36.1132","-86.8408","153.9","2026-04-19",,,,,,,"0.5",",,N",,,,,,,,,,,,,,,,,,,,,,,,
"US1TNDV0172","NASHVILLE 4.7 SW, TN US","36.1132","-86.8408","153.9","2026-04-20",,,,,,,"0.0",",,N","0.0",",,N",,,,,,,,,,,,,,,,,,,,,,
"US1TNDV0172","NASHVILLE 4.7 SW, TN US","36.1132","-86.8408","153.9","2026-04-21",,,,,,,"0.0",",,N","0.0",",,N",,,,,,,,,,,,,,,,,,,,,,
"US1TNDV0172","NASHVILLE 4.7 SW, TN US","36.1132","-86.8408","153.9","2026-04-22",,,,,,,"0.0",",,N","0.0",",,N",,,,,,,,,,,,,,,,,,,,,,
"US1TNDV0172","NASHVILLE 4.7 SW, TN US","36.1132","-86.8408","153.9","2026-04-23",,,,,,,"0.0",",,N","0.0",",,N",,,,,,,,,,,,,,,,,,,,,,
"US1TNDV0172","NASHVILLE 4.7 SW, TN US","36.1132","-86.8408","153.9","2026-04-28",,,"    5",",,N","37.1",",,N",,,,,,,,,,,,,,,,,,,,,,,,,,
"US1TNDV0172","NASHVILLE 4.7 SW, TN US","36.1132","-86.8408","153.9","2026-04-29",,,,,,,"15.0",",,N",,,,,,,,,,,,,,,,,,,,,,,,
"US1TNMT0105","FREDONIA 0.5 ESE, TN US","36.43486","-87.20992","193.9","2026-04-01",,,,,,,"0.0",",,N","0.0",",,N",,,,,,,,,,,,,,,,,,,,,,
"US1TNMT0105","FREDONIA 0.5 ESE, TN US","36.43486","-87.20992","193.9","2026-04-02",,,,,,,"0.0",",,N","0.0",",,N",,,,,,,,,,,,,,,,,,,,,,
"US1TNMT0105","FREDONIA 0.5 ESE, TN US","36.43486","-87.20992","193.9","2026-04-03",,,,,,,"2.0",",,N",,,,,,,,,,,,,,,,,,,,,,,,
"US1TNMT0105","FREDONIA 0.5 ESE, TN US","36.43486","-87.20992","193.9","2026-04-04",,,,,,,"0.0",",,N","0.0",",,N",,,,,,,,,,,,,,,,,,,,,,
"US1TNMT0105","FREDONIA 0.5 ESE, TN US","36.43486","-87.20992","193.9","2026-04-05",,,,,,,"13.7",",,N",,,,,,,,,,,,,,,,,,,,,,,,
"US1TNMT0105","FREDONIA 0.5 ESE, TN US","36.43486","-87.20992","193.9","2026-04-06",,,,,,,"0.0",",,N","0.0",",,N",,,,,,,,,,,,,,,,,,,,,,
"US1TNMT0105","FREDONIA 0.5 ESE, TN US","36.43486","-87.20992","193.9","2026-04-07",,,,,,,"0.0",",,N","0.0",",,N",,,,,,,,,,,,,,,,,,,,,,
"US1TNMT0105","FREDONIA 0.5 ESE, TN US","36.43486","-87.20992","193.9","2026-04-08",,,,,,,"0.0",",,N","0.0",",,N",,,,,,,,,,,,,,,,,,,,,,
"US1TNMT0105","FREDONIA 0.5 ESE, TN US","36.43486","-87.20992","193.9","2026-04-09",,,,,,,"0.0",",,N","0.0",",,N",,,,,,,,,,,,,,,,,,,,,,
"US1TNMT0105","FREDONIA 0.5 ESE, TN US","36.43486","-87.20992","193.9","2026-04-10",,,,,,,"0.0",",,N","0.0",",,N",,,,,,,,,,,,,,,,,,,,,,
"US1TNMT0105","FREDONIA 0.5 ESE, TN US","36.43486","-87.20992","193.9","2026-04-11",,,,,,,"0.0",",,N","0.0",",,N",,,,,,,,,,,,,,,,,,,,,,
"US1TNMT0105","FREDONIA 0.5 ESE, TN US","36.43486","-87.20992","193.9","2026-04-12",,,,,,,"0.0","T,,N",,,,,,,,,,,,,,,,,,,,,,,,
"US1TNMT0105","FREDONIA 0.5 ESE, TN US","36.43486","-87.20992","193.9","2026-04-13",,,,,,,"0.0",",,N","0.0",",,N",,,,,,,,,,,,,,,,,,,,,,
"US1TNMT0105","FREDONIA 0.5 ESE, TN US","36.43486","-87.20992","193.9","2026-04-14",,,,,,,"1.0",",,N",,,,,,,,,,,,,,,,,,,,,,,,
"US1TNMT0105","FREDONIA 0.5 ESE, TN US","36.43486","-87.20992","193.9","2026-04-15",,,,,,,"0.0",",,N","0.0",",,N",,,,,,,,,,,,,,,,,,,,,,
"US1TNMT0105","FREDONIA 0.5 ESE, TN US","36.43486","-87.20992","193.9","2026-04-16",,,,,,,"0.0",",,N","0.0",",,N",,,,,,,,,,,,,,,,,,,,,,
"US1TNMT0105","FREDONIA 0.5 ESE, TN US","36.43486","-87.20992","193.9","2026-04-17",,,,,,,"10.2",",,N",,,,,,,,,,,,,,,,,,,,,,,,
"US1TNMT0105","FREDONIA 0.5 ESE, TN US","36.43486","-87.20992","193.9","2026-04-18",,,,,,,"0.0",",,N","0.0",",,N",,,,,,,,,,,,,,,,,,,,,,
"US1TNMT0105","FREDONIA 0.5 ESE, TN US","36.43486","-87.20992","193.9","2026-04-19",,,,,,,"3.0",",,N",,,,,,,,,,,,,,,,,,,,,,,,
"US1TNMT0105","FREDONIA 0.5 ESE, TN US","36.43486","-87.20992","193.9","2026-04-20",,,,,,,"0.0",",,N","0.0",",,N",,,,,,,,,,,,,,,,,,,,,,
"US1TNMT0105","FREDONIA 0.5 ESE, TN US","36.43486","-87.20992","193.9","2026-04-21",,,,,,,"0.0",",,N","0.0",",,N",,,,,,,,,,,,,,,,,,,,,,
"US1TNMT0105","FREDONIA 0.5 ESE, TN US","36.43486","-87.20992","193.9","2026-04-22",,,,,,,"0.0",",,N","0.0",",,N",,,,,,,,,,,,,,,,,,,,,,
"US1TNMT0105","FREDONIA 0.5 ESE, TN US","36.43486","-87.20992","193.9","2026-04-23",,,,,,,"0.0",",,N","0.0",",,N",,,,,,,,,,,,,,,,,,,,,,
"US1TNMT0105","FREDONIA 0.5 ESE, TN US","36.43486","-87.20992","193.9","2026-04-24",,,,,,,"0.0",",,N","0.0",",,N",,,,,,,,,,,,,,,,,,,,,,
"US1TNMT0105","FREDONIA 0.5 ESE, TN US","36.43486","-87.20992","193.9","2026-04-25",,,,,,,"1.5",",,N",,,,,,,,,,,,,,,,,,,,,,,,
"US1TNMT0105","FREDONIA 0.5 ESE, TN US","36.43486","-87.20992","193.9","2026-04-26",,,,,,,"0.0",",,N","0.0",",,N",,,,,,,,,,,,,,,,,,,,,,
"US1TNMT0105","FREDONIA 0.5 ESE, TN US","36.43486","-87.20992","193.9","2026-04-27",,,,,,,"0.0",",,N","0.0",",,N",,,,,,,,,,,,,,,,,,,,,,
"US1TNMT0105","FREDONIA 0.5 ESE, TN US","36.43486","-87.20992","193.9","2026-04-28",,,,,,,"34.8",",,N",,,,,,,,,,,,,,,,,,,,,,,,
"US1TNMT0105","FREDONIA 0.5 ESE, TN US","36.43486","-87.20992","193.9","2026-04-29",,,,,,,"17.3",",,N",,,,,,,,,,,,,,,,,,,,,,,,
"US1TNMT0105","FREDONIA 0.5 ESE, TN US","36.43486","-87.20992","193.9","2026-04-30",,,,,,,"0.3",",,N",,,,,,,,,,,,,,,,,,,,,,,,
"US1TNDV0050","BELLE MEADE 5.3 WSW, TN US","36.067335","-86.941302","182.0","2026-04-01",,,,,,,"0.0",",,N","0.0",",,N",,,,,,,,,,,,,,,,,,,,,,
"US1TNDV0050","BELLE MEADE 5.3 WSW, TN US","36.067335","-86.941302","182.0","2026-04-02",,,,,,,"0.0",",,N","0.0",",,N",,,,,,,,,,,,,,,,,,,,,,
"US1TNDV0050","BELLE MEADE 5.3 WSW, TN US","36.067335","-86.941302","182.0","2026-04-03",,,,,,,"0.0","T,,N","0.0",",,N",,,,,,,,,,,,,,,,,,,,,,
"US1TNDV0050","BELLE MEADE 5.3 WSW, TN US","36.067335","-86.941302","182.0","2026-04-04",,,,,,,"0.0",",,N","0.0",",,N",,,,,,,,,,,,,,,,,,,,,,
"US1TNDV0050","BELLE MEADE 5.3 WSW, TN US","36.067335","-86.941302","182.0","2026-04-05",,,,,,,"12.2",",,N",,,,,,,,,,,,,,,,,,,,,,,,
"US1TNDV0050","BELLE MEADE 5.3 WSW, TN US","36.067335","-86.941302","182.0","2026-04-06",,,,,,,"0.0",",,N","0.0",",,N",,,,,,,,,,,,,,,,,,,,,,
"US1TNDV0050","BELLE MEADE 5.3 WSW, TN US","36.067335","-86.941302","182.0","2026-04-07",,,,,,,"0.0",",,N","0.0",",,N",,,,,,,,,,,,,,,,,,,,,,
"US1TNDV0050","BELLE MEADE 5.3 WSW, TN US","36.067335","-86.941302","182.0","2026-04-08",,,,,,,"0.0",",,N","0.0",",,N",,,,,,,,,,,,,,,,,,,,,,
"US1TNDV0050","BELLE MEADE 5.3 WSW, TN US","36.067335","-86.941302","182.0","2026-04-09",,,,,,,"0.0",",,N","0.0",",,N",,,,,,,,,,,,,,,,,,,,,,
"US1TNDV0050","BELLE MEADE 5.3 WSW, TN US","36.067335","-86.941302","182.0","2026-04-10",,,,,,,"0.0",",,N","0.0",",,N",,,,,,,,,,,,,,,,,,,,,,
"US1TNDV0050","BELLE MEADE 5.3 WSW, TN US","36.067335","-86.941302","182.0","2026-04-11",,,,,,,"0.0",",,N","0.0",",,N",,,,,,,,,,,,,,,,,,,,,,
"US1TNDV0050","BELLE MEADE 5.3 WSW, TN US","36.067335","-86.941302","182.0","2026-04-12",,,,,,,"0.0","T,,N","0.0",",,N",,,,,,,,,,,,,,,,,,,,,,
"US1TNDV0050","BELLE MEADE 5.3 WSW, TN US","36.067335","-86.941302","182.0","2026-04-13",,,,,,,"0.5",",,N","0.0",",,N",,,,,,,,,,,,,,,,,,,,,,
"US1TNDV0050","BELLE MEADE 5.3 WSW, TN US","36.067335","-86.941302","182.0","2026-04-14",,,,,,,"1.0",",,N",,,,,,,,,,,,,,,,,,,,,,,,
"US1TNDV0050","BELLE MEADE 5.3 WSW, TN US","36.067335","-86.941302","182.0","2026-04-15",,,,,,,"0.0",",,N","0.0",",,N",,,,,,,,,,,,,,,,,,,,,,
"US1TNDV0050","BELLE MEADE 5.3 WSW, TN US","36.067335","-86.941302","182.0","2026-04-16",,,,,,,"0.0",",,N","0.0",",,N",,,,,,,,,,,,,,,,,,,,,,
"US1TNDV0050","BELLE MEADE 5.3 WSW, TN US","36.067335","-86.941302","182.0","2026-04-17",,,,,,,"10.4",",,N",,,,,,,,,,,,,,,,,,,,,,,,
"US1TNDV0050","BELLE MEADE 5.3 WSW, TN US","36.067335","-86.941302","182.0","2026-04-18",,,,,,,"0.5",",,N",,,,,,,,,,,,,,,,,,,,,,,,
"US1TNDV0050","BELLE MEADE 5.3 WSW, TN US","36.067335","-86.941302","182.0","2026-04-19",,,,,,,"0.0","T,,N",,,,,,,,,,,,,,,,,,,,,,,,
"US1TNDV0050","BELLE MEADE 5.3 WSW, TN US","36.067335","-86.941302","182.0","2026-04-20",,,,,,,"0.0",",,N","0.0",",,N",,,,,,,,,,,,,,,,,,,,,,
"US1TNDV0050","BELLE MEADE 5.3 WSW, TN US","36.067335","-86.941302","182.0","2026-04-21",,,,,,,"0.0",",,N","0.0",",,N",,,,,,,,,,,,,,,,,,,,,,
"US1TNDV0050","BELLE MEADE 5.3 WSW, TN US","36.067335","-86.941302","182.0","2026-04-22",,,,,,,"0.0",",,N","0.0",",,N",,,,,,,,,,,,,,,,,,,,,,
"US1TNDV0050","BELLE MEADE 5.3 WSW, TN US","36.067335","-86.941302","182.0","2026-04-23",,,,,,,"0.0",",,N","0.0",",,N",,,,,,,,,,,,,,,,,,,,,,
"US1TNDV0050","BELLE MEADE 5.3 WSW, TN US","36.067335","-86.941302","182.0","2026-04-24",,,,,,,"0.0",",,N","0.0",",,N",,,,,,,,,,,,,,,,,,,,,,
"US1TNDV0050","BELLE MEADE 5.3 WSW, TN US","36.067335","-86.941302","182.0","2026-04-25",,,,,,,"0.0","T,,N","0.0",",,N",,,,,,,,,,,,,,,,,,,,,,
"US1TNDV0050","BELLE MEADE 5.3 WSW, TN US","36.067335","-86.941302","182.0","2026-04-26",,,,,,,"0.0",",,N","0.0",",,N",,,,,,,,,,,,,,,,,,,,,,
"US1TNDV0050","BELLE MEADE 5.3 WSW, TN US","36.067335","-86.941302","182.0","2026-04-27",,,,,,,"0.0",",,N","0.0",",,N",,,,,,,,,,,,,,,,,,,,,,
"US1TNDV0050","BELLE MEADE 5.3 WSW, TN US","36.067335","-86.941302","182.0","2026-04-28",,,,,,,"23.9",",,N",,,,,,,,,,,,,,,,,,,,,,,,
"US1TNDV0050","BELLE MEADE 5.3 WSW, TN US","36.067335","-86.941302","182.0","2026-04-29",,,,,,,"18.3",",,N",,,,,,,,,,,,,,,,,,,,,,,,
"US1TNDV0050","BELLE MEADE 5.3 WSW, TN US","36.067335","-86.941302","182.0","2026-04-30",,,,,,,"0.5",",,N",,,,,,,,,,,,,,,,,,,,,,,,
"US1TNCH0030","ASHLAND CITY 8.7 NW, TN US","36.370699360777","-87.1653247863314","196.0","2026-04-01",,,,,,,"0.0",",,N","0.0",",,N",,,,,,,,,,,,,,,,,,,,,,
"US1TNCH0030","ASHLAND CITY 8.7 NW, TN US","36.370699360777","-87.1653247863314","196.0","2026-04-02",,,,,,,"0.0",",,N","0.0",",,N",,,,,,,,,,,,,,,,,,,,,,
"US1TNCH0030","ASHLAND CITY 8.7 NW, TN US","36.370699360777","-87.1653247863314","196.0","2026-04-03",,,,,,,"0.8",",,N",,,,,,,,,,,,,,,,,,,,,,,,
"US1TNCH0030","ASHLAND CITY 8.7 NW, TN US","36.370699360777","-87.1653247863314","196.0","2026-04-04",,,,,,,"0.0",",,N","0.0",",,N",,,,,,,,,,,,,,,,,,,,,,
"US1TNCH0030","ASHLAND CITY 8.7 NW, TN US","36.370699360777","-87.1653247863314","196.0","2026-04-05",,,,,,,"15.0",",,N",,,,,,,,,,,,,,,,,,,,,,,,
"US1TNCH0030","ASHLAND CITY 8.7 NW, TN US","36.370699360777","-87.1653247863314","196.0","2026-04-06",,,,,,,"0.0",",,N","0.0",",,N",,,,,,,,,,,,,,,,,,,,,,
"US1TNCH0030","ASHLAND CITY 8.7 NW, TN US","36.370699360777","-87.1653247863314","196.0","2026-04-07",,,,,,,"0.0",",,N","0.0",",,N",,,,,,,,,,,,,,,,,,,,,,
"US1TNCH0030","ASHLAND CITY 8.7 NW, TN US","36.370699360777","-87.1653247863314","196.0","2026-04-08",,,,,,,"0.0",",,N","0.0",",,N",,,,,,,,,,,,,,,,,,,,,,
"US1TNCH0030","ASHLAND CITY 8.7 NW, TN US","36.370699360777","-87.1653247863314","196.0","2026-04-09",,,,,,,"0.0",",,N","0.0",",,N",,,,,,,,,,,,,,,,,,,,,,
"US1TNCH0030","ASHLAND CITY 8.7 NW, TN US","36.370699360777","-87.1653247863314","196.0","2026-04-10",,,,,,,"0.0",",,N","0.0",",,N",,,,,,,,,,,,,,,,,,,,,,
"US1TNCH0030","ASHLAND CITY 8.7 NW, TN US","36.370699360777","-87.1653247863314","196.0","2026-04-11",,,,,,,"0.0",",,N","0.0",",,N",,,,,,,,,,,,,,,,,,,,,,
"US1TNCH0030","ASHLAND CITY 8.7 NW, TN US","36.370699360777","-87.1653247863314","196.0","2026-04-12",,,,,,,"3.6",",,N",,,,,,,,,,,,,,,,,,,,,,,,
"US1TNCH0030","ASHLAND CITY 8.7 NW, TN US","36.370699360777","-87.1653247863314","196.0","2026-04-13",,,,,,,"0.0",",,N","0.0",",,N",,,,,,,,,,,,,,,,,,,,,,
"US1TNCH0030","ASHLAND CITY 8.7 NW, TN US","36.370699360777","-87.1653247863314","196.0","2026-04-14",,,,,,,"1.5",",,N",,,,,,,,,,,,,,,,,,,,,,,,
"US1TNCH0030","ASHLAND CITY 8.7 NW, TN US","36.370699360777","-87.1653247863314","196.0","2026-04-15",,,,,,,"0.0",",,N","0.0",",,N",,,,,,,,,,,,,,,,,,,,,,
"US1TNCH0030","ASHLAND CITY 8.7 NW, TN US","36.370699360777","-87.1653247863314","196.0","2026-04-17",,,,,,,"10.7",",,N",,,,,,,,,,,,,,,,,,,,,,,,
"US1TNCH0030","ASHLAND CITY 8.7 NW, TN US","36.370699360777","-87.1653247863314","196.0","2026-04-18",,,,,,,"0.0",",,N","0.0",",,N",,,,,,,,,,,,,,,,,,,,,,
"US1TNCH0030","ASHLAND CITY 8.7 NW, TN US","36.370699360777","-87.1653247863314","196.0","2026-04-19",,,,,,,"1.8",",,N",,,,,,,,,,,,,,,,,,,,,,,,
"US1TNCH0030","ASHLAND CITY 8.7 NW, TN US","36.370699360777","-87.1653247863314","196.0","2026-04-20",,,,,,,"0.0",",,N","0.0",",,N",,,,,,,,,,,,,,,,,,,,,,
"US1TNCH0030","ASHLAND CITY 8.7 NW, TN US","36.370699360777","-87.1653247863314","196.0","2026-04-21",,,,,,,"0.0",",,N","0.0",",,N",,,,,,,,,,,,,,,,,,,,,,
"US1TNCH0030","ASHLAND CITY 8.7 NW, TN US","36.370699360777","-87.1653247863314","196.0","2026-04-22",,,,,,,"0.0",",,N","0.0",",,N",,,,,,,,,,,,,,,,,,,,,,
"US1TNCH0030","ASHLAND CITY 8.7 NW, TN US","36.370699360777","-87.1653247863314","196.0","2026-04-23",,,,,,,"0.0",",,N","0.0",",,N",,,,,,,,,,,,,,,,,,,,,,
"US1TNCH0030","ASHLAND CITY 8.7 NW, TN US","36.370699360777","-87.1653247863314","196.0","2026-04-24",,,,,,,"0.0",",,N","0.0",",,N",,,,,,,,,,,,,,,,,,,,,,
"US1TNCH0030","ASHLAND CITY 8.7 NW, TN US","36.370699360777","-87.1653247863314","196.0","2026-04-25",,,,,,,"3.8",",,N",,,,,,,,,,,,,,,,,,,,,,,,
"US1TNCH0030","ASHLAND CITY 8.7 NW, TN US","36.370699360777","-87.1653247863314","196.0","2026-04-26",,,,,,,"0.0",",,N","0.0",",,N",,,,,,,,,,,,,,,,,,,,,,
"US1TNCH0030","ASHLAND CITY 8.7 NW, TN US","36.370699360777","-87.1653247863314","196.0","2026-04-27",,,,,,,"0.0",",,N","0.0",",,N",,,,,,,,,,,,,,,,,,,,,,
"US1TNCH0030","ASHLAND CITY 8.7 NW, TN US","36.370699360777","-87.1653247863314","196.0","2026-04-28",,,,,,,"35.1",",,N",,,,,,,,,,,,,,,,,,,,,,,,
"US1TNCH0030","ASHLAND CITY 8.7 NW, TN US","36.370699360777","-87.1653247863314","196.0","2026-04-29",,,,,,,"20.6",",,N",,,,,,,,,,,,,,,,,,,,,,,,
"US1TNCH0030","ASHLAND CITY 8.7 NW, TN US","36.370699360777","-87.1653247863314","196.0","2026-04-30",,,,,,,"0.0","T,,N",,,,,,,,,,,,,,,,,,,,,,,,
"US1TNWN0104","MOUNT JULIET 2.0 WSW, TN US","36.193792","-86.554497","158.8","2026-04-01",,,,,,,"0.0",",,N","0.0",",,N",,,,,,,,,,,,,,,,,,,,,,
"US1TNWN0104","MOUNT JULIET 2.0 WSW, TN US","36.193792","-86.554497","158.8","2026-04-02",,,,,,,"0.0",",,N","0.0",",,N",,,,,,,,,,,,,,,,,,,,,,
"US1TNWN0104","MOUNT JULIET 2.0 WSW, TN US","36.193792","-86.554497","158.8","2026-04-03",,,,,,,"0.0",",,N","0.0",",,N",,,,,,,,,,,,,,,,,,,,,,
"US1TNWN0104","MOUNT JULIET 2.0 WSW, TN US","36.193792","-86.554497","158.8","2026-04-04",,,,,,,"0.0",",,N","0.0",",,N",,,,,,,,,,,,,,,,,,,,,,
"US1TNWN0104","MOUNT JULIET 2.0 WSW, TN US","36.193792","-86.554497","158.8","2026-04-05",,,,,,,"28.4",",,N",,,,,,,,,,,,,,,,,,,,,,,,
"US1TNWN0104","MOUNT JULIET 2.0 WSW, TN US","36.193792","-86.554497","158.8","2026-04-06",,,,,,,"0.0",",,N","0.0",",,N",,,,,,,,,,,,,,,,,,,,,,
"US1TNWN0104","MOUNT JULIET 2.0 WSW, TN US","36.193792","-86.554497","158.8","2026-04-07",,,,,,,"0.0",",,N","0.0",",,N",,,,,,,,,,,,,,,,,,,,,,
"US1TNWN0104","MOUNT JULIET 2.0 WSW, TN US","36.193792","-86.554497","158.8","2026-04-08",,,,,,,"0.0",",,N","0.0",",,N",,,,,,,,,,,,,,,,,,,,,,
"US1TNWN0104","MOUNT JULIET 2.0 WSW, TN US","36.193792","-86.554497","158.8","2026-04-09",,,,,,,"0.0",",,N","0.0",",,N",,,,,,,,,,,,,,,,,,,,,,
"US1TNWN0104","MOUNT JULIET 2.0 WSW, TN US","36.193792","-86.554497","158.8","2026-04-10",,,,,,,"0.0",",,N","0.0",",,N",,,,,,,,,,,,,,,,,,,,,,
"US1TNWN0104","MOUNT JULIET 2.0 WSW, TN US","36.193792","-86.554497","158.8","2026-04-11",,,,,,,"0.0",",,N","0.0",",,N",,,,,,,,,,,,,,,,,,,,,,
"US1TNWN0104","MOUNT JULIET 2.0 WSW, TN US","36.193792","-86.554497","158.8","2026-04-12",,,,,,,"0.0",",,N","0.0",",,N",,,,,,,,,,,,,,,,,,,,,,
"US1TNWN0104","MOUNT JULIET 2.0 WSW, TN US","36.193792","-86.554497","158.8","2026-04-13",,,,,,,"0.0",",,N","0.0",",,N",,,,,,,,,,,,,,,,,,,,,,
"US1TNWN0104","MOUNT JULIET 2.0 WSW, TN US","36.193792","-86.554497","158.8","2026-04-14",,,,,,,"0.8",",,N",,,,,,,,,,,,,,,,,,,,,,,,
"US1TNWN0104","MOUNT JULIET 2.0 WSW, TN US","36.193792","-86.554497","158.8","2026-04-15",,,,,,,"0.0",",,N","0.0",",,N",,,,,,,,,,,,,,,,,,,,,,
"US1TNWN0104","MOUNT JULIET 2.0 WSW, TN US","36.193792","-86.554497","158.8","2026-04-16",,,,,,,"0.0",",,N","0.0",",,N",,,,,,,,,,,,,,,,,,,,,,
"US1TNWN0104","MOUNT JULIET 2.0 WSW, TN US","36.193792","-86.554497","158.8","2026-04-17",,,,,,,"7.9",",,N",,,,,,,,,,,,,,,,,,,,,,,,
"US1TNWN0104","MOUNT JULIET 2.0 WSW, TN US","36.193792","-86.554497","158.8","2026-04-18",,,,,,,"0.0",",,N","0.0",",,N",,,,,,,,,,,,,,,,,,,,,,
"US1TNWN0104","MOUNT JULIET 2.0 WSW, TN US","36.193792","-86.554497","158.8","2026-04-19",,,,,,,"0.8",",,N",,,,,,,,,,,,,,,,,,,,,,,,
"US1TNWN0104","MOUNT JULIET 2.0 WSW, TN US","36.193792","-86.554497","158.8","2026-04-20",,,,,,,"0.0",",,N","0.0",",,N",,,,,,,,,,,,,,,,,,,,,,
"US1TNWN0104","MOUNT JULIET 2.0 WSW, TN US","36.193792","-86.554497","158.8","2026-04-21",,,,,,,"0.0",",,N","0.0",",,N",,,,,,,,,,,,,,,,,,,,,,
"US1TNWN0104","MOUNT JULIET 2.0 WSW, TN US","36.193792","-86.554497","158.8","2026-04-22",,,,,,,"0.0",",,N","0.0",",,N",,,,,,,,,,,,,,,,,,,,,,
"US1TNWN0104","MOUNT JULIET 2.0 WSW, TN US","36.193792","-86.554497","158.8","2026-04-23",,,,,,,"0.0",",,N","0.0",",,N",,,,,,,,,,,,,,,,,,,,,,
"US1TNWN0104","MOUNT JULIET 2.0 WSW, TN US","36.193792","-86.554497","158.8","2026-04-24",,,,,,,"0.0",",,N","0.0",",,N",,,,,,,,,,,,,,,,,,,,,,
"US1TNWN0104","MOUNT JULIET 2.0 WSW, TN US","36.193792","-86.554497","158.8","2026-04-25",,,,,,,"0.0",",,N","0.0",",,N",,,,,,,,,,,,,,,,,,,,,,
"US1TNWN0104","MOUNT JULIET 2.0 WSW, TN US","36.193792","-86.554497","158.8","2026-04-26",,,,,,,"0.0",",,N","0.0",",,N",,,,,,,,,,,,,,,,,,,,,,
"US1TNWN0104","MOUNT JULIET 2.0 WSW, TN US","36.193792","-86.554497","158.8","2026-04-27",,,,,,,"0.0",",,N","0.0",",,N",,,,,,,,,,,,,,,,,,,,,,
"US1TNWN0104","MOUNT JULIET 2.0 WSW, TN US","36.193792","-86.554497","158.8","2026-04-28",,,,,,,"28.2",",,N",,,,,,,,,,,,,,,,,,,,,,,,
"US1TNWN0104","MOUNT JULIET 2.0 WSW, TN US","36.193792","-86.554497","158.8","2026-04-29",,,,,,,"11.4",",,N",,,,,,,,,,,,,,,,,,,,,,,,
"US1TNWN0104","MOUNT JULIET 2.0 WSW, TN US","36.193792","-86.554497","158.8","2026-04-30",,,,,,,"0.0",",,N","0.0",",,N",,,,,,,,,,,,,,,,,,,,,,
"US1TNWN0105","LEBANON 6.9 WNW, TN US","36.254708","-86.432103","158.2","2026-04-05",,,,,,,"17.3",",,N",,,,,,,,,,,,,,,,,,,,,,,,
"US1TNWN0105","LEBANON 6.9 WNW, TN US","36.254708","-86.432103","158.2","2026-04-06",,,,,,,"0.0",",,N","0.0",",,N",,,,,,,,,,,,,,,,,,,,,,
"US1TNWN0105","LEBANON 6.9 WNW, TN US","36.254708","-86.432103","158.2","2026-04-07",,,,,,,"0.0",",,N","0.0",",,N",,,,,,,,,,,,,,,,,,,,,,
"US1TNWN0105","LEBANON 6.9 WNW, TN US","36.254708","-86.432103","158.2","2026-04-08",,,,,,,"0.0",",,N","0.0",",,N",,,,,,,,,,,,,,,,,,,,,,
"US1TNWN0105","LEBANON 6.9 WNW, TN US","36.254708","-86.432103","158.2","2026-04-09",,,,,,,"0.0",",,N","0.0",",,N",,,,,,,,,,,,,,,,,,,,,,
"US1TNWN0105","LEBANON 6.9 WNW, TN US","36.254708","-86.432103","158.2","2026-04-10",,,,,,,"0.0",",,N","0.0",",,N",,,,,,,,,,,,,,,,,,,,,,
"US1TNWN0105","LEBANON 6.9 WNW, TN US","36.254708","-86.432103","158.2","2026-04-11",,,,,,,"0.0",",,N","0.0",",,N",,,,,,,,,,,,,,,,,,,,,,
"US1TNWN0105","LEBANON 6.9 WNW, TN US","36.254708","-86.432103","158.2","2026-04-12",,,,,,,"0.0",",,N","0.0",",,N",,,,,,,,,,,,,,,,,,,,,,
"US1TNWN0105","LEBANON 6.9 WNW, TN US","36.254708","-86.432103","158.2","2026-04-13",,,,,,,"0.5",",,N",,,,,,,,,,,,,,,,,,,,,,,,
"US1TNWN0105","LEBANON 6.9 WNW, TN US","36.254708","-86.432103","158.2","2026-04-14",,,,,,,"1.3",",,N",,,,,,,,,,,,,,,,,,,,,,,,
"US1TNWN0105","LEBANON 6.9 WNW, TN US","36.254708","-86.432103","158.2","2026-04-15",,,,,,,"0.0",",,N","0.0",",,N",,,,,,,,,,,,,,,,,,,,,,
"US1TNWN0105","LEBANON 6.9 WNW, TN US","36.254708","-86.432103","158.2","2026-04-16",,,,,,,"0.0",",,N","0.0",",,N",,,,,,,,,,,,,,,,,,,,,,
"US1TNWN0105","LEBANON 6.9 WNW, TN US","36.254708","-86.432103","158.2","2026-04-17",,,,,,,"3.0",",,N",,,,,,,,,,,,,,,,,,,,,,,,
"US1TNWN0105","LEBANON 6.9 WNW, TN US","36.254708","-86.432103","158.2","2026-04-18",,,,,,,"0.0",",,N","0.0",",,N",,,,,,,,,,,,,,,,,,,,,,
"US1TNWN0105","LEBANON 6.9 WNW, TN US","36.254708","-86.432103","158.2","2026-04-19",,,,,,,"0.5",",,N",,,,,,,,,,,,,,,,,,,,,,,,
"US1TNWN0105","LEBANON 6.9 WNW, TN US","36.254708","-86.432103","158.2","2026-04-28",,,,,,,"10.2",",,N",,,,,,,,,,,,,,,,,,,,,,,,
"US1TNWN0105","LEBANON 6.9 WNW, TN US","36.254708","-86.432103","158.2","2026-04-29",,,,,,,"7.6",",,N",,,,,,,,,,,,,,,,,,,,,,,,
"US1TNWN0105","LEBANON 6.9 WNW, TN US","36.254708","-86.432103","158.2","2026-04-30",,,,,,,"0.0",",,N","0.0",",,N",,,,,,,,,,,,,,,,,,,,,,
"US1TNCH0032","ASHLAND CITY 6.3 ENE, TN US","36.31581","-86.9572","231.6","2026-04-01",,,,,,,"0.0",",,N","0.0",",,N",,,,,,,,,,,,,,,,,,,,,,
"US1TNCH0032","ASHLAND CITY 6.3 ENE, TN US","36.31581","-86.9572","231.6","2026-04-02",,,,,,,"0.0",",,N","0.0",",,N",,,,,,,,,,,,,,,,,,,,,,
"US1TNCH0032","ASHLAND CITY 6.3 ENE, TN US","36.31581","-86.9572","231.6","2026-04-03",,,,,,,"1.5",",,N",,,,,,,,,,,,,,,,,,,,,,,,
"US1TNCH0032","ASHLAND CITY 6.3 ENE, TN US","36.31581","-86.9572","231.6","2026-04-04",,,,,,,"0.0",",,N","0.0",",,N",,,,,,,,,,,,,,,,,,,,,,
"US1TNCH0032","ASHLAND CITY 6.3 ENE, TN US","36.31581","-86.9572","231.6","2026-04-05",,,,,,,"21.6",",,N",,,,,,,,,,,,,,,,,,,,,,,,
"US1TNCH0032","ASHLAND CITY 6.3 ENE, TN US","36.31581","-86.9572","231.6","2026-04-06",,,,,,,"0.0",",,N","0.0",",,N",,,,,,,,,,,,,,,,,,,,,,
"US1TNCH0032","ASHLAND CITY 6.3 ENE, TN US","36.31581","-86.9572","231.6","2026-04-07",,,,,,,"0.0",",,N","0.0",",,N",,,,,,,,,,,,,,,,,,,,,,
"US1TNCH0032","ASHLAND CITY 6.3 ENE, TN US","36.31581","-86.9572","231.6","2026-04-08",,,,,,,"0.0",",,N","0.0",",,N",,,,,,,,,,,,,,,,,,,,,,
"US1TNCH0032","ASHLAND CITY 6.3 ENE, TN US","36.31581","-86.9572","231.6","2026-04-09",,,,,,,"0.0",",,N","0.0",",,N",,,,,,,,,,,,,,,,,,,,,,
"US1TNCH0032","ASHLAND CITY 6.3 ENE, TN US","36.31581","-86.9572","231.6","2026-04-10",,,,,,,"0.0",",,N","0.0",",,N",,,,,,,,,,,,,,,,,,,,,,
"US1TNCH0032","ASHLAND CITY 6.3 ENE, TN US","36.31581","-86.9572","231.6","2026-04-11",,,,,,,"0.0",",,N","0.0",",,N",,,,,,,,,,,,,,,,,,,,,,
"US1TNCH0032","ASHLAND CITY 6.3 ENE, TN US","36.31581","-86.9572","231.6","2026-04-12",,,,,,,"0.0",",,N","0.0",",,N",,,,,,,,,,,,,,,,,,,,,,
"US1TNCH0032","ASHLAND CITY 6.3 ENE, TN US","36.31581","-86.9572","231.6","2026-04-13",,,,,,,"0.0",",,N","0.0",",,N",,,,,,,,,,,,,,,,,,,,,,
"US1TNCH0032","ASHLAND CITY 6.3 ENE, TN US","36.31581","-86.9572","231.6","2026-04-14",,,,,,,"1.0",",,N",,,,,,,,,,,,,,,,,,,,,,,,
"US1TNCH0032","ASHLAND CITY 6.3 ENE, TN US","36.31581","-86.9572","231.6","2026-04-15",,,,,,,"0.0",",,N","0.0",",,N",,,,,,,,,,,,,,,,,,,,,,
"US1TNCH0032","ASHLAND CITY 6.3 ENE, TN US","36.31581","-86.9572","231.6","2026-04-16",,,,,,,"0.0",",,N","0.0",",,N",,,,,,,,,,,,,,,,,,,,,,
"US1TNCH0032","ASHLAND CITY 6.3 ENE, TN US","36.31581","-86.9572","231.6","2026-04-17",,,,,,,"15.0",",,N",,,,,,,,,,,,,,,,,,,,,,,,
"US1TNCH0032","ASHLAND CITY 6.3 ENE, TN US","36.31581","-86.9572","231.6","2026-04-18",,,,,,,"0.0",",,N","0.0",",,N",,,,,,,,,,,,,,,,,,,,,,
"US1TNCH0032","ASHLAND CITY 6.3 ENE, TN US","36.31581","-86.9572","231.6","2026-04-19",,,,,,,"1.8",",,N",,,,,,,,,,,,,,,,,,,,,,,,
"US1TNCH0032","ASHLAND CITY 6.3 ENE, TN US","36.31581","-86.9572","231.6","2026-04-20",,,,,,,"0.0",",,N","0.0",",,N",,,,,,,,,,,,,,,,,,,,,,
"US1TNCH0032","ASHLAND CITY 6.3 ENE, TN US","36.31581","-86.9572","231.6","2026-04-21",,,,,,,"0.0",",,N","0.0",",,N",,,,,,,,,,,,,,,,,,,,,,
"US1TNCH0032","ASHLAND CITY 6.3 ENE, TN US","36.31581","-86.9572","231.6","2026-04-22",,,,,,,"0.0",",,N","0.0",",,N",,,,,,,,,,,,,,,,,,,,,,
"US1TNCH0032","ASHLAND CITY 6.3 ENE, TN US","36.31581","-86.9572","231.6","2026-04-23",,,,,,,"0.0",",,N","0.0",",,N",,,,,,,,,,,,,,,,,,,,,,
"US1TNCH0032","ASHLAND CITY 6.3 ENE, TN US","36.31581","-86.9572","231.6","2026-04-24",,,,,,,"0.0",",,N","0.0",",,N",,,,,,,,,,,,,,,,,,,,,,
"US1TNCH0032","ASHLAND CITY 6.3 ENE, TN US","36.31581","-86.9572","231.6","2026-04-25",,,,,,,"0.5",",,N",,,,,,,,,,,,,,,,,,,,,,,,
"US1TNCH0032","ASHLAND CITY 6.3 ENE, TN US","36.31581","-86.9572","231.6","2026-04-26",,,,,,,"0.0",",,N","0.0",",,N",,,,,,,,,,,,,,,,,,,,,,
"US1TNCH0032","ASHLAND CITY 6.3 ENE, TN US","36.31581","-86.9572","231.6","2026-04-27",,,,,,,"0.0",",,N","0.0",",,N",,,,,,,,,,,,,,,,,,,,,,
"US1TNCH0032","ASHLAND CITY 6.3 ENE, TN US","36.31581","-86.9572","231.6","2026-04-28",,,,,,,"22.9",",,N",,,,,,,,,,,,,,,,,,,,,,,,
"US1TNCH0032","ASHLAND CITY 6.3 ENE, TN US","36.31581","-86.9572","231.6","2026-04-29",,,,,,,"27.7",",,N",,,,,,,,,,,,,,,,,,,,,,,,
"US1TNCH0032","ASHLAND CITY 6.3 ENE, TN US","36.31581","-86.9572","231.6","2026-04-30",,,,,,,"0.5",",,N",,,,,,,,,,,,,,,,,,,,,,,,
"US1TNDV0204","NASHVILLE 8.5 SSE, TN US","36.043383","-86.732478","218.5","2026-04-01",,,,,,,"0.0",",,N","0.0",",,N",,,,,,,,,,,,,,,,,,,,,,
"US1TNDV0204","NASHVILLE 8.5 SSE, TN US","36.043383","-86.732478","218.5","2026-04-02",,,,,,,"0.0",",,N","0.0",",,N",,,,,,,,,,,,,,,,,,,,,,
"US1TNDV0204","NASHVILLE 8.5 SSE, TN US","36.043383","-86.732478","218.5","2026-04-03",,,,,,,"0.0",",,N","0.0",",,N",,,,,,,,,,,,,,,,,,,,,,
"US1TNDV0204","NASHVILLE 8.5 SSE, TN US","36.043383","-86.732478","218.5","2026-04-04",,,,,,,"0.0",",,N","0.0",",,N",,,,,,,,,,,,,,,,,,,,,,
"US1TNDV0204","NASHVILLE 8.5 SSE, TN US","36.043383","-86.732478","218.5","2026-04-05",,,,,,,"25.4",",,N",,,,,,,,,,,,,,,,,,,,,,,,
"US1TNDV0204","NASHVILLE 8.5 SSE, TN US","36.043383","-86.732478","218.5","2026-04-06",,,,,,,"0.0",",,N","0.0",",,N",,,,,,,,,,,,,,,,,,,,,,
"US1TNDV0204","NASHVILLE 8.5 SSE, TN US","36.043383","-86.732478","218.5","2026-04-07",,,,,,,"0.5",",,N",,,,,,,,,,,,,,,,,,,,,,,,
"US1TNDV0204","NASHVILLE 8.5 SSE, TN US","36.043383","-86.732478","218.5","2026-04-08",,,,,,,"0.0","T,,N",,,,,,,,,,,,,,,,,,,,,,,,
"US1TNDV0204","NASHVILLE 8.5 SSE, TN US","36.043383","-86.732478","218.5","2026-04-09",,,,,,,"0.0",",,N","0.0",",,N",,,,,,,,,,,,,,,,,,,,,,
"US1TNDV0204","NASHVILLE 8.5 SSE, TN US","36.043383","-86.732478","218.5","2026-04-10",,,,,,,"0.0","T,,N",,,,,,,,,,,,,,,,,,,,,,,,
"US1TNDV0204","NASHVILLE 8.5 SSE, TN US","36.043383","-86.732478","218.5","2026-04-12",,,,,,,"0.0","T,,N",,,,,,,,,,,,,,,,,,,,,,,,
"US1TNDV0204","NASHVILLE 8.5 SSE, TN US","36.043383","-86.732478","218.5","2026-04-13",,,,,,,"0.0",",,N","0.0",",,N",,,,,,,,,,,,,,,,,,,,,,
"US1TNDV0204","NASHVILLE 8.5 SSE, TN US","36.043383","-86.732478","218.5","2026-04-15",,,"    2",",,N","0.8",",,N",,,,,,,,,,,,,,,,,,,,,,,,,,
"US1TNDV0204","NASHVILLE 8.5 SSE, TN US","36.043383","-86.732478","218.5","2026-04-16",,,,,,,"0.0",",,N","0.0",",,N",,,,,,,,,,,,,,,,,,,,,,
"US1TNDV0204","NASHVILLE 8.5 SSE, TN US","36.043383","-86.732478","218.5","2026-04-17",,,,,,,"9.4",",,N",,,,,,,,,,,,,,,,,,,,,,,,
"US1TNDV0204","NASHVILLE 8.5 SSE, TN US","36.043383","-86.732478","218.5","2026-04-18",,,,,,,"0.5",",,N","0.0",",,N",,,,,,,,,,,,,,,,,,,,,,
"US1TNDV0204","NASHVILLE 8.5 SSE, TN US","36.043383","-86.732478","218.5","2026-04-19",,,,,,,"0.5",",,N",,,,,,,,,,,,,,,,,,,,,,,,
"US1TNDV0204","NASHVILLE 8.5 SSE, TN US","36.043383","-86.732478","218.5","2026-04-20",,,,,,,"0.0","T,,N",,,,,,,,,,,,,,,,,,,,,,,,
"US1TNDV0204","NASHVILLE 8.5 SSE, TN US","36.043383","-86.732478","218.5","2026-04-22",,,,,,,"0.0","T,,N",,,,,,,,,,,,,,,,,,,,,,,,
"US1TNDV0204","NASHVILLE 8.5 SSE, TN US","36.043383","-86.732478","218.5","2026-04-23",,,,,,,"0.0",",,N","0.0",",,N",,,,,,,,,,,,,,,,,,,,,,
"US1TNDV0204","NASHVILLE 8.5 SSE, TN US","36.043383","-86.732478","218.5","2026-04-24",,,,,,,"0.0",",,N","0.0",",,N",,,,,,,,,,,,,,,,,,,,,,
"US1TNDV0204","NASHVILLE 8.5 SSE, TN US","36.043383","-86.732478","218.5","2026-04-25",,,,,,,"0.3",",,N",,,,,,,,,,,,,,,,,,,,,,,,
"US1TNDV0204","NASHVILLE 8.5 SSE, TN US","36.043383","-86.732478","218.5","2026-04-26",,,,,,,"0.0","T,,N",,,,,,,,,,,,,,,,,,,,,,,,
"US1TNDV0204","NASHVILLE 8.5 SSE, TN US","36.043383","-86.732478","218.5","2026-04-27",,,,,,,"0.0","T,,N",,,,,,,,,,,,,,,,,,,,,,,,
"US1TNDV0204","NASHVILLE 8.5 SSE, TN US","36.043383","-86.732478","218.5","2026-04-28",,,,,,,"15.5",",,N",,,,,,,,,,,,,,,,,,,,,,,,
"US1TNDV0204","NASHVILLE 8.5 SSE, TN US","36.043383","-86.732478","218.5","2026-04-29",,,,,,,"11.7",",,N",,,,,,,,,,,,,,,,,,,,,,,,
"US1TNDV0204","NASHVILLE 8.5 SSE, TN US","36.043383","-86.732478","218.5","2026-04-30",,,,,,,"0.3",",,N",,,,,,,,,,,,,,,,,,,,,,,,
"USC00408562","SPRINGFIELD EXPERIMENT STATION, TN US","36.471","-86.8415","227.1","2026-04-01",,,,,,,"0.0",",,H,0600",,,,,,,"26.1",",,H","17.8",",,H","18.9",",,H,0600",,,,,,,,,,,,
"USC00408562","SPRINGFIELD EXPERIMENT STATION, TN US","36.471","-86.8415","227.1","2026-04-03",,,,,,,"0.8",",,H,0600",,,,,,,"27.2",",,H","18.9",",,H","20.0",",,H,0600",,,,,,,,,,,,
"USC00408562","SPRINGFIELD EXPERIMENT STATION, TN US","36.471","-86.8415","227.1","2026-04-04",,,,,,,"0.0",",,H,0600",,,,,,,"28.9",",,H","17.2",",,H","20.0",",,H,0600",,,,,,,,,,,,
"USC00408562","SPRINGFIELD EXPERIMENT STATION, TN US","36.471","-86.8415","227.1","2026-04-05",,,,,,,"16.8",",,H,0600",,,,,,,"25.6",",,H","5.6",",,H","6.1",",,H,0600",,,,,,,,,,,,
"USC00408562","SPRINGFIELD EXPERIMENT STATION, TN US","36.471","-86.8415","227.1","2026-04-06",,,,,,,"0.0",",,H,0600",,,,,,,"15.6",",,H","2.2",",,H","3.3",",,H,0600",,,,,,,,,,,,
"USC00408562","SPRINGFIELD EXPERIMENT STATION, TN US","36.471","-86.8415","227.1","2026-04-07",,,,,,,"0.0",",,H,0600",,,,,,,"20.0",",,H","3.3",",,H","6.1",",,H,0600",,,,,,,,,,,,
"USC00408562","SPRINGFIELD EXPERIMENT STATION, TN US","36.471","-86.8415","227.1","2026-04-08",,,,,,,"0.0",",,H,0600",,,,,,,"16.7",",,H","4.4",",,H","6.1",",,H,0600",,,,,,,,,,,,
"USC00408562","SPRINGFIELD EXPERIMENT STATION, TN US","36.471","-86.8415","227.1","2026-04-09",,,,,,,"0.0",",,H,0600",,,,,,,"23.9",",,H","6.1",",,H","12.2",",,H,0600",,,,,,,,,,,,
"USC00408562","SPRINGFIELD EXPERIMENT STATION, TN US","36.471","-86.8415","227.1","2026-04-10",,,,,,,"0.0",",,H,0600",,,,,,,"23.9",",,H","11.1",",,H","11.7",",,H,0600",,,,,,,,,,,,
"USC00408562","SPRINGFIELD EXPERIMENT STATION, TN US","36.471","-86.8415","227.1","2026-04-11",,,,,,,"0.0",",,H,0600",,,,,,,"26.1",",,H","11.7",",,H","15.0",",,H,0600",,,,,,,,,,,,
"USC00408562","SPRINGFIELD EXPERIMENT STATION, TN US","36.471","-86.8415","227.1","2026-04-12",,,,,,,"0.3",",,H,0600",,,,,,,"25.0",",,H","14.4",",,H","15.6",",,H,0600",,,,,,,,,,,,
"USC00408562","SPRINGFIELD EXPERIMENT STATION, TN US","36.471","-86.8415","227.1","2026-04-13",,,,,,,"0.0",",,H,0600",,,,,,,"27.8",",,H","15.6",",,H","20.0",",,H,0600",,,,,,,,,,,,
"USC00408562","SPRINGFIELD EXPERIMENT STATION, TN US","36.471","-86.8415","227.1","2026-04-14",,,,,,,"1.0",",,H,0600",,,,,,,"24.4",",,H","17.8",",,H","19.4",",,H,0600",,,,,,,,,,,,
"USC00408562","SPRINGFIELD EXPERIMENT STATION, TN US","36.471","-86.8415","227.1","2026-04-15",,,,,,,"0.0",",,H,0600",,,,,,,"27.2",",,H","18.3",",,H","18.3",",,H,0600",,,,,,,,,,,,
"USC00408562","SPRINGFIELD EXPERIMENT STATION, TN US","36.471","-86.8415","227.1","2026-04-16",,,,,,,"0.0",",,H,0600",,,,,,,"27.2",",,H","18.3",",,H","18.3",",,H,0600",,,,,,,,,,,,
"USC00408562","SPRINGFIELD EXPERIMENT STATION, TN US","36.471","-86.8415","227.1","2026-04-17",,,,,,,"8.9",",,H,0600",,,,,,,"27.2",",,H","11.7",",,H","14.4",",,H,0600",,,,,,,,,,,,
"USC00408562","SPRINGFIELD EXPERIMENT STATION, TN US","36.471","-86.8415","227.1","2026-04-18",,,,,,,"0.0",",,H,0600",,,,,,,"27.8",",,H","14.4",",,H","20.6",",,H,0600",,,,,,,,,,,,
"USC00408562","SPRINGFIELD EXPERIMENT STATION, TN US","36.471","-86.8415","227.1","2026-04-19",,,,,,,"2.3",",,H,0600",,,,,,,"21.1",",,H","3.3",",,H","5.0",",,H,0600",,,,,,,,,,,,
"USC00408562","SPRINGFIELD EXPERIMENT STATION, TN US","36.471","-86.8415","227.1","2026-04-20",,,,,,,"0.0",",,H,0600",,,,,,,"21.1",",,H","5.0",",,H","15.6",",,H,0600",,,,,,,,,,,,
"USC00408562","SPRINGFIELD EXPERIMENT STATION, TN US","36.471","-86.8415","227.1","2026-04-21",,,,,,,"0.0",",,H,0600",,,,,,,"21.7",",,H","15.0",",,H","15.6",",,H,0600",,,,,,,,,,,,
"USC00408562","SPRINGFIELD EXPERIMENT STATION, TN US","36.471","-86.8415","227.1","2026-04-22",,,,,,,"0.0",",,H,0600",,,,,,,"26.1",",,H","12.2",",,H","13.3",",,H,0600",,,,,,,,,,,,
"USC00408562","SPRINGFIELD EXPERIMENT STATION, TN US","36.471","-86.8415","227.1","2026-04-23",,,,,,,"0.0",",,H,0600",,,,,,,"26.7",",,H","13.3",",,H","16.1",",,H,0600",,,,,,,,,,,,
"USC00408562","SPRINGFIELD EXPERIMENT STATION, TN US","36.471","-86.8415","227.1","2026-04-24",,,,,,,"0.0",",,H,0600",,,,,,,"27.2",",,H","15.0",",,H","16.1",",,H,0600",,,,,,,,,,,,
"USC00408562","SPRINGFIELD EXPERIMENT STATION, TN US","36.471","-86.8415","227.1","2026-04-25",,,,,,,"2.5",",,H,0600",,,,,,,"25.0",",,H","15.0",",,H","16.1",",,H,0600",,,,,,,,,,,,
"USC00408562","SPRINGFIELD EXPERIMENT STATION, TN US","36.471","-86.8415","227.1","2026-04-26",,,,,,,"0.0",",,H,0600",,,,,,,"25.0",",,H","10.6",",,H","13.9",",,H,0600",,,,,,,,,,,,
"USC00408562","SPRINGFIELD EXPERIMENT STATION, TN US","36.471","-86.8415","227.1","2026-04-27",,,,,,,"0.0",",,H,0600",,,,,,,"26.7",",,H","13.9",",,H","17.2",",,H,0600",,,,,,,,,,,,
"USC00408562","SPRINGFIELD EXPERIMENT STATION, TN US","36.471","-86.8415","227.1","2026-04-28",,,,,,,"15.5",",,H,0600",,,,,,,"27.8",",,H","16.1",",,H","16.7",",,H,0600",,,,,,,,,,,,
"USC00408562","SPRINGFIELD EXPERIMENT STATION, TN US","36.471","-86.8415","227.1","2026-04-29",,,,,,,"14.2",",,H,0600",,,,,,,"26.1",",,H","16.1",",,H","16.7",",,H,0600",,,,,,,,,,,,
"USC00408562","SPRINGFIELD EXPERIMENT STATION, TN US","36.471","-86.8415","227.1","2026-04-30",,,,,,,"0.3",",,H,0600",,,,,,,"20.0",",,H","8.3",",,H","8.9",",,H,0600",,,,,,,,,,,,
"US1TNWN0066","LEBANON 8.4 SSW, TN US","36.095137","-86.370619","207.6","2026-04-01",,,,,,,"0.0",",,N","0.0",",,N",,,,,,,,,,,,,,,,,,,,,,
"US1TNWN0066","LEBANON 8.4 SSW, TN US","36.095137","-86.370619","207.6","2026-04-02",,,,,,,"0.0",",,N","0.0",",,N",,,,,,,,,,,,,,,,,,,,,,
"US1TNWN0066","LEBANON 8.4 SSW, TN US","36.095137","-86.370619","207.6","2026-04-03",,,,,,,"0.0",",,N","0.0",",,N",,,,,,,,,,,,,,,,,,,,,,
"US1TNWN0066","LEBANON 8.4 SSW, TN US","36.095137","-86.370619","207.6","2026-04-04",,,,,,,"0.0",",,N","0.0",",,N",,,,,,,,,,,,,,,,,,,,,,
"US1TNWN0066","LEBANON 8.4 SSW, TN US","36.095137","-86.370619","207.6","2026-04-05",,,,,,,"33.3",",,N",,,,,,,,,,,,,,,,,,,,,,,,
"US1TNWN0066","LEBANON 8.4 SSW, TN US","36.095137","-86.370619","207.6","2026-04-06",,,,,,,"0.0",",,N","0.0",",,N",,,,,,,,,,,,,,,,,,,,,,
"US1TNWN0066","LEBANON 8.4 SSW, TN US","36.095137","-86.370619","207.6","2026-04-07",,,,,,,"0.0",",,N","0.0",",,N",,,,,,,,,,,,,,,,,,,,,,
"US1TNWN0066","LEBANON 8.4 SSW, TN US","36.095137","-86.370619","207.6","2026-04-08",,,,,,,"0.0",",,N","0.0",",,N",,,,,,,,,,,,,,,,,,,,,,
"US1TNWN0066","LEBANON 8.4 SSW, TN US","36.095137","-86.370619","207.6","2026-04-09",,,,,,,"0.0",",,N","0.0",",,N",,,,,,,,,,,,,,,,,,,,,,
"US1TNWN0066","LEBANON 8.4 SSW, TN US","36.095137","-86.370619","207.6","2026-04-10",,,,,,,"0.0",",,N","0.0",",,N",,,,,,,,,,,,,,,,,,,,,,
"US1TNWN0066","LEBANON 8.4 SSW, TN US","36.095137","-86.370619","207.6","2026-04-11",,,,,,,"0.0",",,N","0.0",",,N",,,,,,,,,,,,,,,,,,,,,,
"US1TNWN0066","LEBANON 8.4 SSW, TN US","36.095137","-86.370619","207.6","2026-04-12",,,,,,,"0.0",",,N","0.0",",,N",,,,,,,,,,,,,,,,,,,,,,
"US1TNWN0066","LEBANON 8.4 SSW, TN US","36.095137","-86.370619","207.6","2026-04-13",,,,,,,"0.0",",,N","0.0",",,N",,,,,,,,,,,,,,,,,,,,,,
"US1TNWN0066","LEBANON 8.4 SSW, TN US","36.095137","-86.370619","207.6","2026-04-14",,,,,,,"0.0",",,N","0.0",",,N",,,,,,,,,,,,,,,,,,,,,,
"US1TNWN0066","LEBANON 8.4 SSW, TN US","36.095137","-86.370619","207.6","2026-04-15",,,,,,,"0.0",",,N","0.0",",,N",,,,,,,,,,,,,,,,,,,,,,
"US1TNWN0066","LEBANON 8.4 SSW, TN US","36.095137","-86.370619","207.6","2026-04-17",,,,,,,"7.9",",,N",,,,,,,,,,,,,,,,,,,,,,,,
"US1TNWN0066","LEBANON 8.4 SSW, TN US","36.095137","-86.370619","207.6","2026-04-18",,,,,,,"0.0",",,N","0.0",",,N",,,,,,,,,,,,,,,,,,,,,,
"US1TNWN0066","LEBANON 8.4 SSW, TN US","36.095137","-86.370619","207.6","2026-04-19",,,,,,,"0.8",",,N",,,,,,,,,,,,,,,,,,,,,,,,
"US1TNWN0066","LEBANON 8.4 SSW, TN US","36.095137","-86.370619","207.6","2026-04-20",,,,,,,"0.0",",,N","0.0",",,N",,,,,,,,,,,,,,,,,,,,,,
"US1TNWN0066","LEBANON 8.4 SSW, TN US","36.095137","-86.370619","207.6","2026-04-21",,,,,,,"0.0",",,N","0.0",",,N",,,,,,,,,,,,,,,,,,,,,,
"US1TNWN0066","LEBANON 8.4 SSW, TN US","36.095137","-86.370619","207.6","2026-04-22",,,,,,,"0.0",",,N","0.0",",,N",,,,,,,,,,,,,,,,,,,,,,
"US1TNWN0066","LEBANON 8.4 SSW, TN US","36.095137","-86.370619","207.6","2026-04-23",,,,,,,"0.0",",,N","0.0",",,N",,,,,,,,,,,,,,,,,,,,,,
"US1TNWN0066","LEBANON 8.4 SSW, TN US","36.095137","-86.370619","207.6","2026-04-24",,,,,,,"0.0",",,N","0.0",",,N",,,,,,,,,,,,,,,,,,,,,,
"US1TNWN0066","LEBANON 8.4 SSW, TN US","36.095137","-86.370619","207.6","2026-04-25",,,,,,,"0.0",",,N","0.0",",,N",,,,,,,,,,,,,,,,,,,,,,
"US1TNWN0066","LEBANON 8.4 SSW, TN US","36.095137","-86.370619","207.6","2026-04-26",,,,,,,"0.0",",,N","0.0",",,N",,,,,,,,,,,,,,,,,,,,,,
"US1TNWN0066","LEBANON 8.4 SSW, TN US","36.095137","-86.370619","207.6","2026-04-27",,,,,,,"0.0",",,N","0.0",",,N",,,,,,,,,,,,,,,,,,,,,,
"US1TNWN0066","LEBANON 8.4 SSW, TN US","36.095137","-86.370619","207.6","2026-04-28",,,,,,,"30.5",",,N","0.0",",,N",,,,,,,,,,,,,,,,,,,,,,
"US1TNWN0066","LEBANON 8.4 SSW, TN US","36.095137","-86.370619","207.6","2026-04-29",,,,,,,"11.7",",,N",,,,,,,,,,,,,,,,,,,,,,,,
"US1TNWN0066","LEBANON 8.4 SSW, TN US","36.095137","-86.370619","207.6","2026-04-30",,,,,,,"0.0","T,,N",,,,,,,,,,,,,,,,,,,,,,,,
"US1TNDV0045","BELLE MEADE 0.4 W, TN US","36.098143","-86.862754","166.1","2026-04-01",,,,,,,"0.0",",,N","0.0",",,N",,,,,,,,,,,,,,,,,,,,,,
"US1TNDV0045","BELLE MEADE 0.4 W, TN US","36.098143","-86.862754","166.1","2026-04-02",,,,,,,"0.0",",,N","0.0",",,N",,,,,,,,,,,,,,,,,,,,,,
"US1TNDV0045","BELLE MEADE 0.4 W, TN US","36.098143","-86.862754","166.1","2026-04-03",,,,,,,"0.0","T,,N",,,,,,,,,,,,,,,,,,,,,,,,
"US1TNDV0045","BELLE MEADE 0.4 W, TN US","36.098143","-86.862754","166.1","2026-04-04",,,,,,,"0.0",",,N","0.0",",,N",,,,,,,,,,,,,,,,,,,,,,
"US1TNDV0045","BELLE MEADE 0.4 W, TN US","36.098143","-86.862754","166.1","2026-04-05",,,,,,,"25.4",",,N",,,,,,,,,,,,,,,,,,,,,,,,
"US1TNDV0045","BELLE MEADE 0.4 W, TN US","36.098143","-86.862754","166.1","2026-04-06",,,,,,,"0.0",",,N","0.0",",,N",,,,,,,,,,,,,,,,,,,,,,
"US1TNDV0045","BELLE MEADE 0.4 W, TN US","36.098143","-86.862754","166.1","2026-04-07",,,,,,,"0.0",",,N","0.0",",,N",,,,,,,,,,,,,,,,,,,,,,
"US1TNDV0045","BELLE MEADE 0.4 W, TN US","36.098143","-86.862754","166.1","2026-04-08",,,,,,,"0.0",",,N","0.0",",,N",,,,,,,,,,,,,,,,,,,,,,
"US1TNDV0045","BELLE MEADE 0.4 W, TN US","36.098143","-86.862754","166.1","2026-04-09",,,,,,,"0.0",",,N","0.0",",,N",,,,,,,,,,,,,,,,,,,,,,
"US1TNDV0045","BELLE MEADE 0.4 W, TN US","36.098143","-86.862754","166.1","2026-04-10",,,,,,,"0.0",",,N","0.0",",,N",,,,,,,,,,,,,,,,,,,,,,
"US1TNDV0045","BELLE MEADE 0.4 W, TN US","36.098143","-86.862754","166.1","2026-04-11",,,,,,,"0.0",",,N","0.0",",,N",,,,,,,,,,,,,,,,,,,,,,
"US1TNDV0045","BELLE MEADE 0.4 W, TN US","36.098143","-86.862754","166.1","2026-04-12",,,,,,,"0.0",",,N","0.0",",,N",,,,,,,,,,,,,,,,,,,,,,
"US1TNDV0045","BELLE MEADE 0.4 W, TN US","36.098143","-86.862754","166.1","2026-04-13",,,,,,,"0.3",",,N",,,,,,,,,,,,,,,,,,,,,,,,
"US1TNDV0045","BELLE MEADE 0.4 W, TN US","36.098143","-86.862754","166.1","2026-04-14",,,,,,,"1.0",",,N",,,,,,,,,,,,,,,,,,,,,,,,
"US1TNDV0045","BELLE MEADE 0.4 W, TN US","36.098143","-86.862754","166.1","2026-04-15",,,,,,,"0.0",",,N","0.0",",,N",,,,,,,,,,,,,,,,,,,,,,
"US1TNDV0045","BELLE MEADE 0.4 W, TN US","36.098143","-86.862754","166.1","2026-04-16",,,,,,,"0.0",",,N","0.0",",,N",,,,,,,,,,,,,,,,,,,,,,
"US1TNDV0045","BELLE MEADE 0.4 W, TN US","36.098143","-86.862754","166.1","2026-04-17",,,,,,,"26.4",",,N",,,,,,,,,,,,,,,,,,,,,,,,
"US1TNDV0045","BELLE MEADE 0.4 W, TN US","36.098143","-86.862754","166.1","2026-04-18",,,,,,,"0.0",",,N","0.0",",,N",,,,,,,,,,,,,,,,,,,,,,
"US1TNDV0045","BELLE MEADE 0.4 W, TN US","36.098143","-86.862754","166.1","2026-04-19",,,,,,,"0.5",",,N",,,,,,,,,,,,,,,,,,,,,,,,
"US1TNDV0045","BELLE MEADE 0.4 W, TN US","36.098143","-86.862754","166.1","2026-04-21",,,,,,,"0.0",",,N","0.0",",,N",,,,,,,,,,,,,,,,,,,,,,
"US1TNDV0045","BELLE MEADE 0.4 W, TN US","36.098143","-86.862754","166.1","2026-04-22",,,,,,,"0.0",",,N","0.0",",,N",,,,,,,,,,,,,,,,,,,,,,
"US1TNDV0045","BELLE MEADE 0.4 W, TN US","36.098143","-86.862754","166.1","2026-04-23",,,,,,,"0.0",",,N","0.0",",,N",,,,,,,,,,,,,,,,,,,,,,
"US1TNDV0045","BELLE MEADE 0.4 W, TN US","36.098143","-86.862754","166.1","2026-04-24",,,,,,,"0.0",",,N","0.0",",,N",,,,,,,,,,,,,,,,,,,,,,
"US1TNDV0045","BELLE MEADE 0.4 W, TN US","36.098143","-86.862754","166.1","2026-04-25",,,,,,,"0.8",",,N",,,,,,,,,,,,,,,,,,,,,,,,
"US1TNDV0045","BELLE MEADE 0.4 W, TN US","36.098143","-86.862754","166.1","2026-04-26",,,,,,,"0.0",",,N","0.0",",,N",,,,,,,,,,,,,,,,,,,,,,
"US1TNDV0045","BELLE MEADE 0.4 W, TN US","36.098143","-86.862754","166.1","2026-04-27",,,,,,,"0.0",",,N","0.0",",,N",,,,,,,,,,,,,,,,,,,,,,
"US1TNDV0045","BELLE MEADE 0.4 W, TN US","36.098143","-86.862754","166.1","2026-04-28",,,,,,,"34.5",",,N",,,,,,,,,,,,,,,,,,,,,,,,
"US1TNDV0045","BELLE MEADE 0.4 W, TN US","36.098143","-86.862754","166.1","2026-04-29",,,,,,,"17.5",",,N",,,,,,,,,,,,,,,,,,,,,,,,
"US1TNDV0045","BELLE MEADE 0.4 W, TN US","36.098143","-86.862754","166.1","2026-04-30",,,,,,,"1.0",",,N",,,,,,,,,,,,,,,,,,,,,,,,
"US1TNDV0166","OLD HICKORY 1.6 SSE, TN US","36.23722","-86.63968","135.0","2026-04-01",,,,,,,"0.0",",,N","0.0",",,N",,,,,,,,,,,,,,,,,,,,,,
"US1TNDV0166","OLD HICKORY 1.6 SSE, TN US","36.23722","-86.63968","135.0","2026-04-02",,,,,,,"0.0",",,N","0.0",",,N",,,,,,,,,,,,,,,,,,,,,,
"US1TNDV0166","OLD HICKORY 1.6 SSE, TN US","36.23722","-86.63968","135.0","2026-04-03",,,,,,,"0.0",",,N","0.0",",,N",,,,,,,,,,,,,,,,,,,,,,
"US1TNDV0166","OLD HICKORY 1.6 SSE, TN US","36.23722","-86.63968","135.0","2026-04-04",,,,,,,"0.0",",,N","0.0",",,N",,,,,,,,,,,,,,,,,,,,,,
"US1TNDV0166","OLD HICKORY 1.6 SSE, TN US","36.23722","-86.63968","135.0","2026-04-05",,,,,,,"20.6",",,N",,,,,,,,,,,,,,,,,,,,,,,,
"US1TNDV0166","OLD HICKORY 1.6 SSE, TN US","36.23722","-86.63968","135.0","2026-04-06",,,,,,,"0.0",",,N","0.0",",,N",,,,,,,,,,,,,,,,,,,,,,
"US1TNDV0166","OLD HICKORY 1.6 SSE, TN US","36.23722","-86.63968","135.0","2026-04-07",,,,,,,"0.0",",,N","0.0",",,N",,,,,,,,,,,,,,,,,,,,,,
"US1TNDV0166","OLD HICKORY 1.6 SSE, TN US","36.23722","-86.63968","135.0","2026-04-08",,,,,,,"0.0",",,N","0.0",",,N",,,,,,,,,,,,,,,,,,,,,,
"US1TNDV0166","OLD HICKORY 1.6 SSE, TN US","36.23722","-86.63968","135.0","2026-04-09",,,,,,,"0.0",",,N","0.0",",,N",,,,,,,,,,,,,,,,,,,,,,
"US1TNDV0166","OLD HICKORY 1.6 SSE, TN US","36.23722","-86.63968","135.0","2026-04-10",,,,,,,"0.0",",,N","0.0",",,N",,,,,,,,,,,,,,,,,,,,,,
"US1TNDV0166","OLD HICKORY 1.6 SSE, TN US","36.23722","-86.63968","135.0","2026-04-11",,,,,,,"0.0",",,N","0.0",",,N",,,,,,,,,,,,,,,,,,,,,,
"US1TNDV0166","OLD HICKORY 1.6 SSE, TN US","36.23722","-86.63968","135.0","2026-04-12",,,,,,,"1.8",",,N",,,,,,,,,,,,,,,,,,,,,,,,
"US1TNDV0166","OLD HICKORY 1.6 SSE, TN US","36.23722","-86.63968","135.0","2026-04-13",,,,,,,"0.0","T,,N",,,,,,,,,,,,,,,,,,,,,,,,
"US1TNDV0166","OLD HICKORY 1.6 SSE, TN US","36.23722","-86.63968","135.0","2026-04-14",,,,,,,"0.5",",,N",,,,,,,,,,,,,,,,,,,,,,,,
"US1TNDV0166","OLD HICKORY 1.6 SSE, TN US","36.23722","-86.63968","135.0","2026-04-15",,,,,,,"0.0",",,N","0.0",",,N",,,,,,,,,,,,,,,,,,,,,,
"US1TNDV0166","OLD HICKORY 1.6 SSE, TN US","36.23722","-86.63968","135.0","2026-04-16",,,,,,,"0.0",",,N","0.0",",,N",,,,,,,,,,,,,,,,,,,,,,
"US1TNDV0166","OLD HICKORY 1.6 SSE, TN US","36.23722","-86.63968","135.0","2026-04-17",,,,,,,"6.6",",,N",,,,,,,,,,,,,,,,,,,,,,,,
"US1TNDV0166","OLD HICKORY 1.6 SSE, TN US","36.23722","-86.63968","135.0","2026-04-18",,,,,,,"0.0",",,N","0.0",",,N",,,,,,,,,,,,,,,,,,,,,,
"US1TNDV0166","OLD HICKORY 1.6 SSE, TN US","36.23722","-86.63968","135.0","2026-04-19",,,,,,,"0.0",",,N","0.0",",,N",,,,,,,,,,,,,,,,,,,,,,
"US1TNDV0166","OLD HICKORY 1.6 SSE, TN US","36.23722","-86.63968","135.0","2026-04-20",,,,,,,"0.0",",,N","0.0",",,N",,,,,,,,,,,,,,,,,,,,,,
"US1TNDV0166","OLD HICKORY 1.6 SSE, TN US","36.23722","-86.63968","135.0","2026-04-21",,,,,,,"0.0",",,N","0.0",",,N",,,,,,,,,,,,,,,,,,,,,,
"US1TNDV0166","OLD HICKORY 1.6 SSE, TN US","36.23722","-86.63968","135.0","2026-04-22",,,,,,,"0.0",",,N","0.0",",,N",,,,,,,,,,,,,,,,,,,,,,
"US1TNDV0166","OLD HICKORY 1.6 SSE, TN US","36.23722","-86.63968","135.0","2026-04-23",,,,,,,"0.0",",,N","0.0",",,N",,,,,,,,,,,,,,,,,,,,,,
"US1TNDV0166","OLD HICKORY 1.6 SSE, TN US","36.23722","-86.63968","135.0","2026-04-24",,,,,,,"0.0",",,N","0.0",",,N",,,,,,,,,,,,,,,,,,,,,,
"US1TNDV0166","OLD HICKORY 1.6 SSE, TN US","36.23722","-86.63968","135.0","2026-04-25",,,,,,,"0.0",",,N","0.0",",,N",,,,,,,,,,,,,,,,,,,,,,
"US1TNDV0166","OLD HICKORY 1.6 SSE, TN US","36.23722","-86.63968","135.0","2026-04-26",,,,,,,"0.0",",,N","0.0",",,N",,,,,,,,,,,,,,,,,,,,,,
"US1TNDV0166","OLD HICKORY 1.6 SSE, TN US","36.23722","-86.63968","135.0","2026-04-27",,,,,,,"0.0",",,N","0.0",",,N",,,,,,,,,,,,,,,,,,,,,,
"US1TNDV0166","OLD HICKORY 1.6 SSE, TN US","36.23722","-86.63968","135.0","2026-04-28",,,,,,,"16.5",",,N",,,,,,,,,,,,,,,,,,,,,,,,
"US1TNDV0166","OLD HICKORY 1.6 SSE, TN US","36.23722","-86.63968","135.0","2026-04-29",,,,,,,"10.9",",,N",,,,,,,,,,,,,,,,,,,,,,,,
"US1TNDV0166","OLD HICKORY 1.6 SSE, TN US","36.23722","-86.63968","135.0","2026-04-30",,,,,,,"0.0",",,N","0.0",",,N",,,,,,,,,,,,,,,,,,,,,,
"US1TNDV0047","BERRY HILL 1.6 WNW, TN US","36.125969","-86.795374","193.9","2026-04-01",,,,,,,"0.0",",,N","0.0",",,N",,,,,,,,,,,,,,,,,,,,,,
"US1TNDV0047","BERRY HILL 1.6 WNW, TN US","36.125969","-86.795374","193.9","2026-04-02",,,,,,,"0.0",",,N","0.0",",,N",,,,,,,,,,,,,,,,,,,,,,
"US1TNDV0047","BERRY HILL 1.6 WNW, TN US","36.125969","-86.795374","193.9","2026-04-03",,,,,,,"0.0",",,N","0.0",",,N",,,,,,,,,,,,,,,,,,,,,,
"US1TNDV0047","BERRY HILL 1.6 WNW, TN US","36.125969","-86.795374","193.9","2026-04-04",,,,,,,"0.0",",,N","0.0",",,N",,,,,,,,,,,,,,,,,,,,,,
"US1TNDV0047","BERRY HILL 1.6 WNW, TN US","36.125969","-86.795374","193.9","2026-04-05",,,,,,,"26.2",",,N",,,,,,,,,,,,,,,,,,,,,,,,
"US1TNDV0047","BERRY HILL 1.6 WNW, TN US","36.125969","-86.795374","193.9","2026-04-06",,,,,,,"0.0",",,N","0.0",",,N",,,,,,,,,,,,,,,,,,,,,,
"US1TNDV0047","BERRY HILL 1.6 WNW, TN US","36.125969","-86.795374","193.9","2026-04-07",,,,,,,"0.0",",,N","0.0",",,N",,,,,,,,,,,,,,,,,,,,,,
"US1TNDV0047","BERRY HILL 1.6 WNW, TN US","36.125969","-86.795374","193.9","2026-04-08",,,,,,,"0.0",",,N","0.0",",,N",,,,,,,,,,,,,,,,,,,,,,
"US1TNDV0047","BERRY HILL 1.6 WNW, TN US","36.125969","-86.795374","193.9","2026-04-09",,,,,,,"0.0",",,N","0.0",",,N",,,,,,,,,,,,,,,,,,,,,,
"US1TNDV0047","BERRY HILL 1.6 WNW, TN US","36.125969","-86.795374","193.9","2026-04-10",,,,,,,"0.0",",,N","0.0",",,N",,,,,,,,,,,,,,,,,,,,,,
"US1TNDV0047","BERRY HILL 1.6 WNW, TN US","36.125969","-86.795374","193.9","2026-04-11",,,,,,,"0.0",",,N","0.0",",,N",,,,,,,,,,,,,,,,,,,,,,
"US1TNDV0047","BERRY HILL 1.6 WNW, TN US","36.125969","-86.795374","193.9","2026-04-12",,,,,,,"0.0",",,N","0.0",",,N",,,,,,,,,,,,,,,,,,,,,,
"US1TNDV0047","BERRY HILL 1.6 WNW, TN US","36.125969","-86.795374","193.9","2026-04-13",,,,,,,"0.0",",,N","0.0",",,N",,,,,,,,,,,,,,,,,,,,,,
"US1TNDV0047","BERRY HILL 1.6 WNW, TN US","36.125969","-86.795374","193.9","2026-04-14",,,,,,,"1.8",",,N",,,,,,,,,,,,,,,,,,,,,,,,
"US1TNDV0047","BERRY HILL 1.6 WNW, TN US","36.125969","-86.795374","193.9","2026-04-15",,,,,,,"0.0",",,N","0.0",",,N",,,,,,,,,,,,,,,,,,,,,,
"US1TNDV0047","BERRY HILL 1.6 WNW, TN US","36.125969","-86.795374","193.9","2026-04-16",,,,,,,"0.0",",,N","0.0",",,N",,,,,,,,,,,,,,,,,,,,,,
"US1TNDV0047","BERRY HILL 1.6 WNW, TN US","36.125969","-86.795374","193.9","2026-04-17",,,,,,,"24.9",",,N",,,,,,,,,,,,,,,,,,,,,,,,
"US1TNDV0047","BERRY HILL 1.6 WNW, TN US","36.125969","-86.795374","193.9","2026-04-18",,,,,,,"0.0",",,N","0.0",",,N",,,,,,,,,,,,,,,,,,,,,,
"US1TNDV0047","BERRY HILL 1.6 WNW, TN US","36.125969","-86.795374","193.9","2026-04-19",,,,,,,"0.0",",,N","0.0",",,N",,,,,,,,,,,,,,,,,,,,,,
"US1TNDV0047","BERRY HILL 1.6 WNW, TN US","36.125969","-86.795374","193.9","2026-04-20",,,,,,,"0.0",",,N","0.0",",,N",,,,,,,,,,,,,,,,,,,,,,
"US1TNDV0047","BERRY HILL 1.6 WNW, TN US","36.125969","-86.795374","193.9","2026-04-21",,,,,,,"0.0",",,N","0.0",",,N",,,,,,,,,,,,,,,,,,,,,,
"US1TNDV0047","BERRY HILL 1.6 WNW, TN US","36.125969","-86.795374","193.9","2026-04-22",,,,,,,"0.0",",,N","0.0",",,N",,,,,,,,,,,,,,,,,,,,,,
"US1TNDV0047","BERRY HILL 1.6 WNW, TN US","36.125969","-86.795374","193.9","2026-04-23",,,,,,,"0.0",",,N","0.0",",,N",,,,,,,,,,,,,,,,,,,,,,
"US1TNDV0047","BERRY HILL 1.6 WNW, TN US","36.125969","-86.795374","193.9","2026-04-24",,,,,,,"0.0",",,N","0.0",",,N",,,,,,,,,,,,,,,,,,,,,,
"US1TNDV0047","BERRY HILL 1.6 WNW, TN US","36.125969","-86.795374","193.9","2026-04-25",,,,,,,"0.0",",,N","0.0",",,N",,,,,,,,,,,,,,,,,,,,,,
"US1TNDV0047","BERRY HILL 1.6 WNW, TN US","36.125969","-86.795374","193.9","2026-04-26",,,,,,,"0.0",",,N","0.0",",,N",,,,,,,,,,,,,,,,,,,,,,
"US1TNDV0047","BERRY HILL 1.6 WNW, TN US","36.125969","-86.795374","193.9","2026-04-27",,,,,,,"0.0",",,N","0.0",",,N",,,,,,,,,,,,,,,,,,,,,,
"US1TNDV0047","BERRY HILL 1.6 WNW, TN US","36.125969","-86.795374","193.9","2026-04-28",,,,,,,"40.9",",,N",,,,,,,,,,,,,,,,,,,,,,,,
"US1TNDV0047","BERRY HILL 1.6 WNW, TN US","36.125969","-86.795374","193.9","2026-04-29",,,,,,,"13.5",",,N",,,,,,,,,,,,,,,,,,,,,,,,
"US1TNDV0047","BERRY HILL 1.6 WNW, TN US","36.125969","-86.795374","193.9","2026-04-30",,,,,,,"0.3",",,N",,,,,,,,,,,,,,,,,,,,,,,,
"US1TNDV0163","NASHVILLE 5.2 S, TN US","36.088039","-86.768238","202.1","2026-04-01",,,,,,,"0.0",",,N","0.0",",,N",,,,,,,,,,,,,,,,,,,,,,
"US1TNDV0163","NASHVILLE 5.2 S, TN US","36.088039","-86.768238","202.1","2026-04-02",,,,,,,"0.0",",,N","0.0",",,N",,,,,,,,,,,,,,,,,,,,,,
"US1TNDV0163","NASHVILLE 5.2 S, TN US","36.088039","-86.768238","202.1","2026-04-03",,,,,,,"0.0",",,N","0.0",",,N",,,,,,,,,,,,,,,,,,,,,,
"US1TNDV0163","NASHVILLE 5.2 S, TN US","36.088039","-86.768238","202.1","2026-04-04",,,,,,,"0.0",",,N","0.0",",,N",,,,,,,,,,,,,,,,,,,,,,
"US1TNDV0163","NASHVILLE 5.2 S, TN US","36.088039","-86.768238","202.1","2026-04-10",,,"    6",",,N","23.6",",,N",,,,,,,,,,,,,,,,,,,,,,,,,,
"US1TNDV0163","NASHVILLE 5.2 S, TN US","36.088039","-86.768238","202.1","2026-04-11",,,,,,,"0.0",",,N","0.0",",,N",,,,,,,,,,,,,,,,,,,,,,
"US1TNDV0163","NASHVILLE 5.2 S, TN US","36.088039","-86.768238","202.1","2026-04-12",,,,,,,"0.0",",,N","0.0",",,N",,,,,,,,,,,,,,,,,,,,,,
"US1TNDV0163","NASHVILLE 5.2 S, TN US","36.088039","-86.768238","202.1","2026-04-13",,,,,,,"0.0",",,N","0.0",",,N",,,,,,,,,,,,,,,,,,,,,,
"US1TNDV0163","NASHVILLE 5.2 S, TN US","36.088039","-86.768238","202.1","2026-04-14",,,,,,,"0.8",",,N",,,,,,,,,,,,,,,,,,,,,,,,
"US1TNDV0163","NASHVILLE 5.2 S, TN US","36.088039","-86.768238","202.1","2026-04-15",,,,,,,"0.0",",,N","0.0",",,N",,,,,,,,,,,,,,,,,,,,,,
"US1TNDV0163","NASHVILLE 5.2 S, TN US","36.088039","-86.768238","202.1","2026-04-16",,,,,,,"0.0",",,N","0.0",",,N",,,,,,,,,,,,,,,,,,,,,,
"US1TNDV0163","NASHVILLE 5.2 S, TN US","36.088039","-86.768238","202.1","2026-04-17",,,,,,,"19.8",",,N",,,,,,,,,,,,,,,,,,,,,,,,
"US1TNDV0163","NASHVILLE 5.2 S, TN US","36.088039","-86.768238","202.1","2026-04-18",,,,,,,"0.0",",,N","0.0",",,N",,,,,,,,,,,,,,,,,,,,,,
"US1TNDV0163","NASHVILLE 5.2 S, TN US","36.088039","-86.768238","202.1","2026-04-19",,,,,,,"0.8",",,N",,,,,,,,,,,,,,,,,,,,,,,,
"US1TNDV0163","NASHVILLE 5.2 S, TN US","36.088039","-86.768238","202.1","2026-04-20",,,,,,,"0.0",",,N","0.0",",,N",,,,,,,,,,,,,,,,,,,,,,
"US1TNDV0163","NASHVILLE 5.2 S, TN US","36.088039","-86.768238","202.1","2026-04-21",,,,,,,"0.0",",,N","0.0",",,N",,,,,,,,,,,,,,,,,,,,,,
"US1TNDV0163","NASHVILLE 5.2 S, TN US","36.088039","-86.768238","202.1","2026-04-22",,,,,,,"0.0",",,N","0.0",",,N",,,,,,,,,,,,,,,,,,,,,,
"US1TNDV0163","NASHVILLE 5.2 S, TN US","36.088039","-86.768238","202.1","2026-04-23",,,,,,,"0.0",",,N","0.0",",,N",,,,,,,,,,,,,,,,,,,,,,
"US1TNDV0163","NASHVILLE 5.2 S, TN US","36.088039","-86.768238","202.1","2026-04-24",,,,,,,"0.0",",,N","0.0",",,N",,,,,,,,,,,,,,,,,,,,,,
"US1TNDV0163","NASHVILLE 5.2 S, TN US","36.088039","-86.768238","202.1","2026-04-25",,,,,,,"0.3",",,N",,,,,,,,,,,,,,,,,,,,,,,,
"US1TNDV0163","NASHVILLE 5.2 S, TN US","36.088039","-86.768238","202.1","2026-04-26",,,,,,,"0.0",",,N","0.0",",,N",,,,,,,,,,,,,,,,,,,,,,
"US1TNDV0163","NASHVILLE 5.2 S, TN US","36.088039","-86.768238","202.1","2026-04-27",,,,,,,"0.0",",,N","0.0",",,N",,,,,,,,,,,,,,,,,,,,,,
"US1TNDV0163","NASHVILLE 5.2 S, TN US","36.088039","-86.768238","202.1","2026-04-28",,,,,,,"35.3",",,N",,,,,,,,,,,,,,,,,,,,,,,,
"US1TNDV0163","NASHVILLE 5.2 S, TN US","36.088039","-86.768238","202.1","2026-04-29",,,,,,,"14.5",",,N",,,,,,,,,,,,,,,,,,,,,,,,
"US1TNDV0163","NASHVILLE 5.2 S, TN US","36.088039","-86.768238","202.1","2026-04-30",,,,,,,"0.0",",,N","0.0",",,N",,,,,,,,,,,,,,,,,,,,,,
"US1TNDV0041","HERMITAGE 2.6 E, TN US","36.194137","-86.576403","153.0","2026-04-01",,,,,,,"0.0",",,N","0.0",",,N",,,,,,,,,,,,,,,,,,,,,,
"US1TNDV0041","HERMITAGE 2.6 E, TN US","36.194137","-86.576403","153.0","2026-04-02",,,,,,,"0.0",",,N","0.0",",,N",,,,,,,,,,,,,,,,,,,,,,
"US1TNDV0041","HERMITAGE 2.6 E, TN US","36.194137","-86.576403","153.0","2026-04-03",,,,,,,"0.0",",,N","0.0",",,N",,,,,,,,,,,,,,,,,,,,,,
"US1TNDV0041","HERMITAGE 2.6 E, TN US","36.194137","-86.576403","153.0","2026-04-04",,,,,,,"0.0",",,N","0.0",",,N",,,,,,,,,,,,,,,,,,,,,,
"US1TNDV0041","HERMITAGE 2.6 E, TN US","36.194137","-86.576403","153.0","2026-04-05",,,,,,,"32.0",",,N",,,,,,,,,,,,,,,,,,,,,,,,
"US1TNDV0041","HERMITAGE 2.6 E, TN US","36.194137","-86.576403","153.0","2026-04-06",,,,,,,"0.0",",,N","0.0",",,N",,,,,,,,,,,,,,,,,,,,,,
"US1TNDV0041","HERMITAGE 2.6 E, TN US","36.194137","-86.576403","153.0","2026-04-07",,,,,,,"0.0",",,N","0.0",",,N",,,,,,,,,,,,,,,,,,,,,,
"US1TNDV0041","HERMITAGE 2.6 E, TN US","36.194137","-86.576403","153.0","2026-04-08",,,,,,,"0.0",",,N","0.0",",,N",,,,,,,,,,,,,,,,,,,,,,
"US1TNDV0041","HERMITAGE 2.6 E, TN US","36.194137","-86.576403","153.0","2026-04-09",,,,,,,"0.0",",,N","0.0",",,N",,,,,,,,,,,,,,,,,,,,,,
"US1TNDV0041","HERMITAGE 2.6 E, TN US","36.194137","-86.576403","153.0","2026-04-10",,,,,,,"0.0",",,N","0.0",",,N",,,,,,,,,,,,,,,,,,,,,,
"US1TNDV0041","HERMITAGE 2.6 E, TN US","36.194137","-86.576403","153.0","2026-04-11",,,,,,,"0.0",",,N","0.0",",,N",,,,,,,,,,,,,,,,,,,,,,
"US1TNDV0041","HERMITAGE 2.6 E, TN US","36.194137","-86.576403","153.0","2026-04-12",,,,,,,"0.0",",,N","0.0",",,N",,,,,,,,,,,,,,,,,,,,,,
"US1TNDV0041","HERMITAGE 2.6 E, TN US","36.194137","-86.576403","153.0","2026-04-14",,,"    2",",,N","2.0",",,N",,,,,,,,,,,,,,,,,,,,,,,,,,
"US1TNDV0041","HERMITAGE 2.6 E, TN US","36.194137","-86.576403","153.0","2026-04-15",,,,,,,"0.0",",,N","0.0",",,N",,,,,,,,,,,,,,,,,,,,,,
"US1TNDV0041","HERMITAGE 2.6 E, TN US","36.194137","-86.576403","153.0","2026-04-16",,,,,,,"0.0",",,N","0.0",",,N",,,,,,,,,,,,,,,,,,,,,,
"US1TNDV0041","HERMITAGE 2.6 E, TN US","36.194137","-86.576403","153.0","2026-04-17",,,,,,,"9.4",",,N",,,,,,,,,,,,,,,,,,,,,,,,
"US1TNDV0041","HERMITAGE 2.6 E, TN US","36.194137","-86.576403","153.0","2026-04-18",,,,,,,"0.0",",,N","0.0",",,N",,,,,,,,,,,,,,,,,,,,,,
"US1TNDV0041","HERMITAGE 2.6 E, TN US","36.194137","-86.576403","153.0","2026-04-19",,,,,,,"0.8",",,N",,,,,,,,,,,,,,,,,,,,,,,,
"US1TNDV0041","HERMITAGE 2.6 E, TN US","36.194137","-86.576403","153.0","2026-04-20",,,,,,,"0.0",",,N","0.0",",,N",,,,,,,,,,,,,,,,,,,,,,
"US1TNDV0041","HERMITAGE 2.6 E, TN US","36.194137","-86.576403","153.0","2026-04-21",,,,,,,"0.0",",,N","0.0",",,N",,,,,,,,,,,,,,,,,,,,,,
"US1TNDV0041","HERMITAGE 2.6 E, TN US","36.194137","-86.576403","153.0","2026-04-22",,,,,,,"0.0",",,N","0.0",",,N",,,,,,,,,,,,,,,,,,,,,,
"US1TNDV0041","HERMITAGE 2.6 E, TN US","36.194137","-86.576403","153.0","2026-04-23",,,,,,,"0.0",",,N","0.0",",,N",,,,,,,,,,,,,,,,,,,,,,
"US1TNDV0041","HERMITAGE 2.6 E, TN US","36.194137","-86.576403","153.0","2026-04-24",,,,,,,"0.0",",,N","0.0",",,N",,,,,,,,,,,,,,,,,,,,,,
"US1TNDV0041","HERMITAGE 2.6 E, TN US","36.194137","-86.576403","153.0","2026-04-25",,,,,,,"0.3",",,N",,,,,,,,,,,,,,,,,,,,,,,,
"US1TNDV0041","HERMITAGE 2.6 E, TN US","36.194137","-86.576403","153.0","2026-04-26",,,,,,,"0.0",",,N","0.0",",,N",,,,,,,,,,,,,,,,,,,,,,
"US1TNDV0041","HERMITAGE 2.6 E, TN US","36.194137","-86.576403","153.0","2026-04-27",,,,,,,"0.0",",,N","0.0",",,N",,,,,,,,,,,,,,,,,,,,,,
"US1TNDV0041","HERMITAGE 2.6 E, TN US","36.194137","-86.576403","153.0","2026-04-28",,,,,,,"26.9",",,N",,,,,,,,,,,,,,,,,,,,,,,,
"US1TNDV0041","HERMITAGE 2.6 E, TN US","36.194137","-86.576403","153.0","2026-04-29",,,,,,,"10.9",",,N",,,,,,,,,,,,,,,,,,,,,,,,
"US1TNDV0041","HERMITAGE 2.6 E, TN US","36.194137","-86.576403","153.0","2026-04-30",,,,,,,"0.0",",,N","0.0",",,N",,,,,,,,,,,,,,,,,,,,,,
"US1TNRD0100","MURFREESBORO 7.9 NNW, TN US","35.964456","-86.430956","169.5","2026-04-01",,,,,,,"0.0",",,N","0.0",",,N",,,,,,,,,,,,,,,,,,,,,,
"US1TNRD0100","MURFREESBORO 7.9 NNW, TN US","35.964456","-86.430956","169.5","2026-04-02",,,,,,,"0.0",",,N","0.0",",,N",,,,,,,,,,,,,,,,,,,,,,
"US1TNRD0100","MURFREESBORO 7.9 NNW, TN US","35.964456","-86.430956","169.5","2026-04-03",,,,,,,"0.0",",,N","0.0",",,N",,,,,,,,,,,,,,,,,,,,,,
"US1TNRD0100","MURFREESBORO 7.9 NNW, TN US","35.964456","-86.430956","169.5","2026-04-04",,,,,,,"0.0",",,N","0.0",",,N",,,,,,,,,,,,,,,,,,,,,,
"US1TNRD0100","MURFREESBORO 7.9 NNW, TN US","35.964456","-86.430956","169.5","2026-04-05",,,,,,,"28.2",",,N",,,,,,,,,,,,,,,,,,,,,,,,
"US1TNRD0100","MURFREESBORO 7.9 NNW, TN US","35.964456","-86.430956","169.5","2026-04-06",,,,,,,"0.3",",,N",,,,,,,,,,,,,,,,,,,,,,,,
"US1TNRD0100","MURFREESBORO 7.9 NNW, TN US","35.964456","-86.430956","169.5","2026-04-07",,,,,,,"0.0",",,N","0.0",",,N",,,,,,,,,,,,,,,,,,,,,,
"US1TNRD0100","MURFREESBORO 7.9 NNW, TN US","35.964456","-86.430956","169.5","2026-04-08",,,,,,,"0.0",",,N","0.0",",,N",,,,,,,,,,,,,,,,,,,,,,
"US1TNRD0100","MURFREESBORO 7.9 NNW, TN US","35.964456","-86.430956","169.5","2026-04-09",,,,,,,"0.0",",,N","0.0",",,N",,,,,,,,,,,,,,,,,,,,,,
"US1TNRD0100","MURFREESBORO 7.9 NNW, TN US","35.964456","-86.430956","169.5","2026-04-10",,,,,,,"0.0",",,N","0.0",",,N",,,,,,,,,,,,,,,,,,,,,,
"US1TNRD0100","MURFREESBORO 7.9 NNW, TN US","35.964456","-86.430956","169.5","2026-04-11",,,,,,,"0.0",",,N","0.0",",,N",,,,,,,,,,,,,,,,,,,,,,
"US1TNRD0100","MURFREESBORO 7.9 NNW, TN US","35.964456","-86.430956","169.5","2026-04-12",,,,,,,"0.0",",,N","0.0",",,N",,,,,,,,,,,,,,,,,,,,,,
"US1TNRD0100","MURFREESBORO 7.9 NNW, TN US","35.964456","-86.430956","169.5","2026-04-13",,,,,,,"0.0",",,N","0.0",",,N",,,,,,,,,,,,,,,,,,,,,,
"US1TNRD0100","MURFREESBORO 7.9 NNW, TN US","35.964456","-86.430956","169.5","2026-04-14",,,,,,,"0.0",",,N","0.0",",,N",,,,,,,,,,,,,,,,,,,,,,
"US1TNRD0100","MURFREESBORO 7.9 NNW, TN US","35.964456","-86.430956","169.5","2026-04-15",,,,,,,"0.0",",,N","0.0",",,N",,,,,,,,,,,,,,,,,,,,,,
"US1TNRD0100","MURFREESBORO 7.9 NNW, TN US","35.964456","-86.430956","169.5","2026-04-16",,,,,,,"0.0",",,N","0.0",",,N",,,,,,,,,,,,,,,,,,,,,,
"US1TNRD0100","MURFREESBORO 7.9 NNW, TN US","35.964456","-86.430956","169.5","2026-04-17",,,,,,,"14.5",",,N",,,,,,,,,,,,,,,,,,,,,,,,
"US1TNRD0100","MURFREESBORO 7.9 NNW, TN US","35.964456","-86.430956","169.5","2026-04-18",,,,,,,"0.3",",,N",,,,,,,,,,,,,,,,,,,,,,,,
"US1TNRD0100","MURFREESBORO 7.9 NNW, TN US","35.964456","-86.430956","169.5","2026-04-19",,,,,,,"0.8",",,N",,,,,,,,,,,,,,,,,,,,,,,,
"US1TNRD0100","MURFREESBORO 7.9 NNW, TN US","35.964456","-86.430956","169.5","2026-04-20",,,,,,,"0.0",",,N","0.0",",,N",,,,,,,,,,,,,,,,,,,,,,
"US1TNRD0100","MURFREESBORO 7.9 NNW, TN US","35.964456","-86.430956","169.5","2026-04-21",,,,,,,"0.0",",,N","0.0",",,N",,,,,,,,,,,,,,,,,,,,,,
"US1TNRD0100","MURFREESBORO 7.9 NNW, TN US","35.964456","-86.430956","169.5","2026-04-22",,,,,,,"0.0",",,N","0.0",",,N",,,,,,,,,,,,,,,,,,,,,,
"US1TNRD0100","MURFREESBORO 7.9 NNW, TN US","35.964456","-86.430956","169.5","2026-04-23",,,,,,,"0.0",",,N","0.0",",,N",,,,,,,,,,,,,,,,,,,,,,
"US1TNRD0100","MURFREESBORO 7.9 NNW, TN US","35.964456","-86.430956","169.5","2026-04-24",,,,,,,"0.0",",,N","0.0",",,N",,,,,,,,,,,,,,,,,,,,,,
"US1TNRD0100","MURFREESBORO 7.9 NNW, TN US","35.964456","-86.430956","169.5","2026-04-25",,,,,,,"0.5",",,N",,,,,,,,,,,,,,,,,,,,,,,,
"US1TNRD0100","MURFREESBORO 7.9 NNW, TN US","35.964456","-86.430956","169.5","2026-04-26",,,,,,,"0.3",",,N",,,,,,,,,,,,,,,,,,,,,,,,
"US1TNRD0100","MURFREESBORO 7.9 NNW, TN US","35.964456","-86.430956","169.5","2026-04-27",,,,,,,"0.0",",,N","0.0",",,N",,,,,,,,,,,,,,,,,,,,,,
"US1TNRD0100","MURFREESBORO 7.9 NNW, TN US","35.964456","-86.430956","169.5","2026-04-28",,,,,,,"10.4",",,N",,,,,,,,,,,,,,,,,,,,,,,,
"US1TNRD0100","MURFREESBORO 7.9 NNW, TN US","35.964456","-86.430956","169.5","2026-04-29",,,,,,,"15.5",",,N",,,,,,,,,,,,,,,,,,,,,,,,
"US1TNRD0100","MURFREESBORO 7.9 NNW, TN US","35.964456","-86.430956","169.5","2026-04-30",,,,,,,"0.3",",,N",,,,,,,,,,,,,,,,,,,,,,,,
"USC00402989","FAIRVIEW BOWIE NATURE CENTER, TN US","35.9689","-87.1364","262.1","2026-04-02",,,,,,,"0.0",",,H,0800",,,,,,,"30.6",",,H","2.2",",S,H","18.9",",,H,0800",,,,,,,,,,,,
"USC00402989","FAIRVIEW BOWIE NATURE CENTER, TN US","35.9689","-87.1364","262.1","2026-04-03",,,,,,,"0.0",",,H,0800",,,,,,,"28.3",",,H","2.8",",,H","18.9",",,H,0800",,,,,,,,,,,,
"USC00402989","FAIRVIEW BOWIE NATURE CENTER, TN US","35.9689","-87.1364","262.1","2026-04-04",,,,,,,"0.0",",,H,0800",,,,,,,"30.6",",,H","18.3",",,H","19.4",",,H,0800",,,,,,,,,,,,
"USC00402989","FAIRVIEW BOWIE NATURE CENTER, TN US","35.9689","-87.1364","262.1","2026-04-05",,,,,,,"17.8",",,H,0800",,,,,,,"28.3",",,H","6.1",",,H","6.7",",,H,0800",,,,,,,,,,,,
"USC00402989","FAIRVIEW BOWIE NATURE CENTER, TN US","35.9689","-87.1364","262.1","2026-04-06",,,,,,,"0.0",",,H,0800",,,,,,,"22.2",",,H","3.3",",,H","5.6",",,H,0800",,,,,,,,,,,,
"USC00402989","FAIRVIEW BOWIE NATURE CENTER, TN US","35.9689","-87.1364","262.1","2026-04-07",,,,,,,"0.0",",,H,0800",,,,,,,"21.1",",,H","5.0",",,H","15.6",",,H,0800",,,,,,,,,,,,
"USC00402989","FAIRVIEW BOWIE NATURE CENTER, TN US","35.9689","-87.1364","262.1","2026-04-08",,,,,,,"0.0",",,H,0800",,,,,,,"21.1",",,H","6.1",",,H","7.2",",,H,0800",,,,,,,,,,,,
"USC00402989","FAIRVIEW BOWIE NATURE CENTER, TN US","35.9689","-87.1364","262.1","2026-04-09",,,,,,,"0.0",",,H,0800",,,,,,,"25.6",",,H","6.7",",,H","11.1",",,H,0800",,,,,,,,,,,,
"USC00402989","FAIRVIEW BOWIE NATURE CENTER, TN US","35.9689","-87.1364","262.1","2026-04-10",,,,,,,"0.0",",,H,0800",,,,,,,"26.7",",,H","11.1",",,H","12.2",",,H,0800",,,,,,,,,,,,
"USC00402989","FAIRVIEW BOWIE NATURE CENTER, TN US","35.9689","-87.1364","262.1","2026-04-11",,,,,,,"0.0",",,H,0800",,,,,,,"27.8",",,H","11.7",",,H","13.3",",,H,0800",,,,,,,,,,,,
"USC00402989","FAIRVIEW BOWIE NATURE CENTER, TN US","35.9689","-87.1364","262.1","2026-04-12",,,,,,,"0.0",",,H,0800",,,,,,,"27.2",",,H","11.7",",,H","13.9",",,H,0800",,,,,,,,,,,,
"USC00402989","FAIRVIEW BOWIE NATURE CENTER, TN US","35.9689","-87.1364","262.1","2026-04-13",,,,,,,"0.0",",,H,0800",,,,,,,"28.9",",,H","13.9",",,H","18.9",",,H,0800",,,,,,,,,,,,
"USC00402989","FAIRVIEW BOWIE NATURE CENTER, TN US","35.9689","-87.1364","262.1","2026-04-14",,,,,,,"1.3",",,H,0800",,,,,,,"26.7",",,H","17.2",",,H","17.8",",,H,0800",,,,,,,,,,,,
"USC00402989","FAIRVIEW BOWIE NATURE CENTER, TN US","35.9689","-87.1364","262.1","2026-04-15",,,,,,,"0.0",",,H,0800",,,,,,,"28.3",",,H","17.2",",,H","17.2",",,H,0800",,,,,,,,,,,,
"USC00402989","FAIRVIEW BOWIE NATURE CENTER, TN US","35.9689","-87.1364","262.1","2026-04-16",,,,,,,"0.3",",,H,0800",,,,,,,"30.6",",,H","17.2",",,H","18.9",",,H,0800",,,,,,,,,,,,
"USC00402989","FAIRVIEW BOWIE NATURE CENTER, TN US","35.9689","-87.1364","262.1","2026-04-17",,,,,,,"8.6",",,H,0800",,,,,,,"28.3",",,H","13.3",",,H","14.4",",,H,0800",,,,,,,,,,,,
"USC00402989","FAIRVIEW BOWIE NATURE CENTER, TN US","35.9689","-87.1364","262.1","2026-04-18",,,,,,,"1.3",",,H,0800",,,,,,,"28.9",",,H","13.3",",,H","19.4",",,H,0800",,,,,,,,,,,,
"USC00402989","FAIRVIEW BOWIE NATURE CENTER, TN US","35.9689","-87.1364","262.1","2026-04-19",,,,,,,"0.0",",,H,0800",,,,,,,"19.4",",,H","4.4",",,H","4.4",",,H,0800",,,,,,,,,,,,
"USC00402989","FAIRVIEW BOWIE NATURE CENTER, TN US","35.9689","-87.1364","262.1","2026-04-20",,,,,,,"0.0",",,H,0800",,,,,,,"19.4",",,H","4.4",",,H","11.1",",,H,0800",,,,,,,,,,,,
"USC00402989","FAIRVIEW BOWIE NATURE CENTER, TN US","35.9689","-87.1364","262.1","2026-04-21",,,,,,,"0.5",",,H,0800",,,,,,,"23.9",",,H","10.6",",,H","11.7",",,H,0800",,,,,,,,,,,,
"USC00402989","FAIRVIEW BOWIE NATURE CENTER, TN US","35.9689","-87.1364","262.1","2026-04-22",,,,,,,"0.0",",,H,0800",,,,,,,"27.2",",,H","10.6",",,H","12.2",",,H,0800",,,,,,,,,,,,
"USC00402989","FAIRVIEW BOWIE NATURE CENTER, TN US","35.9689","-87.1364","262.1","2026-04-23",,,,,,,"0.0",",,H,0800",,,,,,,"28.3",",,H","12.2",",,H","15.0",",,H,0800",,,,,,,,,,,,
"USC00402989","FAIRVIEW BOWIE NATURE CENTER, TN US","35.9689","-87.1364","262.1","2026-04-24",,,,,,,"0.0",",,H,0800",,,,,,,"28.3",",,H","15.0",",,H","16.7",",,H,0800",,,,,,,,,,,,
"USC00402989","FAIRVIEW BOWIE NATURE CENTER, TN US","35.9689","-87.1364","262.1","2026-04-25",,,,,,,"0.0",",,H,0800",,,,,,,"26.1",",,H","15.6",",,H","18.9",",,H,0800",,,,,,,,,,,,
"USC00402989","FAIRVIEW BOWIE NATURE CENTER, TN US","35.9689","-87.1364","262.1","2026-04-26",,,,,,,"0.0",",,H,0800",,,,,,,"26.1",",,H","13.3",",,H","15.0",",,H,0800",,,,,,,,,,,,
"USC00402989","FAIRVIEW BOWIE NATURE CENTER, TN US","35.9689","-87.1364","262.1","2026-04-27",,,,,,,"0.0",",,H,0800",,,,,,,"27.8",",,H","13.3",",,H","17.8",",,H,0800",,,,,,,,,,,,
"USC00402989","FAIRVIEW BOWIE NATURE CENTER, TN US","35.9689","-87.1364","262.1","2026-04-28",,,,,,,"19.6",",,H,0800",,,,,,,"27.8",",,H","13.3",",,H","17.2",",,H,0800",,,,,,,,,,,,
"USC00402989","FAIRVIEW BOWIE NATURE CENTER, TN US","35.9689","-87.1364","262.1","2026-04-29",,,,,,,"24.1",",,H,0800",,,,,,,"25.6",",,H","16.1",",,H","16.7",",,H,0800",,,,,,,,,,,,
"USC00402989","FAIRVIEW BOWIE NATURE CENTER, TN US","35.9689","-87.1364","262.1","2026-04-30",,,,,,,"0.5",",,H,0800",,,,,,,"20.6",",,H","8.3",",,H","10.6",",,H,0800",,,,,,,,,,,,
"US1TNSR0106","HENDERSONVILLE 0.3 ENE, TN US","36.295","-86.598156","152.7","2026-04-01",,,,,,,"0.0",",,N","0.0",",,N",,,,,,,,,,,,,,,,,,,,,,
"US1TNSR0106","HENDERSONVILLE 0.3 ENE, TN US","36.295","-86.598156","152.7","2026-04-02",,,,,,,"0.0",",,N","0.0",",,N",,,,,,,,,,,,,,,,,,,,,,
"US1TNSR0106","HENDERSONVILLE 0.3 ENE, TN US","36.295","-86.598156","152.7","2026-04-03",,,,,,,"0.0","T,,N",,,,,,,,,,,,,,,,,,,,,,,,
"US1TNSR0106","HENDERSONVILLE 0.3 ENE, TN US","36.295","-86.598156","152.7","2026-04-04",,,,,,,"0.0",",,N","0.0",",,N",,,,,,,,,,,,,,,,,,,,,,
"US1TNSR0106","HENDERSONVILLE 0.3 ENE, TN US","36.295","-86.598156","152.7","2026-04-05",,,,,,,"18.3",",,N",,,,,,,,,,,,,,,,,,,,,,,,
"US1TNSR0106","HENDERSONVILLE 0.3 ENE, TN US","36.295","-86.598156","152.7","2026-04-06",,,,,,,"0.0",",,N","0.0",",,N",,,,,,,,,,,,,,,,,,,,,,
"US1TNSR0106","HENDERSONVILLE 0.3 ENE, TN US","36.295","-86.598156","152.7","2026-04-07",,,,,,,"0.0",",,N","0.0",",,N",,,,,,,,,,,,,,,,,,,,,,
"US1TNSR0106","HENDERSONVILLE 0.3 ENE, TN US","36.295","-86.598156","152.7","2026-04-08",,,,,,,"0.0",",,N","0.0",",,N",,,,,,,,,,,,,,,,,,,,,,
"US1TNSR0106","HENDERSONVILLE 0.3 ENE, TN US","36.295","-86.598156","152.7","2026-04-09",,,,,,,"0.0",",,N","0.0",",,N",,,,,,,,,,,,,,,,,,,,,,
"US1TNSR0106","HENDERSONVILLE 0.3 ENE, TN US","36.295","-86.598156","152.7","2026-04-10",,,,,,,"0.0",",,N","0.0",",,N",,,,,,,,,,,,,,,,,,,,,,
"US1TNSR0106","HENDERSONVILLE 0.3 ENE, TN US","36.295","-86.598156","152.7","2026-04-11",,,,,,,"0.0",",,N","0.0",",,N",,,,,,,,,,,,,,,,,,,,,,
"US1TNSR0106","HENDERSONVILLE 0.3 ENE, TN US","36.295","-86.598156","152.7","2026-04-12",,,,,,,"0.3",",,N",,,,,,,,,,,,,,,,,,,,,,,,
"US1TNSR0106","HENDERSONVILLE 0.3 ENE, TN US","36.295","-86.598156","152.7","2026-04-13",,,,,,,"0.0",",,N","0.0",",,N",,,,,,,,,,,,,,,,,,,,,,
"US1TNSR0106","HENDERSONVILLE 0.3 ENE, TN US","36.295","-86.598156","152.7","2026-04-14",,,,,,,"0.5",",,N",,,,,,,,,,,,,,,,,,,,,,,,
"US1TNSR0106","HENDERSONVILLE 0.3 ENE, TN US","36.295","-86.598156","152.7","2026-04-15",,,,,,,"0.0",",,N","0.0",",,N",,,,,,,,,,,,,,,,,,,,,,
"US1TNSR0106","HENDERSONVILLE 0.3 ENE, TN US","36.295","-86.598156","152.7","2026-04-16",,,,,,,"0.0",",,N","0.0",",,N",,,,,,,,,,,,,,,,,,,,,,
"US1TNSR0106","HENDERSONVILLE 0.3 ENE, TN US","36.295","-86.598156","152.7","2026-04-17",,,,,,,"7.9",",,N",,,,,,,,,,,,,,,,,,,,,,,,
"US1TNSR0106","HENDERSONVILLE 0.3 ENE, TN US","36.295","-86.598156","152.7","2026-04-18",,,,,,,"0.0",",,N","0.0",",,N",,,,,,,,,,,,,,,,,,,,,,
"US1TNSR0106","HENDERSONVILLE 0.3 ENE, TN US","36.295","-86.598156","152.7","2026-04-19",,,,,,,"0.5",",,N",,,,,,,,,,,,,,,,,,,,,,,,
"US1TNSR0106","HENDERSONVILLE 0.3 ENE, TN US","36.295","-86.598156","152.7","2026-04-20",,,,,,,"0.0",",,N","0.0",",,N",,,,,,,,,,,,,,,,,,,,,,
"US1TNSR0106","HENDERSONVILLE 0.3 ENE, TN US","36.295","-86.598156","152.7","2026-04-21",,,,,,,"0.0",",,N","0.0",",,N",,,,,,,,,,,,,,,,,,,,,,
"US1TNSR0106","HENDERSONVILLE 0.3 ENE, TN US","36.295","-86.598156","152.7","2026-04-22",,,,,,,"0.0",",,N","0.0",",,N",,,,,,,,,,,,,,,,,,,,,,
"US1TNSR0106","HENDERSONVILLE 0.3 ENE, TN US","36.295","-86.598156","152.7","2026-04-23",,,,,,,"0.0",",,N","0.0",",,N",,,,,,,,,,,,,,,,,,,,,,
"US1TNSR0106","HENDERSONVILLE 0.3 ENE, TN US","36.295","-86.598156","152.7","2026-04-24",,,,,,,"0.0",",,N","0.0",",,N",,,,,,,,,,,,,,,,,,,,,,
"US1TNSR0106","HENDERSONVILLE 0.3 ENE, TN US","36.295","-86.598156","152.7","2026-04-25",,,,,,,"0.0","T,,N",,,,,,,,,,,,,,,,,,,,,,,,
"US1TNSR0106","HENDERSONVILLE 0.3 ENE, TN US","36.295","-86.598156","152.7","2026-04-26",,,,,,,"0.0",",,N","0.0",",,N",,,,,,,,,,,,,,,,,,,,,,
"US1TNSR0106","HENDERSONVILLE 0.3 ENE, TN US","36.295","-86.598156","152.7","2026-04-27",,,,,,,"0.0",",,N","0.0",",,N",,,,,,,,,,,,,,,,,,,,,,
"US1TNSR0106","HENDERSONVILLE 0.3 ENE, TN US","36.295","-86.598156","152.7","2026-04-28",,,,,,,"16.8",",,N",,,,,,,,,,,,,,,,,,,,,,,,
"US1TNSR0106","HENDERSONVILLE 0.3 ENE, TN US","36.295","-86.598156","152.7","2026-04-29",,,,,,,"12.7",",,N",,,,,,,,,,,,,,,,,,,,,,,,
"US1TNSR0106","HENDERSONVILLE 0.3 ENE, TN US","36.295","-86.598156","152.7","2026-04-30",,,,,,,"0.5",",,N",,,,,,,,,,,,,,,,,,,,,,,,
"US1TNSR0105","PORTLAND 8.1 SSE, TN US","36.475977","-86.464084","271.3","2026-04-03",,,"    3",",,N","0.0",",,N",,,,,,,,,,,,,,,,,,,,,,,,,,
"US1TNSR0105","PORTLAND 8.1 SSE, TN US","36.475977","-86.464084","271.3","2026-04-06",,,"    3",",,N","13.2",",,N",,,,,,,,,,,,,,,,,,,,,,,,,,
"US1TNSR0105","PORTLAND 8.1 SSE, TN US","36.475977","-86.464084","271.3","2026-04-11",,,"    5",",,N","0.0",",,N",,,,,,,,,,,,,,,,,,,,,,,,,,
"US1TNSR0105","PORTLAND 8.1 SSE, TN US","36.475977","-86.464084","271.3","2026-04-23",,,"   12",",,N","4.6",",,N",,,,,,,,,,,,,,,,,,,,,,,,,,
"US1TNSR0105","PORTLAND 8.1 SSE, TN US","36.475977","-86.464084","271.3","2026-04-24",,,,,,,"0.0",",,N","0.0",",,N",,,,,,,,,,,,,,,,,,,,,,
"US1TNSR0105","PORTLAND 8.1 SSE, TN US","36.475977","-86.464084","271.3","2026-04-25",,,,,,,"0.0",",,N","0.0",",,N",,,,,,,,,,,,,,,,,,,,,,
"US1TNSR0105","PORTLAND 8.1 SSE, TN US","36.475977","-86.464084","271.3","2026-04-26",,,,,,,"0.0",",,N","0.0",",,N",,,,,,,,,,,,,,,,,,,,,,
"US1TNSR0105","PORTLAND 8.1 SSE, TN US","36.475977","-86.464084","271.3","2026-04-27",,,,,,,"0.0",",,N","0.0",",,N",,,,,,,,,,,,,,,,,,,,,,
"US1TNSR0105","PORTLAND 8.1 SSE, TN US","36.475977","-86.464084","271.3","2026-04-28",,,,,,,"15.5",",,N",,,,,,,,,,,,,,,,,,,,,,,,
"US1TNSR0105","PORTLAND 8.1 SSE, TN US","36.475977","-86.464084","271.3","2026-04-29",,,,,,,"21.6",",,N",,,,,,,,,,,,,,,,,,,,,,,,
"US1TNWL0106","NOLENSVILLE 0.6 ESE, TN US","35.943","-86.6382","203.3","2026-04-05",,,,,,,"27.4",",,N",,,,,,,,,,,,,,,,,,,,,,,,
"US1TNWL0106","NOLENSVILLE 0.6 ESE, TN US","35.943","-86.6382","203.3","2026-04-14",,,,,,,"0.0","T,,N",,,,,,,,,,,,,,,,,,,,,,,,
"US1TNWL0106","NOLENSVILLE 0.6 ESE, TN US","35.943","-86.6382","203.3","2026-04-17",,,,,,,"8.1",",,N",,,,,,,,,,,,,,,,,,,,,,,,
"US1TNWL0106","NOLENSVILLE 0.6 ESE, TN US","35.943","-86.6382","203.3","2026-04-19",,,,,,,"1.0",",,N",,,,,,,,,,,,,,,,,,,,,,,,
"US1TNWL0106","NOLENSVILLE 0.6 ESE, TN US","35.943","-86.6382","203.3","2026-04-26",,,,,,,"5.1",",,N",,,,,,,,,,,,,,,,,,,,,,,,
"US1TNWL0106","NOLENSVILLE 0.6 ESE, TN US","35.943","-86.6382","203.3","2026-04-28",,,,,,,"9.4",",,N",,,,,,,,,,,,,,,,,,,,,,,,
"US1TNWL0106","NOLENSVILLE 0.6 ESE, TN US","35.943","-86.6382","203.3","2026-04-29",,,,,,,"18.0",",,N",,,,,,,,,,,,,,,,,,,,,,,,
"US1TNWL0106","NOLENSVILLE 0.6 ESE, TN US","35.943","-86.6382","203.3","2026-04-30",,,,,,,"0.3",",,N",,,,,,,,,,,,,,,,,,,,,,,,
"US1TNWL0107","FRANKLIN 10.0 W, TN US","35.9130387","-87.0192257","239.3","2026-04-01",,,,,,,"0.0",",,N","0.0",",,N",,,,,,,,,,,,,,,,,,,,,,
"US1TNWL0107","FRANKLIN 10.0 W, TN US","35.9130387","-87.0192257","239.3","2026-04-02",,,,,,,"0.0",",,N","0.0",",,N",,,,,,,,,,,,,,,,,,,,,,
"US1TNWL0107","FRANKLIN 10.0 W, TN US","35.9130387","-87.0192257","239.3","2026-04-03",,,,,,,"0.0",",,N","0.0",",,N",,,,,,,,,,,,,,,,,,,,,,
"US1TNWL0107","FRANKLIN 10.0 W, TN US","35.9130387","-87.0192257","239.3","2026-04-04",,,,,,,"0.0",",,N","0.0",",,N",,,,,,,,,,,,,,,,,,,,,,
"US1TNWL0107","FRANKLIN 10.0 W, TN US","35.9130387","-87.0192257","239.3","2026-04-05",,,,,,,"31.8",",,N",,,,,,,,,,,,,,,,,,,,,,,,
"US1TNWL0107","FRANKLIN 10.0 W, TN US","35.9130387","-87.0192257","239.3","2026-04-06",,,,,,,"0.0",",,N","0.0",",,N",,,,,,,,,,,,,,,,,,,,,,
"US1TNWL0107","FRANKLIN 10.0 W, TN US","35.9130387","-87.0192257","239.3","2026-04-09",,,,,,,"0.0",",,N","0.0",",,N",,,,,,,,,,,,,,,,,,,,,,
"US1TNWL0107","FRANKLIN 10.0 W, TN US","35.9130387","-87.0192257","239.3","2026-04-12",,,,,,,"0.0",",,N","0.0",",,N",,,,,,,,,,,,,,,,,,,,,,
"US1TNWL0107","FRANKLIN 10.0 W, TN US","35.9130387","-87.0192257","239.3","2026-04-14",,,,,,,"1.0",",,N",,,,,,,,,,,,,,,,,,,,,,,,
"US1TNWL0107","FRANKLIN 10.0 W, TN US","35.9130387","-87.0192257","239.3","2026-04-17",,,,,,,"4.1",",,N",,,,,,,,,,,,,,,,,,,,,,,,
"US1TNWL0107","FRANKLIN 10.0 W, TN US","35.9130387","-87.0192257","239.3","2026-04-19",,,,,,,"1.0",",,N",,,,,,,,,,,,,,,,,,,,,,,,
"US1TNWL0107","FRANKLIN 10.0 W, TN US","35.9130387","-87.0192257","239.3","2026-04-21",,,,,,,"0.0",",,N","0.0",",,N",,,,,,,,,,,,,,,,,,,,,,
"US1TNWL0107","FRANKLIN 10.0 W, TN US","35.9130387","-87.0192257","239.3","2026-04-25",,,,,,,"0.0",",,N","0.0",",,N",,,,,,,,,,,,,,,,,,,,,,
"US1TNWL0107","FRANKLIN 10.0 W, TN US","35.9130387","-87.0192257","239.3","2026-04-28",,,,,,,"20.8",",,N",,,,,,,,,,,,,,,,,,,,,,,,
"US1TNWL0107","FRANKLIN 10.0 W, TN US","35.9130387","-87.0192257","239.3","2026-04-29",,,,,,,"30.0",",,N",,,,,,,,,,,,,,,,,,,,,,,,
"US1TNWL0107","FRANKLIN 10.0 W, TN US","35.9130387","-87.0192257","239.3","2026-04-30",,,,,,,"0.0",",,N","0.0",",,N",,,,,,,,,,,,,,,,,,,,,,
"US1TNWL0101","COLLEGE GROVE 3.9 WSW, TN US","35.7631696","-86.7372716","303.6","2026-04-02",,,,,,,"0.0",",,N","0.0",",,N",,,,,,,,,,,,,,,,,,,,,,
"US1TNWL0101","COLLEGE GROVE 3.9 WSW, TN US","35.7631696","-86.7372716","303.6","2026-04-04",,,,,,,"0.0",",,N","0.0",",,N",,,,,,,,,,,,,,,,,,,,,,
"US1TNWL0101","COLLEGE GROVE 3.9 WSW, TN US","35.7631696","-86.7372716","303.6","2026-04-05",,,,,,,"17.5",",,N",,,,,,,,,,,,,,,,,,,,,,,,
"US1TNWL0101","COLLEGE GROVE 3.9 WSW, TN US","35.7631696","-86.7372716","303.6","2026-04-06",,,,,,,"0.0",",,N","0.0",",,N",,,,,,,,,,,,,,,,,,,,,,
"US1TNWL0101","COLLEGE GROVE 3.9 WSW, TN US","35.7631696","-86.7372716","303.6","2026-04-07",,,,,,,"0.0",",,N","0.0",",,N",,,,,,,,,,,,,,,,,,,,,,
"US1TNWL0101","COLLEGE GROVE 3.9 WSW, TN US","35.7631696","-86.7372716","303.6","2026-04-09",,,,,,,"0.0",",,N","0.0",",,N",,,,,,,,,,,,,,,,,,,,,,
"US1TNWL0101","COLLEGE GROVE 3.9 WSW, TN US","35.7631696","-86.7372716","303.6","2026-04-10",,,,,,,"0.0",",,N","0.0",",,N",,,,,,,,,,,,,,,,,,,,,,
"US1TNWL0101","COLLEGE GROVE 3.9 WSW, TN US","35.7631696","-86.7372716","303.6","2026-04-11",,,,,,,"0.0",",,N","0.0",",,N",,,,,,,,,,,,,,,,,,,,,,
"US1TNWL0101","COLLEGE GROVE 3.9 WSW, TN US","35.7631696","-86.7372716","303.6","2026-04-13",,,,,,,"0.0",",,N","0.0",",,N",,,,,,,,,,,,,,,,,,,,,,
"US1TNWL0101","COLLEGE GROVE 3.9 WSW, TN US","35.7631696","-86.7372716","303.6","2026-04-14",,,,,,,"0.0","T,,N",,,,,,,,,,,,,,,,,,,,,,,,
"US1TNWL0101","COLLEGE GROVE 3.9 WSW, TN US","35.7631696","-86.7372716","303.6","2026-04-15",,,,,,,"0.0",",,N","0.0",",,N",,,,,,,,,,,,,,,,,,,,,,
"US1TNWL0101","COLLEGE GROVE 3.9 WSW, TN US","35.7631696","-86.7372716","303.6","2026-04-16",,,,,,,"0.0",",,N","0.0",",,N",,,,,,,,,,,,,,,,,,,,,,
"US1TNWL0101","COLLEGE GROVE 3.9 WSW, TN US","35.7631696","-86.7372716","303.6","2026-04-17",,,,,,,"2.5",",,N",,,,,,,,,,,,,,,,,,,,,,,,
"US1TNWL0101","COLLEGE GROVE 3.9 WSW, TN US","35.7631696","-86.7372716","303.6","2026-04-19",,,,,,,"0.0","T,,N",,,,,,,,,,,,,,,,,,,,,,,,
"US1TNWL0101","COLLEGE GROVE 3.9 WSW, TN US","35.7631696","-86.7372716","303.6","2026-04-20",,,,,,,"0.0",",,N","0.0",",,N",,,,,,,,,,,,,,,,,,,,,,
"US1TNWL0101","COLLEGE GROVE 3.9 WSW, TN US","35.7631696","-86.7372716","303.6","2026-04-21",,,,,,,"0.0",",,N","0.0",",,N",,,,,,,,,,,,,,,,,,,,,,
"US1TNWL0101","COLLEGE GROVE 3.9 WSW, TN US","35.7631696","-86.7372716","303.6","2026-04-22",,,,,,,"0.0",",,N","0.0",",,N",,,,,,,,,,,,,,,,,,,,,,
"US1TNWL0101","COLLEGE GROVE 3.9 WSW, TN US","35.7631696","-86.7372716","303.6","2026-04-23",,,,,,,"0.0",",,N","0.0",",,N",,,,,,,,,,,,,,,,,,,,,,
"US1TNWL0101","COLLEGE GROVE 3.9 WSW, TN US","35.7631696","-86.7372716","303.6","2026-04-25",,,,,,,"0.0","T,,N",,,,,,,,,,,,,,,,,,,,,,,,
"US1TNWL0101","COLLEGE GROVE 3.9 WSW, TN US","35.7631696","-86.7372716","303.6","2026-04-26",,,,,,,"0.0","T,,N",,,,,,,,,,,,,,,,,,,,,,,,
"US1TNWL0101","COLLEGE GROVE 3.9 WSW, TN US","35.7631696","-86.7372716","303.6","2026-04-27",,,,,,,"0.0",",,N","0.0",",,N",,,,,,,,,,,,,,,,,,,,,,
"US1TNWL0101","COLLEGE GROVE 3.9 WSW, TN US","35.7631696","-86.7372716","303.6","2026-04-28",,,,,,,"25.4",",,N",,,,,,,,,,,,,,,,,,,,,,,,
"US1TNWL0101","COLLEGE GROVE 3.9 WSW, TN US","35.7631696","-86.7372716","303.6","2026-04-29",,,,,,,"30.0",",,N",,,,,,,,,,,,,,,,,,,,,,,,
"US1TNWL0101","COLLEGE GROVE 3.9 WSW, TN US","35.7631696","-86.7372716","303.6","2026-04-30",,,,,,,"0.0","T,,N",,,,,,,,,,,,,,,,,,,,,,,,
"US1TNRB0001","RIDGETOP 3.8 SW, TN US","36.365004","-86.828682","263.0","2026-04-01",,,"    2",",,N","0.0",",,N",,,,,,,,,,,,,,,,,,,,,,,,,,
"US1TNRB0001","RIDGETOP 3.8 SW, TN US","36.365004","-86.828682","263.0","2026-04-02",,,,,,,"0.0","T,,N",,,,,,,,,,,,,,,,,,,,,,,,
"US1TNRB0001","RIDGETOP 3.8 SW, TN US","36.365004","-86.828682","263.0","2026-04-03",,,,,,,"1.5",",,N",,,,,,,,,,,,,,,,,,,,,,,,
"US1TNRB0001","RIDGETOP 3.8 SW, TN US","36.365004","-86.828682","263.0","2026-04-04",,,,,,,"0.0",",,N","0.0",",,N",,,,,,,,,,,,,,,,,,,,,,
"US1TNRB0001","RIDGETOP 3.8 SW, TN US","36.365004","-86.828682","263.0","2026-04-05",,,,,,,"23.1",",,N",,,,,,,,,,,,,,,,,,,,,,,,
"US1TNRB0001","RIDGETOP 3.8 SW, TN US","36.365004","-86.828682","263.0","2026-04-06",,,,,,,"0.0",",,N","0.0",",,N",,,,,,,,,,,,,,,,,,,,,,
"US1TNRB0001","RIDGETOP 3.8 SW, TN US","36.365004","-86.828682","263.0","2026-04-07",,,,,,,"0.0",",,N","0.0",",,N",,,,,,,,,,,,,,,,,,,,,,
"US1TNRB0001","RIDGETOP 3.8 SW, TN US","36.365004","-86.828682","263.0","2026-04-08",,,,,,,"0.0",",,N","0.0",",,N",,,,,,,,,,,,,,,,,,,,,,
"US1TNRB0001","RIDGETOP 3.8 SW, TN US","36.365004","-86.828682","263.0","2026-04-09",,,,,,,"0.0",",,N","0.0",",,N",,,,,,,,,,,,,,,,,,,,,,
"US1TNRB0001","RIDGETOP 3.8 SW, TN US","36.365004","-86.828682","263.0","2026-04-10",,,,,,,"0.0",",,N","0.0",",,N",,,,,,,,,,,,,,,,,,,,,,
"US1TNRB0001","RIDGETOP 3.8 SW, TN US","36.365004","-86.828682","263.0","2026-04-11",,,,,,,"0.0",",,N","0.0",",,N",,,,,,,,,,,,,,,,,,,,,,
"US1TNRB0001","RIDGETOP 3.8 SW, TN US","36.365004","-86.828682","263.0","2026-04-12",,,,,,,"6.4",",,N",,,,,,,,,,,,,,,,,,,,,,,,
"US1TNRB0001","RIDGETOP 3.8 SW, TN US","36.365004","-86.828682","263.0","2026-04-13",,,,,,,"0.0",",,N","0.0",",,N",,,,,,,,,,,,,,,,,,,,,,
"US1TNRB0001","RIDGETOP 3.8 SW, TN US","36.365004","-86.828682","263.0","2026-04-14",,,,,,,"1.3",",,N",,,,,,,,,,,,,,,,,,,,,,,,
"US1TNRB0001","RIDGETOP 3.8 SW, TN US","36.365004","-86.828682","263.0","2026-04-15",,,,,,,"0.0",",,N","0.0",",,N",,,,,,,,,,,,,,,,,,,,,,
"US1TNRB0001","RIDGETOP 3.8 SW, TN US","36.365004","-86.828682","263.0","2026-04-16",,,,,,,"0.0",",,N","0.0",",,N",,,,,,,,,,,,,,,,,,,,,,
"US1TNRB0001","RIDGETOP 3.8 SW, TN US","36.365004","-86.828682","263.0","2026-04-17",,,,,,,"6.9",",,N",,,,,,,,,,,,,,,,,,,,,,,,
"US1TNRB0001","RIDGETOP 3.8 SW, TN US","36.365004","-86.828682","263.0","2026-04-18",,,,,,,"0.0",",,N","0.0",",,N",,,,,,,,,,,,,,,,,,,,,,
"US1TNRB0001","RIDGETOP 3.8 SW, TN US","36.365004","-86.828682","263.0","2026-04-19",,,,,,,"1.5",",,N",,,,,,,,,,,,,,,,,,,,,,,,
"US1TNRB0001","RIDGETOP 3.8 SW, TN US","36.365004","-86.828682","263.0","2026-04-22",,,"    3",",,N","0.0",",,N",,,,,,,,,,,,,,,,,,,,,,,,,,
"US1TNRB0001","RIDGETOP 3.8 SW, TN US","36.365004","-86.828682","263.0","2026-04-23",,,,,,,"0.0",",,N","0.0",",,N",,,,,,,,,,,,,,,,,,,,,,
"US1TNRB0001","RIDGETOP 3.8 SW, TN US","36.365004","-86.828682","263.0","2026-04-24",,,,,,,"0.0",",,N","0.0",",,N",,,,,,,,,,,,,,,,,,,,,,
"US1TNRB0001","RIDGETOP 3.8 SW, TN US","36.365004","-86.828682","263.0","2026-04-25",,,,,,,"0.8",",,N",,,,,,,,,,,,,,,,,,,,,,,,
"US1TNRB0001","RIDGETOP 3.8 SW, TN US","36.365004","-86.828682","263.0","2026-04-26",,,,,,,"0.0",",,N","0.0",",,N",,,,,,,,,,,,,,,,,,,,,,
"US1TNRB0001","RIDGETOP 3.8 SW, TN US","36.365004","-86.828682","263.0","2026-04-27",,,,,,,"0.0",",,N","0.0",",,N",,,,,,,,,,,,,,,,,,,,,,
"US1TNRB0001","RIDGETOP 3.8 SW, TN US","36.365004","-86.828682","263.0","2026-04-28",,,,,,,"35.6",",,N",,,,,,,,,,,,,,,,,,,,,,,,
"US1TNRB0001","RIDGETOP 3.8 SW, TN US","36.365004","-86.828682","263.0","2026-04-29",,,,,,,"16.5",",,N",,,,,,,,,,,,,,,,,,,,,,,,
"US1TNRB0001","RIDGETOP 3.8 SW, TN US","36.365004","-86.828682","263.0","2026-04-30",,,,,,,"0.0","T,,N",,,,,,,,,,,,,,,,,,,,,,,,
"US1TNWL0103","COLLEGE GROVE 6.0 SW, TN US","35.732025","-86.72437","320.0","2026-04-01",,,,,,,"0.0",",,N","0.0",",,N",,,,,,,,,,,,,,,,,,,,,,
"US1TNWL0103","COLLEGE GROVE 6.0 SW, TN US","35.732025","-86.72437","320.0","2026-04-02",,,,,,,"0.0","T,,N",,,,,,,,,,,,,,,,,,,,,,,,
"US1TNWL0103","COLLEGE GROVE 6.0 SW, TN US","35.732025","-86.72437","320.0","2026-04-06",,,"    4",",,N","21.3",",,N",,,,,,,,,,,,,,,,,,,,,,,,,,
"US1TNWL0103","COLLEGE GROVE 6.0 SW, TN US","35.732025","-86.72437","320.0","2026-04-07",,,,,,,"0.0",",,N","0.0",",,N",,,,,,,,,,,,,,,,,,,,,,
"US1TNWL0103","COLLEGE GROVE 6.0 SW, TN US","35.732025","-86.72437","320.0","2026-04-08",,,,,,,"0.0",",,N","0.0",",,N",,,,,,,,,,,,,,,,,,,,,,
"US1TNWL0103","COLLEGE GROVE 6.0 SW, TN US","35.732025","-86.72437","320.0","2026-04-09",,,,,,,"0.0",",,N","0.0",",,N",,,,,,,,,,,,,,,,,,,,,,
"US1TNWL0103","COLLEGE GROVE 6.0 SW, TN US","35.732025","-86.72437","320.0","2026-04-10",,,,,,,"0.0",",,N","0.0",",,N",,,,,,,,,,,,,,,,,,,,,,
"US1TNWL0103","COLLEGE GROVE 6.0 SW, TN US","35.732025","-86.72437","320.0","2026-04-11",,,,,,,"0.0",",,N","0.0",",,N",,,,,,,,,,,,,,,,,,,,,,
"US1TNWL0103","COLLEGE GROVE 6.0 SW, TN US","35.732025","-86.72437","320.0","2026-04-12",,,,,,,"0.0",",,N","0.0",",,N",,,,,,,,,,,,,,,,,,,,,,
"US1TNWL0103","COLLEGE GROVE 6.0 SW, TN US","35.732025","-86.72437","320.0","2026-04-13",,,,,,,"0.0",",,N","0.0",",,N",,,,,,,,,,,,,,,,,,,,,,
"US1TNWL0103","COLLEGE GROVE 6.0 SW, TN US","35.732025","-86.72437","320.0","2026-04-14",,,,,,,"0.0",",,N","0.0",",,N",,,,,,,,,,,,,,,,,,,,,,
"US1TNWL0103","COLLEGE GROVE 6.0 SW, TN US","35.732025","-86.72437","320.0","2026-04-15",,,,,,,"0.0",",,N","0.0",",,N",,,,,,,,,,,,,,,,,,,,,,
"US1TNWL0103","COLLEGE GROVE 6.0 SW, TN US","35.732025","-86.72437","320.0","2026-04-16",,,,,,,"0.0",",,N","0.0",",,N",,,,,,,,,,,,,,,,,,,,,,
"US1TNWL0103","COLLEGE GROVE 6.0 SW, TN US","35.732025","-86.72437","320.0","2026-04-17",,,,,,,"2.3",",,N",,,,,,,,,,,,,,,,,,,,,,,,
"US1TNWL0103","COLLEGE GROVE 6.0 SW, TN US","35.732025","-86.72437","320.0","2026-04-18",,,,,,,"0.0",",,N","0.0",",,N",,,,,,,,,,,,,,,,,,,,,,
"US1TNWL0103","COLLEGE GROVE 6.0 SW, TN US","35.732025","-86.72437","320.0","2026-04-19",,,,,,,"1.0",",,N",,,,,,,,,,,,,,,,,,,,,,,,
"US1TNWL0103","COLLEGE GROVE 6.0 SW, TN US","35.732025","-86.72437","320.0","2026-04-20",,,,,,,"0.0",",,N","0.0",",,N",,,,,,,,,,,,,,,,,,,,,,
"US1TNWL0103","COLLEGE GROVE 6.0 SW, TN US","35.732025","-86.72437","320.0","2026-04-21",,,,,,,"0.0",",,N","0.0",",,N",,,,,,,,,,,,,,,,,,,,,,
"US1TNWL0103","COLLEGE GROVE 6.0 SW, TN US","35.732025","-86.72437","320.0","2026-04-26",,,"    5",",,N","0.3",",,N",,,,,,,,,,,,,,,,,,,,,,,,,,
"US1TNWL0103","COLLEGE GROVE 6.0 SW, TN US","35.732025","-86.72437","320.0","2026-04-27",,,,,,,"0.0",",,N","0.0",",,N",,,,,,,,,,,,,,,,,,,,,,
"US1TNWL0103","COLLEGE GROVE 6.0 SW, TN US","35.732025","-86.72437","320.0","2026-04-28",,,,,,,"26.4",",,N",,,,,,,,,,,,,,,,,,,,,,,,
"US1TNWL0103","COLLEGE GROVE 6.0 SW, TN US","35.732025","-86.72437","320.0","2026-04-29",,,,,,,"23.4",",,N",,,,,,,,,,,,,,,,,,,,,,,,
"US1TNWL0103","COLLEGE GROVE 6.0 SW, TN US","35.732025","-86.72437","320.0","2026-04-30",,,,,,,"0.5",",,N",,,,,,,,,,,,,,,,,,,,,,,,
"USC00403280","FRANKLIN SEWAGE PLANT, TN US","35.94145","-86.86894","202.1","2026-04-01",,,,,,,"0.0",",,H,0600",,,,,,,"26.7",",,H","17.2",",,H","18.9",",,H,0600",,,,,,,,,,,,
"USC00403280","FRANKLIN SEWAGE PLANT, TN US","35.94145","-86.86894","202.1","2026-04-02",,,,,,,"0.0",",,H,0600",,,,,,,"27.8",",,H","18.3",",,H","18.9",",,H,0600",,,,,,,,,,,,
"USC00403280","FRANKLIN SEWAGE PLANT, TN US","35.94145","-86.86894","202.1","2026-04-03",,,,,,,"0.0",",,H,0600",,,,,,,"27.8",",,H","18.9",",,H","20.6",",,H,0600",,,,,,,,,,,,
"USC00403280","FRANKLIN SEWAGE PLANT, TN US","35.94145","-86.86894","202.1","2026-04-04",,,,,,,"0.0",",,H,0600",,,,,,,"29.4",",,H","17.8",",,H","18.9",",,H,0600",,,,,,,,,,,,
"USC00403280","FRANKLIN SEWAGE PLANT, TN US","35.94145","-86.86894","202.1","2026-04-05",,,,,,,"22.4",",,H,0600",,,,,,,"27.8",",,H","8.3",",,H","8.3",",,H,0600",,,,,,,,,,,,
"USC00403280","FRANKLIN SEWAGE PLANT, TN US","35.94145","-86.86894","202.1","2026-04-06",,,,,,,"0.0",",,H,0600",,,,,,,"17.2",",,H","5.0",",,H","5.0",",,H,0600",,,,,,,,,,,,
"USC00403280","FRANKLIN SEWAGE PLANT, TN US","35.94145","-86.86894","202.1","2026-04-18",,,,,,,"0.3",",,H,0600",,,,,,,"29.4",",,H","13.9",",,H","19.4",",,H,0600",,,,,,,,,,,,
"USC00403280","FRANKLIN SEWAGE PLANT, TN US","35.94145","-86.86894","202.1","2026-04-19",,,,,,,"0.3",",,H,0600",,,,,,,"23.3",",,H","6.1",",,H","6.1",",,H,0600",,,,,,,,,,,,
"USC00403280","FRANKLIN SEWAGE PLANT, TN US","35.94145","-86.86894","202.1","2026-04-20",,,,,,,"0.0",",,H,0600",,,,,,,"18.9",",,H","5.0",",,H","5.0",",,H,0600",,,,,,,,,,,,
"USC00403280","FRANKLIN SEWAGE PLANT, TN US","35.94145","-86.86894","202.1","2026-04-21",,,,,,,"0.0",",,H,0600",,,,,,,"23.3",",,H","5.0",",,H","7.8",",,H,0600",,,,,,,,,,,,
"USC00403280","FRANKLIN SEWAGE PLANT, TN US","35.94145","-86.86894","202.1","2026-04-22",,,,,,,"0.0",",,H,0600",,,,,,,"27.8",",,H","7.8",",,H","8.9",",,H,0600",,,,,,,,,,,,
"USC00403280","FRANKLIN SEWAGE PLANT, TN US","35.94145","-86.86894","202.1","2026-04-24",,,,,,,"0.0",",,H,0600",,,,,,,"28.3",",,H","10.6",",,H","14.4",",,H,0600",,,,,,,,,,,,
"USC00403280","FRANKLIN SEWAGE PLANT, TN US","35.94145","-86.86894","202.1","2026-04-25",,,,,,,"0.0",",,H,0600",,,,,,,"27.2",",,H","12.8",",,H","16.1",",,H,0600",,,,,,,,,,,,
"USC00403280","FRANKLIN SEWAGE PLANT, TN US","35.94145","-86.86894","202.1","2026-04-26",,,,,,,"0.0",",,H,0600",,,,,,,"26.1",",,H","13.3",",,H","13.9",",,H,0600",,,,,,,,,,,,
"USC00403280","FRANKLIN SEWAGE PLANT, TN US","35.94145","-86.86894","202.1","2026-04-27",,,,,,,"0.0",",,H,0600",,,,,,,"28.9",",,H","13.9",",,H","15.6",",,H,0600",,,,,,,,,,,,
"USC00403280","FRANKLIN SEWAGE PLANT, TN US","35.94145","-86.86894","202.1","2026-04-28",,,,,,,"11.4",",,H,0600",,,,,,,"27.8",",,H","15.6",",,H","17.8",",,H,0600",,,,,,,,,,,,
"USC00403280","FRANKLIN SEWAGE PLANT, TN US","35.94145","-86.86894","202.1","2026-04-29",,,,,,,"25.4",",,H,0600",,,,,,,"27.2",",,H","15.6",",,H","17.2",",,H,0600",,,,,,,,,,,,
"US1TNRD0070","LA VERGNE 2.1 SW, TN US","35.9768","-86.5989","224.0","2026-04-01",,,,,,,"0.0",",,N","0.0",",,N",,,,,,,,,,,,,,,,,,,,,,
"US1TNRD0070","LA VERGNE 2.1 SW, TN US","35.9768","-86.5989","224.0","2026-04-02",,,,,,,"0.0",",,N","0.0",",,N",,,,,,,,,,,,,,,,,,,,,,
"US1TNRD0070","LA VERGNE 2.1 SW, TN US","35.9768","-86.5989","224.0","2026-04-03",,,,,,,"0.0",",,N","0.0",",,N",,,,,,,,,,,,,,,,,,,,,,
"US1TNRD0070","LA VERGNE 2.1 SW, TN US","35.9768","-86.5989","224.0","2026-04-04",,,,,,,"0.0",",,N","0.0",",,N",,,,,,,,,,,,,,,,,,,,,,
"US1TNRD0070","LA VERGNE 2.1 SW, TN US","35.9768","-86.5989","224.0","2026-04-05",,,,,,,"27.7",",,N",,,,,,,,,,,,,,,,,,,,,,,,
"US1TNRD0070","LA VERGNE 2.1 SW, TN US","35.9768","-86.5989","224.0","2026-04-17",,,,,,,"12.7",",,N",,,,,,,,,,,,,,,,,,,,,,,,
"US1TNRD0070","LA VERGNE 2.1 SW, TN US","35.9768","-86.5989","224.0","2026-04-19",,,,,,,"0.0","T,,N",,,,,,,,,,,,,,,,,,,,,,,,
"US1TNRD0070","LA VERGNE 2.1 SW, TN US","35.9768","-86.5989","224.0","2026-04-27",,,"    8",",,N","0.0",",,N",,,,,,,,,,,,,,,,,,,,,,,,,,
"US1TNRD0070","LA VERGNE 2.1 SW, TN US","35.9768","-86.5989","224.0","2026-04-28",,,,,,,"9.4",",,N",,,,,,,,,,,,,,,,,,,,,,,,
"US1TNRD0070","LA VERGNE 2.1 SW, TN US","35.9768","-86.5989","224.0","2026-04-29",,,,,,,"13.2",",,N",,,,,,,,,,,,,,,,,,,,,,,,
