"STATION","NAME","LATITUDE","LONGITUDE","ELEVATION","DATE","AWND","AWND_ATTRIBUTES","DAPR","DAPR_ATTRIBUTES","MDPR","MDPR_ATTRIBUTES","PGTM","PGTM_ATTRIBUTES","PRCP","PRCP_ATTRIBUTES","SN52","SN52_ATTRIBUTES","SNOW","SNOW_ATTRIBUTES","SNWD","SNWD_ATTRIBUTES","SX52","SX52_ATTRIBUTES","TAVG","TAVG_ATTRIBUTES","TMAX","TMAX_ATTRIBUTES","TMIN","TMIN_ATTRIBUTES","TOBS","TOBS_ATTRIBUTES","WDF2","WDF2_ATTRIBUTES","WDF5","WDF5_ATTRIBUTES","WESD","WESD_ATTRIBUTES","WESF","WESF_ATTRIBUTES","WSF2","WSF2_ATTRIBUTES","WSF5","WSF5_ATTRIBUTES","WT01","WT01_ATTRIBUTES","WT03","WT03_ATTRIBUTES","WT04","WT04_ATTRIBUTES","WT06","WT06_ATTRIBUTES","WT08","WT08_ATTRIBUTES"
"US1SCLN0002","FORT MILL 3.5 ENE, SC US","35.03107","-80.89028","182.9","2025-06-01",,,,,,,,,"0.3",",,N",,,,,,,,,,,,,,,,,,,,,,,,,,,,,,,,,,,,,,
"US1SCLN0002","FORT MILL 3.5 ENE, SC US","35.03107","-80.89028","182.9","2025-06-02",,,,,,,,,"0.0",",,N",,,"0.0",",,N",,,,,,,,,,,,,,,,,,,,,,,,,,,,,,,,,,
"US1SCLN0002","FORT MILL 3.5 ENE, SC US","35.03107","-80.89028","182.9","2025-06-03",,,,,,,,,"0.0",",,N",,,"0.0",",,N",,,,,,,,,,,,,,,,,,,,,,,,,,,,,,,,,,
"US1SCLN0002","FORT MILL 3.5 ENE, SC US","35.03107","-80.89028","182.9","2025-06-04",,,,,,,,,"0.0",",,N",,,"0.0",",,N",,,,,,,,,,,,,,,,,,,,,,,,,,,,,,,,,,
"US1SCLN0002","FORT MILL 3.5 ENE, SC US","35.03107","-80.89028","182.9","2025-06-05",,,,,,,,,"21.8",",,N",,,,,,,,,,,,,,,,,,,,,,,,,,,,,,,,,,,,,,
"US1SCLN0002","FORT MILL 3.5 ENE, SC US","35.03107","-80.89028","182.9","2025-06-06",,,,,,,,,"4.3",",,N",,,,,,,,,,,,,,,,,,,,,,,,,,,,,,,,,,,,,,
"US1SCLN0002","FORT MILL 3.5 ENE, SC US","35.03107","-80.89028","182.9","2025-06-07",,,,,,,,,"1.8",",,N",,,,,,,,,,,,,,,,,,,,,,,,,,,,,,,,,,,,,,
"US1SCLN0002","FORT MILL 3.5 ENE, SC US","35.03107","-80.89028","182.9","2025-06-08",,,,,,,,,"0.0","T,,N",,,,,,,,,,,,,,,,,,,,,,,,,,,,,,,,,,,,,,
"US1SCLN0002","FORT MILL 3.5 ENE, SC US","35.03107","-80.89028","182.9","2025-06-09",,,,,,,,,"0.0","T,,N",,,,,,,,,,,,,,,,,,,,,,,,,,,,,,,,,,,,,,
"US1SCLN0002","FORT MILL 3.5 ENE, SC US","35.03107","-80.89028","182.9","2025-06-10",,,,,,,,,"32.3",",,N",,,,,,,,,,,,,,,,,,,,,,,,,,,,,,,,,,,,,,
"US1SCLN0002","FORT MILL 3.5 ENE, SC US","35.03107","-80.89028","182.9","2025-06-11",,,,,,,,,"0.3",",,N",,,,,,,,,,,,,,,,,,,,,,,,,,,,,,,,,,,,,,
"US1SCLN0002","FORT MILL 3.5 ENE, SC US","35.03107","-80.89028","182.9","2025-06-12",,,,,,,,,"0.0","T,,N",,,,,,,,,,,,,,,,,,,,,,,,,,,,,,,,,,,,,,
"US1SCLN0002","FORT MILL 3.5 ENE, SC US","35.03107","-80.89028","182.9","2025-06-13",,,,,,,,,"19.3",",,N",,,,,,,,,,,,,,,,,,,,,,,,,,,,,,,,,,,,,,
"US1SCLN0002","FORT MILL 3.5 ENE, SC US","35.03107","-80.89028","182.9","2025-06-14",,,,,,,,,"2.8",",,N",,,,,,,,,,,,,,,,,,,,,,,,,,,,,,,,,,,,,,
"US1SCLN0002","FORT MILL 3.5 ENE, SC US","35.03107","-80.89028","182.9","2025-06-15",,,,,,,,,"0.3",",,N",,,,,,,,,,,,,,,,,,,,,,,,,,,,,,,,,,,,,,
"US1SCLN0002","FORT MILL 3.5 ENE, SC US","35.03107","-80.89028","182.9","2025-06-16",,,,,,,,,"0.0","T,,N",,,,,,,,,,,,,,,,,,,,,,,,,,,,,,,,,,,,,,
"US1SCLN0002","FORT MILL 3.5 ENE, SC US","35.03107","-80.89028","182.9","2025-06-17",,,,,,,,,"18.3",",,N",,,,,,,,,,,,,,,,,,,,,,,,,,,,,,,,,,,,,,
"US1SCLN0002","FORT MILL 3.5 ENE, SC US","35.03107","-80.89028","182.9","2025-06-18",,,,,,,,,"0.5",",,N",,,,,,,,,,,,,,,,,,,,,,,,,,,,,,,,,,,,,,
"US1SCLN0002","FORT MILL 3.5 ENE, SC US","35.03107","-80.89028","182.9","2025-06-19",,,,,,,,,"0.0","T,,N",,,,,,,,,,,,,,,,,,,,,,,,,,,,,,,,,,,,,,
"US1SCLN0002","FORT MILL 3.5 ENE, SC US","35.03107","-80.89028","182.9","2025-06-20",,,,,,,,,"0.0",",,N",,,"0.0",",,N",,,,,,,,,,,,,,,,,,,,,,,,,,,,,,,,,,
"US1SCLN0002","FORT MILL 3.5 ENE, SC US","35.03107","-80.89028","182.9","2025-06-21",,,,,,,,,"0.0",",,N",,,"0.0",",,N",,,,,,,,,,,,,,,,,,,,,,,,,,,,,,,,,,
"US1SCLN0002","FORT MILL 3.5 ENE, SC US","35.03107","-80.89028","182.9","2025-06-22",,,,,,,,,"0.0",",,N",,,"0.0",",,N",,,,,,,,,,,,,,,,,,,,,,,,,,,,,,,,,,
"US1SCLN0002","FORT MILL 3.5 ENE, SC US","35.03107","-80.89028","182.9","2025-06-23",,,,,,,,,"0.0",",,N",,,"0.0",",,N",,,,,,,,,,,,,,,,,,,,,,,,,,,,,,,,,,
"US1SCLN0002","FORT MILL 3.5 ENE, SC US","35.03107","-80.89028","182.9","2025-06-24",,,,,,,,,"0.0",",,N",,,"0.0",",,N",,,,,,,,,,,,,,,,,,,,,,,,,,,,,,,,,,
"US1SCLN0002","FORT MILL 3.5 ENE, SC US","35.03107","-80.89028","182.9","2025-06-25",,,,,,,,,"0.0",",,N",,,"0.0",",,N",,,,,,,,,,,,,,,,,,,,,,,,,,,,,,,,,,
"US1SCLN0002","FORT MILL 3.5 ENE, SC US","35.03107","-80.89028","182.9","2025-06-26",,,,,,,,,"55.9",",,N",,,,,,,,,,,,,,,,,,,,,,,,,,,,,,,,,,,,,,
"US1SCLN0002","FORT MILL 3.5 ENE, SC US","35.03107","-80.89028","182.9","2025-06-27",,,,,,,,,"0.3",",,N",,,,,,,,,,,,,,,,,,,,,,,,,,,,,,,,,,,,,,
"US1SCLN0002","FORT MILL 3.5 ENE, SC US","35.03107","-80.89028","182.9","2025-06-28",,,,,,,,,"16.3",",,N",,,,,,,,,,,,,,,,,,,,,,,,,,,,,,,,,,,,,,
"US1SCLN0002","FORT MILL 3.5 ENE, SC US","35.03107","-80.89028","182.9","2025-06-29",,,,,,,,,"11.2",",,N",,,,,,,,,,,,,,,,,,,,,,,,,,,,,,,,,,,,,,
"US1SCLN0002","FORT MILL 3.5 ENE, SC US","35.03107","-80.89028","182.9","2025-06-30",,,,,,,,,"0.0","T,,N",,,,,,,,,,,,,,,,,,,,,,,,,,,,,,,,,,,,,,
"USW00013881","CHARLOTTE DOUGLAS AIRPORT, NC US","35.22254","-80.95433","222.6","2025-06-01","1.7",",,W",,,,,,,"2.5",",,W,2400",,,"0.0",",,W,2400","0.0",",,W,2400",,,,,"28.9",",,W","16.7",",,W",,,"  330",",,W","  330",",,W",,,,,"10.3",",,W","15.7",",,W","    1",",,W","    1",",,W",,,,,"    1",",,W"
"USW00013881","CHARLOTTE DOUGLAS AIRPORT, NC US","35.22254","-80.95433","222.6","2025-06-02","2.4",",,W",,,,,,,"0.0",",,W,2400",,,"0.0",",,W,2400","0.0",",,W,2400",,,,,"26.7",",,W","16.7",",,W",,,"   60",",,W","   60",",,W",,,,,"6.7",",,W","8.9",",,W","    1",",,W",,,,,,,,
"USW00013881","CHARLOTTE DOUGLAS AIRPORT, NC US","35.22254","-80.95433","222.6","2025-06-03","2.1",",,W",,,,,,,"0.0",",,W,2400",,,"0.0",",,W,2400","0.0",",,W,2400",,,,,"29.4",",,W","15.6",",,W",,,"  130",",,W","  130",",,W",,,,,"4.5",",,W","6.7",",,W",,,,,,,,,"    1",",,W"
"USW00013881","CHARLOTTE DOUGLAS AIRPORT, NC US","35.22254","-80.95433","222.6","2025-06-04","2.4",",,W",,,,,,,"0.0","T,,W,2400",,,"0.0",",,W,2400","0.0",",,W,2400",,,,,"28.3",",,W","20.0",",,W",,,"  110",",,W","  130",",,W",,,,,"5.4",",,W","7.2",",,W","    1",",,W",,,,,,,"    1",",,W"
"USW00013881","CHARLOTTE DOUGLAS AIRPORT, NC US","35.22254","-80.95433","222.6","2025-06-05","3.3",",,W",,,,,,,"35.6",",,W,2400",,,"0.0",",,W,2400","0.0",",,W,2400",,,,,"24.4",",,W","20.0",",,W",,,"   40",",,W","   40",",,W",,,,,"6.7",",,W","8.9",",,W","    1",",,W",,,,,,,"    1",",,W"
"USW00013881","CHARLOTTE DOUGLAS AIRPORT, NC US","35.22254","-80.95433","222.6","2025-06-06","2.2",",,W",,,,,,,"1.8",",,W,2400",,,"0.0",",,W,2400","0.0",",,W,2400",,,,,"31.7",",,W","19.4",",,W",,,"  280",",,W","  280",",,W",,,,,"5.8",",,W","8.5",",,W","    1",",,W","    1",",,W",,,,,"    1",",,W"
"USW00013881","CHARLOTTE DOUGLAS AIRPORT, NC US","35.22254","-80.95433","222.6","2025-06-07","3.0",",,W",,,,,,,"0.0","T,,W,2400",,,"0.0",",,W,2400","0.0",",,W,2400",,,,,"32.8",",,W","20.6",",,W",,,"  240",",,W","  250",",,W",,,,,"8.9",",,W","12.5",",,W",,,,,,,,,,
"USW00013881","CHARLOTTE DOUGLAS AIRPORT, NC US","35.22254","-80.95433","222.6","2025-06-08","4.2",",,W",,,,,,,"0.0","T,,W,2400",,,"0.0",",,W,2400","0.0",",,W,2400",,,,,"30.6",",,W","20.0",",,W",,,"  220",",,W","  220",",,W",,,,,"8.1",",,W","11.6",",,W",,,"    1",",,W",,,,,,
"USW00013881","CHARLOTTE DOUGLAS AIRPORT, NC US","35.22254","-80.95433","222.6","2025-06-09","2.5",",,W",,,,,,,"3.0",",,W,2400",,,"0.0",",,W,2400","0.0",",,W,2400",,,,,"31.1",",,W","20.6",",,W",,,"  250",",,W","  260",",,W",,,,,"8.1",",,W","13.0",",,W","    1",",,W","    1",",,W",,,,,,
"USW00013881","CHARLOTTE DOUGLAS AIRPORT, NC US","35.22254","-80.95433","222.6","2025-06-10","3.4",",,W",,,,,,,"0.0","T,,W,2400",,,"0.0",",,W,2400","0.0",",,W,2400",,,,,"29.4",",,W","21.1",",,W",,,"  200",",,W","  210",",,W",,,,,"5.8",",,W","8.5",",,W",,,,,,,,,,
"USW00013881","CHARLOTTE DOUGLAS AIRPORT, NC US","35.22254","-80.95433","222.6","2025-06-11","1.6",",,W",,,,,,,"0.0",",,W,2400",,,"0.0",",,W,2400","0.0",",,W,2400",,,,,"31.7",",,W","20.0",",,W",,,"  360",",,W","  360",",,W",,,,,"4.0",",,W","6.3",",,W",,,,,,,,,,
"USW00013881","CHARLOTTE DOUGLAS AIRPORT, NC US","35.22254","-80.95433","222.6","2025-06-12","1.5",",,W",,,,,,,"17.5",",,W,2400",,,"0.0",",,W,2400","0.0",",,W,2400",,,,,"32.2",",,W","21.1",",,W",,,"  110",",,W","   80",",,W",,,,,"7.6",",,W","10.3",",,W","    1",",,W","    1",",,W",,,,,"    1",",,W"
"USW00013881","CHARLOTTE DOUGLAS AIRPORT, NC US","35.22254","-80.95433","222.6","2025-06-13","3.0",",,W",,,,,,,"12.4",",,W,2400",,,"0.0",",,W,2400","0.0",",,W,2400",,,,,"29.4",",,W","21.7",",,W",,,"  180",",,W","  170",",,W",,,,,"7.6",",,W","10.7",",,W","    1",",,W","    1",",,W",,,,,,
"USW00013881","CHARLOTTE DOUGLAS AIRPORT, NC US","35.22254","-80.95433","222.6","2025-06-14","4.4",",,W",,,,,,,"1.0",",,W,2400",,,"0.0",",,W,2400","0.0",",,W,2400",,,,,"30.6",",,W","22.2",",,W",,,"  210",",,W","  220",",,W",,,,,"7.2",",,W","11.2",",,W","    1",",,W",,,,,,,,
"USW00013881","CHARLOTTE DOUGLAS AIRPORT, NC US","35.22254","-80.95433","222.6","2025-06-15","3.8",",,W",,,,,,,"5.8",",,W,2400",,,"0.0",",,W,2400","0.0",",,W,2400",,,,,"30.6",",,W","22.2",",,W",,,"  220",",,W","  210",",,W",,,,,"7.6",",,W","11.6",",,W","    1",",,W","    1",",,W",,,,,,
"USW00013881","CHARLOTTE DOUGLAS AIRPORT, NC US","35.22254","-80.95433","222.6","2025-06-16","3.1",",,W",,,,,,,"9.7",",,W,2400",,,"0.0",",,W,2400","0.0",",,W,2400",,,,,"31.7",",,W","23.3",",,W",,,"  280",",,W","  200",",,W",,,,,"6.7",",,W","10.7",",,W","    1",",,W","    1",",,W",,,,,"    1",",,W"
"USW00013881","CHARLOTTE DOUGLAS AIRPORT, NC US","35.22254","-80.95433","222.6","2025-06-17","3.4",",,W",,,,,,,"0.0","T,,W,2400",,,"0.0",",,W,2400","0.0",",,W,2400",,,,,"32.8",",,W","22.8",",,W",,,"  260",",,W","  240",",,W",,,,,"6.7",",,W","11.2",",,W",,,"    1",",,W",,,,,,
"USW00013881","CHARLOTTE DOUGLAS AIRPORT, NC US","35.22254","-80.95433","222.6","2025-06-18","4.7",",,W",,,,,,,"0.0",",,W,2400",,,"0.0",",,W,2400","0.0",",,W,2400",,,,,"31.7",",,W","21.7",",,W",,,"  200",",,W","  220",",,W",,,,,"7.6",",,W","11.6",",,W",,,,,,,,,,
"USW00013881","CHARLOTTE DOUGLAS AIRPORT, NC US","35.22254","-80.95433","222.6","2025-06-19","5.1",",,W",,,,,,,"0.0",",,W,2400",,,"0.0",",,W,2400","0.0",",,W,2400",,,,,"32.2",",,W","23.3",",,W",,,"  230",",,W","  220",",,W",,,,,"10.3",",,W","14.3",",,W",,,,,,,,,,
"USW00013881","CHARLOTTE DOUGLAS AIRPORT, NC US","35.22254","-80.95433","222.6","2025-06-20","1.8",",,W",,,,,,,"0.0",",,W,2400",,,"0.0",",,W,2400","0.0",",,W,2400",,,,,"32.2",",,W","21.1",",,W",,,"   10",",,W","  110",",,W",,,,,"5.4",",,W","7.6",",,W",,,,,,,,,,
"USW00013881","CHARLOTTE DOUGLAS AIRPORT, NC US","35.22254","-80.95433","222.6","2025-06-21","1.2",",,W",,,,,,,"0.0",",,W,2400",,,"0.0",",,W,2400","0.0",",,W,2400",,,,,"33.3",",,W","20.6",",,W",,,"  110",",,W","  120",",,W",,,,,"4.5",",,W","5.8",",,W",,,,,,,,,,
"USW00013881","CHARLOTTE DOUGLAS AIRPORT, NC US","35.22254","-80.95433","222.6","2025-06-22","1.7",",,W",,,,,,,"0.0",",,W,2400",,,"0.0",",,W,2400","0.0",",,W,2400",,,,,"35.0",",,W","22.2",",,W",,,"  170",",,W","  300",",,W",,,,,"4.0",",,W","6.3",",,W",,,,,,,,,"    1",",,W"
"USW00013881","CHARLOTTE DOUGLAS AIRPORT, NC US","35.22254","-80.95433","222.6","2025-06-23","1.9",",,W",,,,,,,"0.0",",,W,2400",,,"0.0",",,W,2400","0.0",",,W,2400",,,,,"36.7",",,W","23.9",",,W",,,"   50",",,W","   70",",,W",,,,,"4.0",",,W","7.6",",,W",,,,,,,,,,
"USW00013881","CHARLOTTE DOUGLAS AIRPORT, NC US","35.22254","-80.95433","222.6","2025-06-24","1.9",",,W",,,,,,,"0.0",",,W,2400",,,"0.0",",,W,2400","0.0",",,W,2400",,,,,"36.7",",,W","25.0",",,W",,,"   70",",,W","   70",",,W",,,,,"5.8",",,W","8.5",",,W",,,,,,,,,"    1",",,W"
"USW00013881","CHARLOTTE DOUGLAS AIRPORT, NC US","35.22254","-80.95433","222.6","2025-06-25","2.5",",,W",,,,,,,"7.9",",,W,2400",,,"0.0",",,W,2400","0.0",",,W,2400",,,,,"37.8",",,W","21.7",",,W",,,"  200",",,W","  190",",,W",,,,,"11.6",",,W","17.9",",,W",,,"    1",",,W",,,,,"    1",",,W"
"USW00013881","CHARLOTTE DOUGLAS AIRPORT, NC US","35.22254","-80.95433","222.6","2025-06-26","2.5",",,W",,,,,,,"0.0",",,W,2400",,,"0.0",",,W,2400","0.0",",,W,2400",,,,,"33.9",",,W","21.1",",,W",,,"  330",",,W","  320",",,W",,,,,"9.8",",,W","13.4",",,W","    1",",,W","    1",",,W",,,,,,
"USW00013881","CHARLOTTE DOUGLAS AIRPORT, NC US","35.22254","-80.95433","222.6","2025-06-27","1.8",",,W",,,,,,,"0.0","T,,W,2400",,,"0.0",",,W,2400","0.0",",,W,2400",,,,,"35.6",",,W","22.8",",,W",,,"  150",",,W","  150",",,W",,,,,"7.6",",,W","11.6",",,W",,,"    1",",,W",,,,,,
"USW00013881","CHARLOTTE DOUGLAS AIRPORT, NC US","35.22254","-80.95433","222.6","2025-06-28","2.5",",,W",,,,,,,"0.0","T,,W,2400",,,"0.0",",,W,2400","0.0",",,W,2400",,,,,"34.4",",,W","23.3",",,W",,,"   60",",,W","   70",",,W",,,,,"8.9",",,W","11.2",",,W",,,"    1",",,W",,,,,,
"USW00013881","CHARLOTTE DOUGLAS AIRPORT, NC US","35.22254","-80.95433","222.6","2025-06-29","1.7",",,W",,,,,,,"0.0",",,W,2400",,,"0.0",",,W,2400","0.0",",,W,2400",,,,,"35.6",",,W","22.2",",,W",,,"  220",",,W","  220",",,W",,,,,"7.2",",,W","9.4",",,W",,,"    1",",,W",,,,,"    1",",,W"
"USW00013881","CHARLOTTE DOUGLAS AIRPORT, NC US","35.22254","-80.95433","222.6","2025-06-30","3.3",",,W",,,,,,,"0.0","T,,W,2400",,,"0.0",",,W,2400","0.0",",,W,2400",,,,,"33.9",",,W","23.9",",,W",,,"  190",",,W","  190",",,W",,,,,"10.3",",,W","14.3",",,W",,,"    1",",,W",,,,,,
"US1SCYR0026","ROCK HILL 3.1 N, SC US","34.9841842651367","-81.0300445556641","181.1","2025-06-01",,,,,,,,,"0.0","T,,N",,,,,,,,,,,,,,,,,,,,,,,,,,,,,,,,,,,,,,
"US1SCYR0026","ROCK HILL 3.1 N, SC US","34.9841842651367","-81.0300445556641","181.1","2025-06-02",,,,,,,,,"0.0",",,N",,,"0.0",",,N",,,,,,,,,,,,,,,,,,,,,,,,,,,,,,,,,,
"US1SCYR0026","ROCK HILL 3.1 N, SC US","34.9841842651367","-81.0300445556641","181.1","2025-06-03",,,,,,,,,"0.0",",,N",,,"0.0",",,N",,,,,,,,,,,,,,,,,,,,,,,,,,,,,,,,,,
"US1SCYR0026","ROCK HILL 3.1 N, SC US","34.9841842651367","-81.0300445556641","181.1","2025-06-04",,,,,,,,,"0.0",",,N",,,"0.0",",,N",,,,,,,,,,,,,,,,,,,,,,,,,,,,,,,,,,
"US1SCYR0026","ROCK HILL 3.1 N, SC US","34.9841842651367","-81.0300445556641","181.1","2025-06-05",,,,,,,,,"17.5",",,N",,,,,,,,,,,,,,,,,,,,,,,,,,,,,,,,,,,,,,
"US1SCYR0026","ROCK HILL 3.1 N, SC US","34.9841842651367","-81.0300445556641","181.1","2025-06-08",,,"    3",",,N","10.2",",,N",,,,,,,,,,,,,,,,,,,,,,,,,,,,,,,,,,,,,,,,,,
"US1SCYR0026","ROCK HILL 3.1 N, SC US","34.9841842651367","-81.0300445556641","181.1","2025-06-09",,,,,,,,,"0.3",",,N",,,,,,,,,,,,,,,,,,,,,,,,,,,,,,,,,,,,,,
"US1SCYR0026","ROCK HILL 3.1 N, SC US","34.9841842651367","-81.0300445556641","181.1","2025-06-10",,,,,,,,,"47.0",",,N",,,,,,,,,,,,,,,,,,,,,,,,,,,,,,,,,,,,,,
"US1SCYR0026","ROCK HILL 3.1 N, SC US","34.9841842651367","-81.0300445556641","181.1","2025-06-11",,,,,,,,,"0.3",",,N",,,,,,,,,,,,,,,,,,,,,,,,,,,,,,,,,,,,,,
"US1SCYR0026","ROCK HILL 3.1 N, SC US","34.9841842651367","-81.0300445556641","181.1","2025-06-12",,,,,,,,,"0.0",",,N",,,"0.0",",,N",,,,,,,,,,,,,,,,,,,,,,,,,,,,,,,,,,
"US1SCYR0026","ROCK HILL 3.1 N, SC US","34.9841842651367","-81.0300445556641","181.1","2025-06-13",,,,,,,,,"20.8",",,N",,,,,,,,,,,,,,,,,,,,,,,,,,,,,,,,,,,,,,
"US1SCYR0026","ROCK HILL 3.1 N, SC US","34.9841842651367","-81.0300445556641","181.1","2025-06-14",,,,,,,,,"1.8",",,N",,,,,,,,,,,,,,,,,,,,,,,,,,,,,,,,,,,,,,
"US1SCYR0026","ROCK HILL 3.1 N, SC US","34.9841842651367","-81.0300445556641","181.1","2025-06-15",,,,,,,,,"0.0","T,,N",,,,,,,,,,,,,,,,,,,,,,,,,,,,,,,,,,,,,,
"US1SCYR0026","ROCK HILL 3.1 N, SC US","34.9841842651367","-81.0300445556641","181.1","2025-06-16",,,,,,,,,"0.0",",,N",,,"0.0",",,N",,,,,,,,,,,,,,,,,,,,,,,,,,,,,,,,,,
"US1SCYR0026","ROCK HILL 3.1 N, SC US","34.9841842651367","-81.0300445556641","181.1","2025-06-17",,,,,,,,,"22.1",",,N",,,,,,,,,,,,,,,,,,,,,,,,,,,,,,,,,,,,,,
"US1SCYR0026","ROCK HILL 3.1 N, SC US","34.9841842651367","-81.0300445556641","181.1","2025-06-18",,,,,,,,,"0.5",",,N",,,,,,,,,,,,,,,,,,,,,,,,,,,,,,,,,,,,,,
"US1SCYR0026","ROCK HILL 3.1 N, SC US","34.9841842651367","-81.0300445556641","181.1","2025-06-19",,,,,,,,,"0.0",",,N",,,"0.0",",,N",,,,,,,,,,,,,,,,,,,,,,,,,,,,,,,,,,
"US1SCYR0026","ROCK HILL 3.1 N, SC US","34.9841842651367","-81.0300445556641","181.1","2025-06-20",,,,,,,,,"0.0",",,N",,,"0.0",",,N",,,,,,,,,,,,,,,,,,,,,,,,,,,,,,,,,,
"US1SCYR0026","ROCK HILL 3.1 N, SC US","34.9841842651367","-81.0300445556641","181.1","2025-06-21",,,,,,,,,"0.0",",,N",,,"0.0",",,N",,,,,,,,,,,,,,,,,,,,,,,,,,,,,,,,,,
"US1SCYR0026","ROCK HILL 3.1 N, SC US","34.9841842651367","-81.0300445556641","181.1","2025-06-22",,,,,,,,,"0.0",",,N",,,"0.0",",,N",,,,,,,,,,,,,,,,,,,,,,,,,,,,,,,,,,
"US1SCYR0026","ROCK HILL 3.1 N, SC US","34.9841842651367","-81.0300445556641","181.1","2025-06-23",,,,,,,,,"0.0",",,N",,,"0.0",",,N",,,,,,,,,,,,,,,,,,,,,,,,,,,,,,,,,,
"US1SCYR0026","ROCK HILL 3.1 N, SC US","34.9841842651367","-81.0300445556641","181.1","2025-06-24",,,,,,,,,"0.0",",,N",,,"0.0",",,N",,,,,,,,,,,,,,,,,,,,,,,,,,,,,,,,,,
"US1SCYR0026","ROCK HILL 3.1 N, SC US","34.9841842651367","-81.0300445556641","181.1","2025-06-25",,,,,,,,,"0.0",",,N",,,"0.0",",,N",,,,,,,,,,,,,,,,,,,,,,,,,,,,,,,,,,
"US1SCYR0026","ROCK HILL 3.1 N, SC US","34.9841842651367","-81.0300445556641","181.1","2025-06-26",,,,,,,,,"25.9",",,N",,,,,,,,,,,,,,,,,,,,,,,,,,,,,,,,,,,,,,
"US1SCYR0026","ROCK HILL 3.1 N, SC US","34.9841842651367","-81.0300445556641","181.1","2025-06-27",,,,,,,,,"0.0",",,N",,,"0.0",",,N",,,,,,,,,,,,,,,,,,,,,,,,,,,,,,,,,,
"US1SCYR0026","ROCK HILL 3.1 N, SC US","34.9841842651367","-81.0300445556641","181.1","2025-06-28",,,,,,,,,"0.5",",,N",,,,,,,,,,,,,,,,,,,,,,,,,,,,,,,,,,,,,,
"US1SCYR0026","ROCK HILL 3.1 N, SC US","34.9841842651367","-81.0300445556641","181.1","2025-06-29",,,,,,,,,"0.0",",,N",,,"0.0",",,N",,,,,,,,,,,,,,,,,,,,,,,,,,,,,,,,,,
"US1SCYR0026","ROCK HILL 3.1 N, SC US","34.9841842651367","-81.0300445556641","181.1","2025-06-30",,,,,,,,,"26.7",",,N",,,,,,,,,,,,,,,,,,,,,,,,,,,,,,,,,,,,,,
"US1NCMK0034","MOUNT HOLLY 4.8 E, NC US","35.307277","-80.946864","205.7","2025-06-01",,,,,,,,,"0.0",",,N",,,"0.0",",,N",,,,,,,,,,,,,,,,,,,,,,,,,,,,,,,,,,
"US1NCMK0034","MOUNT HOLLY 4.8 E, NC US","35.307277","-80.946864","205.7","2025-06-02",,,,,,,,,"6.1",",,N",,,,,,,,,,,,,,,,,,,,,,,,,,,,,,,,,,,,,,
"US1NCMK0034","MOUNT HOLLY 4.8 E, NC US","35.307277","-80.946864","205.7","2025-06-06",,,"    4",",,N","39.9",",,N",,,,,,,,,,,,,,,,,,,,,,,,,,,,,,,,,,,,,,,,,,
"US1NCMK0034","MOUNT HOLLY 4.8 E, NC US","35.307277","-80.946864","205.7","2025-06-07",,,,,,,,,"3.3",",,N",,,,,,,,,,,,,,,,,,,,,,,,,,,,,,,,,,,,,,
"US1NCMK0034","MOUNT HOLLY 4.8 E, NC US","35.307277","-80.946864","205.7","2025-06-08",,,,,,,,,"0.5",",,N",,,,,,,,,,,,,,,,,,,,,,,,,,,,,,,,,,,,,,
"US1NCMK0034","MOUNT HOLLY 4.8 E, NC US","35.307277","-80.946864","205.7","2025-06-09",,,,,,,,,"0.0",",,N",,,"0.0",",,N",,,,,,,,,,,,,,,,,,,,,,,,,,,,,,,,,,
"US1NCMK0034","MOUNT HOLLY 4.8 E, NC US","35.307277","-80.946864","205.7","2025-06-10",,,,,,,,,"4.6",",,N",,,,,,,,,,,,,,,,,,,,,,,,,,,,,,,,,,,,,,
"US1NCMK0034","MOUNT HOLLY 4.8 E, NC US","35.307277","-80.946864","205.7","2025-06-11",,,,,,,,,"0.3",",,N",,,,,,,,,,,,,,,,,,,,,,,,,,,,,,,,,,,,,,
"US1NCMK0034","MOUNT HOLLY 4.8 E, NC US","35.307277","-80.946864","205.7","2025-06-13",,,"    2",",,N","18.8",",,N",,,,,,,,,,,,,,,,,,,,,,,,,,,,,,,,,,,,,,,,,,
"US1NCMK0034","MOUNT HOLLY 4.8 E, NC US","35.307277","-80.946864","205.7","2025-06-14",,,,,,,,,"3.8",",,N",,,,,,,,,,,,,,,,,,,,,,,,,,,,,,,,,,,,,,
"US1NCMK0034","MOUNT HOLLY 4.8 E, NC US","35.307277","-80.946864","205.7","2025-06-15",,,,,,,,,"0.0",",,N",,,"0.0",",,N",,,,,,,,,,,,,,,,,,,,,,,,,,,,,,,,,,
"US1NCMK0034","MOUNT HOLLY 4.8 E, NC US","35.307277","-80.946864","205.7","2025-06-16",,,,,,,,,"0.0",",,N",,,"0.0",",,N",,,,,,,,,,,,,,,,,,,,,,,,,,,,,,,,,,
"US1NCMK0034","MOUNT HOLLY 4.8 E, NC US","35.307277","-80.946864","205.7","2025-06-17",,,,,,,,,"23.6",",,N",,,,,,,,,,,,,,,,,,,,,,,,,,,,,,,,,,,,,,
"US1NCMK0034","MOUNT HOLLY 4.8 E, NC US","35.307277","-80.946864","205.7","2025-06-18",,,,,,,,,"0.0",",,N",,,"0.0",",,N",,,,,,,,,,,,,,,,,,,,,,,,,,,,,,,,,,
"US1NCMK0034","MOUNT HOLLY 4.8 E, NC US","35.307277","-80.946864","205.7","2025-06-19",,,,,,,,,"0.0",",,N",,,"0.0",",,N",,,,,,,,,,,,,,,,,,,,,,,,,,,,,,,,,,
"US1NCMK0034","MOUNT HOLLY 4.8 E, NC US","35.307277","-80.946864","205.7","2025-06-20",,,,,,,,,"0.0",",,N",,,"0.0",",,N",,,,,,,,,,,,,,,,,,,,,,,,,,,,,,,,,,
"US1NCMK0034","MOUNT HOLLY 4.8 E, NC US","35.307277","-80.946864","205.7","2025-06-21",,,,,,,,,"0.0",",,N",,,"0.0",",,N",,,,,,,,,,,,,,,,,,,,,,,,,,,,,,,,,,
"US1NCMK0034","MOUNT HOLLY 4.8 E, NC US","35.307277","-80.946864","205.7","2025-06-22",,,,,,,,,"0.0",",,N",,,"0.0",",,N",,,,,,,,,,,,,,,,,,,,,,,,,,,,,,,,,,
"US1NCMK0034","MOUNT HOLLY 4.8 E, NC US","35.307277","-80.946864","205.7","2025-06-23",,,,,,,,,"0.0",",,N",,,"0.0",",,N",,,,,,,,,,,,,,,,,,,,,,,,,,,,,,,,,,
"US1NCMK0034","MOUNT HOLLY 4.8 E, NC US","35.307277","-80.946864","205.7","2025-06-24",,,,,,,,,"0.0",",,N",,,"0.0",",,N",,,,,,,,,,,,,,,,,,,,,,,,,,,,,,,,,,
"US1NCMK0034","MOUNT HOLLY 4.8 E, NC US","35.307277","-80.946864","205.7","2025-06-25",,,,,,,,,"0.0",",,N",,,"0.0",",,N",,,,,,,,,,,,,,,,,,,,,,,,,,,,,,,,,,
"US1NCMK0034","MOUNT HOLLY 4.8 E, NC US","35.307277","-80.946864","205.7","2025-06-26",,,,,,,,,"4.8",",,N",,,,,,,,,,,,,,,,,,,,,,,,,,,,,,,,,,,,,,
"US1NCMK0034","MOUNT HOLLY 4.8 E, NC US","35.307277","-80.946864","205.7","2025-06-27",,,,,,,,,"0.0",",,N",,,"0.0",",,N",,,,,,,,,,,,,,,,,,,,,,,,,,,,,,,,,,
"US1NCMK0034","MOUNT HOLLY 4.8 E, NC US","35.307277","-80.946864","205.7","2025-06-28",,,,,,,,,"0.0",",,N",,,"0.0",",,N",,,,,,,,,,,,,,,,,,,,,,,,,,,,,,,,,,
"US1NCMK0034","MOUNT HOLLY 4.8 E, NC US","35.307277","-80.946864","205.7","2025-06-29",,,,,,,,,"0.0",",,N",,,"0.0",",,N",,,,,,,,,,,,,,,,,,,,,,,,,,,,,,,,,,
"US1NCMK0034","MOUNT HOLLY 4.8 E, NC US","35.307277","-80.946864","205.7","2025-06-30",,,,,,,,,"36.6",",,N",,,,,,,,,,,,,,,,,,,,,,,,,,,,,,,,,,,,,,
"USC00311975","CONCORD, NC US","35.41374","-80.56383","204.2","2025-06-01",,,,,,,,,"0.0","T,,7,0700",,,"0.0",",,7,0700","0.0",",,7,0700",,,,,"24.4",",,7","12.8",",,7","15.0",",,7,0700",,,,,,,,,,,,,,,,,,,,,,
"USC00311975","CONCORD, NC US","35.41374","-80.56383","204.2","2025-06-02",,,,,,,,,"0.0","T,,7,0700",,,"0.0",",,7,0700","0.0",",,7,0700",,,,,"27.2",",,7","13.3",",,7","13.3",",,7,0700",,,,,,,,,,,,,,,,,,,,,,
"USC00311975","CONCORD, NC US","35.41374","-80.56383","204.2","2025-06-03",,,,,,,,,"0.0",",,7,0700",,,"0.0",",,7,0700","0.0",",,7,0700",,,,,"23.9",",,7","12.2",",,7","12.8",",,7,0700",,,,,,,,,,,,,,,,,,,,,,
"USC00311975","CONCORD, NC US","35.41374","-80.56383","204.2","2025-06-04",,,,,,,,,"0.0",",,7,0700",,,"0.0",",,7,0700","0.0",",,7,0700",,,,,"27.8",",,7","12.8",",,7","16.1",",,7,0700",,,,,,,,,,,,,,,,,,,,,,
"USC00311975","CONCORD, NC US","35.41374","-80.56383","204.2","2025-06-05",,,,,,,,,"3.3",",,7,0700",,,"0.0",",,7,0700","0.0",",,7,0700",,,,,"27.2",",,7","16.1",",,7","18.9",",,7,0700",,,,,,,,,,,,,,,,,,,,,,
"USC00311975","CONCORD, NC US","35.41374","-80.56383","204.2","2025-06-06",,,,,,,,,"75.9",",,7,0700",,,"0.0",",,7,0700","0.0",",,7,0700",,,,,"21.7",",,7","17.8",",,7","18.3",",,7,0700",,,,,,,,,,,,,,,,,,,,,,
"USC00311975","CONCORD, NC US","35.41374","-80.56383","204.2","2025-06-07",,,,,,,,,"10.7",",,7,0700",,,"0.0",",,7,0700","0.0",",,7,0700",,,,,"30.0",",,7","17.8",",,7","19.4",",,7,0700",,,,,,,,,,,,,,,,,,,,,,
"USC00311975","CONCORD, NC US","35.41374","-80.56383","204.2","2025-06-08",,,,,,,,,"0.3",",,7,0700",,,"0.0",",,7,0700","0.0",",,7,0700",,,,,"30.6",",,7","19.4",",,7","19.4",",,7,0700",,,,,,,,,,,,,,,,,,,,,,
"USC00311975","CONCORD, NC US","35.41374","-80.56383","204.2","2025-06-09",,,,,,,,,"0.0","T,,7,0700",,,"0.0",",,7,0700","0.0",",,7,0700",,,,,"28.3",",,7","18.9",",,7","18.9",",,7,0700",,,,,,,,,,,,,,,,,,,,,,
"USC00311975","CONCORD, NC US","35.41374","-80.56383","204.2","2025-06-10",,,,,,,,,"11.9",",,7,0700",,,"0.0",",,7,0700","0.0",",,7,0700",,,,,"30.0",",,7","18.9",",,7","20.0",",,7,0700",,,,,,,,,,,,,,,,,,,,,,
"USC00311975","CONCORD, NC US","35.41374","-80.56383","204.2","2025-06-11",,,,,,,,,"5.1",",,7,0700",,,"0.0",",,7,0700","0.0",",,7,0700",,,,,"27.2",",,7","17.8",",,7","18.3",",,7,0700",,,,,,,,,,,,,,,,,,,,,,
"USC00311975","CONCORD, NC US","35.41374","-80.56383","204.2","2025-06-12",,,,,,,,,"0.0",",,7,0700",,,"0.0",",,7,0700","0.0",",,7,0700",,,,,"28.9",",,7","18.3",",,7","18.9",",,7,0700",,,,,,,,,,,,,,,,,,,,,,
"USC00311975","CONCORD, NC US","35.41374","-80.56383","204.2","2025-06-13",,,,,,,,,"21.8",",,7,0700",,,"0.0",",,7,0700","0.0",",,7,0700",,,,,"29.4",",,7","18.3",",,7","20.6",",,7,0700",,,,,,,,,,,,,,,,,,,,,,
"USC00311975","CONCORD, NC US","35.41374","-80.56383","204.2","2025-06-14",,,,,,,,,"7.1",",,7,0700",,,"0.0",",,7,0700","0.0",",,7,0700",,,,,"27.2",",,7","20.6",",,7","21.7",",,7,0700",,,,,,,,,,,,,,,,,,,,,,
"USC00311975","CONCORD, NC US","35.41374","-80.56383","204.2","2025-06-15",,,,,,,,,"2.0",",,7,0700",,,"0.0",",,7,0700","0.0",",,7,0700",,,,,"29.4",",,7","21.1",",,7","21.1",",,7,0700",,,,,,,,,,,,,,,,,,,,,,
"USC00311975","CONCORD, NC US","35.41374","-80.56383","204.2","2025-06-16",,,,,,,,,"2.5",",,7,0700",,,"0.0",",,7,0700","0.0",",,7,0700",,,,,"28.9",",,7","21.1",",,7","22.2",",,7,0700",,,,,,,,,,,,,,,,,,,,,,
"USC00311975","CONCORD, NC US","35.41374","-80.56383","204.2","2025-06-17",,,,,,,,,"48.8",",,7,0700",,,"0.0",",,7,0700","0.0",",,7,0700",,,,,"31.1",",,7","21.1",",,7","21.1",",,7,0700",,,,,,,,,,,,,,,,,,,,,,
"USC00311975","CONCORD, NC US","35.41374","-80.56383","204.2","2025-06-18",,,,,,,,,"0.0",",,7,0700",,,"0.0",",,7,0700","0.0",",,7,0700",,,,,"31.1",",,7","20.6",",,7","21.1",",,7,0700",,,,,,,,,,,,,,,,,,,,,,
"USC00311975","CONCORD, NC US","35.41374","-80.56383","204.2","2025-06-19",,,,,,,,,"0.0",",,7,0700",,,"0.0",",,7,0700","0.0",",,7,0700",,,,,"30.6",",,7","21.1",",,7","22.2",",,7,0700",,,,,,,,,,,,,,,,,,,,,,
"USC00311975","CONCORD, NC US","35.41374","-80.56383","204.2","2025-06-20",,,,,,,,,"0.0",",,7,0700",,,"0.0",",,7,0700","0.0",",,7,0700",,,,,"31.7",",,7","18.9",",,7","19.4",",,7,0700",,,,,,,,,,,,,,,,,,,,,,
"USC00311975","CONCORD, NC US","35.41374","-80.56383","204.2","2025-06-21",,,,,,,,,"0.0",",,7,0700",,,"0.0",",,7,0700","0.0",",,7,0700",,,,,"29.4",",,7","17.2",",,7","17.8",",,7,0700",,,,,,,,,,,,,,,,,,,,,,
"USC00311975","CONCORD, NC US","35.41374","-80.56383","204.2","2025-06-22",,,,,,,,,"0.0",",,7,0700",,,"0.0",",,7,0700","0.0",",,7,0700",,,,,"31.1",",,7","17.8",",,7","20.6",",,7,0700",,,,,,,,,,,,,,,,,,,,,,
"USC00311975","CONCORD, NC US","35.41374","-80.56383","204.2","2025-06-23",,,,,,,,,"0.0",",,7,0700",,,"0.0",",,7,0700","0.0",",,7,0700",,,,,"32.8",",,7","20.6",",,7","21.1",",,7,0700",,,,,,,,,,,,,,,,,,,,,,
"USC00311975","CONCORD, NC US","35.41374","-80.56383","204.2","2025-06-24",,,,,,,,,"0.0",",,7,0700",,,"0.0",",,7,0700","0.0",",,7,0700",,,,,"33.9",",,7","21.1",",,7","22.8",",,7,0700",,,,,,,,,,,,,,,,,,,,,,
"USC00311975","CONCORD, NC US","35.41374","-80.56383","204.2","2025-06-25",,,,,,,,,"0.0",",,7,0700",,,"0.0",",,7,0700","0.0",",,7,0700",,,,,"34.4",",,7","22.8",",,7","24.4",",,7,0700",,,,,,,,,,,,,,,,,,,,,,
"USC00311975","CONCORD, NC US","35.41374","-80.56383","204.2","2025-06-26",,,,,,,,,"0.0",",,7,0700",,,"0.0",",,7,0700","0.0",",,7,0700",,,,,"35.0",",,7","21.1",",,7","21.1",",,7,0700",,,,,,,,,,,,,,,,,,,,,,
"USC00311975","CONCORD, NC US","35.41374","-80.56383","204.2","2025-06-27",,,,,,,,,"0.0",",,7,0700",,,"0.0",",,7,0700","0.0",",,7,0700",,,,,"33.3",",,7","20.0",",,7","20.6",",,7,0700",,,,,,,,,,,,,,,,,,,,,,
"USC00311975","CONCORD, NC US","35.41374","-80.56383","204.2","2025-06-28",,,,,,,,,"0.0","T,,7,0700",,,"0.0",",,7,0700","0.0",",,7,0700",,,,,"32.8",",,7","20.6",",,7","21.1",",,7,0700",,,,,,,,,,,,,,,,,,,,,,
"USC00311975","CONCORD, NC US","35.41374","-80.56383","204.2","2025-06-29",,,,,,,,,"0.8",",,7,0700",,,"0.0",",,7,0700","0.0",",,7,0700",,,,,"32.2",",,7","19.4",",,7","20.0",",,7,0700",,,,,,,,,,,,,,,,,,,,,,
"USC00311975","CONCORD, NC US","35.41374","-80.56383","204.2","2025-06-30",,,,,,,,,"0.0",",,7,0700",,,"0.0",",,7,0700","0.0",",,7,0700",,,,,"32.8",",,7","20.0",",,7","21.7",",,7,0700",,,,,,,,,,,,,,,,,,,,,,
"US1SCYR0029","ROCK HILL 5.8 WNW, SC US","34.9619827270508","-81.1266479492188","191.4","2025-06-01",,,,,,,,,"0.0",",,N",,,"0.0",",,N",,,,,,,,,,,,,,,,,,,,,,,,,,,,,,,,,,
"US1SCYR0029","ROCK HILL 5.8 WNW, SC US","34.9619827270508","-81.1266479492188","191.4","2025-06-02",,,,,,,,,"0.0",",,N",,,"0.0",",,N",,,,,,,,,,,,,,,,,,,,,,,,,,,,,,,,,,
"US1SCYR0029","ROCK HILL 5.8 WNW, SC US","34.9619827270508","-81.1266479492188","191.4","2025-06-03",,,,,,,,,"0.0",",,N",,,"0.0",",,N",,,,,,,,,,,,,,,,,,,,,,,,,,,,,,,,,,
"US1SCYR0029","ROCK HILL 5.8 WNW, SC US","34.9619827270508","-81.1266479492188","191.4","2025-06-05",,,,,,,,,"14.2",",,N",,,,,,,,,,,,,,,,,,,,,,,,,,,,,,,,,,,,,,
"US1SCYR0029","ROCK HILL 5.8 WNW, SC US","34.9619827270508","-81.1266479492188","191.4","2025-06-06",,,,,,,,,"9.9",",,N",,,,,,,,,,,,,,,,,,,,,,,,,,,,,,,,,,,,,,
"US1SCYR0029","ROCK HILL 5.8 WNW, SC US","34.9619827270508","-81.1266479492188","191.4","2025-06-07",,,,,,,,,"12.2",",,N",,,,,,,,,,,,,,,,,,,,,,,,,,,,,,,,,,,,,,
"US1SCYR0029","ROCK HILL 5.8 WNW, SC US","34.9619827270508","-81.1266479492188","191.4","2025-06-08",,,,,,,,,"0.5",",,N",,,,,,,,,,,,,,,,,,,,,,,,,,,,,,,,,,,,,,
"US1SCYR0029","ROCK HILL 5.8 WNW, SC US","34.9619827270508","-81.1266479492188","191.4","2025-06-09",,,,,,,,,"0.0",",,N",,,"0.0",",,N",,,,,,,,,,,,,,,,,,,,,,,,,,,,,,,,,,
"US1SCYR0029","ROCK HILL 5.8 WNW, SC US","34.9619827270508","-81.1266479492188","191.4","2025-06-10",,,,,,,,,"31.0",",,N",,,,,,,,,,,,,,,,,,,,,,,,,,,,,,,,,,,,,,
"US1SCYR0029","ROCK HILL 5.8 WNW, SC US","34.9619827270508","-81.1266479492188","191.4","2025-06-11",,,,,,,,,"0.5",",,N",,,,,,,,,,,,,,,,,,,,,,,,,,,,,,,,,,,,,,
"US1SCYR0029","ROCK HILL 5.8 WNW, SC US","34.9619827270508","-81.1266479492188","191.4","2025-06-12",,,,,,,,,"0.0",",,N",,,"0.0",",,N",,,,,,,,,,,,,,,,,,,,,,,,,,,,,,,,,,
"US1SCYR0029","ROCK HILL 5.8 WNW, SC US","34.9619827270508","-81.1266479492188","191.4","2025-06-13",,,,,,,,,"21.1",",,N",,,,,,,,,,,,,,,,,,,,,,,,,,,,,,,,,,,,,,
"US1SCYR0029","ROCK HILL 5.8 WNW, SC US","34.9619827270508","-81.1266479492188","191.4","2025-06-14",,,,,,,,,"4.6",",,N",,,,,,,,,,,,,,,,,,,,,,,,,,,,,,,,,,,,,,
"US1SCYR0029","ROCK HILL 5.8 WNW, SC US","34.9619827270508","-81.1266479492188","191.4","2025-06-15",,,,,,,,,"0.0",",,N",,,"0.0",",,N",,,,,,,,,,,,,,,,,,,,,,,,,,,,,,,,,,
"US1SCYR0029","ROCK HILL 5.8 WNW, SC US","34.9619827270508","-81.1266479492188","191.4","2025-06-16",,,,,,,,,"0.0",",,N",,,"0.0",",,N",,,,,,,,,,,,,,,,,,,,,,,,,,,,,,,,,,
"US1SCYR0029","ROCK HILL 5.8 WNW, SC US","34.9619827270508","-81.1266479492188","191.4","2025-06-17",,,,,,,,,"7.1",",,N",,,,,,,,,,,,,,,,,,,,,,,,,,,,,,,,,,,,,,
"US1SCYR0029","ROCK HILL 5.8 WNW, SC US","34.9619827270508","-81.1266479492188","191.4","2025-06-18",,,,,,,,,"1.3",",,N",,,,,,,,,,,,,,,,,,,,,,,,,,,,,,,,,,,,,,
"US1SCYR0029","ROCK HILL 5.8 WNW, SC US","34.9619827270508","-81.1266479492188","191.4","2025-06-19",,,,,,,,,"0.0",",,N",,,"0.0",",,N",,,,,,,,,,,,,,,,,,,,,,,,,,,,,,,,,,
"US1SCYR0029","ROCK HILL 5.8 WNW, SC US","34.9619827270508","-81.1266479492188","191.4","2025-06-20",,,,,,,,,"0.0",",,N",,,"0.0",",,N",,,,,,,,,,,,,,,,,,,,,,,,,,,,,,,,,,
"US1SCYR0029","ROCK HILL 5.8 WNW, SC US","34.9619827270508","-81.1266479492188","191.4","2025-06-21",,,,,,,,,"0.0",",,N",,,"0.0",",,N",,,,,,,,,,,,,,,,,,,,,,,,,,,,,,,,,,
"US1SCYR0029","ROCK HILL 5.8 WNW, SC US","34.9619827270508","-81.1266479492188","191.4","2025-06-22",,,,,,,,,"0.0",",,N",,,"0.0",",,N",,,,,,,,,,,,,,,,,,,,,,,,,,,,,,,,,,
"US1SCYR0029","ROCK HILL 5.8 WNW, SC US","34.9619827270508","-81.1266479492188","191.4","2025-06-23",,,,,,,,,"0.0",",,N",,,"0.0",",,N",,,,,,,,,,,,,,,,,,,,,,,,,,,,,,,,,,
"US1SCYR0029","ROCK HILL 5.8 WNW, SC US","34.9619827270508","-81.1266479492188","191.4","2025-06-24",,,,,,,,,"0.0",",,N",,,"0.0",",,N",,,,,,,,,,,,,,,,,,,,,,,,,,,,,,,,,,
"US1SCYR0029","ROCK HILL 5.8 WNW, SC US","34.9619827270508","-81.1266479492188","191.4","2025-06-25",,,,,,,,,"0.0",",,N",,,"0.0",",,N",,,,,,,,,,,,,,,,,,,,,,,,,,,,,,,,,,
"US1SCYR0029","ROCK HILL 5.8 WNW, SC US","34.9619827270508","-81.1266479492188","191.4","2025-06-26",,,,,,,,,"11.7",",,N",,,,,,,,,,,,,,,,,,,,,,,,,,,,,,,,,,,,,,
"US1SCYR0029","ROCK HILL 5.8 WNW, SC US","34.9619827270508","-81.1266479492188","191.4","2025-06-27",,,,,,,,,"0.0",",,N",,,"0.0",",,N",,,,,,,,,,,,,,,,,,,,,,,,,,,,,,,,,,
"US1SCYR0029","ROCK HILL 5.8 WNW, SC US","34.9619827270508","-81.1266479492188","191.4","2025-06-28",,,,,,,,,"0.0","T,,N",,,,,,,,,,,,,,,,,,,,,,,,,,,,,,,,,,,,,,
"US1SCYR0029","ROCK HILL 5.8 WNW, SC US","34.9619827270508","-81.1266479492188","191.4","2025-06-29",,,,,,,,,"2.5",",,N",,,,,,,,,,,,,,,,,,,,,,,,,,,,,,,,,,,,,,
"US1SCYR0029","ROCK HILL 5.8 WNW, SC US","34.9619827270508","-81.1266479492188","191.4","2025-06-30",,,,,,,,,"0.0",",,N",,,"0.0",",,N",,,,,,,,,,,,,,,,,,,,,,,,,,,,,,,,,,
"USC00313356","GASTONIA, NC US","35.2671","-81.1436","213.4","2025-06-01",,,,,,,,,"0.0",",,7,",,,"0.0",",,7","0.0",",,7",,,,,"25.6",",,7","14.4",",,7","17.8",",,7,",,,,,,,,,,,,,,,,,,,,,,
"USC00313356","GASTONIA, NC US","35.2671","-81.1436","213.4","2025-06-02",,,,,,,,,"0.0",",,7,",,,"0.0",",,7","0.0",",,7",,,,,"27.8",",,7","13.9",",,7","16.1",",,7,",,,,,,,,,,,,,,,,,,,,,,
"USC00313356","GASTONIA, NC US","35.2671","-81.1436","213.4","2025-06-03",,,,,,,,,"0.0",",,7,",,,"0.0",",,7","0.0",",,7",,,,,"25.6",",,7","15.0",",,7","17.8",",,7,",,,,,,,,,,,,,,,,,,,,,,
"USC00313356","GASTONIA, NC US","35.2671","-81.1436","213.4","2025-06-04",,,,,,,,,"0.0",",,7,",,,"0.0",",,7","0.0",",,7",,,,,"28.3",",,7","17.8",",,7","20.0",",,7,",,,,,,,,,,,,,,,,,,,,,,
"USC00313356","GASTONIA, NC US","35.2671","-81.1436","213.4","2025-06-05",,,,,,,,,,,,,"0.0",",,7","0.0",",,7",,,,,"27.8",",,7","19.4",",,7","19.4",",,7,",,,,,,,,,,,,,,,,,,,,,,
"USC00313356","GASTONIA, NC US","35.2671","-81.1436","213.4","2025-06-06",,,"    2",",,7","51.3",",,7",,,,,,,"0.0",",,7","0.0",",,7",,,,,"23.9",",,7","17.8",",,7","21.1",",,7,",,,,,,,,,,,,,,,,,,,,,,
"USC00313356","GASTONIA, NC US","35.2671","-81.1436","213.4","2025-06-07",,,,,,,,,"2.5",",,7,",,,"0.0",",,7","0.0",",,7",,,,,"30.6",",,7","20.0",",,7","20.6",",,7,",,,,,,,,,,,,,,,,,,,,,,
"USC00313356","GASTONIA, NC US","35.2671","-81.1436","213.4","2025-06-08",,,,,,,,,"0.5",",,7,",,,"0.0",",,7","0.0",",,7",,,,,"31.7",",,7","19.4",",,7","20.0",",,7,",,,,,,,,,,,,,,,,,,,,,,
"USC00313356","GASTONIA, NC US","35.2671","-81.1436","213.4","2025-06-09",,,,,,,,,"0.0",",,7,",,,"0.0",",,7","0.0",",,7",,,,,"30.0",",,7","18.9",",,7","20.0",",,7,",,,,,,,,,,,,,,,,,,,,,,
"USC00313356","GASTONIA, NC US","35.2671","-81.1436","213.4","2025-06-10",,,,,,,,,"9.1",",,7,",,,"0.0",",,7","0.0",",,7",,,,,"30.0",",,7","20.0",",,7","21.1",",,7,",,,,,,,,,,,,,,,,,,,,,,
"USC00313356","GASTONIA, NC US","35.2671","-81.1436","213.4","2025-06-11",,,,,,,,,"0.0",",,7,",,,"0.0",",,7","0.0",",,7",,,,,"28.3",",,7","18.9",",,7","21.1",",,7,",,,,,,,,,,,,,,,,,,,,,,
"USC00313356","GASTONIA, NC US","35.2671","-81.1436","213.4","2025-06-12",,,,,,,,,"0.0",",,7,",,,"0.0",",,7","0.0",",,7",,,,,"30.6",",,7","18.9",",,7","21.7",",,7,",,,,,,,,,,,,,,,,,,,,,,
"USC00313356","GASTONIA, NC US","35.2671","-81.1436","213.4","2025-06-13",,,,,,,,,"53.8",",,7,",,,"0.0",",,7","0.0",",,7",,,,,"30.6",",,7","21.1",",,7","21.7",",,7,",,,,,,,,,,,,,,,,,,,,,,
"USC00313356","GASTONIA, NC US","35.2671","-81.1436","213.4","2025-06-14",,,,,,,,,"3.8",",,7,",,,"0.0",",,7","0.0",",,7",,,,,"28.9",",,7","21.1",",,7","22.2",",,7,",,,,,,,,,,,,,,,,,,,,,,
"USC00313356","GASTONIA, NC US","35.2671","-81.1436","213.4","2025-06-15",,,,,,,,,"0.0",",,7,",,,"0.0",",,7","0.0",",,7",,,,,"29.4",",,7","21.7",",,7","22.8",",,7,",,,,,,,,,,,,,,,,,,,,,,
"USC00313356","GASTONIA, NC US","35.2671","-81.1436","213.4","2025-06-16",,,,,,,,,,,,,"0.0",",,7","0.0",",,7",,,,,"30.0",",,7","22.2",",,7","23.3",",,7,",,,,,,,,,,,,,,,,,,,,,,
"USC00313356","GASTONIA, NC US","35.2671","-81.1436","213.4","2025-06-17",,,"    2",",,7","20.8",",,7",,,,,,,"0.0",",,7","0.0",",,7",,,,,"31.1",",,7","21.1",",,7","22.8",",,7,",,,,,,,,,,,,,,,,,,,,,,
"USC00313356","GASTONIA, NC US","35.2671","-81.1436","213.4","2025-06-18",,,,,,,,,"0.3",",,7,",,,"0.0",",,7","0.0",",,7",,,,,"31.1",",,7","20.6",",,7","22.2",",,7,",,,,,,,,,,,,,,,,,,,,,,
"USC00313356","GASTONIA, NC US","35.2671","-81.1436","213.4","2025-06-19",,,,,,,,,"0.0",",,7,",,,"0.0",",,7","0.0",",,7",,,,,"30.6",",,7","22.2",",,7","23.3",",,7,",,,,,,,,,,,,,,,,,,,,,,
"USC00313356","GASTONIA, NC US","35.2671","-81.1436","213.4","2025-06-20",,,,,,,,,"0.0",",,7,",,,"0.0",",,7","0.0",",,7",,,,,"31.1",",,7","20.0",",,7","22.2",",,7,",,,,,,,,,,,,,,,,,,,,,,
"USC00313356","GASTONIA, NC US","35.2671","-81.1436","213.4","2025-06-21",,,,,,,,,"0.0",",,7,",,,"0.0",",,7","0.0",",,7",,,,,"31.1",",,7","18.9",",,7","21.7",",,7,",,,,,,,,,,,,,,,,,,,,,,
"USC00313356","GASTONIA, NC US","35.2671","-81.1436","213.4","2025-06-22",,,,,,,,,"0.0",",,7,",,,"0.0",",,7","0.0",",,7",,,,,"32.2",",,7","21.1",",,7","23.9",",,7,",,,,,,,,,,,,,,,,,,,,,,
"USC00313356","GASTONIA, NC US","35.2671","-81.1436","213.4","2025-06-23",,,,,,,,,"0.0",",,7,",,,"0.0",",,7","0.0",",,7",,,,,"33.3",",,7","22.2",",,7","24.4",",,7,",,,,,,,,,,,,,,,,,,,,,,
"USC00313356","GASTONIA, NC US","35.2671","-81.1436","213.4","2025-06-24",,,,,,,,,"0.0",",,7,",,,"0.0",",,7","0.0",",,7",,,,,"35.0",",,7","23.3",",,7","25.6",",,7,",,,,,,,,,,,,,,,,,,,,,,
"USC00313356","GASTONIA, NC US","35.2671","-81.1436","213.4","2025-06-25",,,,,,,,,"0.0",",,7,",,,"0.0",",,7","0.0",",,7",,,,,"35.6",",,7","25.0",",,7","26.7",",,7,",,,,,,,,,,,,,,,,,,,,,,
"USC00313356","GASTONIA, NC US","35.2671","-81.1436","213.4","2025-06-26",,,,,,,,,"0.0",",,7,",,,"0.0",",,7","0.0",",,7",,,,,"36.1",",,7","20.6",",,7","23.9",",,7,",,,,,,,,,,,,,,,,,,,,,,
"USC00313356","GASTONIA, NC US","35.2671","-81.1436","213.4","2025-06-27",,,,,,,,,"0.0",",,7,",,,"0.0",",,7","0.0",",,7",,,,,"33.3",",,7","21.1",",,7","23.3",",,7,",,,,,,,,,,,,,,,,,,,,,,
"USC00313356","GASTONIA, NC US","35.2671","-81.1436","213.4","2025-06-28",,,,,,,,,"0.5",",,7,",,,"0.0",",,7","0.0",",,7",,,,,"33.9",",,7","21.7",",,7","23.9",",,7,",,,,,,,,,,,,,,,,,,,,,,
"USC00313356","GASTONIA, NC US","35.2671","-81.1436","213.4","2025-06-29",,,,,,,,,"0.0",",,7,",,,"0.0",",,7","0.0",",,7",,,,,"33.3",",,7","21.1",",,7","22.8",",,7,",,,,,,,,,,,,,,,,,,,,,,
"USC00313356","GASTONIA, NC US","35.2671","-81.1436","213.4","2025-06-30",,,,,,,,,"0.0",",,7,",,,"0.0",",,7","0.0",",,7",,,,,"33.3",",,7","22.2",",,7","23.3",",,7,",,,,,,,,,,,,,,,,,,,,,,
"US1NCGS0037","KINGS MOUNTAIN 3.4 NNE, NC US","35.288582","-81.330879","284.4","2025-06-01",,,,,,,,,"7.9",",,N",,,,,,,,,,,,,,,,,,,,,,,,,,,,,,,,,,,,,,
"US1NCGS0037","KINGS MOUNTAIN 3.4 NNE, NC US","35.288582","-81.330879","284.4","2025-06-05",,,,,,,,,"48.8",",,N",,,,,,,,,,,,,,,,,,,,,,,,,,,,,,,,,,,,,,
"US1NCGS0037","KINGS MOUNTAIN 3.4 NNE, NC US","35.288582","-81.330879","284.4","2025-06-07",,,,,,,,,"3.8",",,N",,,,,,,,,,,,,,,,,,,,,,,,,,,,,,,,,,,,,,
"US1NCGS0037","KINGS MOUNTAIN 3.4 NNE, NC US","35.288582","-81.330879","284.4","2025-06-08",,,,,,,,,"1.5",",,N",,,,,,,,,,,,,,,,,,,,,,,,,,,,,,,,,,,,,,
"US1NCGS0037","KINGS MOUNTAIN 3.4 NNE, NC US","35.288582","-81.330879","284.4","2025-06-10",,,,,,,,,"13.7",",,N",,,,,,,,,,,,,,,,,,,,,,,,,,,,,,,,,,,,,,
"US1NCGS0037","KINGS MOUNTAIN 3.4 NNE, NC US","35.288582","-81.330879","284.4","2025-06-13",,,,,,,,,"21.1",",,N",,,,,,,,,,,,,,,,,,,,,,,,,,,,,,,,,,,,,,
"US1NCGS0037","KINGS MOUNTAIN 3.4 NNE, NC US","35.288582","-81.330879","284.4","2025-06-14",,,,,,,,,"9.7",",,N",,,,,,,,,,,,,,,,,,,,,,,,,,,,,,,,,,,,,,
"US1NCGS0037","KINGS MOUNTAIN 3.4 NNE, NC US","35.288582","-81.330879","284.4","2025-06-16",,,,,,,,,"7.1",",,N",,,,,,,,,,,,,,,,,,,,,,,,,,,,,,,,,,,,,,
"US1NCGS0037","KINGS MOUNTAIN 3.4 NNE, NC US","35.288582","-81.330879","284.4","2025-06-17",,,,,,,,,"17.3",",,N",,,,,,,,,,,,,,,,,,,,,,,,,,,,,,,,,,,,,,
"US1NCGS0037","KINGS MOUNTAIN 3.4 NNE, NC US","35.288582","-81.330879","284.4","2025-06-26",,,,,,,,,"28.4",",,N",,,,,,,,,,,,,,,,,,,,,,,,,,,,,,,,,,,,,,
"US1NCGS0037","KINGS MOUNTAIN 3.4 NNE, NC US","35.288582","-81.330879","284.4","2025-06-27",,,,,,,,,"1.5",",,N",,,,,,,,,,,,,,,,,,,,,,,,,,,,,,,,,,,,,,
"USC00389625","YORK 5 SSE, SC US","34.92231","-81.19671","201.2","2025-06-01",,,,,,,,,"0.0",",,7,0700",,,"0.0",",,7,0700","0.0",",,7,0700",,,,,"25.6",",,7","13.9",",,7","18.9",",,7,0700",,,,,,,,,,,,,,,,,,,,,,
"USC00389625","YORK 5 SSE, SC US","34.92231","-81.19671","201.2","2025-06-02",,,,,,,,,"0.0",",,7,0700",,,"0.0",",,7,0700","0.0",",,7,0700",,,,,"27.8",",,7","15.0",",,7","15.6",",,7,0700",,,,,,,,,,,,,,,,,,,,,,
"USC00389625","YORK 5 SSE, SC US","34.92231","-81.19671","201.2","2025-06-03",,,,,,,,,"0.0",",,7,0700",,,"0.0",",,7,0700","0.0",",,7,0700",,,,,"25.6",",,7","13.9",",,7","13.9",",,7,0700",,,,,,,,,,,,,,,,,,,,,,
"USC00389625","YORK 5 SSE, SC US","34.92231","-81.19671","201.2","2025-06-04",,,,,,,,,"0.0",",,7,0700",,,"0.0",",,7,0700","0.0",",,7,0700",,,,,"28.3",",,7","13.9",",,7","20.0",",,7,0700",,,,,,,,,,,,,,,,,,,,,,
"USC00389625","YORK 5 SSE, SC US","34.92231","-81.19671","201.2","2025-06-05",,,,,,,,,"23.1",",,7,0700",,,"0.0",",,7,0700","0.0",",,7,0700",,,,,"26.7",",,7","19.4",",,7","21.1",",,7,0700",,,,,,,,,,,,,,,,,,,,,,
"USC00389625","YORK 5 SSE, SC US","34.92231","-81.19671","201.2","2025-06-06",,,,,,,,,,,,,"0.0",",,7,0700","0.0",",,7,0700",,,,,"22.8",",,7","17.8",",,7",,,,,,,,,,,,,,,,,,,,,,,,
"USC00389625","YORK 5 SSE, SC US","34.92231","-81.19671","201.2","2025-06-07",,,,,,,,,,,,,"0.0",",,7,0700","0.0",",,7,0700",,,,,"30.6",",,7","18.9",",,7",,,,,,,,,,,,,,,,,,,,,,,,
"USC00389625","YORK 5 SSE, SC US","34.92231","-81.19671","201.2","2025-06-08",,,"    3",",,7","18.5",",,7",,,,,,,"0.0",",,7,0700","0.0",",,7,0700",,,,,"31.1",",,7","18.3",",,7",,,,,,,,,,,,,,,,,,,,,,,,
"USC00389625","YORK 5 SSE, SC US","34.92231","-81.19671","201.2","2025-06-09",,,,,,,,,"0.0",",,7,0700",,,"0.0",",,7,0700","0.0",",,7,0700",,,,,"29.4",",,7","19.4",",,7","19.4",",,7,0700",,,,,,,,,,,,,,,,,,,,,,
"USC00389625","YORK 5 SSE, SC US","34.92231","-81.19671","201.2","2025-06-10",,,,,,,,,,,,,"0.0",",,7,0700","0.0",",,7,0700",,,,,"30.0",",,7","18.9",",,7",,,,,,,,,,,,,,,,,,,,,,,,
"USC00389625","YORK 5 SSE, SC US","34.92231","-81.19671","201.2","2025-06-11",,,,,,,,,,,,,"0.0",",,7,0700","0.0",",,7,0700",,,,,"28.9",",,7","18.3",",,7",,,,,,,,,,,,,,,,,,,,,,,,
"USC00389625","YORK 5 SSE, SC US","34.92231","-81.19671","201.2","2025-06-12",,,,,,,,,,,,,"0.0",",,7,0700","0.0",",,7,0700",,,,,"30.6",",,7","19.4",",,7",,,,,,,,,,,,,,,,,,,,,,,,
"USC00389625","YORK 5 SSE, SC US","34.92231","-81.19671","201.2","2025-06-13",,,"    4",",,7","46.0",",,7",,,,,,,"0.0",",,7,0700","0.0",",,7,0700",,,,,"30.6",",,7","19.4",",,7","21.1",",,7,0700",,,,,,,,,,,,,,,,,,,,,,
"USC00389625","YORK 5 SSE, SC US","34.92231","-81.19671","201.2","2025-06-14",,,,,,,,,"23.1",",,7,0700",,,"0.0",",,7,0700","0.0",",,7,0700",,,,,"28.9",",,7","21.1",",,7",,,,,,,,,,,,,,,,,,,,,,,,
"USC00389625","YORK 5 SSE, SC US","34.92231","-81.19671","201.2","2025-06-15",,,,,,,,,"0.0",",,7,0700",,,"0.0",",,7,0700","0.0",",,7,0700",,,,,"30.0",",,7","20.0",",,7",,,,,,,,,,,,,,,,,,,,,,,,
"USC00389625","YORK 5 SSE, SC US","34.92231","-81.19671","201.2","2025-06-16",,,,,,,,,"0.0",",,7,0700",,,"0.0",",,7,0700","0.0",",,7,0700",,,,,"30.0",",,7","20.6",",,7","22.8",",,7,0700",,,,,,,,,,,,,,,,,,,,,,
"USC00389625","YORK 5 SSE, SC US","34.92231","-81.19671","201.2","2025-06-17",,,,,,,,,"2.3",",,7,0700",,,"0.0",",,7,0700","0.0",",,7,0700",,,,,"31.1",",,7","20.6",",,7","22.8",",,7,0700",,,,,,,,,,,,,,,"    1",",,7",,,,,,
"USC00389625","YORK 5 SSE, SC US","34.92231","-81.19671","201.2","2025-06-18",,,,,,,,,"2.5",",,7,0700",,,"0.0",",,7,0700","0.0",",,7,0700",,,,,"31.7",",,7","20.6",",,7","20.6",",,7,0700",,,,,,,,,,,,,,,"    1",",,7",,,,,,
"USC00389625","YORK 5 SSE, SC US","34.92231","-81.19671","201.2","2025-06-19",,,,,,,,,"0.0",",,7,0700",,,"0.0",",,7,0700","0.0",",,7,0700",,,,,"31.1",",,7","20.6",",,7",,,,,,,,,,,,,,,,,,,,,,,,
"USC00389625","YORK 5 SSE, SC US","34.92231","-81.19671","201.2","2025-06-20",,,,,,,,,"0.0",",,7,0700",,,"0.0",",,7,0700","0.0",",,7,0700",,,,,"31.1",",,7","19.4",",,7","20.0",",,7,0700",,,,,,,,,,,,,,,,,,,,,,
"USC00389625","YORK 5 SSE, SC US","34.92231","-81.19671","201.2","2025-06-21",,,,,,,,,"0.0",",,7,0700",,,"0.0",",,7,0700","0.0",",,7,0700",,,,,"31.7",",,7","18.3",",,7",,,,,,,,,,,,,,,,,,,,,,,,
"USC00389625","YORK 5 SSE, SC US","34.92231","-81.19671","201.2","2025-06-22",,,,,,,,,"0.0",",,7,0700",,,"0.0",",,7,0700","0.0",",,7,0700",,,,,"32.8",",,7","19.4",",,7",,,,,,,,,,,,,,,,,,,,,,,,
"USC00389625","YORK 5 SSE, SC US","34.92231","-81.19671","201.2","2025-06-23",,,,,,,,,"0.0",",,7,0700",,,"0.0",",,7,0700","0.0",",,7,0700",,,,,"32.8",",,7","22.2",",,7","22.8",",,7,0700",,,,,,,,,,,,,,,,,,,,,,
"USC00389625","YORK 5 SSE, SC US","34.92231","-81.19671","201.2","2025-06-24",,,,,,,,,"0.0",",,7,0700",,,"0.0",",,7,0700","0.0",",,7,0700",,,,,"33.9",",,7","22.8",",,7","22.8",",,7,0700",,,,,,,,,,,,,,,,,,,,,,
"USC00389625","YORK 5 SSE, SC US","34.92231","-81.19671","201.2","2025-06-25",,,,,,,,,"0.0",",,7,0700",,,"0.0",",,7,0700","0.0",",,7,0700",,,,,"35.0",",,7","22.8",",,7","23.9",",,7,0700",,,,,,,,,,,,,,,,,,,,,,
"USC00389625","YORK 5 SSE, SC US","34.92231","-81.19671","201.2","2025-06-26",,,,,,,,,"14.5",",,7,0700",,,"0.0",",,7,0700","0.0",",,7,0700",,,,,"35.6",",,7","19.4",",,7","20.0",",,7,0700",,,,,,,,,,,,,,,"    1",",,7",,,,,,
"USC00389625","YORK 5 SSE, SC US","34.92231","-81.19671","201.2","2025-06-27",,,,,,,,,"0.0",",,7,0700",,,"0.0",",,7,0700","0.0",",,7,0700",,,,,"33.3",",,7","20.0",",,7",,,,,,,,,,,,,,,,,,,,,,,,
"USC00389625","YORK 5 SSE, SC US","34.92231","-81.19671","201.2","2025-06-28",,,,,,,,,,,,,"0.0",",,7,0700","0.0",",,7,0700",,,,,"32.8",",,7","21.1",",,7",,,,,,,,,,,,,,,,,,,,,,,,
"USC00389625","YORK 5 SSE, SC US","34.92231","-81.19671","201.2","2025-06-29",,,,,,,,,,,,,"0.0",",,7,0700","0.0",",,7,0700",,,,,"32.8",",,7","20.0",",,7",,,,,,,,,,,,,,,,,,,,,,,,
"USC00389625","YORK 5 SSE, SC US","34.92231","-81.19671","201.2","2025-06-30",,,"    3",",,7","2.0",",,7",,,,,,,"0.0",",,7,0700","0.0",",,7,0700",,,,,"32.8",",,7","20.0",",,7","21.7",",,7,0700",,,,,,,,,,,,,,,,,,,,,,
"US1SCYR0047","ROCK HILL 4.8 SSW, SC US","34.871796","-81.047675","174.0","2025-06-01",,,,,,,,,"5.8",",,N",,,,,,,,,,,,,,,,,,,,,,,,,,,,,,,,,,,,,,
"US1SCYR0047","ROCK HILL 4.8 SSW, SC US","34.871796","-81.047675","174.0","2025-06-02",,,,,,,,,"0.0",",,N",,,"0.0",",,N",,,,,,,,,,,,,,,,,,,,,,,,,,,,,,,,,,
"US1SCYR0047","ROCK HILL 4.8 SSW, SC US","34.871796","-81.047675","174.0","2025-06-03",,,,,,,,,"0.0",",,N",,,"0.0",",,N",,,,,,,,,,,,,,,,,,,,,,,,,,,,,,,,,,
"US1SCYR0047","ROCK HILL 4.8 SSW, SC US","34.871796","-81.047675","174.0","2025-06-04",,,,,,,,,"0.0",",,N",,,"0.0",",,N",,,,,,,,,,,,,,,,,,,,,,,,,,,,,,,,,,
"US1SCYR0047","ROCK HILL 4.8 SSW, SC US","34.871796","-81.047675","174.0","2025-06-05",,,,,,,,,"13.0",",,N",,,,,,,,,,,,,,,,,,,,,,,,,,,,,,,,,,,,,,
"US1SCYR0047","ROCK HILL 4.8 SSW, SC US","34.871796","-81.047675","174.0","2025-06-06",,,,,,,,,"4.6",",,N",,,,,,,,,,,,,,,,,,,,,,,,,,,,,,,,,,,,,,
"US1SCYR0047","ROCK HILL 4.8 SSW, SC US","34.871796","-81.047675","174.0","2025-06-07",,,,,,,,,"13.5",",,N",,,,,,,,,,,,,,,,,,,,,,,,,,,,,,,,,,,,,,
"US1SCYR0047","ROCK HILL 4.8 SSW, SC US","34.871796","-81.047675","174.0","2025-06-08",,,,,,,,,"1.3",",,N",,,,,,,,,,,,,,,,,,,,,,,,,,,,,,,,,,,,,,
"US1SCYR0047","ROCK HILL 4.8 SSW, SC US","34.871796","-81.047675","174.0","2025-06-09",,,,,,,,,"1.8",",,N",,,,,,,,,,,,,,,,,,,,,,,,,,,,,,,,,,,,,,
"US1SCYR0047","ROCK HILL 4.8 SSW, SC US","34.871796","-81.047675","174.0","2025-06-10",,,,,,,,,"30.0",",,N",,,,,,,,,,,,,,,,,,,,,,,,,,,,,,,,,,,,,,
"US1SCYR0047","ROCK HILL 4.8 SSW, SC US","34.871796","-81.047675","174.0","2025-06-11",,,,,,,,,"0.3",",,N",,,,,,,,,,,,,,,,,,,,,,,,,,,,,,,,,,,,,,
"US1SCYR0047","ROCK HILL 4.8 SSW, SC US","34.871796","-81.047675","174.0","2025-06-12",,,,,,,,,"0.0",",,N",,,"0.0",",,N",,,,,,,,,,,,,,,,,,,,,,,,,,,,,,,,,,
"US1SCYR0047","ROCK HILL 4.8 SSW, SC US","34.871796","-81.047675","174.0","2025-06-13",,,,,,,,,"54.1",",,N",,,,,,,,,,,,,,,,,,,,,,,,,,,,,,,,,,,,,,
"US1SCYR0047","ROCK HILL 4.8 SSW, SC US","34.871796","-81.047675","174.0","2025-06-14",,,,,,,,,"1.5",",,N",,,,,,,,,,,,,,,,,,,,,,,,,,,,,,,,,,,,,,
"US1SCYR0047","ROCK HILL 4.8 SSW, SC US","34.871796","-81.047675","174.0","2025-06-16",,,,,,,,,"0.0",",,N",,,"0.0",",,N",,,,,,,,,,,,,,,,,,,,,,,,,,,,,,,,,,
"US1SCYR0047","ROCK HILL 4.8 SSW, SC US","34.871796","-81.047675","174.0","2025-06-17",,,,,,,,,"2.0",",,N",,,"0.0",",,N",,,,,,,,,,,,,,,,,,,,,,,,,,,,,,,,,,
"US1SCYR0047","ROCK HILL 4.8 SSW, SC US","34.871796","-81.047675","174.0","2025-06-18",,,,,,,,,"1.0",",,N",,,,,,,,,,,,,,,,,,,,,,,,,,,,,,,,,,,,,,
"US1SCYR0047","ROCK HILL 4.8 SSW, SC US","34.871796","-81.047675","174.0","2025-06-19",,,,,,,,,"0.0",",,N",,,"0.0",",,N",,,,,,,,,,,,,,,,,,,,,,,,,,,,,,,,,,
"US1SCYR0047","ROCK HILL 4.8 SSW, SC US","34.871796","-81.047675","174.0","2025-06-20",,,,,,,,,"0.0",",,N",,,"0.0",",,N",,,,,,,,,,,,,,,,,,,,,,,,,,,,,,,,,,
"US1SCYR0047","ROCK HILL 4.8 SSW, SC US","34.871796","-81.047675","174.0","2025-06-21",,,,,,,,,"0.0",",,N",,,"0.0",",,N",,,,,,,,,,,,,,,,,,,,,,,,,,,,,,,,,,
"US1SCYR0047","ROCK HILL 4.8 SSW, SC US","34.871796","-81.047675","174.0","2025-06-22",,,,,,,,,"0.0",",,N",,,"0.0",",,N",,,,,,,,,,,,,,,,,,,,,,,,,,,,,,,,,,
"US1SCYR0047","ROCK HILL 4.8 SSW, SC US","34.871796","-81.047675","174.0","2025-06-23",,,,,,,,,"0.0",",,N",,,"0.0",",,N",,,,,,,,,,,,,,,,,,,,,,,,,,,,,,,,,,
"US1SCYR0047","ROCK HILL 4.8 SSW, SC US","34.871796","-81.047675","174.0","2025-06-24",,,,,,,,,"0.0",",,N",,,"0.0",",,N",,,,,,,,,,,,,,,,,,,,,,,,,,,,,,,,,,
"US1SCYR0047","ROCK HILL 4.8 SSW, SC US","34.871796","-81.047675","174.0","2025-06-26",,,,,,,,,"23.6",",,N",,,,,,,,,,,,,,,,,,,,,,,,,,,,,,,,,,,,,,
"US1SCYR0047","ROCK HILL 4.8 SSW, SC US","34.871796","-81.047675","174.0","2025-06-27",,,,,,,,,"0.5",",,N",,,,,,,,,,,,,,,,,,,,,,,,,,,,,,,,,,,,,,
"US1SCYR0047","ROCK HILL 4.8 SSW, SC US","34.871796","-81.047675","174.0","2025-06-28",,,,,,,,,"0.0",",,N",,,"0.0",",,N",,,,,,,,,,,,,,,,,,,,,,,,,,,,,,,,,,
"US1SCYR0047","ROCK HILL 4.8 SSW, SC US","34.871796","-81.047675","174.0","2025-06-29",,,,,,,,,"0.0",",,N",,,"0.0",",,N",,,,,,,,,,,,,,,,,,,,,,,,,,,,,,,,,,
"US1SCYR0047","ROCK HILL 4.8 SSW, SC US","34.871796","-81.047675","174.0","2025-06-30",,,,,,,,,"0.5",",,N",,,,,,,,,,,,,,,,,,,,,,,,,,,,,,,,,,,,,,
"US1SCYR0040","ROCK HILL 5.8 WNW, SC US","34.984971","-81.11379635","215.8","2025-06-01",,,,,,,,,"0.0",",,N",,,"0.0",",,N",,,,,,,,,,,,,,,,,,,,,,,,,,,,,,,,,,
"US1SCYR0040","ROCK HILL 5.8 WNW, SC US","34.984971","-81.11379635","215.8","2025-06-02",,,,,,,,,"0.0",",,N",,,"0.0",",,N",,,,,,,,,,,,,,,,,,,,,,,,,,,,,,,,,,
"US1SCYR0040","ROCK HILL 5.8 WNW, SC US","34.984971","-81.11379635","215.8","2025-06-03",,,,,,,,,"0.0",",,N",,,"0.0",",,N",,,,,,,,,,,,,,,,,,,,,,,,,,,,,,,,,,
"US1SCYR0040","ROCK HILL 5.8 WNW, SC US","34.984971","-81.11379635","215.8","2025-06-04",,,,,,,,,"0.0",",,N",,,"0.0",",,N",,,,,,,,,,,,,,,,,,,,,,,,,,,,,,,,,,
"US1SCYR0040","ROCK HILL 5.8 WNW, SC US","34.984971","-81.11379635","215.8","2025-06-05",,,,,,,,,"15.7",",,N",,,,,,,,,,,,,,,,,,,,,,,,,,,,,,,,,,,,,,
"US1SCYR0040","ROCK HILL 5.8 WNW, SC US","34.984971","-81.11379635","215.8","2025-06-06",,,,,,,,,"8.1",",,N",,,,,,,,,,,,,,,,,,,,,,,,,,,,,,,,,,,,,,
"US1SCYR0040","ROCK HILL 5.8 WNW, SC US","34.984971","-81.11379635","215.8","2025-06-07",,,,,,,,,"0.0",",,N",,,"0.0",",,N",,,,,,,,,,,,,,,,,,,,,,,,,,,,,,,,,,
"US1SCYR0040","ROCK HILL 5.8 WNW, SC US","34.984971","-81.11379635","215.8","2025-06-08",,,,,,,,,"0.0",",,N",,,"0.0",",,N",,,,,,,,,,,,,,,,,,,,,,,,,,,,,,,,,,
"US1SCYR0040","ROCK HILL 5.8 WNW, SC US","34.984971","-81.11379635","215.8","2025-06-09",,,,,,,,,"0.0",",,N",,,"0.0",",,N",,,,,,,,,,,,,,,,,,,,,,,,,,,,,,,,,,
"US1SCYR0040","ROCK HILL 5.8 WNW, SC US","34.984971","-81.11379635","215.8","2025-06-10",,,,,,,,,"31.2",",,N",,,"0.0",",,N",,,,,,,,,,,,,,,,,,,,,,,,,,,,,,,,,,
"US1SCYR0040","ROCK HILL 5.8 WNW, SC US","34.984971","-81.11379635","215.8","2025-06-11",,,,,,,,,"0.0",",,N",,,"0.0",",,N",,,,,,,,,,,,,,,,,,,,,,,,,,,,,,,,,,
"US1SCYR0040","ROCK HILL 5.8 WNW, SC US","34.984971","-81.11379635","215.8","2025-06-12",,,,,,,,,"0.0",",,N",,,"0.0",",,N",,,,,,,,,,,,,,,,,,,,,,,,,,,,,,,,,,
"US1SCYR0040","ROCK HILL 5.8 WNW, SC US","34.984971","-81.11379635","215.8","2025-06-13",,,,,,,,,"16.5",",,N",,,,,,,,,,,,,,,,,,,,,,,,,,,,,,,,,,,,,,
"US1SCYR0040","ROCK HILL 5.8 WNW, SC US","34.984971","-81.11379635","215.8","2025-06-14",,,,,,,,,"5.6",",,N",,,,,,,,,,,,,,,,,,,,,,,,,,,,,,,,,,,,,,
"US1SCYR0040","ROCK HILL 5.8 WNW, SC US","34.984971","-81.11379635","215.8","2025-06-15",,,,,,,,,"0.0",",,N",,,"0.0",",,N",,,,,,,,,,,,,,,,,,,,,,,,,,,,,,,,,,
"US1SCYR0040","ROCK HILL 5.8 WNW, SC US","34.984971","-81.11379635","215.8","2025-06-16",,,,,,,,,"0.0",",,N",,,"0.0",",,N",,,,,,,,,,,,,,,,,,,,,,,,,,,,,,,,,,
"US1SCYR0040","ROCK HILL 5.8 WNW, SC US","34.984971","-81.11379635","215.8","2025-06-17",,,,,,,,,"12.4",",,N",,,,,,,,,,,,,,,,,,,,,,,,,,,,,,,,,,,,,,
"US1SCYR0040","ROCK HILL 5.8 WNW, SC US","34.984971","-81.11379635","215.8","2025-06-18",,,,,,,,,"0.5",",,N",,,,,,,,,,,,,,,,,,,,,,,,,,,,,,,,,,,,,,
"US1SCYR0040","ROCK HILL 5.8 WNW, SC US","34.984971","-81.11379635","215.8","2025-06-19",,,,,,,,,"0.0",",,N",,,"0.0",",,N",,,,,,,,,,,,,,,,,,,,,,,,,,,,,,,,,,
"US1SCYR0040","ROCK HILL 5.8 WNW, SC US","34.984971","-81.11379635","215.8","2025-06-20",,,,,,,,,"0.0",",,N",,,"0.0",",,N",,,,,,,,,,,,,,,,,,,,,,,,,,,,,,,,,,
"US1SCYR0040","ROCK HILL 5.8 WNW, SC US","34.984971","-81.11379635","215.8","2025-06-21",,,,,,,,,"0.0",",,N",,,"0.0",",,N",,,,,,,,,,,,,,,,,,,,,,,,,,,,,,,,,,
"US1SCYR0040","ROCK HILL 5.8 WNW, SC US","34.984971","-81.11379635","215.8","2025-06-22",,,,,,,,,"0.0",",,N",,,"0.0",",,N",,,,,,,,,,,,,,,,,,,,,,,,,,,,,,,,,,
"US1SCYR0040","ROCK HILL 5.8 WNW, SC US","34.984971","-81.11379635","215.8","2025-06-23",,,,,,,,,"0.0",",,N",,,"0.0",",,N",,,,,,,,,,,,,,,,,,,,,,,,,,,,,,,,,,
"US1SCYR0040","ROCK HILL 5.8 WNW, SC US","34.984971","-81.11379635","215.8","2025-06-24",,,,,,,,,"0.0",",,N",,,"0.0",",,N",,,,,,,,,,,,,,,,,,,,,,,,,,,,,,,,,,
"US1SCYR0040","ROCK HILL 5.8 WNW, SC US","34.984971","-81.11379635","215.8","2025-06-25",,,,,,,,,"0.0",",,N",,,"0.0",",,N",,,,,,,,,,,,,,,,,,,,,,,,,,,,,,,,,,
"US1SCYR0040","ROCK HILL 5.8 WNW, SC US","34.984971","-81.11379635","215.8","2025-06-26",,,,,,,,,"10.9",",,N",,,,,,,,,,,,,,,,,,,,,,,,,,,,,,,,,,,,,,
"US1SCYR0040","ROCK HILL 5.8 WNW, SC US","34.984971","-81.11379635","215.8","2025-06-27",,,,,,,,,"0.0",",,N",,,"0.0",",,N",,,,,,,,,,,,,,,,,,,,,,,,,,,,,,,,,,
"US1SCYR0040","ROCK HILL 5.8 WNW, SC US","34.984971","-81.11379635","215.8","2025-06-28",,,,,,,,,"0.0",",,N",,,"0.0",",,N",,,,,,,,,,,,,,,,,,,,,,,,,,,,,,,,,,
"US1SCYR0040","ROCK HILL 5.8 WNW, SC US","34.984971","-81.11379635","215.8","2025-06-29",,,,,,,,,"0.0",",,N",,,"0.0",",,N",,,,,,,,,,,,,,,,,,,,,,,,,,,,,,,,,,
"US1SCYR0040","ROCK HILL 5.8 WNW, SC US","34.984971","-81.11379635","215.8","2025-06-30",,,,,,,,,"21.3",",,N",,,,,,,,,,,,,,,,,,,,,,,,,,,,,,,,,,,,,,
"USC00383216","FORT MILL 4 NW, SC US","35.0217","-81.0075","165.8","2025-06-01",,,,,,,,,"0.0",",,7,0700",,,,,,,,,,,,,,,,,,,,,,,,,,,,,,,,,,,,,,
"USC00383216","FORT MILL 4 NW, SC US","35.0217","-81.0075","165.8","2025-06-02",,,,,,,,,"0.0",",,7,0700",,,,,,,,,,,,,,,,,,,,,,,,,,,,,,,,,,,,,,
"USC00383216","FORT MILL 4 NW, SC US","35.0217","-81.0075","165.8","2025-06-03",,,,,,,,,"0.0",",,7,0700",,,,,,,,,,,,,,,,,,,,,,,,,,,,,,,,,,,,,,
"USC00383216","FORT MILL 4 NW, SC US","35.0217","-81.0075","165.8","2025-06-04",,,,,,,,,"0.0",",,7,0700",,,,,,,,,,,,,,,,,,,,,,,,,,,,,,,,,,,,,,
"USC00383216","FORT MILL 4 NW, SC US","35.0217","-81.0075","165.8","2025-06-05",,,,,,,,,"15.0",",,7,0700",,,,,,,,,,,,,,,,,,,,,,,,,,,,,,,,,,,,,,
"USC00383216","FORT MILL 4 NW, SC US","35.0217","-81.0075","165.8","2025-06-06",,,,,,,,,"11.4",",,7,0700",,,,,,,,,,,,,,,,,,,,,,,,,,,,,,,,,,,,,,
"USC00383216","FORT MILL 4 NW, SC US","35.0217","-81.0075","165.8","2025-06-07",,,,,,,,,"1.0",",,7,0700",,,,,,,,,,,,,,,,,,,,,,,,,,,,,,,,,,,,,,
"USC00383216","FORT MILL 4 NW, SC US","35.0217","-81.0075","165.8","2025-06-08",,,,,,,,,"0.0",",,7,0700",,,,,,,,,,,,,,,,,,,,,,,,,,,,,,,,,,,,,,
"USC00383216","FORT MILL 4 NW, SC US","35.0217","-81.0075","165.8","2025-06-09",,,,,,,,,"0.0",",,7,0700",,,,,,,,,,,,,,,,,,,,,,,,,,,,,,,,,,,,,,
"USC00383216","FORT MILL 4 NW, SC US","35.0217","-81.0075","165.8","2025-06-10",,,,,,,,,"35.1",",,7,0700",,,,,,,,,,,,,,,,,,,,,,,,,,,,,,,,,,,,,,
"USC00383216","FORT MILL 4 NW, SC US","35.0217","-81.0075","165.8","2025-06-11",,,,,,,,,"0.0",",,7,0700",,,,,,,,,,,,,,,,,,,,,,,,,,,,,,,,,,,,,,
"USC00383216","FORT MILL 4 NW, SC US","35.0217","-81.0075","165.8","2025-06-12",,,,,,,,,"0.0",",,7,0700",,,,,,,,,,,,,,,,,,,,,,,,,,,,,,,,,,,,,,
"USC00383216","FORT MILL 4 NW, SC US","35.0217","-81.0075","165.8","2025-06-13",,,,,,,,,"23.4",",,7,0700",,,,,,,,,,,,,,,,,,,,,,,,,,,,,,,,,,,,,,
"USC00383216","FORT MILL 4 NW, SC US","35.0217","-81.0075","165.8","2025-06-14",,,,,,,,,"2.8",",,7,0700",,,,,,,,,,,,,,,,,,,,,,,,,,,,,,,,,,,,,,
"USC00383216","FORT MILL 4 NW, SC US","35.0217","-81.0075","165.8","2025-06-15",,,,,,,,,"0.0",",,7,0700",,,,,,,,,,,,,,,,,,,,,,,,,,,,,,,,,,,,,,
"USC00383216","FORT MILL 4 NW, SC US","35.0217","-81.0075","165.8","2025-06-16",,,,,,,,,"0.0",",,7,0700",,,,,,,,,,,,,,,,,,,,,,,,,,,,,,,,,,,,,,
"USC00383216","FORT MILL 4 NW, SC US","35.0217","-81.0075","165.8","2025-06-17",,,,,,,,,"20.3",",,7,0700",,,,,,,,,,,,,,,,,,,,,,,,,,,,,,,,,,,,,,
"USC00383216","FORT MILL 4 NW, SC US","35.0217","-81.0075","165.8","2025-06-18",,,,,,,,,"0.0","T,,7,0700",,,,,,,,,,,,,,,,,,,,,,,,,,,,,,,,,,,,,,
"USC00383216","FORT MILL 4 NW, SC US","35.0217","-81.0075","165.8","2025-06-19",,,,,,,,,"0.0",",,7,0700",,,,,,,,,,,,,,,,,,,,,,,,,,,,,,,,,,,,,,
"USC00383216","FORT MILL 4 NW, SC US","35.0217","-81.0075","165.8","2025-06-20",,,,,,,,,"0.0",",,7,0700",,,,,,,,,,,,,,,,,,,,,,,,,,,,,,,,,,,,,,
"USC00383216","FORT MILL 4 NW, SC US","35.0217","-81.0075","165.8","2025-06-21",,,,,,,,,"0.0",",,7,0700",,,,,,,,,,,,,,,,,,,,,,,,,,,,,,,,,,,,,,
"USC00383216","FORT MILL 4 NW, SC US","35.0217","-81.0075","165.8","2025-06-22",,,,,,,,,"0.0",",,7,0700",,,,,,,,,,,,,,,,,,,,,,,,,,,,,,,,,,,,,,
"USC00383216","FORT MILL 4 NW, SC US","35.0217","-81.0075","165.8","2025-06-23",,,,,,,,,"0.0",",,7,0700",,,,,,,,,,,,,,,,,,,,,,,,,,,,,,,,,,,,,,
"USC00383216","FORT MILL 4 NW, SC US","35.0217","-81.0075","165.8","2025-06-24",,,,,,,,,"0.0",",,7,0700",,,,,,,,,,,,,,,,,,,,,,,,,,,,,,,,,,,,,,
"USC00383216","FORT MILL 4 NW, SC US","35.0217","-81.0075","165.8","2025-06-25",,,,,,,,,"0.0",",,7,0700",,,,,,,,,,,,,,,,,,,,,,,,,,,,,,,,,,,,,,
"USC00383216","FORT MILL 4 NW, SC US","35.0217","-81.0075","165.8","2025-06-26",,,,,,,,,"35.6",",,7,0700",,,,,,,,,,,,,,,,,,,,,,,,,,,,,,,,,,,,,,
"USC00383216","FORT MILL 4 NW, SC US","35.0217","-81.0075","165.8","2025-06-27",,,,,,,,,"0.0",",,7,0700",,,,,,,,,,,,,,,,,,,,,,,,,,,,,,,,,,,,,,
"USC00383216","FORT MILL 4 NW, SC US","35.0217","-81.0075","165.8","2025-06-28",,,,,,,,,"7.9",",,7,0700",,,,,,,,,,,,,,,,,,,,,,,,,,,,,,,,,,,,,,
"USC00383216","FORT MILL 4 NW, SC US","35.0217","-81.0075","165.8","2025-06-29",,,,,,,,,"18.8",",,7,0700",,,,,,,,,,,,,,,,,,,,,,,,,,,,,,,,,,,,,,
"USC00383216","FORT MILL 4 NW, SC US","35.0217","-81.0075","165.8","2025-06-30",,,,,,,,,"1.0",",,7,0700",,,,,,,,,,,,,,,,,,,,,,,,,,,,,,,,,,,,,,
"US1NCGS0044","GASTONIA 4.3 E, NC US","35.2470474243164","-81.0959548950195","200.9","2025-06-01",,,,,,,,,"0.0",",,N",,,"0.0",",,N",,,,,,,,,,,,,,,,,,,,,,,,,,,,,,,,,,
"US1NCGS0044","GASTONIA 4.3 E, NC US","35.2470474243164","-81.0959548950195","200.9","2025-06-02",,,,,,,,,"4.1",",,N",,,,,,,,,,,,,,,,,,,,,,,,,,,,,,,,,,,,,,
"US1NCGS0044","GASTONIA 4.3 E, NC US","35.2470474243164","-81.0959548950195","200.9","2025-06-03",,,,,,,,,"0.0",",,N",,,"0.0",",,N",,,,,,,,,,,,,,,,,,,,,,,,,,,,,,,,,,
"US1NCGS0044","GASTONIA 4.3 E, NC US","35.2470474243164","-81.0959548950195","200.9","2025-06-04",,,,,,,,,"0.0",",,N",,,"0.0",",,N",,,,,,,,,,,,,,,,,,,,,,,,,,,,,,,,,,
"US1NCGS0044","GASTONIA 4.3 E, NC US","35.2470474243164","-81.0959548950195","200.9","2025-06-05",,,,,,,,,"30.7",",,N",,,,,,,,,,,,,,,,,,,,,,,,,,,,,,,,,,,,,,
"US1NCGS0044","GASTONIA 4.3 E, NC US","35.2470474243164","-81.0959548950195","200.9","2025-06-06",,,,,,,,,"23.9",",,N",,,,,,,,,,,,,,,,,,,,,,,,,,,,,,,,,,,,,,
"US1NCGS0044","GASTONIA 4.3 E, NC US","35.2470474243164","-81.0959548950195","200.9","2025-06-07",,,,,,,,,"2.0",",,N",,,,,,,,,,,,,,,,,,,,,,,,,,,,,,,,,,,,,,
"US1NCGS0044","GASTONIA 4.3 E, NC US","35.2470474243164","-81.0959548950195","200.9","2025-06-08",,,,,,,,,"0.5",",,N",,,,,,,,,,,,,,,,,,,,,,,,,,,,,,,,,,,,,,
"US1NCGS0044","GASTONIA 4.3 E, NC US","35.2470474243164","-81.0959548950195","200.9","2025-06-09",,,,,,,,,"0.0",",,N",,,"0.0",",,N",,,,,,,,,,,,,,,,,,,,,,,,,,,,,,,,,,
"US1NCGS0044","GASTONIA 4.3 E, NC US","35.2470474243164","-81.0959548950195","200.9","2025-06-10",,,,,,,,,"2.3",",,N",,,,,,,,,,,,,,,,,,,,,,,,,,,,,,,,,,,,,,
"US1NCGS0044","GASTONIA 4.3 E, NC US","35.2470474243164","-81.0959548950195","200.9","2025-06-11",,,,,,,,,"0.0",",,N",,,"0.0",",,N",,,,,,,,,,,,,,,,,,,,,,,,,,,,,,,,,,
"US1NCGS0044","GASTONIA 4.3 E, NC US","35.2470474243164","-81.0959548950195","200.9","2025-06-12",,,,,,,,,"0.0",",,N",,,"0.0",",,N",,,,,,,,,,,,,,,,,,,,,,,,,,,,,,,,,,
"US1NCGS0044","GASTONIA 4.3 E, NC US","35.2470474243164","-81.0959548950195","200.9","2025-06-13",,,,,,,,,"54.9",",,N",,,,,,,,,,,,,,,,,,,,,,,,,,,,,,,,,,,,,,
"US1NCGS0044","GASTONIA 4.3 E, NC US","35.2470474243164","-81.0959548950195","200.9","2025-06-14",,,,,,,,,"5.8",",,N",,,,,,,,,,,,,,,,,,,,,,,,,,,,,,,,,,,,,,
"US1NCGS0044","GASTONIA 4.3 E, NC US","35.2470474243164","-81.0959548950195","200.9","2025-06-15",,,,,,,,,"0.0",",,N",,,"0.0",",,N",,,,,,,,,,,,,,,,,,,,,,,,,,,,,,,,,,
"US1NCGS0044","GASTONIA 4.3 E, NC US","35.2470474243164","-81.0959548950195","200.9","2025-06-16",,,,,,,,,"19.6",",,N",,,,,,,,,,,,,,,,,,,,,,,,,,,,,,,,,,,,,,
"US1NCGS0044","GASTONIA 4.3 E, NC US","35.2470474243164","-81.0959548950195","200.9","2025-06-17",,,,,,,,,"6.4",",,N",,,,,,,,,,,,,,,,,,,,,,,,,,,,,,,,,,,,,,
"US1NCGS0044","GASTONIA 4.3 E, NC US","35.2470474243164","-81.0959548950195","200.9","2025-06-19",,,,,,,,,"0.0",",,N",,,"0.0",",,N",,,,,,,,,,,,,,,,,,,,,,,,,,,,,,,,,,
"US1NCGS0044","GASTONIA 4.3 E, NC US","35.2470474243164","-81.0959548950195","200.9","2025-06-20",,,,,,,,,"0.0",",,N",,,"0.0",",,N",,,,,,,,,,,,,,,,,,,,,,,,,,,,,,,,,,
"US1NCGS0044","GASTONIA 4.3 E, NC US","35.2470474243164","-81.0959548950195","200.9","2025-06-21",,,,,,,,,"0.0",",,N",,,"0.0",",,N",,,,,,,,,,,,,,,,,,,,,,,,,,,,,,,,,,
"US1NCGS0044","GASTONIA 4.3 E, NC US","35.2470474243164","-81.0959548950195","200.9","2025-06-22",,,,,,,,,"0.0",",,N",,,"0.0",",,N",,,,,,,,,,,,,,,,,,,,,,,,,,,,,,,,,,
"US1NCGS0044","GASTONIA 4.3 E, NC US","35.2470474243164","-81.0959548950195","200.9","2025-06-23",,,,,,,,,"0.0",",,N",,,"0.0",",,N",,,,,,,,,,,,,,,,,,,,,,,,,,,,,,,,,,
"US1NCGS0044","GASTONIA 4.3 E, NC US","35.2470474243164","-81.0959548950195","200.9","2025-06-24",,,,,,,,,"0.0",",,N",,,"0.0",",,N",,,,,,,,,,,,,,,,,,,,,,,,,,,,,,,,,,
"US1NCGS0044","GASTONIA 4.3 E, NC US","35.2470474243164","-81.0959548950195","200.9","2025-06-25",,,,,,,,,"0.0",",,N",,,"0.0",",,N",,,,,,,,,,,,,,,,,,,,,,,,,,,,,,,,,,
"US1NCGS0044","GASTONIA 4.3 E, NC US","35.2470474243164","-81.0959548950195","200.9","2025-06-26",,,,,,,,,"0.0",",,N",,,"0.0",",,N",,,,,,,,,,,,,,,,,,,,,,,,,,,,,,,,,,
"US1NCGS0044","GASTONIA 4.3 E, NC US","35.2470474243164","-81.0959548950195","200.9","2025-06-27",,,,,,,,,"0.0",",,N",,,"0.0",",,N",,,,,,,,,,,,,,,,,,,,,,,,,,,,,,,,,,
"US1NCGS0044","GASTONIA 4.3 E, NC US","35.2470474243164","-81.0959548950195","200.9","2025-06-28",,,,,,,,,"0.5",",,N",,,,,,,,,,,,,,,,,,,,,,,,,,,,,,,,,,,,,,
"US1NCGS0044","GASTONIA 4.3 E, NC US","35.2470474243164","-81.0959548950195","200.9","2025-06-29",,,,,,,,,"0.0",",,N",,,"0.0",",,N",,,,,,,,,,,,,,,,,,,,,,,,,,,,,,,,,,
"US1NCGS0044","GASTONIA 4.3 E, NC US","35.2470474243164","-81.0959548950195","200.9","2025-06-30",,,,,,,,,"0.0",",,N",,,"0.0",",,N",,,,,,,,,,,,,,,,,,,,,,,,,,,,,,,,,,
"US1SCYR0038","TEGA CAY 0.5 NE, SC US","35.039124","-81.01231","192.0","2025-06-07",,,,,,,,,"2.0",",,N",,,,,,,,,,,,,,,,,,,,,,,,,,,,,,,,,,,,,,
"US1SCYR0038","TEGA CAY 0.5 NE, SC US","35.039124","-81.01231","192.0","2025-06-08",,,,,,,,,"0.0","T,,N",,,,,,,,,,,,,,,,,,,,,,,,,,,,,,,,,,,,,,
"US1SCYR0038","TEGA CAY 0.5 NE, SC US","35.039124","-81.01231","192.0","2025-06-13",,,,,,,,,"13.2",",,N",,,,,,,,,,,,,,,,,,,,,,,,,,,,,,,,,,,,,,
"US1SCYR0038","TEGA CAY 0.5 NE, SC US","35.039124","-81.01231","192.0","2025-06-16",,,,,,,,,"23.6",",,N",,,,,,,,,,,,,,,,,,,,,,,,,,,,,,,,,,,,,,
"US1SCYR0038","TEGA CAY 0.5 NE, SC US","35.039124","-81.01231","192.0","2025-06-24",,,,,,,,,"0.0",",,N",,,"0.0",",,N",,,,,,,,,,,,,,,,,,,,,,,,,,,,,,,,,,
"US1SCYR0038","TEGA CAY 0.5 NE, SC US","35.039124","-81.01231","192.0","2025-06-26",,,,,,,,,"38.1",",,N",,,,,,,,,,,,,,,,,,,,,,,,,,,,,,,,,,,,,,
"US1SCYR0038","TEGA CAY 0.5 NE, SC US","35.039124","-81.01231","192.0","2025-06-28",,,,,,,,,"27.2",",,N",,,,,,,,,,,,,,,,,,,,,,,,,,,,,,,,,,,,,,
"US1SCYR0038","TEGA CAY 0.5 NE, SC US","35.039124","-81.01231","192.0","2025-06-29",,,,,,,,,"21.1",",,N",,,,,,,,,,,,,,,,,,,,,,,,,,,,,,,,,,,,,,
"US1SCYR0038","TEGA CAY 0.5 NE, SC US","35.039124","-81.01231","192.0","2025-06-30",,,,,,,,,"1.0",",,N",,,,,,,,,,,,,,,,,,,,,,,,,,,,,,,,,,,,,,
"USC00315945","MOUNT PLEASANT, NC US","35.41179","-80.43104","219.5","2025-06-01",,,,,,,,,"2.3",",,7,0700",,,,,,,,,,,,,,,,,,,,,,,,,,,,,,,,,,,,,,
"USC00315945","MOUNT PLEASANT, NC US","35.41179","-80.43104","219.5","2025-06-02",,,,,,,,,"1.3",",,7,0700",,,,,,,,,,,,,,,,,,,,,,,,,,,,,,,,,,,,,,
"USC00315945","MOUNT PLEASANT, NC US","35.41179","-80.43104","219.5","2025-06-03",,,,,,,,,"0.0",",,7,0700",,,,,,,,,,,,,,,,,,,,,,,,,,,,,,,,,,,,,,
"USC00315945","MOUNT PLEASANT, NC US","35.41179","-80.43104","219.5","2025-06-04",,,,,,,,,"0.0",",,7,0700",,,,,,,,,,,,,,,,,,,,,,,,,,,,,,,,,,,,,,
"USC00315945","MOUNT PLEASANT, NC US","35.41179","-80.43104","219.5","2025-06-05",,,,,,,,,"1.8",",,7,0700",,,,,,,,,,,,,,,,,,,,,,,,,,,,,,,,,,,,,,
"USC00315945","MOUNT PLEASANT, NC US","35.41179","-80.43104","219.5","2025-06-06",,,,,,,,,"108.7",",,7,0700",,,,,,,,,,,,,,,,,,,,,,,,,,,,,,,,,,,,,,
"USC00315945","MOUNT PLEASANT, NC US","35.41179","-80.43104","219.5","2025-06-07",,,,,,,,,"16.8",",,7,0700",,,,,,,,,,,,,,,,,,,,,,,,,,,,,,,,,,,,,,
"USC00315945","MOUNT PLEASANT, NC US","35.41179","-80.43104","219.5","2025-06-08",,,,,,,,,"0.0",",,7,0700",,,,,,,,,,,,,,,,,,,,,,,,,,,,,,,,,,,,,,
"USC00315945","MOUNT PLEASANT, NC US","35.41179","-80.43104","219.5","2025-06-09",,,,,,,,,"0.0",",,7,0700",,,,,,,,,,,,,,,,,,,,,,,,,,,,,,,,,,,,,,
"USC00315945","MOUNT PLEASANT, NC US","35.41179","-80.43104","219.5","2025-06-10",,,,,,,,,"7.4",",,7,0700",,,,,,,,,,,,,,,,,,,,,,,,,,,,,,,,,,,,,,
"USC00315945","MOUNT PLEASANT, NC US","35.41179","-80.43104","219.5","2025-06-11",,,,,,,,,"22.4",",,7,0700",,,,,,,,,,,,,,,,,,,,,,,,,,,,,,,,,,,,,,
"USC00315945","MOUNT PLEASANT, NC US","35.41179","-80.43104","219.5","2025-06-12",,,,,,,,,"0.0",",,7,0700",,,,,,,,,,,,,,,,,,,,,,,,,,,,,,,,,,,,,,
"USC00315945","MOUNT PLEASANT, NC US","35.41179","-80.43104","219.5","2025-06-13",,,,,,,,,"31.5",",,7,0700",,,,,,,,,,,,,,,,,,,,,,,,,,,,,,,,,,,,,,
"USC00315945","MOUNT PLEASANT, NC US","35.41179","-80.43104","219.5","2025-06-14",,,,,,,,,"4.6",",,7,0700",,,,,,,,,,,,,,,,,,,,,,,,,,,,,,,,,,,,,,
"USC00315945","MOUNT PLEASANT, NC US","35.41179","-80.43104","219.5","2025-06-15",,,,,,,,,"0.0",",,7,0700",,,,,,,,,,,,,,,,,,,,,,,,,,,,,,,,,,,,,,
"USC00315945","MOUNT PLEASANT, NC US","35.41179","-80.43104","219.5","2025-06-16",,,,,,,,,"8.4",",,7,0700",,,,,,,,,,,,,,,,,,,,,,,,,,,,,,,,,,,,,,
"USC00315945","MOUNT PLEASANT, NC US","35.41179","-80.43104","219.5","2025-06-17",,,,,,,,,"32.5",",,7,0700",,,,,,,,,,,,,,,,,,,,,,,,,,,,,,,,,,,,,,
"USC00315945","MOUNT PLEASANT, NC US","35.41179","-80.43104","219.5","2025-06-18",,,,,,,,,"0.0",",,7,0700",,,,,,,,,,,,,,,,,,,,,,,,,,,,,,,,,,,,,,
"USC00315945","MOUNT PLEASANT, NC US","35.41179","-80.43104","219.5","2025-06-19",,,,,,,,,"0.0",",,7,0700",,,,,,,,,,,,,,,,,,,,,,,,,,,,,,,,,,,,,,
"USC00315945","MOUNT PLEASANT, NC US","35.41179","-80.43104","219.5","2025-06-20",,,,,,,,,"0.0",",,7,0700",,,,,,,,,,,,,,,,,,,,,,,,,,,,,,,,,,,,,,
"USC00315945","MOUNT PLEASANT, NC US","35.41179","-80.43104","219.5","2025-06-21",,,,,,,,,"0.0",",,7,0700",,,,,,,,,,,,,,,,,,,,,,,,,,,,,,,,,,,,,,
"USC00315945","MOUNT PLEASANT, NC US","35.41179","-80.43104","219.5","2025-06-22",,,,,,,,,"0.0",",,7,0700",,,,,,,,,,,,,,,,,,,,,,,,,,,,,,,,,,,,,,
"USC00315945","MOUNT PLEASANT, NC US","35.41179","-80.43104","219.5","2025-06-23",,,,,,,,,"0.0",",,7,0700",,,,,,,,,,,,,,,,,,,,,,,,,,,,,,,,,,,,,,
"USC00315945","MOUNT PLEASANT, NC US","35.41179","-80.43104","219.5","2025-06-24",,,,,,,,,"0.0",",,7,0700",,,,,,,,,,,,,,,,,,,,,,,,,,,,,,,,,,,,,,
"USC00315945","MOUNT PLEASANT, NC US","35.41179","-80.43104","219.5","2025-06-25",,,,,,,,,"0.0",",,7,0700",,,,,,,,,,,,,,,,,,,,,,,,,,,,,,,,,,,,,,
"USC00315945","MOUNT PLEASANT, NC US","35.41179","-80.43104","219.5","2025-06-26",,,,,,,,,"0.0",",,7,0700",,,,,,,,,,,,,,,,,,,,,,,,,,,,,,,,,,,,,,
"USC00315945","MOUNT PLEASANT, NC US","35.41179","-80.43104","219.5","2025-06-27",,,,,,,,,"0.0",",,7,0700",,,,,,,,,,,,,,,,,,,,,,,,,,,,,,,,,,,,,,
"USC00315945","MOUNT PLEASANT, NC US","35.41179","-80.43104","219.5","2025-06-28",,,,,,,,,"0.0",",,7,0700",,,,,,,,,,,,,,,,,,,,,,,,,,,,,,,,,,,,,,
"USC00315945","MOUNT PLEASANT, NC US","35.41179","-80.43104","219.5","2025-06-29",,,,,,,,,"3.3",",,7,0700",,,,,,,,,,,,,,,,,,,,,,,,,,,,,,,,,,,,,,
"USC00315945","MOUNT PLEASANT, NC US","35.41179","-80.43104","219.5","2025-06-30",,,,,,,,,"0.0",",,7,0700",,,,,,,,,,,,,,,,,,,,,,,,,,,,,,,,,,,,,,
"USC00389350","WINTHROP UNIVERSITY, SC US","34.9378","-81.0374","198.1","2025-06-01",,,,,,,,,"0.0","T,,7,1000",,,"0.0",",,7,1000","0.0",",,7,1000",,,,,"26.1",",,7","15.6",",,7","20.0",",,7,1000",,,,,,,,,,,,,,,,,,,,,,
"USC00389350","WINTHROP UNIVERSITY, SC US","34.9378","-81.0374","198.1","2025-06-02",,,,,,,,,"0.0",",,7,1000","19.4",",,7","0.0",",,7,1000","0.0",",,7,1000","23.3",",,7",,,"28.3",",,7","16.7",",,7","22.2",",,7,1000",,,,,,,,,,,,,,,,,,,,,,
"USC00389350","WINTHROP UNIVERSITY, SC US","34.9378","-81.0374","198.1","2025-06-03",,,,,,,,,"0.0",",,7,1000","20.0",",,7","0.0",",,7,1000","0.0",",,7,1000","23.3",",,7",,,"26.7",",,7","15.6",",,7","25.0",",,7,1000",,,,,,,,,,,,,,,,,,,,,,
"USC00389350","WINTHROP UNIVERSITY, SC US","34.9378","-81.0374","198.1","2025-06-04",,,,,,,,,"0.0",",,7,1000","20.0",",,7","0.0",",,7,1000","0.0",",,7,1000","24.4",",,7",,,"28.9",",,7","17.2",",,7","25.6",",,7,1000",,,,,,,,,,,,,,,,,,,,,,
"USC00389350","WINTHROP UNIVERSITY, SC US","34.9378","-81.0374","198.1","2025-06-05",,,,,,,,,"14.7",",,7,1000","23.3",",,7","0.0",",,7,1000","0.0",",,7,1000","24.4",",,7",,,"27.8",",,7","18.9",",,7","21.1",",,7,1000",,,,,,,,,,,,,,,,,,,,,,
"USC00389350","WINTHROP UNIVERSITY, SC US","34.9378","-81.0374","198.1","2025-06-06",,,,,,,,,,,,,"0.0",",,7,1000","0.0",",,7,1000",,,,,"24.4",",,7","18.3",",,7","24.4",",,7,1000",,,,,,,,,,,,,,,,,,,,,,
"USC00389350","WINTHROP UNIVERSITY, SC US","34.9378","-81.0374","198.1","2025-06-07",,,,,,,,,,,,,"0.0",",,7,1000","0.0",",,7,1000",,,,,"31.1",",,7","19.4",",,7","25.6",",,7,1000",,,,,,,,,,,,,,,,,,,,,,
"USC00389350","WINTHROP UNIVERSITY, SC US","34.9378","-81.0374","198.1","2025-06-08",,,"    3",",,7","11.4",",,7",,,,,,,"0.0",",,7,1000","0.0",",,7,1000",,,,,"32.2",",,7","19.4",",,7","23.9",",,7,1000",,,,,,,,,,,,,,,,,,,,,,
"USC00389350","WINTHROP UNIVERSITY, SC US","34.9378","-81.0374","198.1","2025-06-09",,,,,,,,,"0.3",",,7,1000","23.9",",,7","0.0",",,7,1000","0.0",",,7,1000","24.4",",,7",,,"30.0",",,7","17.8",",,7","27.2",",,7,1000",,,,,,,,,,,,,,,,,,,,,,
"USC00389350","WINTHROP UNIVERSITY, SC US","34.9378","-81.0374","198.1","2025-06-10",,,,,,,,,"53.3",",,7,1000","22.8",",,7","0.0",",,7,1000","0.0",",,7,1000","25.6",",,7",,,"31.7",",,7","20.0",",,7","25.6",",,7,1000",,,,,,,,,,,,,,,,,,,,,,
"USC00389350","WINTHROP UNIVERSITY, SC US","34.9378","-81.0374","198.1","2025-06-11",,,,,,,,,"0.0",",,7,1000",,,"0.0",",,7,1000","0.0",",,7,1000",,,,,"29.4",",,7","18.3",",,7","25.0",",,7,1000",,,,,,,,,,,,,,,,,,,,,,
"USC00389350","WINTHROP UNIVERSITY, SC US","34.9378","-81.0374","198.1","2025-06-12",,,,,,,,,"0.0",",,7,1000","23.3",",,7","0.0",",,7,1000","0.0",",,7,1000","25.6",",,7",,,"31.7",",,7","17.8",",,7","26.7",",,7,1000",,,,,,,,,,,,,,,,,,,,,,
"USC00389350","WINTHROP UNIVERSITY, SC US","34.9378","-81.0374","198.1","2025-06-13",,,,,,,,,"22.1",",,7,1000","23.3",",,7","0.0",",,7,1000","0.0",",,7,1000","26.7",",,7",,,"31.7",",,7","20.6",",,7","26.7",",,7,1000",,,,,,,,,,,,,,,,,,,,,,
"USC00389350","WINTHROP UNIVERSITY, SC US","34.9378","-81.0374","198.1","2025-06-14",,,,,,,,,"7.1",",,7,1000","25.6",",,7","0.0",",,7,1000","0.0",",,7,1000","27.2",",,7",,,"30.0",",,7","21.1",",,7","26.7",",,7,1000",,,,,,,,,,,,,,,,,,,,,,
"USC00389350","WINTHROP UNIVERSITY, SC US","34.9378","-81.0374","198.1","2025-06-15",,,,,,,,,"0.0",",,7,1000","26.7",",,7","0.0",",,7,1000","0.0",",,7,1000","26.7",",,7",,,"30.6",",,7","21.1",",,7","27.2",",,7,1000",,,,,,,,,,,,,,,,,,,,,,
"USC00389350","WINTHROP UNIVERSITY, SC US","34.9378","-81.0374","198.1","2025-06-16",,,,,,,,,"0.0",",,7,1000","26.7",",,7","0.0",",,7,1000","0.0",",,7,1000","26.7",",,7",,,"31.1",",,7","21.7",",,7","26.7",",,7,1000",,,,,,,,,,,,,,,,,,,,,,
"USC00389350","WINTHROP UNIVERSITY, SC US","34.9378","-81.0374","198.1","2025-06-17",,,,,,,,,"2.5",",,7,1000","26.7",",,7","0.0",",,7,1000","0.0",",,7,1000","27.8",",,7",,,"32.2",",,7","21.7",",,7","26.7",",,7,1000",,,,,,,,,,,,,,,,,,,,,,
"USC00389350","WINTHROP UNIVERSITY, SC US","34.9378","-81.0374","198.1","2025-06-18",,,,,,,,,"0.3",",,7,1000",,,"0.0",",,7,1000","0.0",",,7,1000",,,,,"32.8",",,7","20.6",",,7","25.0",",,7,1000",,,,,,,,,,,,,,,,,,,,,,
"USC00389350","WINTHROP UNIVERSITY, SC US","34.9378","-81.0374","198.1","2025-06-19",,,,,,,,,"0.0",",,7,1000",,,"0.0",",,7,1000","0.0",",,7,1000",,,,,"31.7",",,7","21.7",",,7","27.2",",,7,1000",,,,,,,,,,,,,,,,,,,,,,
"USC00389350","WINTHROP UNIVERSITY, SC US","34.9378","-81.0374","198.1","2025-06-20",,,,,,,,,"0.0",",,7,1000","27.8",",,7","0.0",",,7,1000","0.0",",,7,1000","28.3",",,7",,,"32.2",",,7","20.0",",,7","30.0",",,7,1000",,,,,,,,,,,,,,,,,,,,,,
"USC00389350","WINTHROP UNIVERSITY, SC US","34.9378","-81.0374","198.1","2025-06-21",,,,,,,,,"0.0",",,7,1000","26.7",",,7","0.0",",,7,1000","0.0",",,7,1000","28.3",",,7",,,"32.2",",,7","19.4",",,7","28.3",",,7,1000",,,,,,,,,,,,,,,,,,,,,,
"USC00389350","WINTHROP UNIVERSITY, SC US","34.9378","-81.0374","198.1","2025-06-22",,,,,,,,,"0.0",",,7,1000","27.2",",,7","0.0",",,7,1000","0.0",",,7,1000","28.3",",,7",,,"33.3",",,7","20.6",",,7","22.2",",,7,1000",,,,,,,,,,,,,,,,,,,,,,
"USC00389350","WINTHROP UNIVERSITY, SC US","34.9378","-81.0374","198.1","2025-06-23",,,,,,,,,"0.0",",,7,1000",,,"0.0",",,7,1000","0.0",",,7,1000",,,,,"33.9",",,7","21.1",",,7","28.9",",,7,1000",,,,,,,,,,,,,,,,,,,,,,
"USC00389350","WINTHROP UNIVERSITY, SC US","34.9378","-81.0374","198.1","2025-06-24",,,,,,,,,"0.0",",,7,1000",,,"0.0",",,7,1000","0.0",",,7,1000",,,,,"35.0",",,7","22.8",",,7","29.4",",,7,1000",,,,,,,,,,,,,,,,,,,,,,
"USC00389350","WINTHROP UNIVERSITY, SC US","34.9378","-81.0374","198.1","2025-06-25",,,,,,,,,"0.0",",,7,1000","26.1",",,7","0.0",",,7,1000","0.0",",,7,1000","27.2",",,7",,,"36.1",",,7","23.3",",,7","31.1",",,7,1000",,,,,,,,,,,,,,,,,,,,,,
"USC00389350","WINTHROP UNIVERSITY, SC US","34.9378","-81.0374","198.1","2025-06-26",,,,,,,,,"22.9",",,7,1000",,,"0.0",",,7,1000","0.0",",,7,1000",,,,,"37.2",",,7","20.0",",,7","25.6",",,7,1000",,,,,,,,,,,,,,,,,,,,,,
"USC00389350","WINTHROP UNIVERSITY, SC US","34.9378","-81.0374","198.1","2025-06-27",,,,,,,,,"0.0",",,7,1000",,,"0.0",",,7,1000","0.0",",,7,1000",,,,,"33.9",",,7","21.1",",,7","27.8",",,7,1000",,,,,,,,,,,,,,,,,,,,,,
"USC00389350","WINTHROP UNIVERSITY, SC US","34.9378","-81.0374","198.1","2025-06-28",,,,,,,,,"0.0",",,7,1000",,,"0.0",",,7,1000","0.0",",,7,1000",,,,,"33.9",",,7","20.6",",,7","25.6",",,7,1000",,,,,,,,,,,,,,,,,,,,,,
"USC00389350","WINTHROP UNIVERSITY, SC US","34.9378","-81.0374","198.1","2025-06-29",,,,,,,,,"0.0",",,7,1000","27.8",",,7","0.0",",,7,1000","0.0",",,7,1000","28.9",",,7",,,"33.9",",,7","20.6",",,7","29.4",",,7,1000",,,,,,,,,,,,,,,,,,,,,,
"USC00389350","WINTHROP UNIVERSITY, SC US","34.9378","-81.0374","198.1","2025-06-30",,,,,,,,,"0.5",",,7,1000","27.8",",,7","0.0",",,7,1000","0.0",",,7,1000","29.4",",,7",,,"33.9",",,7","21.1",",,7","28.9",",,7,1000",,,,,,,,,,,,,,,,,,,,,,
"US1NCUN0001","MONROE 2.4 N, NC US","35.02502","-80.52613","175.0","2025-06-01",,,,,,,,,"0.0",",,N",,,"0.0",",,N",,,,,,,,,,,,,,,,,,,,,,,,,,,,,,,,,,
"US1NCUN0001","MONROE 2.4 N, NC US","35.02502","-80.52613","175.0","2025-06-02",,,,,,,,,"0.0",",,N",,,"0.0",",,N",,,,,,,,,,,,,,,,,,,,,,,,,,,,,,,,,,
"US1NCUN0001","MONROE 2.4 N, NC US","35.02502","-80.52613","175.0","2025-06-03",,,,,,,,,"0.0",",,N",,,"0.0",",,N",,,,,,,,,,,,,,,,,,,,,,,,,,,,,,,,,,
"US1NCUN0001","MONROE 2.4 N, NC US","35.02502","-80.52613","175.0","2025-06-04",,,,,,,,,"0.0",",,N",,,"0.0",",,N",,,,,,,,,,,,,,,,,,,,,,,,,,,,,,,,,,
"US1NCUN0001","MONROE 2.4 N, NC US","35.02502","-80.52613","175.0","2025-06-05",,,,,,,,,"6.1",",,N",,,,,,,,,,,,,,,,,,,,,,,,,,,,,,,,,,,,,,
"US1NCUN0001","MONROE 2.4 N, NC US","35.02502","-80.52613","175.0","2025-06-06",,,,,,,,,"10.9",",,N",,,,,,,,,,,,,,,,,,,,,,,,,,,,,,,,,,,,,,
"US1NCUN0001","MONROE 2.4 N, NC US","35.02502","-80.52613","175.0","2025-06-07",,,,,,,,,"0.8",",,N",,,,,,,,,,,,,,,,,,,,,,,,,,,,,,,,,,,,,,
"US1NCUN0001","MONROE 2.4 N, NC US","35.02502","-80.52613","175.0","2025-06-08",,,,,,,,,"0.0",",,N",,,"0.0",",,N",,,,,,,,,,,,,,,,,,,,,,,,,,,,,,,,,,
"US1NCUN0001","MONROE 2.4 N, NC US","35.02502","-80.52613","175.0","2025-06-09",,,,,,,,,"0.0",",,N",,,"0.0",",,N",,,,,,,,,,,,,,,,,,,,,,,,,,,,,,,,,,
"US1NCUN0001","MONROE 2.4 N, NC US","35.02502","-80.52613","175.0","2025-06-10",,,,,,,,,"24.6",",,N",,,,,,,,,,,,,,,,,,,,,,,,,,,,,,,,,,,,,,
"US1NCUN0001","MONROE 2.4 N, NC US","35.02502","-80.52613","175.0","2025-06-11",,,,,,,,,"0.0",",,N",,,"0.0",",,N",,,,,,,,,,,,,,,,,,,,,,,,,,,,,,,,,,
"US1NCUN0001","MONROE 2.4 N, NC US","35.02502","-80.52613","175.0","2025-06-12",,,,,,,,,"0.0",",,N",,,"0.0",",,N",,,,,,,,,,,,,,,,,,,,,,,,,,,,,,,,,,
"US1NCUN0001","MONROE 2.4 N, NC US","35.02502","-80.52613","175.0","2025-06-13",,,,,,,,,"13.7",",,N",,,,,,,,,,,,,,,,,,,,,,,,,,,,,,,,,,,,,,
"US1NCUN0001","MONROE 2.4 N, NC US","35.02502","-80.52613","175.0","2025-06-14",,,,,,,,,"1.0",",,N",,,,,,,,,,,,,,,,,,,,,,,,,,,,,,,,,,,,,,
"US1NCUN0001","MONROE 2.4 N, NC US","35.02502","-80.52613","175.0","2025-06-15",,,,,,,,,"0.0",",,N",,,"0.0",",,N",,,,,,,,,,,,,,,,,,,,,,,,,,,,,,,,,,
"US1NCUN0001","MONROE 2.4 N, NC US","35.02502","-80.52613","175.0","2025-06-16",,,,,,,,,"0.0",",,N",,,"0.0",",,N",,,,,,,,,,,,,,,,,,,,,,,,,,,,,,,,,,
"US1NCUN0001","MONROE 2.4 N, NC US","35.02502","-80.52613","175.0","2025-06-17",,,,,,,,,"17.0",",,N",,,,,,,,,,,,,,,,,,,,,,,,,,,,,,,,,,,,,,
"US1NCUN0001","MONROE 2.4 N, NC US","35.02502","-80.52613","175.0","2025-06-18",,,,,,,,,"1.0",",,N",,,,,,,,,,,,,,,,,,,,,,,,,,,,,,,,,,,,,,
"US1NCUN0001","MONROE 2.4 N, NC US","35.02502","-80.52613","175.0","2025-06-19",,,,,,,,,"0.0",",,N",,,"0.0",",,N",,,,,,,,,,,,,,,,,,,,,,,,,,,,,,,,,,
"US1NCUN0001","MONROE 2.4 N, NC US","35.02502","-80.52613","175.0","2025-06-20",,,,,,,,,"0.0",",,N",,,"0.0",",,N",,,,,,,,,,,,,,,,,,,,,,,,,,,,,,,,,,
"US1NCUN0001","MONROE 2.4 N, NC US","35.02502","-80.52613","175.0","2025-06-21",,,,,,,,,"0.0",",,N",,,"0.0",",,N",,,,,,,,,,,,,,,,,,,,,,,,,,,,,,,,,,
"US1NCUN0001","MONROE 2.4 N, NC US","35.02502","-80.52613","175.0","2025-06-22",,,,,,,,,"0.0",",,N",,,"0.0",",,N",,,,,,,,,,,,,,,,,,,,,,,,,,,,,,,,,,
"US1NCUN0001","MONROE 2.4 N, NC US","35.02502","-80.52613","175.0","2025-06-23",,,,,,,,,"0.0",",,N",,,"0.0",",,N",,,,,,,,,,,,,,,,,,,,,,,,,,,,,,,,,,
"US1NCUN0001","MONROE 2.4 N, NC US","35.02502","-80.52613","175.0","2025-06-24",,,,,,,,,"0.0",",,N",,,"0.0",",,N",,,,,,,,,,,,,,,,,,,,,,,,,,,,,,,,,,
"US1NCUN0001","MONROE 2.4 N, NC US","35.02502","-80.52613","175.0","2025-06-25",,,,,,,,,"0.0",",,N",,,"0.0",",,N",,,,,,,,,,,,,,,,,,,,,,,,,,,,,,,,,,
"US1NCUN0001","MONROE 2.4 N, NC US","35.02502","-80.52613","175.0","2025-06-26",,,,,,,,,"21.3",",,N",,,,,,,,,,,,,,,,,,,,,,,,,,,,,,,,,,,,,,
"US1NCUN0001","MONROE 2.4 N, NC US","35.02502","-80.52613","175.0","2025-06-27",,,,,,,,,"0.0",",,N",,,"0.0",",,N",,,,,,,,,,,,,,,,,,,,,,,,,,,,,,,,,,
"US1NCUN0001","MONROE 2.4 N, NC US","35.02502","-80.52613","175.0","2025-06-28",,,,,,,,,"6.9",",,N",,,,,,,,,,,,,,,,,,,,,,,,,,,,,,,,,,,,,,
"US1NCUN0001","MONROE 2.4 N, NC US","35.02502","-80.52613","175.0","2025-06-29",,,,,,,,,"0.0",",,N",,,"0.0",",,N",,,,,,,,,,,,,,,,,,,,,,,,,,,,,,,,,,
"US1NCUN0001","MONROE 2.4 N, NC US","35.02502","-80.52613","175.0","2025-06-30",,,,,,,,,"0.0",",,N",,,"0.0",",,N",,,,,,,,,,,,,,,,,,,,,,,,,,,,,,,,,,
"US1NCCB0032","MOUNT PLEASANT 3.9 ENE, NC US","35.425305","-80.37362","190.5","2025-06-01",,,,,,,,,"0.8",",,N",,,,,,,,,,,,,,,,,,,,,,,,,,,,,,,,,,,,,,
"US1NCCB0032","MOUNT PLEASANT 3.9 ENE, NC US","35.425305","-80.37362","190.5","2025-06-02",,,,,,,,,"6.1",",,N",,,,,,,,,,,,,,,,,,,,,,,,,,,,,,,,,,,,,,
"US1NCCB0032","MOUNT PLEASANT 3.9 ENE, NC US","35.425305","-80.37362","190.5","2025-06-03",,,,,,,,,"0.3",",,N",,,,,,,,,,,,,,,,,,,,,,,,,,,,,,,,,,,,,,
"US1NCCB0032","MOUNT PLEASANT 3.9 ENE, NC US","35.425305","-80.37362","190.5","2025-06-04",,,,,,,,,"0.0",",,N",,,"0.0",",,N",,,,,,,,,,,,,,,,,,,,,,,,,,,,,,,,,,
"US1NCCB0032","MOUNT PLEASANT 3.9 ENE, NC US","35.425305","-80.37362","190.5","2025-06-05",,,,,,,,,"2.8",",,N",,,,,,,,,,,,,,,,,,,,,,,,,,,,,,,,,,,,,,
"US1NCCB0032","MOUNT PLEASANT 3.9 ENE, NC US","35.425305","-80.37362","190.5","2025-06-06",,,,,,,,,"70.4",",,N",,,,,,,,,,,,,,,,,,,,,,,,,,,,,,,,,,,,,,
"US1NCCB0032","MOUNT PLEASANT 3.9 ENE, NC US","35.425305","-80.37362","190.5","2025-06-07",,,,,,,,,"24.9",",,N",,,,,,,,,,,,,,,,,,,,,,,,,,,,,,,,,,,,,,
"US1NCCB0032","MOUNT PLEASANT 3.9 ENE, NC US","35.425305","-80.37362","190.5","2025-06-08",,,,,,,,,"0.0","T,,N",,,,,,,,,,,,,,,,,,,,,,,,,,,,,,,,,,,,,,
"US1NCCB0032","MOUNT PLEASANT 3.9 ENE, NC US","35.425305","-80.37362","190.5","2025-06-09",,,,,,,,,"0.0",",,N",,,"0.0",",,N",,,,,,,,,,,,,,,,,,,,,,,,,,,,,,,,,,
"US1NCCB0032","MOUNT PLEASANT 3.9 ENE, NC US","35.425305","-80.37362","190.5","2025-06-10",,,,,,,,,"7.6",",,N",,,,,,,,,,,,,,,,,,,,,,,,,,,,,,,,,,,,,,
"US1NCCB0032","MOUNT PLEASANT 3.9 ENE, NC US","35.425305","-80.37362","190.5","2025-06-11",,,,,,,,,"28.7",",,N",,,,,,,,,,,,,,,,,,,,,,,,,,,,,,,,,,,,,,
"US1NCCB0032","MOUNT PLEASANT 3.9 ENE, NC US","35.425305","-80.37362","190.5","2025-06-12",,,,,,,,,"0.3",",,N",,,,,,,,,,,,,,,,,,,,,,,,,,,,,,,,,,,,,,
"US1NCCB0032","MOUNT PLEASANT 3.9 ENE, NC US","35.425305","-80.37362","190.5","2025-06-13",,,,,,,,,"57.4",",,N",,,,,,,,,,,,,,,,,,,,,,,,,,,,,,,,,,,,,,
"US1NCCB0032","MOUNT PLEASANT 3.9 ENE, NC US","35.425305","-80.37362","190.5","2025-06-14",,,,,,,,,"0.3",",,N",,,,,,,,,,,,,,,,,,,,,,,,,,,,,,,,,,,,,,
"US1NCCB0032","MOUNT PLEASANT 3.9 ENE, NC US","35.425305","-80.37362","190.5","2025-06-15",,,,,,,,,"0.0",",,N",,,"0.0",",,N",,,,,,,,,,,,,,,,,,,,,,,,,,,,,,,,,,
"US1NCCB0032","MOUNT PLEASANT 3.9 ENE, NC US","35.425305","-80.37362","190.5","2025-06-16",,,,,,,,,"2.3",",,N",,,,,,,,,,,,,,,,,,,,,,,,,,,,,,,,,,,,,,
"US1NCCB0032","MOUNT PLEASANT 3.9 ENE, NC US","35.425305","-80.37362","190.5","2025-06-17",,,,,,,,,"37.6",",,N",,,,,,,,,,,,,,,,,,,,,,,,,,,,,,,,,,,,,,
"US1NCCB0032","MOUNT PLEASANT 3.9 ENE, NC US","35.425305","-80.37362","190.5","2025-06-18",,,,,,,,,"0.0","T,,N",,,,,,,,,,,,,,,,,,,,,,,,,,,,,,,,,,,,,,
"US1NCCB0032","MOUNT PLEASANT 3.9 ENE, NC US","35.425305","-80.37362","190.5","2025-06-19",,,,,,,,,"0.0",",,N",,,"0.0",",,N",,,,,,,,,,,,,,,,,,,,,,,,,,,,,,,,,,
"US1NCCB0032","MOUNT PLEASANT 3.9 ENE, NC US","35.425305","-80.37362","190.5","2025-06-20",,,,,,,,,"0.0",",,N",,,"0.0",",,N",,,,,,,,,,,,,,,,,,,,,,,,,,,,,,,,,,
"US1NCCB0032","MOUNT PLEASANT 3.9 ENE, NC US","35.425305","-80.37362","190.5","2025-06-21",,,,,,,,,"0.0",",,N",,,"0.0",",,N",,,,,,,,,,,,,,,,,,,,,,,,,,,,,,,,,,
"US1NCCB0032","MOUNT PLEASANT 3.9 ENE, NC US","35.425305","-80.37362","190.5","2025-06-22",,,,,,,,,"0.0",",,N",,,"0.0",",,N",,,,,,,,,,,,,,,,,,,,,,,,,,,,,,,,,,
"US1NCCB0032","MOUNT PLEASANT 3.9 ENE, NC US","35.425305","-80.37362","190.5","2025-06-23",,,,,,,,,"0.0",",,N",,,"0.0",",,N",,,,,,,,,,,,,,,,,,,,,,,,,,,,,,,,,,
"US1NCCB0032","MOUNT PLEASANT 3.9 ENE, NC US","35.425305","-80.37362","190.5","2025-06-24",,,,,,,,,"0.0",",,N",,,"0.0",",,N",,,,,,,,,,,,,,,,,,,,,,,,,,,,,,,,,,
"US1NCCB0032","MOUNT PLEASANT 3.9 ENE, NC US","35.425305","-80.37362","190.5","2025-06-25",,,,,,,,,"0.0",",,N",,,"0.0",",,N",,,,,,,,,,,,,,,,,,,,,,,,,,,,,,,,,,
"US1NCCB0032","MOUNT PLEASANT 3.9 ENE, NC US","35.425305","-80.37362","190.5","2025-06-26",,,,,,,,,"0.0",",,N",,,"0.0",",,N",,,,,,,,,,,,,,,,,,,,,,,,,,,,,,,,,,
"US1NCCB0032","MOUNT PLEASANT 3.9 ENE, NC US","35.425305","-80.37362","190.5","2025-06-27",,,,,,,,,"0.0",",,N",,,"0.0",",,N",,,,,,,,,,,,,,,,,,,,,,,,,,,,,,,,,,
"US1NCCB0032","MOUNT PLEASANT 3.9 ENE, NC US","35.425305","-80.37362","190.5","2025-06-28",,,,,,,,,"0.3",",,N",,,,,,,,,,,,,,,,,,,,,,,,,,,,,,,,,,,,,,
"US1NCCB0032","MOUNT PLEASANT 3.9 ENE, NC US","35.425305","-80.37362","190.5","2025-06-29",,,,,,,,,"4.3",",,N",,,,,,,,,,,,,,,,,,,,,,,,,,,,,,,,,,,,,,
"US1NCCB0032","MOUNT PLEASANT 3.9 ENE, NC US","35.425305","-80.37362","190.5","2025-06-30",,,,,,,,,"2.8",",,N",,,,,,,,,,,,,,,,,,,,,,,,,,,,,,,,,,,,,,
"US1SCLN0025","FORT MILL 3.3 E, SC US","35.0052663","-80.885368","193.9","2025-06-01",,,,,,,,,"0.0",",,N",,,"0.0",",,N",,,,,,,,,,,,,,,,,,,,,,,,,,,,,,,,,,
"US1SCLN0025","FORT MILL 3.3 E, SC US","35.0052663","-80.885368","193.9","2025-06-02",,,,,,,,,"0.0",",,N",,,"0.0",",,N",,,,,,,,,,,,,,,,,,,,,,,,,,,,,,,,,,
"US1SCLN0025","FORT MILL 3.3 E, SC US","35.0052663","-80.885368","193.9","2025-06-03",,,,,,,,,"0.0",",,N",,,"0.0",",,N",,,,,,,,,,,,,,,,,,,,,,,,,,,,,,,,,,
"US1SCLN0025","FORT MILL 3.3 E, SC US","35.0052663","-80.885368","193.9","2025-06-04",,,,,,,,,"0.0",",,N",,,"0.0",",,N",,,,,,,,,,,,,,,,,,,,,,,,,,,,,,,,,,
"US1SCLN0025","FORT MILL 3.3 E, SC US","35.0052663","-80.885368","193.9","2025-06-05",,,,,,,,,"17.3",",,N",,,"0.0",",,N","0.0",",,N",,,,,,,,,,,,,,,"0.0",",,N","0.0",",,N",,,,,,,,,,,,,,
"US1SCLN0025","FORT MILL 3.3 E, SC US","35.0052663","-80.885368","193.9","2025-06-06",,,,,,,,,"7.6",",,N",,,,,,,,,,,,,,,,,,,,,,,,,,,,,,,,,,,,,,
"US1SCLN0025","FORT MILL 3.3 E, SC US","35.0052663","-80.885368","193.9","2025-06-07",,,,,,,,,"2.0",",,N",,,,,,,,,,,,,,,,,,,,,,,,,,,,,,,,,,,,,,
"US1SCLN0025","FORT MILL 3.3 E, SC US","35.0052663","-80.885368","193.9","2025-06-08",,,,,,,,,"0.5",",,N",,,,,,,,,,,,,,,,,,,,,,,,,,,,,,,,,,,,,,
"US1SCLN0025","FORT MILL 3.3 E, SC US","35.0052663","-80.885368","193.9","2025-06-09",,,,,,,,,"0.0",",,N",,,"0.0",",,N",,,,,,,,,,,,,,,,,,,,,,,,,,,,,,,,,,
"US1SCLN0025","FORT MILL 3.3 E, SC US","35.0052663","-80.885368","193.9","2025-06-10",,,,,,,,,"35.1",",,N",,,,,,,,,,,,,,,,,,,,,,,,,,,,,,,,,,,,,,
"US1SCLN0025","FORT MILL 3.3 E, SC US","35.0052663","-80.885368","193.9","2025-06-11",,,,,,,,,"0.0",",,N",,,"0.0",",,N",,,,,,,,,,,,,,,,,,,,,,,,,,,,,,,,,,
"US1SCLN0025","FORT MILL 3.3 E, SC US","35.0052663","-80.885368","193.9","2025-06-12",,,,,,,,,"0.0",",,N",,,"0.0",",,N",,,,,,,,,,,,,,,,,,,,,,,,,,,,,,,,,,
"US1SCLN0025","FORT MILL 3.3 E, SC US","35.0052663","-80.885368","193.9","2025-06-13",,,,,,,,,"16.5",",,N",,,,,,,,,,,,,,,,,,,,,,,,,,,,,,,,,,,,,,
"US1SCLN0025","FORT MILL 3.3 E, SC US","35.0052663","-80.885368","193.9","2025-06-14",,,,,,,,,"11.2",",,N",,,,,,,,,,,,,,,,,,,,,,,,,,,,,,,,,,,,,,
"US1SCLN0025","FORT MILL 3.3 E, SC US","35.0052663","-80.885368","193.9","2025-06-15",,,,,,,,,"0.0",",,N",,,"0.0",",,N",,,,,,,,,,,,,,,,,,,,,,,,,,,,,,,,,,
"US1SCLN0025","FORT MILL 3.3 E, SC US","35.0052663","-80.885368","193.9","2025-06-16",,,,,,,,,"0.0",",,N",,,"0.0",",,N",,,,,,,,,,,,,,,,,,,,,,,,,,,,,,,,,,
"US1SCLN0025","FORT MILL 3.3 E, SC US","35.0052663","-80.885368","193.9","2025-06-17",,,,,,,,,"10.2",",,N",,,,,,,,,,,,,,,,,,,,,,,,,,,,,,,,,,,,,,
"US1SCLN0025","FORT MILL 3.3 E, SC US","35.0052663","-80.885368","193.9","2025-06-18",,,,,,,,,"1.0",",,N",,,,,,,,,,,,,,,,,,,,,,,,,,,,,,,,,,,,,,
"US1SCLN0025","FORT MILL 3.3 E, SC US","35.0052663","-80.885368","193.9","2025-06-19",,,,,,,,,"0.0",",,N",,,"0.0",",,N",,,,,,,,,,,,,,,,,,,,,,,,,,,,,,,,,,
"US1SCLN0025","FORT MILL 3.3 E, SC US","35.0052663","-80.885368","193.9","2025-06-20",,,,,,,,,"0.0",",,N",,,"0.0",",,N",,,,,,,,,,,,,,,,,,,,,,,,,,,,,,,,,,
"US1SCLN0025","FORT MILL 3.3 E, SC US","35.0052663","-80.885368","193.9","2025-06-21",,,,,,,,,"0.0",",,N",,,"0.0",",,N",,,,,,,,,,,,,,,,,,,,,,,,,,,,,,,,,,
"US1SCLN0025","FORT MILL 3.3 E, SC US","35.0052663","-80.885368","193.9","2025-06-22",,,,,,,,,"0.0",",,N",,,"0.0",",,N",,,,,,,,,,,,,,,,,,,,,,,,,,,,,,,,,,
"US1SCLN0025","FORT MILL 3.3 E, SC US","35.0052663","-80.885368","193.9","2025-06-23",,,,,,,,,"0.0",",,N",,,"0.0",",,N",,,,,,,,,,,,,,,,,,,,,,,,,,,,,,,,,,
"US1SCLN0025","FORT MILL 3.3 E, SC US","35.0052663","-80.885368","193.9","2025-06-24",,,,,,,,,"0.0",",,N",,,"0.0",",,N",,,,,,,,,,,,,,,,,,,,,,,,,,,,,,,,,,
"US1SCLN0025","FORT MILL 3.3 E, SC US","35.0052663","-80.885368","193.9","2025-06-25",,,,,,,,,"0.0",",,N",,,"0.0",",,N",,,,,,,,,,,,,,,,,,,,,,,,,,,,,,,,,,
"US1SCLN0025","FORT MILL 3.3 E, SC US","35.0052663","-80.885368","193.9","2025-06-26",,,,,,,,,"33.5",",,N",,,,,,,,,,,,,,,,,,,,,,,,,,,,,,,,,,,,,,
"US1SCLN0025","FORT MILL 3.3 E, SC US","35.0052663","-80.885368","193.9","2025-06-27",,,,,,,,,"0.0",",,N",,,"0.0",",,N",,,,,,,,,,,,,,,,,,,,,,,,,,,,,,,,,,
"US1SCLN0025","FORT MILL 3.3 E, SC US","35.0052663","-80.885368","193.9","2025-06-28",,,,,,,,,"8.4",",,N",,,,,,,,,,,,,,,,,,,,,,,,,,,,,,,,,,,,,,
"US1SCLN0025","FORT MILL 3.3 E, SC US","35.0052663","-80.885368","193.9","2025-06-29",,,,,,,,,"0.0","T,,N",,,,,,,,,,,,,,,,,,,,,,,,,,,,,,,,,,,,,,
"US1SCLN0025","FORT MILL 3.3 E, SC US","35.0052663","-80.885368","193.9","2025-06-30",,,,,,,,,"0.0",",,N",,,"0.0",",,N",,,,,,,,,,,,,,,,,,,,,,,,,,,,,,,,,,
"US1SCYR0052","FORT MILL 0.3 NE, SC US","35.00953","-80.93908","197.5","2025-06-01",,,,,,,,,"0.0",",,N",,,"0.0",",,N",,,,,,,,,,,,,,,,,,,,,,,,,,,,,,,,,,
"US1SCYR0052","FORT MILL 0.3 NE, SC US","35.00953","-80.93908","197.5","2025-06-02",,,,,,,,,"0.0",",,N",,,"0.0",",,N",,,,,,,,,,,,,,,,,,,,,,,,,,,,,,,,,,
"US1SCYR0052","FORT MILL 0.3 NE, SC US","35.00953","-80.93908","197.5","2025-06-03",,,,,,,,,"0.0",",,N",,,"0.0",",,N",,,,,,,,,,,,,,,,,,,,,,,,,,,,,,,,,,
"US1SCYR0052","FORT MILL 0.3 NE, SC US","35.00953","-80.93908","197.5","2025-06-04",,,,,,,,,"0.0",",,N",,,"0.0",",,N",,,,,,,,,,,,,,,,,,,,,,,,,,,,,,,,,,
"US1SCYR0052","FORT MILL 0.3 NE, SC US","35.00953","-80.93908","197.5","2025-06-05",,,,,,,,,"16.5",",,N",,,,,,,,,,,,,,,,,,,,,,,,,,,,,,,,,,,,,,
"US1SCYR0052","FORT MILL 0.3 NE, SC US","35.00953","-80.93908","197.5","2025-06-06",,,,,,,,,"4.1",",,N",,,,,,,,,,,,,,,,,,,,,,,,,,,,,,,,,,,,,,
"US1SCYR0052","FORT MILL 0.3 NE, SC US","35.00953","-80.93908","197.5","2025-06-07",,,,,,,,,"1.5",",,N",,,,,,,,,,,,,,,,,,,,,,,,,,,,,,,,,,,,,,
"US1SCYR0052","FORT MILL 0.3 NE, SC US","35.00953","-80.93908","197.5","2025-06-08",,,,,,,,,"0.0",",,N",,,"0.0",",,N",,,,,,,,,,,,,,,,,,,,,,,,,,,,,,,,,,
"US1SCYR0052","FORT MILL 0.3 NE, SC US","35.00953","-80.93908","197.5","2025-06-09",,,,,,,,,"0.0",",,N",,,"0.0",",,N",,,,,,,,,,,,,,,,,,,,,,,,,,,,,,,,,,
"US1SCYR0052","FORT MILL 0.3 NE, SC US","35.00953","-80.93908","197.5","2025-06-10",,,,,,,,,"37.8",",,N",,,,,,,,,,,,,,,,,,,,,,,,,,,,,,,,,,,,,,
"US1SCYR0052","FORT MILL 0.3 NE, SC US","35.00953","-80.93908","197.5","2025-06-11",,,,,,,,,"0.0",",,N",,,"0.0",",,N",,,,,,,,,,,,,,,,,,,,,,,,,,,,,,,,,,
"US1SCYR0052","FORT MILL 0.3 NE, SC US","35.00953","-80.93908","197.5","2025-06-12",,,,,,,,,"0.0",",,N",,,"0.0",",,N",,,,,,,,,,,,,,,,,,,,,,,,,,,,,,,,,,
"US1SCYR0052","FORT MILL 0.3 NE, SC US","35.00953","-80.93908","197.5","2025-06-13",,,,,,,,,"20.1",",,N",,,,,,,,,,,,,,,,,,,,,,,,,,,,,,,,,,,,,,
"US1SCYR0052","FORT MILL 0.3 NE, SC US","35.00953","-80.93908","197.5","2025-06-14",,,,,,,,,"3.0",",,N",,,,,,,,,,,,,,,,,,,,,,,,,,,,,,,,,,,,,,
"US1SCYR0052","FORT MILL 0.3 NE, SC US","35.00953","-80.93908","197.5","2025-06-15",,,,,,,,,"0.0",",,N",,,"0.0",",,N",,,,,,,,,,,,,,,,,,,,,,,,,,,,,,,,,,
"US1SCYR0052","FORT MILL 0.3 NE, SC US","35.00953","-80.93908","197.5","2025-06-16",,,,,,,,,"0.0",",,N",,,"0.0",",,N",,,,,,,,,,,,,,,,,,,,,,,,,,,,,,,,,,
"US1SCYR0052","FORT MILL 0.3 NE, SC US","35.00953","-80.93908","197.5","2025-06-17",,,,,,,,,"33.3",",,N",,,,,,,,,,,,,,,,,,,,,,,,,,,,,,,,,,,,,,
"US1SCYR0052","FORT MILL 0.3 NE, SC US","35.00953","-80.93908","197.5","2025-06-18",,,,,,,,,"0.5",",,N",,,,,,,,,,,,,,,,,,,,,,,,,,,,,,,,,,,,,,
"US1SCYR0052","FORT MILL 0.3 NE, SC US","35.00953","-80.93908","197.5","2025-06-19",,,,,,,,,"0.0",",,N",,,"0.0",",,N",,,,,,,,,,,,,,,,,,,,,,,,,,,,,,,,,,
"US1SCYR0052","FORT MILL 0.3 NE, SC US","35.00953","-80.93908","197.5","2025-06-20",,,,,,,,,"0.0",",,N",,,"0.0",",,N",,,,,,,,,,,,,,,,,,,,,,,,,,,,,,,,,,
"US1SCYR0052","FORT MILL 0.3 NE, SC US","35.00953","-80.93908","197.5","2025-06-21",,,,,,,,,"0.0",",,N",,,"0.0",",,N",,,,,,,,,,,,,,,,,,,,,,,,,,,,,,,,,,
"US1SCYR0052","FORT MILL 0.3 NE, SC US","35.00953","-80.93908","197.5","2025-06-22",,,,,,,,,"0.0",",,N",,,"0.0",",,N",,,,,,,,,,,,,,,,,,,,,,,,,,,,,,,,,,
"US1SCYR0052","FORT MILL 0.3 NE, SC US","35.00953","-80.93908","197.5","2025-06-23",,,,,,,,,"0.0",",,N",,,"0.0",",,N",,,,,,,,,,,,,,,,,,,,,,,,,,,,,,,,,,
"US1SCYR0052","FORT MILL 0.3 NE, SC US","35.00953","-80.93908","197.5","2025-06-24",,,,,,,,,"0.0",",,N",,,"0.0",",,N",,,,,,,,,,,,,,,,,,,,,,,,,,,,,,,,,,
"US1SCYR0052","FORT MILL 0.3 NE, SC US","35.00953","-80.93908","197.5","2025-06-25",,,,,,,,,"0.0",",,N",,,"0.0",",,N",,,,,,,,,,,,,,,,,,,,,,,,,,,,,,,,,,
"US1SCYR0052","FORT MILL 0.3 NE, SC US","35.00953","-80.93908","197.5","2025-06-26",,,,,,,,,"27.4",",,N",,,,,,,,,,,,,,,,,,,,,,,,,,,,,,,,,,,,,,
"US1SCYR0052","FORT MILL 0.3 NE, SC US","35.00953","-80.93908","197.5","2025-06-27",,,,,,,,,"0.0",",,N",,,"0.0",",,N",,,,,,,,,,,,,,,,,,,,,,,,,,,,,,,,,,
"US1SCYR0052","FORT MILL 0.3 NE, SC US","35.00953","-80.93908","197.5","2025-06-30",,,"    3",",,N","24.1",",,N",,,,,,,,,,,,,,,,,,,,,,,,,,,,,,,,,,,,,,,,,,
"US1NCCB0038","KANNAPOLIS 1.4 S, NC US","35.47038","-80.6198","229.5","2025-06-05",,,,,,,,,"3.6",",,N",,,,,,,,,,,,,,,,,,,,,,,,,,,,,,,,,,,,,,
"US1NCCB0038","KANNAPOLIS 1.4 S, NC US","35.47038","-80.6198","229.5","2025-06-06",,,,,,,,,"69.1",",,N",,,,,,,,,,,,,,,,,,,,,,,,,,,,,,,,,,,,,,
"US1NCCB0038","KANNAPOLIS 1.4 S, NC US","35.47038","-80.6198","229.5","2025-06-07",,,,,,,,,"2.5",",,N",,,,,,,,,,,,,,,,,,,,,,,,,,,,,,,,,,,,,,
"US1NCCB0038","KANNAPOLIS 1.4 S, NC US","35.47038","-80.6198","229.5","2025-06-09",,,,,,,,,"0.8",",,N",,,,,,,,,,,,,,,,,,,,,,,,,,,,,,,,,,,,,,
"US1NCCB0038","KANNAPOLIS 1.4 S, NC US","35.47038","-80.6198","229.5","2025-06-13",,,"    4",",,N","48.3",",,N",,,,,,,,,,,,,,,,,,,,,,,,,,,,,,,,,,,,,,,,,,
"US1NCCB0038","KANNAPOLIS 1.4 S, NC US","35.47038","-80.6198","229.5","2025-06-14",,,,,,,,,"0.8",",,N",,,,,,,,,,,,,,,,,,,,,,,,,,,,,,,,,,,,,,
"US1NCCB0038","KANNAPOLIS 1.4 S, NC US","35.47038","-80.6198","229.5","2025-06-17",,,,,,,,,"59.2",",,N",,,,,,,,,,,,,,,,,,,,,,,,,,,,,,,,,,,,,,
"US1NCCB0038","KANNAPOLIS 1.4 S, NC US","35.47038","-80.6198","229.5","2025-06-27",,,,,,,,,"2.5",",,N",,,,,,,,,,,,,,,,,,,,,,,,,,,,,,,,,,,,,,
"US1NCCB0038","KANNAPOLIS 1.4 S, NC US","35.47038","-80.6198","229.5","2025-06-29",,,,,,,,,"14.0",",,N",,,,,,,,,,,,,,,,,,,,,,,,,,,,,,,,,,,,,,
"US1NCCB0038","KANNAPOLIS 1.4 S, NC US","35.47038","-80.6198","229.5","2025-06-30",,,,,,,,,"11.2",",,N",,,,,,,,,,,,,,,,,,,,,,,,,,,,,,,,,,,,,,
"US1NCMK0095","DAVIDSON 0.4 SE, NC US","35.49434","-80.84195","245.1","2025-06-01",,,,,,,,,"0.8",",,N",,,,,,,,,,,,,,,,,,,,,,,,,,,,,,,,,,,,,,
"US1NCMK0095","DAVIDSON 0.4 SE, NC US","35.49434","-80.84195","245.1","2025-06-02",,,,,,,,,"0.0",",,N",,,"0.0",",,N",,,,,,,,,,,,,,,,,,,,,,,,,,,,,,,,,,
"US1NCMK0095","DAVIDSON 0.4 SE, NC US","35.49434","-80.84195","245.1","2025-06-03",,,,,,,,,"0.0",",,N",,,"0.0",",,N",,,,,,,,,,,,,,,,,,,,,,,,,,,,,,,,,,
"US1NCMK0095","DAVIDSON 0.4 SE, NC US","35.49434","-80.84195","245.1","2025-06-04",,,,,,,,,"0.0",",,N",,,"0.0",",,N",,,,,,,,,,,,,,,,,,,,,,,,,,,,,,,,,,
"US1NCMK0095","DAVIDSON 0.4 SE, NC US","35.49434","-80.84195","245.1","2025-06-06",,,"    2",",,N","34.5",",,N",,,,,,,,,,,,,,,,,,,,,,,,,,,,,,,,,,,,,,,,,,
"US1NCMK0095","DAVIDSON 0.4 SE, NC US","35.49434","-80.84195","245.1","2025-06-07",,,,,,,,,"2.8",",,N",,,,,,,,,,,,,,,,,,,,,,,,,,,,,,,,,,,,,,
"US1NCMK0095","DAVIDSON 0.4 SE, NC US","35.49434","-80.84195","245.1","2025-06-08",,,,,,,,,"0.5",",,N",,,,,,,,,,,,,,,,,,,,,,,,,,,,,,,,,,,,,,
"US1NCMK0095","DAVIDSON 0.4 SE, NC US","35.49434","-80.84195","245.1","2025-06-11",,,,,,,,,"27.4",",,N",,,,,,,,,,,,,,,,,,,,,,,,,,,,,,,,,,,,,,
"US1NCMK0095","DAVIDSON 0.4 SE, NC US","35.49434","-80.84195","245.1","2025-06-12",,,,,,,,,"0.0",",,N",,,"0.0",",,N",,,,,,,,,,,,,,,,,,,,,,,,,,,,,,,,,,
"US1NCMK0095","DAVIDSON 0.4 SE, NC US","35.49434","-80.84195","245.1","2025-06-13",,,,,,,,,"34.5",",,N",,,,,,,,,,,,,,,,,,,,,,,,,,,,,,,,,,,,,,
"US1NCMK0095","DAVIDSON 0.4 SE, NC US","35.49434","-80.84195","245.1","2025-06-14",,,,,,,,,"5.3",",,N",,,,,,,,,,,,,,,,,,,,,,,,,,,,,,,,,,,,,,
"US1NCMK0095","DAVIDSON 0.4 SE, NC US","35.49434","-80.84195","245.1","2025-06-15",,,,,,,,,"5.3",",,N",,,,,,,,,,,,,,,,,,,,,,,,,,,,,,,,,,,,,,
"US1NCMK0095","DAVIDSON 0.4 SE, NC US","35.49434","-80.84195","245.1","2025-06-16",,,,,,,,,"0.3",",,N",,,,,,,,,,,,,,,,,,,,,,,,,,,,,,,,,,,,,,
"US1NCMK0095","DAVIDSON 0.4 SE, NC US","35.49434","-80.84195","245.1","2025-06-17",,,,,,,,,"30.7",",,N",,,,,,,,,,,,,,,,,,,,,,,,,,,,,,,,,,,,,,
"US1NCMK0095","DAVIDSON 0.4 SE, NC US","35.49434","-80.84195","245.1","2025-06-18",,,,,,,,,"0.3",",,N",,,,,,,,,,,,,,,,,,,,,,,,,,,,,,,,,,,,,,
"US1NCMK0095","DAVIDSON 0.4 SE, NC US","35.49434","-80.84195","245.1","2025-06-19",,,,,,,,,"0.0",",,N",,,"0.0",",,N",,,,,,,,,,,,,,,,,,,,,,,,,,,,,,,,,,
"US1NCMK0095","DAVIDSON 0.4 SE, NC US","35.49434","-80.84195","245.1","2025-06-20",,,,,,,,,"0.0",",,N",,,"0.0",",,N",,,,,,,,,,,,,,,,,,,,,,,,,,,,,,,,,,
"US1NCMK0095","DAVIDSON 0.4 SE, NC US","35.49434","-80.84195","245.1","2025-06-21",,,,,,,,,"0.0",",,N",,,"0.0",",,N",,,,,,,,,,,,,,,,,,,,,,,,,,,,,,,,,,
"US1NCMK0095","DAVIDSON 0.4 SE, NC US","35.49434","-80.84195","245.1","2025-06-22",,,,,,,,,"0.0",",,N",,,"0.0",",,N",,,,,,,,,,,,,,,,,,,,,,,,,,,,,,,,,,
"US1NCMK0095","DAVIDSON 0.4 SE, NC US","35.49434","-80.84195","245.1","2025-06-23",,,,,,,,,"0.0",",,N",,,"0.0",",,N",,,,,,,,,,,,,,,,,,,,,,,,,,,,,,,,,,
"US1NCMK0095","DAVIDSON 0.4 SE, NC US","35.49434","-80.84195","245.1","2025-06-24",,,,,,,,,"0.0",",,N",,,"0.0",",,N",,,,,,,,,,,,,,,,,,,,,,,,,,,,,,,,,,
"US1NCMK0095","DAVIDSON 0.4 SE, NC US","35.49434","-80.84195","245.1","2025-06-25",,,,,,,,,"0.0",",,N",,,"0.0",",,N",,,,,,,,,,,,,,,,,,,,,,,,,,,,,,,,,,
"US1NCMK0095","DAVIDSON 0.4 SE, NC US","35.49434","-80.84195","245.1","2025-06-26",,,,,,,,,"0.0",",,N",,,"0.0",",,N",,,,,,,,,,,,,,,,,,,,,,,,,,,,,,,,,,
"US1NCMK0095","DAVIDSON 0.4 SE, NC US","35.49434","-80.84195","245.1","2025-06-27",,,,,,,,,"76.2",",,N",,,,,,,,,,,,,,,,,,,,,,,,,,,,,,,,,,,,,,
"US1NCMK0095","DAVIDSON 0.4 SE, NC US","35.49434","-80.84195","245.1","2025-06-28",,,,,,,,,"0.0",",,N",,,"0.0",",,N",,,,,,,,,,,,,,,,,,,,,,,,,,,,,,,,,,
"US1NCMK0095","DAVIDSON 0.4 SE, NC US","35.49434","-80.84195","245.1","2025-06-29",,,,,,,,,"0.5",",,N",,,,,,,,,,,,,,,,,,,,,,,,,,,,,,,,,,,,,,
"US1NCMK0095","DAVIDSON 0.4 SE, NC US","35.49434","-80.84195","245.1","2025-06-30",,,,,,,,,"6.1",",,N",,,,,,,,,,,,,,,,,,,,,,,,,,,,,,,,,,,,,,
"US1NCGS0052","GASTONIA 8.4 SW, NC US","35.165329","-81.274442","230.4","2025-06-01",,,,,,,,,"0.0",",,N",,,"0.0",",,N",,,,,,,,,,,,,,,,,,,,,,,,,,,,,,,,,,
"US1NCGS0052","GASTONIA 8.4 SW, NC US","35.165329","-81.274442","230.4","2025-06-02",,,,,,,,,"0.5",",,N",,,,,,,,,,,,,,,,,,,,,,,,,,,,,,,,,,,,,,
"US1NCGS0052","GASTONIA 8.4 SW, NC US","35.165329","-81.274442","230.4","2025-06-03",,,,,,,,,"0.0",",,N",,,"0.0",",,N",,,,,,,,,,,,,,,,,,,,,,,,,,,,,,,,,,
"US1NCGS0052","GASTONIA 8.4 SW, NC US","35.165329","-81.274442","230.4","2025-06-04",,,,,,,,,"0.0",",,N",,,"0.0",",,N",,,,,,,,,,,,,,,,,,,,,,,,,,,,,,,,,,
"US1NCGS0052","GASTONIA 8.4 SW, NC US","35.165329","-81.274442","230.4","2025-06-05",,,,,,,,,"18.5",",,N",,,,,,,,,,,,,,,,,,,,,,,,,,,,,,,,,,,,,,
"US1NCGS0052","GASTONIA 8.4 SW, NC US","35.165329","-81.274442","230.4","2025-06-06",,,,,,,,,"19.1",",,N",,,,,,,,,,,,,,,,,,,,,,,,,,,,,,,,,,,,,,
"US1NCGS0052","GASTONIA 8.4 SW, NC US","35.165329","-81.274442","230.4","2025-06-15",,,"    9",",,N","37.3",",,N",,,,,,,,,,,,,,,,,,,,,,,,,,,,,,,,,,,,,,,,,,
"US1NCGS0052","GASTONIA 8.4 SW, NC US","35.165329","-81.274442","230.4","2025-06-16",,,,,,,,,"0.5",",,N",,,,,,,,,,,,,,,,,,,,,,,,,,,,,,,,,,,,,,
"US1NCGS0052","GASTONIA 8.4 SW, NC US","35.165329","-81.274442","230.4","2025-06-17",,,,,,,,,"8.4",",,N",,,,,,,,,,,,,,,,,,,,,,,,,,,,,,,,,,,,,,
"US1NCGS0052","GASTONIA 8.4 SW, NC US","35.165329","-81.274442","230.4","2025-06-18",,,,,,,,,"0.8",",,N",,,,,,,,,,,,,,,,,,,,,,,,,,,,,,,,,,,,,,
"US1NCGS0052","GASTONIA 8.4 SW, NC US","35.165329","-81.274442","230.4","2025-06-19",,,,,,,,,"0.0",",,N",,,"0.0",",,N",,,,,,,,,,,,,,,,,,,,,,,,,,,,,,,,,,
"US1NCGS0052","GASTONIA 8.4 SW, NC US","35.165329","-81.274442","230.4","2025-06-20",,,,,,,,,"0.0",",,N",,,"0.0",",,N",,,,,,,,,,,,,,,,,,,,,,,,,,,,,,,,,,
"US1NCGS0052","GASTONIA 8.4 SW, NC US","35.165329","-81.274442","230.4","2025-06-21",,,,,,,,,"0.0",",,N",,,"0.0",",,N",,,,,,,,,,,,,,,,,,,,,,,,,,,,,,,,,,
"US1NCGS0052","GASTONIA 8.4 SW, NC US","35.165329","-81.274442","230.4","2025-06-22",,,,,,,,,"0.0",",,N",,,"0.0",",,N",,,,,,,,,,,,,,,,,,,,,,,,,,,,,,,,,,
"US1NCGS0052","GASTONIA 8.4 SW, NC US","35.165329","-81.274442","230.4","2025-06-23",,,,,,,,,"0.0",",,N",,,"0.0",",,N",,,,,,,,,,,,,,,,,,,,,,,,,,,,,,,,,,
"US1NCGS0052","GASTONIA 8.4 SW, NC US","35.165329","-81.274442","230.4","2025-06-24",,,,,,,,,"0.0",",,N",,,"0.0",",,N",,,,,,,,,,,,,,,,,,,,,,,,,,,,,,,,,,
"US1NCGS0052","GASTONIA 8.4 SW, NC US","35.165329","-81.274442","230.4","2025-06-25",,,,,,,,,"0.0",",,N",,,"0.0",",,N",,,,,,,,,,,,,,,,,,,,,,,,,,,,,,,,,,
"US1NCGS0052","GASTONIA 8.4 SW, NC US","35.165329","-81.274442","230.4","2025-06-26",,,,,,,,,"5.3",",,N",,,,,,,,,,,,,,,,,,,,,,,,,,,,,,,,,,,,,,
"US1NCGS0052","GASTONIA 8.4 SW, NC US","35.165329","-81.274442","230.4","2025-06-27",,,,,,,,,"0.0",",,N",,,"0.0",",,N",,,,,,,,,,,,,,,,,,,,,,,,,,,,,,,,,,
"US1NCGS0052","GASTONIA 8.4 SW, NC US","35.165329","-81.274442","230.4","2025-06-28",,,,,,,,,"0.5",",,N",,,,,,,,,,,,,,,,,,,,,,,,,,,,,,,,,,,,,,
"US1NCGS0052","GASTONIA 8.4 SW, NC US","35.165329","-81.274442","230.4","2025-06-29",,,,,,,,,"0.3",",,N",,,,,,,,,,,,,,,,,,,,,,,,,,,,,,,,,,,,,,
"US1NCGS0052","GASTONIA 8.4 SW, NC US","35.165329","-81.274442","230.4","2025-06-30",,,,,,,,,"0.0",",,N",,,"0.0",",,N",,,,,,,,,,,,,,,,,,,,,,,,,,,,,,,,,,
"US1NCGS0054","CATAWBA HILLS 0.1 SSE, NC US","35.214992","-81.109828","202.7","2025-06-01",,,,,,,,,"0.0",",,N",,,"0.0",",,N",,,,,,,,,,,,,,,,,,,,,,,,,,,,,,,,,,
"US1NCGS0054","CATAWBA HILLS 0.1 SSE, NC US","35.214992","-81.109828","202.7","2025-06-02",,,,,,,,,"1.0",",,N",,,,,,,,,,,,,,,,,,,,,,,,,,,,,,,,,,,,,,
"US1NCGS0054","CATAWBA HILLS 0.1 SSE, NC US","35.214992","-81.109828","202.7","2025-06-03",,,,,,,,,"0.0",",,N",,,"0.0",",,N",,,,,,,,,,,,,,,,,,,,,,,,,,,,,,,,,,
"US1NCGS0054","CATAWBA HILLS 0.1 SSE, NC US","35.214992","-81.109828","202.7","2025-06-04",,,,,,,,,"0.0",",,N",,,"0.0",",,N",,,,,,,,,,,,,,,,,,,,,,,,,,,,,,,,,,
"US1NCGS0054","CATAWBA HILLS 0.1 SSE, NC US","35.214992","-81.109828","202.7","2025-06-05",,,,,,,,,"25.1",",,N",,,,,,,,,,,,,,,,,,,,,,,,,,,,,,,,,,,,,,
"US1NCGS0054","CATAWBA HILLS 0.1 SSE, NC US","35.214992","-81.109828","202.7","2025-06-06",,,,,,,,,"24.4",",,N",,,,,,,,,,,,,,,,,,,,,,,,,,,,,,,,,,,,,,
"US1NCGS0054","CATAWBA HILLS 0.1 SSE, NC US","35.214992","-81.109828","202.7","2025-06-07",,,,,,,,,"1.0",",,N",,,,,,,,,,,,,,,,,,,,,,,,,,,,,,,,,,,,,,
"US1NCGS0054","CATAWBA HILLS 0.1 SSE, NC US","35.214992","-81.109828","202.7","2025-06-08",,,,,,,,,"0.5",",,N",,,,,,,,,,,,,,,,,,,,,,,,,,,,,,,,,,,,,,
"US1NCGS0054","CATAWBA HILLS 0.1 SSE, NC US","35.214992","-81.109828","202.7","2025-06-09",,,,,,,,,"0.0","T,,N",,,,,,,,,,,,,,,,,,,,,,,,,,,,,,,,,,,,,,
"US1NCGS0054","CATAWBA HILLS 0.1 SSE, NC US","35.214992","-81.109828","202.7","2025-06-10",,,,,,,,,"2.3",",,N",,,,,,,,,,,,,,,,,,,,,,,,,,,,,,,,,,,,,,
"US1NCGS0054","CATAWBA HILLS 0.1 SSE, NC US","35.214992","-81.109828","202.7","2025-06-11",,,,,,,,,"0.0",",,N",,,"0.0",",,N",,,,,,,,,,,,,,,,,,,,,,,,,,,,,,,,,,
"US1NCGS0054","CATAWBA HILLS 0.1 SSE, NC US","35.214992","-81.109828","202.7","2025-06-12",,,,,,,,,"0.0",",,N",,,"0.0",",,N",,,,,,,,,,,,,,,,,,,,,,,,,,,,,,,,,,
"US1NCGS0054","CATAWBA HILLS 0.1 SSE, NC US","35.214992","-81.109828","202.7","2025-06-13",,,,,,,,,"60.2",",,N",,,,,,,,,,,,,,,,,,,,,,,,,,,,,,,,,,,,,,
"US1NCGS0054","CATAWBA HILLS 0.1 SSE, NC US","35.214992","-81.109828","202.7","2025-06-14",,,,,,,,,"2.5",",,N",,,,,,,,,,,,,,,,,,,,,,,,,,,,,,,,,,,,,,
"US1NCGS0054","CATAWBA HILLS 0.1 SSE, NC US","35.214992","-81.109828","202.7","2025-06-15",,,,,,,,,"0.0",",,N",,,"0.0",",,N",,,,,,,,,,,,,,,,,,,,,,,,,,,,,,,,,,
"US1NCGS0054","CATAWBA HILLS 0.1 SSE, NC US","35.214992","-81.109828","202.7","2025-06-16",,,,,,,,,"29.5",",,N",,,,,,,,,,,,,,,,,,,,,,,,,,,,,,,,,,,,,,
"US1NCGS0054","CATAWBA HILLS 0.1 SSE, NC US","35.214992","-81.109828","202.7","2025-06-17",,,,,,,,,"5.8",",,N",,,,,,,,,,,,,,,,,,,,,,,,,,,,,,,,,,,,,,
"US1NCGS0054","CATAWBA HILLS 0.1 SSE, NC US","35.214992","-81.109828","202.7","2025-06-18",,,,,,,,,"0.0",",,N",,,"0.0",",,N",,,,,,,,,,,,,,,,,,,,,,,,,,,,,,,,,,
"US1NCGS0054","CATAWBA HILLS 0.1 SSE, NC US","35.214992","-81.109828","202.7","2025-06-19",,,,,,,,,"0.0",",,N",,,"0.0",",,N",,,,,,,,,,,,,,,,,,,,,,,,,,,,,,,,,,
"US1NCGS0054","CATAWBA HILLS 0.1 SSE, NC US","35.214992","-81.109828","202.7","2025-06-20",,,,,,,,,"0.0",",,N",,,"0.0",",,N",,,,,,,,,,,,,,,,,,,,,,,,,,,,,,,,,,
"US1NCGS0054","CATAWBA HILLS 0.1 SSE, NC US","35.214992","-81.109828","202.7","2025-06-21",,,,,,,,,"0.0",",,N",,,"0.0",",,N",,,,,,,,,,,,,,,,,,,,,,,,,,,,,,,,,,
"US1NCGS0054","CATAWBA HILLS 0.1 SSE, NC US","35.214992","-81.109828","202.7","2025-06-22",,,,,,,,,"0.0",",,N",,,"0.0",",,N",,,,,,,,,,,,,,,,,,,,,,,,,,,,,,,,,,
"US1NCGS0054","CATAWBA HILLS 0.1 SSE, NC US","35.214992","-81.109828","202.7","2025-06-23",,,,,,,,,"0.0",",,N",,,"0.0",",,N",,,,,,,,,,,,,,,,,,,,,,,,,,,,,,,,,,
"US1NCGS0054","CATAWBA HILLS 0.1 SSE, NC US","35.214992","-81.109828","202.7","2025-06-24",,,,,,,,,"0.0",",,N",,,"0.0",",,N",,,,,,,,,,,,,,,,,,,,,,,,,,,,,,,,,,
"US1NCGS0054","CATAWBA HILLS 0.1 SSE, NC US","35.214992","-81.109828","202.7","2025-06-25",,,,,,,,,"0.0",",,N",,,"0.0",",,N",,,,,,,,,,,,,,,,,,,,,,,,,,,,,,,,,,
"US1NCGS0054","CATAWBA HILLS 0.1 SSE, NC US","35.214992","-81.109828","202.7","2025-06-26",,,,,,,,,"0.0","T,,N",,,,,,,,,,,,,,,,,,,,,,,,,,,,,,,,,,,,,,
"US1NCGS0054","CATAWBA HILLS 0.1 SSE, NC US","35.214992","-81.109828","202.7","2025-06-27",,,,,,,,,"0.0",",,N",,,"0.0",",,N",,,,,,,,,,,,,,,,,,,,,,,,,,,,,,,,,,
"US1NCGS0054","CATAWBA HILLS 0.1 SSE, NC US","35.214992","-81.109828","202.7","2025-06-28",,,,,,,,,"0.8",",,N",,,,,,,,,,,,,,,,,,,,,,,,,,,,,,,,,,,,,,
"US1NCGS0054","CATAWBA HILLS 0.1 SSE, NC US","35.214992","-81.109828","202.7","2025-06-29",,,,,,,,,"0.0",",,N",,,"0.0",",,N",,,,,,,,,,,,,,,,,,,,,,,,,,,,,,,,,,
"US1NCGS0054","CATAWBA HILLS 0.1 SSE, NC US","35.214992","-81.109828","202.7","2025-06-30",,,,,,,,,"0.0",",,N",,,"0.0",",,N",,,,,,,,,,,,,,,,,,,,,,,,,,,,,,,,,,
"US1NCMK0097","CORNELIUS 1.0 WNW, NC US","35.488659","-80.884551","239.0","2025-06-01",,,,,,,,,"0.8",",,N",,,,,,,,,,,,,,,,,,,,,,,,,,,,,,,,,,,,,,
"US1NCMK0097","CORNELIUS 1.0 WNW, NC US","35.488659","-80.884551","239.0","2025-06-02",,,,,,,,,"0.0",",,N",,,"0.0",",,N",,,,,,,,,,,,,,,,,,,,,,,,,,,,,,,,,,
"US1NCMK0097","CORNELIUS 1.0 WNW, NC US","35.488659","-80.884551","239.0","2025-06-03",,,,,,,,,"0.0",",,N",,,"0.0",",,N",,,,,,,,,,,,,,,,,,,,,,,,,,,,,,,,,,
"US1NCMK0097","CORNELIUS 1.0 WNW, NC US","35.488659","-80.884551","239.0","2025-06-04",,,,,,,,,"0.0",",,N",,,"0.0",",,N",,,,,,,,,,,,,,,,,,,,,,,,,,,,,,,,,,
"US1NCMK0097","CORNELIUS 1.0 WNW, NC US","35.488659","-80.884551","239.0","2025-06-05",,,,,,,,,"3.6",",,N",,,,,,,,,,,,,,,,,,,,,,,,,,,,,,,,,,,,,,
"US1NCMK0097","CORNELIUS 1.0 WNW, NC US","35.488659","-80.884551","239.0","2025-06-06",,,,,,,,,"27.4",",,N",,,,,,,,,,,,,,,,,,,,,,,,,,,,,,,,,,,,,,
"US1NCMK0097","CORNELIUS 1.0 WNW, NC US","35.488659","-80.884551","239.0","2025-06-07",,,,,,,,,"3.6",",,N",,,,,,,,,,,,,,,,,,,,,,,,,,,,,,,,,,,,,,
"US1NCMK0097","CORNELIUS 1.0 WNW, NC US","35.488659","-80.884551","239.0","2025-06-08",,,,,,,,,"0.3",",,N",,,,,,,,,,,,,,,,,,,,,,,,,,,,,,,,,,,,,,
"US1NCMK0097","CORNELIUS 1.0 WNW, NC US","35.488659","-80.884551","239.0","2025-06-11",,,"    3",",,N","27.2",",,N",,,,,,,,,,,,,,,,,,,,,,,,,,,,,,,,,,,,,,,,,,
"US1NCMK0097","CORNELIUS 1.0 WNW, NC US","35.488659","-80.884551","239.0","2025-06-12",,,,,,,,,"0.0",",,N",,,"0.0",",,N",,,,,,,,,,,,,,,,,,,,,,,,,,,,,,,,,,
"US1NCMK0097","CORNELIUS 1.0 WNW, NC US","35.488659","-80.884551","239.0","2025-06-13",,,,,,,,,"36.3",",,N",,,,,,,,,,,,,,,,,,,,,,,,,,,,,,,,,,,,,,
"US1NCMK0097","CORNELIUS 1.0 WNW, NC US","35.488659","-80.884551","239.0","2025-06-14",,,,,,,,,"5.6",",,N",,,,,,,,,,,,,,,,,,,,,,,,,,,,,,,,,,,,,,
"US1NCMK0097","CORNELIUS 1.0 WNW, NC US","35.488659","-80.884551","239.0","2025-06-15",,,,,,,,,"1.8",",,N",,,,,,,,,,,,,,,,,,,,,,,,,,,,,,,,,,,,,,
"US1NCMK0097","CORNELIUS 1.0 WNW, NC US","35.488659","-80.884551","239.0","2025-06-16",,,,,,,,,"3.0",",,N",,,,,,,,,,,,,,,,,,,,,,,,,,,,,,,,,,,,,,
"US1NCMK0097","CORNELIUS 1.0 WNW, NC US","35.488659","-80.884551","239.0","2025-06-17",,,,,,,,,"55.1",",,N",,,,,,,,,,,,,,,,,,,,,,,,,,,,,,,,,,,,,,
"US1NCMK0097","CORNELIUS 1.0 WNW, NC US","35.488659","-80.884551","239.0","2025-06-18",,,,,,,,,"0.0",",,N",,,"0.0",",,N",,,,,,,,,,,,,,,,,,,,,,,,,,,,,,,,,,
"US1NCMK0097","CORNELIUS 1.0 WNW, NC US","35.488659","-80.884551","239.0","2025-06-19",,,,,,,,,"0.0",",,N",,,"0.0",",,N",,,,,,,,,,,,,,,,,,,,,,,,,,,,,,,,,,
"US1NCMK0097","CORNELIUS 1.0 WNW, NC US","35.488659","-80.884551","239.0","2025-06-20",,,,,,,,,"1.0",",,N",,,,,,,,,,,,,,,,,,,,,,,,,,,,,,,,,,,,,,
"US1NCMK0097","CORNELIUS 1.0 WNW, NC US","35.488659","-80.884551","239.0","2025-06-21",,,,,,,,,"0.0",",,N",,,"0.0",",,N",,,,,,,,,,,,,,,,,,,,,,,,,,,,,,,,,,
"US1NCMK0097","CORNELIUS 1.0 WNW, NC US","35.488659","-80.884551","239.0","2025-06-22",,,,,,,,,"0.0",",,N",,,"0.0",",,N",,,,,,,,,,,,,,,,,,,,,,,,,,,,,,,,,,
"US1NCMK0097","CORNELIUS 1.0 WNW, NC US","35.488659","-80.884551","239.0","2025-06-23",,,,,,,,,"0.0",",,N",,,"0.0",",,N",,,,,,,,,,,,,,,,,,,,,,,,,,,,,,,,,,
"US1NCMK0097","CORNELIUS 1.0 WNW, NC US","35.488659","-80.884551","239.0","2025-06-24",,,,,,,,,"0.0",",,N",,,"0.0",",,N",,,,,,,,,,,,,,,,,,,,,,,,,,,,,,,,,,
"US1NCMK0097","CORNELIUS 1.0 WNW, NC US","35.488659","-80.884551","239.0","2025-06-25",,,,,,,,,"0.0",",,N",,,"0.0",",,N",,,,,,,,,,,,,,,,,,,,,,,,,,,,,,,,,,
"US1NCMK0097","CORNELIUS 1.0 WNW, NC US","35.488659","-80.884551","239.0","2025-06-26",,,,,,,,,"0.0",",,N",,,"0.0",",,N",,,,,,,,,,,,,,,,,,,,,,,,,,,,,,,,,,
"US1NCMK0097","CORNELIUS 1.0 WNW, NC US","35.488659","-80.884551","239.0","2025-06-27",,,,,,,,,"29.0",",,N",,,,,,,,,,,,,,,,,,,,,,,,,,,,,,,,,,,,,,
"US1NCMK0097","CORNELIUS 1.0 WNW, NC US","35.488659","-80.884551","239.0","2025-06-28",,,,,,,,,"0.3",",,N",,,,,,,,,,,,,,,,,,,,,,,,,,,,,,,,,,,,,,
"US1NCMK0097","CORNELIUS 1.0 WNW, NC US","35.488659","-80.884551","239.0","2025-06-29",,,,,,,,,"0.0",",,N",,,"0.0",",,N",,,,,,,,,,,,,,,,,,,,,,,,,,,,,,,,,,
"US1NCMK0097","CORNELIUS 1.0 WNW, NC US","35.488659","-80.884551","239.0","2025-06-30",,,,,,,,,"0.5",",,N",,,,,,,,,,,,,,,,,,,,,,,,,,,,,,,,,,,,,,
"US1NCMK0130","MATTHEWS 1.3 W, NC US","35.1225","-80.736944","222.8","2025-06-03",,,,,,,,,"0.0",",,N",,,"0.0",",,N",,,,,,,,,,,,,,,,,,,,,,,,,,,,,,,,,,
"US1NCMK0130","MATTHEWS 1.3 W, NC US","35.1225","-80.736944","222.8","2025-06-04",,,,,,,,,"0.0",",,N",,,"0.0",",,N",,,,,,,,,,,,,,,,,,,,,,,,,,,,,,,,,,
"US1NCMK0130","MATTHEWS 1.3 W, NC US","35.1225","-80.736944","222.8","2025-06-05",,,,,,,,,"16.0",",,N",,,,,,,,,,,,,,,,,,,,,,,,,,,,,,,,,,,,,,
"US1NCMK0130","MATTHEWS 1.3 W, NC US","35.1225","-80.736944","222.8","2025-06-06",,,,,,,,,"0.0",",,N",,,"0.0",",,N",,,,,,,,,,,,,,,,,,,,,,,,,,,,,,,,,,
"US1NCMK0130","MATTHEWS 1.3 W, NC US","35.1225","-80.736944","222.8","2025-06-07",,,,,,,,,"3.0",",,N",,,,,,,,,,,,,,,,,,,,,,,,,,,,,,,,,,,,,,
"US1NCMK0130","MATTHEWS 1.3 W, NC US","35.1225","-80.736944","222.8","2025-06-08",,,,,,,,,"0.0",",,N",,,"0.0",",,N",,,,,,,,,,,,,,,,,,,,,,,,,,,,,,,,,,
"US1NCMK0130","MATTHEWS 1.3 W, NC US","35.1225","-80.736944","222.8","2025-06-09",,,,,,,,,"8.1",",,N",,,,,,,,,,,,,,,,,,,,,,,,,,,,,,,,,,,,,,
"US1NCMK0130","MATTHEWS 1.3 W, NC US","35.1225","-80.736944","222.8","2025-06-11",,,,,,,,,"0.0",",,N",,,"0.0",",,N",,,,,,,,,,,,,,,,,,,,,,,,,,,,,,,,,,
"US1NCMK0130","MATTHEWS 1.3 W, NC US","35.1225","-80.736944","222.8","2025-06-12",,,,,,,,,"0.0",",,N",,,"0.0",",,N",,,,,,,,,,,,,,,,,,,,,,,,,,,,,,,,,,
"US1NCMK0130","MATTHEWS 1.3 W, NC US","35.1225","-80.736944","222.8","2025-06-13",,,,,,,,,"22.4",",,N",,,,,,,,,,,,,,,,,,,,,,,,,,,,,,,,,,,,,,
"US1NCMK0130","MATTHEWS 1.3 W, NC US","35.1225","-80.736944","222.8","2025-06-14",,,,,,,,,"13.2",",,N",,,,,,,,,,,,,,,,,,,,,,,,,,,,,,,,,,,,,,
"US1NCMK0130","MATTHEWS 1.3 W, NC US","35.1225","-80.736944","222.8","2025-06-15",,,,,,,,,"0.0",",,N",,,"0.0",",,N",,,,,,,,,,,,,,,,,,,,,,,,,,,,,,,,,,
"US1NCMK0130","MATTHEWS 1.3 W, NC US","35.1225","-80.736944","222.8","2025-06-16",,,,,,,,,"0.0",",,N",,,"0.0",",,N",,,,,,,,,,,,,,,,,,,,,,,,,,,,,,,,,,
"US1NCMK0130","MATTHEWS 1.3 W, NC US","35.1225","-80.736944","222.8","2025-06-17",,,,,,,,,"8.6",",,N",,,,,,,,,,,,,,,,,,,,,,,,,,,,,,,,,,,,,,
"US1NCMK0130","MATTHEWS 1.3 W, NC US","35.1225","-80.736944","222.8","2025-06-18",,,,,,,,,"0.3",",,N",,,,,,,,,,,,,,,,,,,,,,,,,,,,,,,,,,,,,,
"US1NCMK0130","MATTHEWS 1.3 W, NC US","35.1225","-80.736944","222.8","2025-06-19",,,,,,,,,"0.0",",,N",,,"0.0",",,N",,,,,,,,,,,,,,,,,,,,,,,,,,,,,,,,,,
"US1NCMK0130","MATTHEWS 1.3 W, NC US","35.1225","-80.736944","222.8","2025-06-20",,,,,,,,,"0.0",",,N",,,"0.0",",,N",,,,,,,,,,,,,,,,,,,,,,,,,,,,,,,,,,
"US1NCMK0130","MATTHEWS 1.3 W, NC US","35.1225","-80.736944","222.8","2025-06-21",,,,,,,,,"0.0",",,N",,,"0.0",",,N",,,,,,,,,,,,,,,,,,,,,,,,,,,,,,,,,,
"US1NCMK0130","MATTHEWS 1.3 W, NC US","35.1225","-80.736944","222.8","2025-06-22",,,,,,,,,"0.0",",,N",,,"0.0",",,N",,,,,,,,,,,,,,,,,,,,,,,,,,,,,,,,,,
"US1NCMK0130","MATTHEWS 1.3 W, NC US","35.1225","-80.736944","222.8","2025-06-23",,,,,,,,,"0.0",",,N",,,"0.0",",,N",,,,,,,,,,,,,,,,,,,,,,,,,,,,,,,,,,
"US1NCMK0130","MATTHEWS 1.3 W, NC US","35.1225","-80.736944","222.8","2025-06-24",,,,,,,,,"0.0",",,N",,,"0.0",",,N",,,,,,,,,,,,,,,,,,,,,,,,,,,,,,,,,,
"US1NCMK0130","MATTHEWS 1.3 W, NC US","35.1225","-80.736944","222.8","2025-06-25",,,,,,,,,"0.0",",,N",,,"0.0",",,N",,,,,,,,,,,,,,,,,,,,,,,,,,,,,,,,,,
"US1NCMK0130","MATTHEWS 1.3 W, NC US","35.1225","-80.736944","222.8","2025-06-26",,,,,,,,,"18.0",",,N",,,,,,,,,,,,,,,,,,,,,,,,,,,,,,,,,,,,,,
"US1NCMK0130","MATTHEWS 1.3 W, NC US","35.1225","-80.736944","222.8","2025-06-28",,,,,,,,,"0.3",",,N",,,,,,,,,,,,,,,,,,,,,,,,,,,,,,,,,,,,,,
"US1NCMK0130","MATTHEWS 1.3 W, NC US","35.1225","-80.736944","222.8","2025-06-29",,,,,,,,,"0.0",",,N",,,"0.0",",,N",,,,,,,,,,,,,,,,,,,,,,,,,,,,,,,,,,
"US1NCMK0130","MATTHEWS 1.3 W, NC US","35.1225","-80.736944","222.8","2025-06-30",,,,,,,,,"0.0",",,N",,,"0.0",",,N",,,,,,,,,,,,,,,,,,,,,,,,,,,,,,,,,,
"US1NCMK0098","PAW CREEK 1.2 N, NC US","35.29506","-80.93317","220.1","2025-06-01",,,,,,,,,"0.0",",,N",,,"0.0",",,N",,,,,,,,,,,,,,,,,,,,,,,,,,,,,,,,,,
"US1NCMK0098","PAW CREEK 1.2 N, NC US","35.29506","-80.93317","220.1","2025-06-02",,,,,,,,,"12.2",",,N",,,,,,,,,,,,,,,,,,,,,,,,,,,,,,,,,,,,,,
"US1NCMK0098","PAW CREEK 1.2 N, NC US","35.29506","-80.93317","220.1","2025-06-03",,,,,,,,,"0.0",",,N",,,"0.0",",,N",,,,,,,,,,,,,,,,,,,,,,,,,,,,,,,,,,
"US1NCMK0098","PAW CREEK 1.2 N, NC US","35.29506","-80.93317","220.1","2025-06-04",,,,,,,,,"0.0",",,N",,,"0.0",",,N",,,,,,,,,,,,,,,,,,,,,,,,,,,,,,,,,,
"US1NCMK0098","PAW CREEK 1.2 N, NC US","35.29506","-80.93317","220.1","2025-06-05",,,,,,,,,"22.4",",,N",,,,,,,,,,,,,,,,,,,,,,,,,,,,,,,,,,,,,,
"US1NCMK0098","PAW CREEK 1.2 N, NC US","35.29506","-80.93317","220.1","2025-06-06",,,,,,,,,"17.8",",,N",,,,,,,,,,,,,,,,,,,,,,,,,,,,,,,,,,,,,,
"US1NCMK0098","PAW CREEK 1.2 N, NC US","35.29506","-80.93317","220.1","2025-06-07",,,,,,,,,"3.3",",,N",,,,,,,,,,,,,,,,,,,,,,,,,,,,,,,,,,,,,,
"US1NCMK0098","PAW CREEK 1.2 N, NC US","35.29506","-80.93317","220.1","2025-06-08",,,,,,,,,"0.8",",,N",,,,,,,,,,,,,,,,,,,,,,,,,,,,,,,,,,,,,,
"US1NCMK0098","PAW CREEK 1.2 N, NC US","35.29506","-80.93317","220.1","2025-06-09",,,,,,,,,"0.0",",,N",,,"0.0",",,N",,,,,,,,,,,,,,,,,,,,,,,,,,,,,,,,,,
"US1NCMK0098","PAW CREEK 1.2 N, NC US","35.29506","-80.93317","220.1","2025-06-10",,,,,,,,,"3.6",",,N",,,,,,,,,,,,,,,,,,,,,,,,,,,,,,,,,,,,,,
"US1NCMK0098","PAW CREEK 1.2 N, NC US","35.29506","-80.93317","220.1","2025-06-11",,,,,,,,,"0.5",",,N",,,,,,,,,,,,,,,,,,,,,,,,,,,,,,,,,,,,,,
"US1NCMK0098","PAW CREEK 1.2 N, NC US","35.29506","-80.93317","220.1","2025-06-12",,,,,,,,,"0.0",",,N",,,"0.0",",,N",,,,,,,,,,,,,,,,,,,,,,,,,,,,,,,,,,
"US1NCMK0098","PAW CREEK 1.2 N, NC US","35.29506","-80.93317","220.1","2025-06-13",,,,,,,,,"27.9",",,N",,,,,,,,,,,,,,,,,,,,,,,,,,,,,,,,,,,,,,
"US1NCMK0098","PAW CREEK 1.2 N, NC US","35.29506","-80.93317","220.1","2025-06-14",,,,,,,,,"3.8",",,N",,,,,,,,,,,,,,,,,,,,,,,,,,,,,,,,,,,,,,
"US1NCMK0098","PAW CREEK 1.2 N, NC US","35.29506","-80.93317","220.1","2025-06-15",,,,,,,,,"0.0","T,,N",,,,,,,,,,,,,,,,,,,,,,,,,,,,,,,,,,,,,,
"US1NCMK0098","PAW CREEK 1.2 N, NC US","35.29506","-80.93317","220.1","2025-06-16",,,,,,,,,"0.0","T,,N",,,,,,,,,,,,,,,,,,,,,,,,,,,,,,,,,,,,,,
"US1NCMK0098","PAW CREEK 1.2 N, NC US","35.29506","-80.93317","220.1","2025-06-17",,,,,,,,,"24.9",",,N",,,,,,,,,,,,,,,,,,,,,,,,,,,,,,,,,,,,,,
"US1NCMK0098","PAW CREEK 1.2 N, NC US","35.29506","-80.93317","220.1","2025-06-18",,,,,,,,,"0.3",",,N",,,,,,,,,,,,,,,,,,,,,,,,,,,,,,,,,,,,,,
"US1NCMK0098","PAW CREEK 1.2 N, NC US","35.29506","-80.93317","220.1","2025-06-19",,,,,,,,,"0.0",",,N",,,"0.0",",,N",,,,,,,,,,,,,,,,,,,,,,,,,,,,,,,,,,
"US1NCMK0098","PAW CREEK 1.2 N, NC US","35.29506","-80.93317","220.1","2025-06-20",,,,,,,,,"0.0",",,N",,,"0.0",",,N",,,,,,,,,,,,,,,,,,,,,,,,,,,,,,,,,,
"US1NCMK0098","PAW CREEK 1.2 N, NC US","35.29506","-80.93317","220.1","2025-06-21",,,,,,,,,"0.0",",,N",,,"0.0",",,N",,,,,,,,,,,,,,,,,,,,,,,,,,,,,,,,,,
"US1NCMK0098","PAW CREEK 1.2 N, NC US","35.29506","-80.93317","220.1","2025-06-22",,,,,,,,,"0.0",",,N",,,"0.0",",,N",,,,,,,,,,,,,,,,,,,,,,,,,,,,,,,,,,
"US1NCMK0098","PAW CREEK 1.2 N, NC US","35.29506","-80.93317","220.1","2025-06-24",,,,,,,,,"0.0",",,N",,,"0.0",",,N",,,,,,,,,,,,,,,,,,,,,,,,,,,,,,,,,,
"US1NCMK0098","PAW CREEK 1.2 N, NC US","35.29506","-80.93317","220.1","2025-06-25",,,,,,,,,"0.0",",,N",,,"0.0",",,N",,,,,,,,,,,,,,,,,,,,,,,,,,,,,,,,,,
"US1NCMK0098","PAW CREEK 1.2 N, NC US","35.29506","-80.93317","220.1","2025-06-26",,,,,,,,,"5.1",",,N",,,,,,,,,,,,,,,,,,,,,,,,,,,,,,,,,,,,,,
"US1NCMK0098","PAW CREEK 1.2 N, NC US","35.29506","-80.93317","220.1","2025-06-27",,,,,,,,,"0.0",",,N",,,"0.0",",,N",,,,,,,,,,,,,,,,,,,,,,,,,,,,,,,,,,
"US1NCMK0098","PAW CREEK 1.2 N, NC US","35.29506","-80.93317","220.1","2025-06-28",,,,,,,,,"0.0","T,,N",,,,,,,,,,,,,,,,,,,,,,,,,,,,,,,,,,,,,,
"US1NCMK0098","PAW CREEK 1.2 N, NC US","35.29506","-80.93317","220.1","2025-06-29",,,,,,,,,"0.0",",,N",,,"0.0",",,N",,,,,,,,,,,,,,,,,,,,,,,,,,,,,,,,,,
"US1NCMK0098","PAW CREEK 1.2 N, NC US","35.29506","-80.93317","220.1","2025-06-30",,,,,,,,,"22.9",",,N",,,,,,,,,,,,,,,,,,,,,,,,,,,,,,,,,,,,,,
"USC00381462","CATAWBA, SC US","34.85748","-80.91331","173.7","2025-06-01",,,,,,,,,"0.0",",,7,0700",,,"0.0",",,7,0700","0.0",",,7,0700",,,,,,,,,,,,,,,,,,,,,,,,,,,,,,,,
"USC00381462","CATAWBA, SC US","34.85748","-80.91331","173.7","2025-06-02",,,,,,,,,"0.0",",,7,0700",,,"0.0",",,7,0700","0.0",",,7,0700",,,,,,,,,,,,,,,,,,,,,,,,,,,,,,,,
"USC00381462","CATAWBA, SC US","34.85748","-80.91331","173.7","2025-06-03",,,,,,,,,"0.0",",,7,0700",,,"0.0",",,7,0700","0.0",",,7,0700",,,,,,,,,,,,,,,,,,,,,,,,,,,,,,,,
"USC00381462","CATAWBA, SC US","34.85748","-80.91331","173.7","2025-06-04",,,,,,,,,"0.0",",,7,0700",,,"0.0",",,7,0700","0.0",",,7,0700",,,,,,,,,,,,,,,,,,,,,,,"    1",",,7",,,,,,,,
"USC00381462","CATAWBA, SC US","34.85748","-80.91331","173.7","2025-06-05",,,,,,,,,"15.2",",,7,0700",,,"0.0",",,7,0700","0.0",",,7,0700",,,,,,,,,,,,,,,,,,,,,,,,,,,,,,,,
"USC00381462","CATAWBA, SC US","34.85748","-80.91331","173.7","2025-06-06",,,,,,,,,"6.6",",,7,0700",,,"0.0",",,7,0700","0.0",",,7,0700",,,,,,,,,,,,,,,,,,,,,,,,,,,,,,,,
"USC00381462","CATAWBA, SC US","34.85748","-80.91331","173.7","2025-06-07",,,,,,,,,"5.8",",,7,0700",,,"0.0",",,7,0700","0.0",",,7,0700",,,,,,,,,,,,,,,,,,,,,,,,,,,,,,,,
"USC00381462","CATAWBA, SC US","34.85748","-80.91331","173.7","2025-06-08",,,,,,,,,"0.8",",,7,0700",,,"0.0",",,7,0700","0.0",",,7,0700",,,,,,,,,,,,,,,,,,,,,,,,,,,,,,,,
"USC00381462","CATAWBA, SC US","34.85748","-80.91331","173.7","2025-06-09",,,,,,,,,"4.1",",,7,0700",,,"0.0",",,7,0700","0.0",",,7,0700",,,,,,,,,,,,,,,,,,,,,,,,,,,,,,,,
"USC00381462","CATAWBA, SC US","34.85748","-80.91331","173.7","2025-06-10",,,,,,,,,"4.6",",,7,0700",,,"0.0",",,7,0700","0.0",",,7,0700",,,,,,,,,,,,,,,,,,,,,,,,,"    1",",,7",,,,,,
"USC00381462","CATAWBA, SC US","34.85748","-80.91331","173.7","2025-06-11",,,,,,,,,"0.3",",,7,0700",,,"0.0",",,7,0700","0.0",",,7,0700",,,,,,,,,,,,,,,,,,,,,,,,,,,,,,,,
"USC00381462","CATAWBA, SC US","34.85748","-80.91331","173.7","2025-06-12",,,,,,,,,"0.0",",,7,0700",,,"0.0",",,7,0700","0.0",",,7,0700",,,,,,,,,,,,,,,,,,,,,,,,,,,,,,,,
"USC00381462","CATAWBA, SC US","34.85748","-80.91331","173.7","2025-06-13",,,,,,,,,"10.9",",,7,0700",,,"0.0",",,7,0700","0.0",",,7,0700",,,,,,,,,,,,,,,,,,,,,,,,,,,,,,,,
"USC00381462","CATAWBA, SC US","34.85748","-80.91331","173.7","2025-06-14",,,,,,,,,"2.0",",,7,0700",,,"0.0",",,7,0700","0.0",",,7,0700",,,,,,,,,,,,,,,,,,,,,,,,,,,,,,,,
"USC00381462","CATAWBA, SC US","34.85748","-80.91331","173.7","2025-06-15",,,,,,,,,"0.0",",,7,0700",,,"0.0",",,7,0700","0.0",",,7,0700",,,,,,,,,,,,,,,,,,,,,,,,,,,,,,,,
"USC00381462","CATAWBA, SC US","34.85748","-80.91331","173.7","2025-06-16",,,,,,,,,"0.0",",,7,0700",,,"0.0",",,7,0700","0.0",",,7,0700",,,,,,,,,,,,,,,,,,,,,,,,,,,,,,,,
"USC00381462","CATAWBA, SC US","34.85748","-80.91331","173.7","2025-06-17",,,,,,,,,"0.3",",,7,0700",,,"0.0",",,7,0700","0.0",",,7,0700",,,,,,,,,,,,,,,,,,,,,,,,,,,,,,,,
"USC00381462","CATAWBA, SC US","34.85748","-80.91331","173.7","2025-06-18",,,,,,,,,"0.3",",,7,0700",,,"0.0",",,7,0700","0.0",",,7,0700",,,,,,,,,,,,,,,,,,,,,,,,,,,,,,,,
"USC00381462","CATAWBA, SC US","34.85748","-80.91331","173.7","2025-06-19",,,,,,,,,"0.0",",,7,0700",,,"0.0",",,7,0700","0.0",",,7,0700",,,,,,,,,,,,,,,,,,,,,,,,,,,,,,,,
"USC00381462","CATAWBA, SC US","34.85748","-80.91331","173.7","2025-06-20",,,,,,,,,"0.0",",,7,0700",,,"0.0",",,7,0700","0.0",",,7,0700",,,,,,,,,,,,,,,,,,,,,,,,,,,,,,,,
"USC00381462","CATAWBA, SC US","34.85748","-80.91331","173.7","2025-06-21",,,,,,,,,"0.0",",,7,0700",,,"0.0",",,7,0700","0.0",",,7,0700",,,,,,,,,,,,,,,,,,,,,,,,,,,,,,,,
"USC00381462","CATAWBA, SC US","34.85748","-80.91331","173.7","2025-06-22",,,,,,,,,"0.0",",,7,0700",,,"0.0",",,7,0700","0.0",",,7,0700",,,,,,,,,,,,,,,,,,,,,,,,,,,,,,,,
"USC00381462","CATAWBA, SC US","34.85748","-80.91331","173.7","2025-06-23",,,,,,,,,"0.0",",,7,0700",,,"0.0",",,7,0700","0.0",",,7,0700",,,,,,,,,,,,,,,,,,,,,,,,,,,,,,,,
"USC00381462","CATAWBA, SC US","34.85748","-80.91331","173.7","2025-06-24",,,,,,,,,"0.0",",,7,0700",,,"0.0",",,7,0700","0.0",",,7,0700",,,,,,,,,,,,,,,,,,,,,,,,,,,,,,,,
"USC00381462","CATAWBA, SC US","34.85748","-80.91331","173.7","2025-06-25",,,,,,,,,"0.0",",,7,0700",,,"0.0",",,7,0700","0.0",",,7,0700",,,,,,,,,,,,,,,,,,,,,,,,,,,,,,,,
"USC00381462","CATAWBA, SC US","34.85748","-80.91331","173.7","2025-06-26",,,,,,,,,"9.4",",,7,0700",,,"0.0",",,7,0700","0.0",",,7,0700",,,,,,,,,,,,,,,,,,,,,,,,,"    1",",,7",,,,,,
"USC00381462","CATAWBA, SC US","34.85748","-80.91331","173.7","2025-06-27",,,,,,,,,"0.0",",,7,0700",,,"0.0",",,7,0700","0.0",",,7,0700",,,,,,,,,,,,,,,,,,,,,,,,,,,,,,,,
"USC00381462","CATAWBA, SC US","34.85748","-80.91331","173.7","2025-06-28",,,,,,,,,"1.0",",,7,0700",,,"0.0",",,7,0700","0.0",",,7,0700",,,,,,,,,,,,,,,,,,,,,,,,,"    1",",,7",,,,,,
"USC00381462","CATAWBA, SC US","34.85748","-80.91331","173.7","2025-06-29",,,,,,,,,"0.0",",,7,0700",,,"0.0",",,7,0700","0.0",",,7,0700",,,,,,,,,,,,,,,,,,,,,,,,,,,,,,,,
"USC00381462","CATAWBA, SC US","34.85748","-80.91331","173.7","2025-06-30",,,,,,,,,"0.0",",,7,0700",,,"0.0",",,7,0700","0.0",",,7,0700",,,,,,,,,,,,,,,,,,,,,,,,,,,,,,,,
"USC00315913","MOUNT HOLLY 4 NE, NC US","35.3338","-80.9868","185.9","2025-06-01",,,,,,,,,"0.0",",,7,0700",,,,,,,,,,,,,,,,,,,,,,,,,,,,,,,,,,,,,,
"USC00315913","MOUNT HOLLY 4 NE, NC US","35.3338","-80.9868","185.9","2025-06-02",,,,,,,,,"0.3",",,7,0700",,,,,,,,,,,,,,,,,,,,,,,,,,,,,,,,,,,,,,
"USC00315913","MOUNT HOLLY 4 NE, NC US","35.3338","-80.9868","185.9","2025-06-03",,,,,,,,,"0.0",",,7,0700",,,,,,,,,,,,,,,,,,,,,,,,,,,,,,,,,,,,,,
"USC00315913","MOUNT HOLLY 4 NE, NC US","35.3338","-80.9868","185.9","2025-06-04",,,,,,,,,"0.0",",,7,0700",,,,,,,,,,,,,,,,,,,,,,,,,,,,,,,,,,,,,,
"USC00315913","MOUNT HOLLY 4 NE, NC US","35.3338","-80.9868","185.9","2025-06-05",,,,,,,,,"13.5",",,7,0700",,,,,,,,,,,,,,,,,,,,,,,,,,,,,,,,,,,,,,
"USC00315913","MOUNT HOLLY 4 NE, NC US","35.3338","-80.9868","185.9","2025-06-06",,,,,,,,,"33.3",",,7,0700",,,,,,,,,,,,,,,,,,,,,,,,,,,,,,,,,,,,,,
"USC00315913","MOUNT HOLLY 4 NE, NC US","35.3338","-80.9868","185.9","2025-06-07",,,,,,,,,"2.5",",,7,0700",,,,,,,,,,,,,,,,,,,,,,,,,,,,,,,,,,,,,,
"USC00315913","MOUNT HOLLY 4 NE, NC US","35.3338","-80.9868","185.9","2025-06-08",,,,,,,,,"0.3",",,7,0700",,,,,,,,,,,,,,,,,,,,,,,,,,,,,,,,,,,,,,
"USC00315913","MOUNT HOLLY 4 NE, NC US","35.3338","-80.9868","185.9","2025-06-09",,,,,,,,,"0.0",",,7,0700",,,,,,,,,,,,,,,,,,,,,,,,,,,,,,,,,,,,,,
"USC00315913","MOUNT HOLLY 4 NE, NC US","35.3338","-80.9868","185.9","2025-06-10",,,,,,,,,"10.2",",,7,0700",,,,,,,,,,,,,,,,,,,,,,,,,,,,,,,,,,,,,,
"USC00315913","MOUNT HOLLY 4 NE, NC US","35.3338","-80.9868","185.9","2025-06-11",,,,,,,,,"0.0",",,7,0700",,,,,,,,,,,,,,,,,,,,,,,,,,,,,,,,,,,,,,
"USC00315913","MOUNT HOLLY 4 NE, NC US","35.3338","-80.9868","185.9","2025-06-12",,,,,,,,,"0.0",",,7,0700",,,,,,,,,,,,,,,,,,,,,,,,,,,,,,,,,,,,,,
"USC00315913","MOUNT HOLLY 4 NE, NC US","35.3338","-80.9868","185.9","2025-06-13",,,,,,,,,"31.5",",,7,0700",,,,,,,,,,,,,,,,,,,,,,,,,,,,,,,,,,,,,,
"USC00315913","MOUNT HOLLY 4 NE, NC US","35.3338","-80.9868","185.9","2025-06-14",,,,,,,,,"1.8",",,7,0700",,,,,,,,,,,,,,,,,,,,,,,,,,,,,,,,,,,,,,
"USC00315913","MOUNT HOLLY 4 NE, NC US","35.3338","-80.9868","185.9","2025-06-15",,,,,,,,,"9.9",",,7,0700",,,,,,,,,,,,,,,,,,,,,,,,,,,,,,,,,,,,,,
"USC00315913","MOUNT HOLLY 4 NE, NC US","35.3338","-80.9868","185.9","2025-06-16",,,,,,,,,"0.0",",,7,0700",,,,,,,,,,,,,,,,,,,,,,,,,,,,,,,,,,,,,,
"USC00315913","MOUNT HOLLY 4 NE, NC US","35.3338","-80.9868","185.9","2025-06-17",,,,,,,,,"18.0",",,7,0700",,,,,,,,,,,,,,,,,,,,,,,,,,,,,,,,,,,,,,
"USC00315913","MOUNT HOLLY 4 NE, NC US","35.3338","-80.9868","185.9","2025-06-18",,,,,,,,,"0.0",",,7,0700",,,,,,,,,,,,,,,,,,,,,,,,,,,,,,,,,,,,,,
"USC00315913","MOUNT HOLLY 4 NE, NC US","35.3338","-80.9868","185.9","2025-06-19",,,,,,,,,"0.0",",,7,0700",,,,,,,,,,,,,,,,,,,,,,,,,,,,,,,,,,,,,,
"USC00315913","MOUNT HOLLY 4 NE, NC US","35.3338","-80.9868","185.9","2025-06-20",,,,,,,,,"0.0",",,7,0700",,,,,,,,,,,,,,,,,,,,,,,,,,,,,,,,,,,,,,
"USC00315913","MOUNT HOLLY 4 NE, NC US","35.3338","-80.9868","185.9","2025-06-21",,,,,,,,,"0.0",",,7,0700",,,,,,,,,,,,,,,,,,,,,,,,,,,,,,,,,,,,,,
"USC00315913","MOUNT HOLLY 4 NE, NC US","35.3338","-80.9868","185.9","2025-06-22",,,,,,,,,"0.0",",,7,0700",,,,,,,,,,,,,,,,,,,,,,,,,,,,,,,,,,,,,,
"USC00315913","MOUNT HOLLY 4 NE, NC US","35.3338","-80.9868","185.9","2025-06-23",,,,,,,,,"0.0",",,7,0700",,,,,,,,,,,,,,,,,,,,,,,,,,,,,,,,,,,,,,
"USC00315913","MOUNT HOLLY 4 NE, NC US","35.3338","-80.9868","185.9","2025-06-24",,,,,,,,,"0.0",",,7,0700",,,,,,,,,,,,,,,,,,,,,,,,,,,,,,,,,,,,,,
"USC00315913","MOUNT HOLLY 4 NE, NC US","35.3338","-80.9868","185.9","2025-06-25",,,,,,,,,"0.0",",,7,0700",,,,,,,,,,,,,,,,,,,,,,,,,,,,,,,,,,,,,,
"USC00315913","MOUNT HOLLY 4 NE, NC US","35.3338","-80.9868","185.9","2025-06-26",,,,,,,,,"9.7",",,7,0700",,,,,,,,,,,,,,,,,,,,,,,,,,,,,,,,,,,,,,
"USC00315913","MOUNT HOLLY 4 NE, NC US","35.3338","-80.9868","185.9","2025-06-27",,,,,,,,,"0.0",",,7,0700",,,,,,,,,,,,,,,,,,,,,,,,,,,,,,,,,,,,,,
"USC00315913","MOUNT HOLLY 4 NE, NC US","35.3338","-80.9868","185.9","2025-06-28",,,,,,,,,"0.0","T,,7,0700",,,,,,,,,,,,,,,,,,,,,,,,,,,,,,,,,,,,,,
"USC00315913","MOUNT HOLLY 4 NE, NC US","35.3338","-80.9868","185.9","2025-06-29",,,,,,,,,"0.0",",,7,0700",,,,,,,,,,,,,,,,,,,,,,,,,,,,,,,,,,,,,,
"USC00315913","MOUNT HOLLY 4 NE, NC US","35.3338","-80.9868","185.9","2025-06-30",,,,,,,,,"6.4",",,7,0700",,,,,,,,,,,,,,,,,,,,,,,,,,,,,,,,,,,,,,
"USR0000NMTI","MOUNT ISLAND LAKE NORTH CAROLINA, NC US","35.3789","-80.9925","152.4","2025-06-01",,,,,,,,,,,,,,,,,,,"20.8",",,U","28.3","H,,U","15.0","H,,U",,,,,,,,,,,,,,,,,,,,,,,,
"USR0000NMTI","MOUNT ISLAND LAKE NORTH CAROLINA, NC US","35.3789","-80.9925","152.4","2025-06-02",,,,,,,,,,,,,,,,,,,"20.1",",,U","27.8","H,,U","12.8","H,,U",,,,,,,,,,,,,,,,,,,,,,,,
"USR0000NMTI","MOUNT ISLAND LAKE NORTH CAROLINA, NC US","35.3789","-80.9925","152.4","2025-06-03",,,,,,,,,,,,,,,,,,,"21.7",",,U","30.6","H,,U","12.8","H,,U",,,,,,,,,,,,,,,,,,,,,,,,
"USR0000NMTI","MOUNT ISLAND LAKE NORTH CAROLINA, NC US","35.3789","-80.9925","152.4","2025-06-04",,,,,,,,,,,,,,,,,,,"22.8",",,U","28.9","H,,U","16.1","H,,U",,,,,,,,,,,,,,,,,,,,,,,,
"USR0000NMTI","MOUNT ISLAND LAKE NORTH CAROLINA, NC US","35.3789","-80.9925","152.4","2025-06-05",,,,,,,,,,,,,,,,,,,"21.1",",,U","24.4","H,,U","19.4","H,,U",,,,,,,,,,,,,,,,,,,,,,,,
"USR0000NMTI","MOUNT ISLAND LAKE NORTH CAROLINA, NC US","35.3789","-80.9925","152.4","2025-06-06",,,,,,,,,,,,,,,,,,,"25.1",",,U","32.2","H,,U","17.2","H,,U",,,,,,,,,,,,,,,,,,,,,,,,
"USR0000NMTI","MOUNT ISLAND LAKE NORTH CAROLINA, NC US","35.3789","-80.9925","152.4","2025-06-07",,,,,,,,,,,,,,,,,,,"25.8",",,U","32.2","H,,U","20.6","H,,U",,,,,,,,,,,,,,,,,,,,,,,,
"USR0000NMTI","MOUNT ISLAND LAKE NORTH CAROLINA, NC US","35.3789","-80.9925","152.4","2025-06-08",,,,,,,,,,,,,,,,,,,"24.2",",,U","30.6","H,,U","18.9","H,,U",,,,,,,,,,,,,,,,,,,,,,,,
"USR0000NMTI","MOUNT ISLAND LAKE NORTH CAROLINA, NC US","35.3789","-80.9925","152.4","2025-06-09",,,,,,,,,,,,,,,,,,,"24.3",",,U","31.1","H,,U","18.3","H,,U",,,,,,,,,,,,,,,,,,,,,,,,
"USR0000NMTI","MOUNT ISLAND LAKE NORTH CAROLINA, NC US","35.3789","-80.9925","152.4","2025-06-10",,,,,,,,,,,,,,,,,,,"23.7",",,U","29.4","H,,U","20.0","H,,U",,,,,,,,,,,,,,,,,,,,,,,,
"USR0000NMTI","MOUNT ISLAND LAKE NORTH CAROLINA, NC US","35.3789","-80.9925","152.4","2025-06-11",,,,,,,,,,,,,,,,,,,"24.2",",,U","31.7","H,,U","17.2","H,,U",,,,,,,,,,,,,,,,,,,,,,,,
"USR0000NMTI","MOUNT ISLAND LAKE NORTH CAROLINA, NC US","35.3789","-80.9925","152.4","2025-06-12",,,,,,,,,,,,,,,,,,,"24.7",",,U","32.8","H,,U","17.8","H,,U",,,,,,,,,,,,,,,,,,,,,,,,
"USR0000NMTI","MOUNT ISLAND LAKE NORTH CAROLINA, NC US","35.3789","-80.9925","152.4","2025-06-13",,,,,,,,,,,,,,,,,,,"24.4",",,U","28.9","H,,U","21.1","H,,U",,,,,,,,,,,,,,,,,,,,,,,,
"USR0000NMTI","MOUNT ISLAND LAKE NORTH CAROLINA, NC US","35.3789","-80.9925","152.4","2025-06-14",,,,,,,,,,,,,,,,,,,"25.6",",,U","31.1","H,,U","21.1","H,,U",,,,,,,,,,,,,,,,,,,,,,,,
"USR0000NMTI","MOUNT ISLAND LAKE NORTH CAROLINA, NC US","35.3789","-80.9925","152.4","2025-06-15",,,,,,,,,,,,,,,,,,,"25.1",",,U","29.4","H,,U","21.7","H,,U",,,,,,,,,,,,,,,,,,,,,,,,
"USR0000NMTI","MOUNT ISLAND LAKE NORTH CAROLINA, NC US","35.3789","-80.9925","152.4","2025-06-16",,,,,,,,,,,,,,,,,,,"25.7",",,U","31.7","H,,U","21.7","H,,U",,,,,,,,,,,,,,,,,,,,,,,,
"USR0000NMTI","MOUNT ISLAND LAKE NORTH CAROLINA, NC US","35.3789","-80.9925","152.4","2025-06-17",,,,,,,,,,,,,,,,,,,"26.7",",,U","32.2","H,,U","20.6","H,,U",,,,,,,,,,,,,,,,,,,,,,,,
"USR0000NMTI","MOUNT ISLAND LAKE NORTH CAROLINA, NC US","35.3789","-80.9925","152.4","2025-06-18",,,,,,,,,,,,,,,,,,,"26.3",",,U","31.7","H,,U","20.6","H,,U",,,,,,,,,,,,,,,,,,,,,,,,
"USR0000NMTI","MOUNT ISLAND LAKE NORTH CAROLINA, NC US","35.3789","-80.9925","152.4","2025-06-19",,,,,,,,,,,,,,,,,,,"26.3",",,U","31.7","H,,U","20.0","H,,U",,,,,,,,,,,,,,,,,,,,,,,,
"USR0000NMTI","MOUNT ISLAND LAKE NORTH CAROLINA, NC US","35.3789","-80.9925","152.4","2025-06-20",,,,,,,,,,,,,,,,,,,"25.1",",,U","32.8","H,,U","18.9","H,,U",,,,,,,,,,,,,,,,,,,,,,,,
"USR0000NMTI","MOUNT ISLAND LAKE NORTH CAROLINA, NC US","35.3789","-80.9925","152.4","2025-06-21",,,,,,,,,,,,,,,,,,,"25.7",",,U","34.4","H,,U","17.2","H,,U",,,,,,,,,,,,,,,,,,,,,,,,
"USR0000NMTI","MOUNT ISLAND LAKE NORTH CAROLINA, NC US","35.3789","-80.9925","152.4","2025-06-22",,,,,,,,,,,,,,,,,,,"27.3",",,U","35.6","H,,U","20.0","H,,U",,,,,,,,,,,,,,,,,,,,,,,,
"USR0000NMTI","MOUNT ISLAND LAKE NORTH CAROLINA, NC US","35.3789","-80.9925","152.4","2025-06-23",,,,,,,,,,,,,,,,,,,"28.5",",,U","37.2","H,,U","21.1","H,,U",,,,,,,,,,,,,,,,,,,,,,,,
"USR0000NMTI","MOUNT ISLAND LAKE NORTH CAROLINA, NC US","35.3789","-80.9925","152.4","2025-06-24",,,,,,,,,,,,,,,,,,,"29.3",",,U","37.2","H,,U","22.2","H,,U",,,,,,,,,,,,,,,,,,,,,,,,
"USR0000NMTI","MOUNT ISLAND LAKE NORTH CAROLINA, NC US","35.3789","-80.9925","152.4","2025-06-25",,,,,,,,,,,,,,,,,,,"28.7",",,U","37.2","H,,U","21.1","H,,U",,,,,,,,,,,,,,,,,,,,,,,,
"USR0000NMTI","MOUNT ISLAND LAKE NORTH CAROLINA, NC US","35.3789","-80.9925","152.4","2025-06-26",,,,,,,,,,,,,,,,,,,"25.2",",,U","35.0","H,,U","20.0","H,,U",,,,,,,,,,,,,,,,,,,,,,,,
"USR0000NMTI","MOUNT ISLAND LAKE NORTH CAROLINA, NC US","35.3789","-80.9925","152.4","2025-06-27",,,,,,,,,,,,,,,,,,,"26.9",",,U","34.4","H,,U","20.0","H,,U",,,,,,,,,,,,,,,,,,,,,,,,
"USR0000NMTI","MOUNT ISLAND LAKE NORTH CAROLINA, NC US","35.3789","-80.9925","152.4","2025-06-28",,,,,,,,,,,,,,,,,,,"27.2",",,U","33.9","H,,U","21.7","H,,U",,,,,,,,,,,,,,,,,,,,,,,,
"USR0000NMTI","MOUNT ISLAND LAKE NORTH CAROLINA, NC US","35.3789","-80.9925","152.4","2025-06-29",,,,,,,,,,,,,,,,,,,"27.1",",,U","34.4","H,,U","21.1","H,,U",,,,,,,,,,,,,,,,,,,,,,,,
"USR0000NMTI","MOUNT ISLAND LAKE NORTH CAROLINA, NC US","35.3789","-80.9925","152.4","2025-06-30",,,,,,,,,,,,,,,,,,,"27.6",",,U","33.3","H,,U","21.1","H,,U",,,,,,,,,,,,,,,,,,,,,,,,
"US1NCCB0040","CONCORD 5.6 E, NC US","35.394659","-80.495565","207.0","2025-06-07",,,"    7",",,N","95.3",",,N",,,,,,,,,,,,,,,,,,,,,,,,,,,,,,,,,,,,,,,,,,
"US1NCCB0040","CONCORD 5.6 E, NC US","35.394659","-80.495565","207.0","2025-06-15",,,"    7",",,N","47.0",",,N",,,,,,,,,,,,,,,,,,,,,,,,,,,,,,,,,,,,,,,,,,
"US1NCCB0040","CONCORD 5.6 E, NC US","35.394659","-80.495565","207.0","2025-06-20",,,"    5",",,N","34.3",",,N",,,,,,,,,,,,,,,,,,,,,,,,,,,,,,,,,,,,,,,,,,
"US1NCCB0040","CONCORD 5.6 E, NC US","35.394659","-80.495565","207.0","2025-06-21",,,,,,,,,"0.0",",,N",,,"0.0",",,N",,,,,,,,,,,,,,,,,,,,,,,,,,,,,,,,,,
"US1NCCB0040","CONCORD 5.6 E, NC US","35.394659","-80.495565","207.0","2025-06-30",,,"    9",",,N","8.9",",,N",,,,,,,,,,,,,,,,,,,,,,,,,,,,,,,,,,,,,,,,,,
"USC00315771","MONROE 2 SE, NC US","34.97984","-80.52344","164.6","2025-06-01",,,,,,,,,"0.0",",,7,0700",,,"0.0",",,7,0700","0.0",",,7,0700",,,,,"25.6",",,7","13.9",",,7","17.2",",,7,0700",,,,,,,,,,,,,,,,,,,,,,
"USC00315771","MONROE 2 SE, NC US","34.97984","-80.52344","164.6","2025-06-02",,,,,,,,,"0.0","T,,7,0700",,,"0.0",",,7,0700","0.0",",,7,0700",,,,,"27.8",",,7","15.6",",,7","19.4",",,7,0700",,,,,,,,,,,,,,,,,,,,,,
"USC00315771","MONROE 2 SE, NC US","34.97984","-80.52344","164.6","2025-06-03",,,,,,,,,"0.0",",,7,0700",,,"0.0",",,7,0700","0.0",",,7,0700",,,,,"26.1",",,7","14.4",",,7","17.2",",,7,0700",,,,,,,,,,,,,,,,,,,,,,
"USC00315771","MONROE 2 SE, NC US","34.97984","-80.52344","164.6","2025-06-04",,,,,,,,,"0.0",",,7,0700",,,"0.0",",,7,0700","0.0",",,7,0700",,,,,"28.9",",,7","17.2",",,7","19.4",",,7,0700",,,,,,,,,,,,,,,,,,,,,,
"USC00315771","MONROE 2 SE, NC US","34.97984","-80.52344","164.6","2025-06-05",,,,,,,,,"5.1",",,7,0700",,,"0.0",",,7,0700","0.0",",,7,0700",,,,,"28.3",",,7","19.4",",,7","19.4",",,7,0700",,,,,,,,,,,,,,,,,,,,,,
"USC00315771","MONROE 2 SE, NC US","34.97984","-80.52344","164.6","2025-06-06",,,,,,,,,"12.7",",,7,0700",,,"0.0",",,7,0700","0.0",",,7,0700",,,,,"25.0",",,7","18.9",",,7","19.4",",,7,0700",,,,,,,,,,,,,,,,,,,,,,
"USC00315771","MONROE 2 SE, NC US","34.97984","-80.52344","164.6","2025-06-07",,,,,,,,,"0.3",",,7,0700",,,"0.0",",,7,0700","0.0",",,7,0700",,,,,"31.7",",,7","18.9",",,7","20.0",",,7,0700",,,,,,,,,,,,,,,,,,,,,,
"USC00315771","MONROE 2 SE, NC US","34.97984","-80.52344","164.6","2025-06-08",,,,,,,,,"0.0","T,,7,0700",,,"0.0",",,7,0700","0.0",",,7,0700",,,,,"32.2",",,7","19.4",",,7","20.6",",,7,0700",,,,,,,,,,,,,,,,,,,,,,
"USC00315771","MONROE 2 SE, NC US","34.97984","-80.52344","164.6","2025-06-09",,,,,,,,,"0.0","T,,7,0700",,,"0.0",",,7,0700","0.0",",,7,0700",,,,,"30.6",",,7","19.4",",,7","20.6",",,7,0700",,,,,,,,,,,,,,,,,,,,,,
"USC00315771","MONROE 2 SE, NC US","34.97984","-80.52344","164.6","2025-06-10",,,,,,,,,"17.8",",,7,0700",,,"0.0",",,7,0700","0.0",",,7,0700",,,,,"31.1",",,7","20.6",",,7","22.8",",,7,0700",,,,,,,,,,,,,,,,,,,,,,
"USC00315771","MONROE 2 SE, NC US","34.97984","-80.52344","164.6","2025-06-11",,,,,,,,,"0.0","T,,7,0700",,,"0.0",",,7,0700","0.0",",,7,0700",,,,,"28.3",",,7","18.9",",,7","22.2",",,7,0700",,,,,,,,,,,,,,,,,,,,,,
"USC00315771","MONROE 2 SE, NC US","34.97984","-80.52344","164.6","2025-06-12",,,,,,,,,"0.0",",,7,0700",,,"0.0",",,7,0700","0.0",",,7,0700",,,,,"31.7",",,7","20.0",",,7","22.8",",,7,0700",,,,,,,,,,,,,,,,,,,,,,
"USC00315771","MONROE 2 SE, NC US","34.97984","-80.52344","164.6","2025-06-13",,,,,,,,,"11.4",",,7,0700",,,"0.0",",,7,0700","0.0",",,7,0700",,,,,"31.1",",,7","21.7",",,7","23.3",",,7,0700",,,,,,,,,,,,,,,,,,,,,,
"USC00315771","MONROE 2 SE, NC US","34.97984","-80.52344","164.6","2025-06-14",,,,,,,,,"1.3",",,7,0700",,,"0.0",",,7,0700","0.0",",,7,0700",,,,,"30.0",",,7","22.2",",,7","23.3",",,7,0700",,,,,,,,,,,,,,,,,,,,,,
"USC00315771","MONROE 2 SE, NC US","34.97984","-80.52344","164.6","2025-06-15",,,,,,,,,"0.0",",,7,0700",,,"0.0",",,7,0700","0.0",",,7,0700",,,,,"30.6",",,7","21.1",",,7","22.8",",,7,0700",,,,,,,,,,,,,,,,,,,,,,
"USC00315771","MONROE 2 SE, NC US","34.97984","-80.52344","164.6","2025-06-16",,,,,,,,,"0.0",",,7,0700",,,"0.0",",,7,0700","0.0",",,7,0700",,,,,"31.1",",,7","22.2",",,7","22.8",",,7,0700",,,,,,,,,,,,,,,,,,,,,,
"USC00315771","MONROE 2 SE, NC US","34.97984","-80.52344","164.6","2025-06-17",,,,,,,,,"10.2",",,7,0700",,,"0.0",",,7,0700","0.0",",,7,0700",,,,,"32.2",",,7","22.2",",,7","23.9",",,7,0700",,,,,,,,,,,,,,,,,,,,,,
"USC00315771","MONROE 2 SE, NC US","34.97984","-80.52344","164.6","2025-06-18",,,,,,,,,"0.5",",,7,0700",,,"0.0",",,7,0700","0.0",",,7,0700",,,,,"32.8",",,7","21.1",",,7","22.2",",,7,0700",,,,,,,,,,,,,,,,,,,,,,
"USC00315771","MONROE 2 SE, NC US","34.97984","-80.52344","164.6","2025-06-19",,,,,,,,,"0.0",",,7,0700",,,"0.0",",,7,0700","0.0",",,7,0700",,,,,"31.7",",,7","22.2",",,7","24.4",",,7,0700",,,,,,,,,,,,,,,,,,,,,,
"USC00315771","MONROE 2 SE, NC US","34.97984","-80.52344","164.6","2025-06-20",,,,,,,,,"0.0",",,7,0700",,,"0.0",",,7,0700","0.0",",,7,0700",,,,,"32.8",",,7","20.6",",,7","22.8",",,7,0700",,,,,,,,,,,,,,,,,,,,,,
"USC00315771","MONROE 2 SE, NC US","34.97984","-80.52344","164.6","2025-06-21",,,,,,,,,"0.0",",,7,0700",,,"0.0",",,7,0700","0.0",",,7,0700",,,,,"31.7",",,7","18.9",",,7","22.8",",,7,0700",,,,,,,,,,,,,,,,,,,,,,
"USC00315771","MONROE 2 SE, NC US","34.97984","-80.52344","164.6","2025-06-22",,,,,,,,,"0.0",",,7,0700",,,"0.0",",,7,0700","0.0",",,7,0700",,,,,"33.3",",,7","20.6",",,7","23.9",",,7,0700",,,,,,,,,,,,,,,,,,,,,,
"USC00315771","MONROE 2 SE, NC US","34.97984","-80.52344","164.6","2025-06-23",,,,,,,,,"0.0",",,7,0700",,,"0.0",",,7,0700","0.0",",,7,0700",,,,,"33.9",",,7","21.7",",,7","23.9",",,7,0700",,,,,,,,,,,,,,,,,,,,,,
"USC00315771","MONROE 2 SE, NC US","34.97984","-80.52344","164.6","2025-06-24",,,,,,,,,"0.0",",,7,0700",,,"0.0",",,7,0700","0.0",",,7,0700",,,,,"35.6",",,7","22.2",",,7","25.0",",,7,0700",,,,,,,,,,,,,,,,,,,,,,
"USC00315771","MONROE 2 SE, NC US","34.97984","-80.52344","164.6","2025-06-25",,,,,,,,,"0.0",",,7,0700",,,"0.0",",,7,0700","0.0",",,7,0700",,,,,"35.6",",,7","23.3",",,7","26.1",",,7,0700",,,,,,,,,,,,,,,,,,,,,,
"USC00315771","MONROE 2 SE, NC US","34.97984","-80.52344","164.6","2025-06-26",,,,,,,,,"17.8",",,7,0700",,,"0.0",",,7,0700","0.0",",,7,0700",,,,,"37.2",",,7","20.6",",,7","22.2",",,7,0700",,,,,,,,,,,,,,,,,,,,,,
"USC00315771","MONROE 2 SE, NC US","34.97984","-80.52344","164.6","2025-06-27",,,,,,,,,"0.0",",,7,0700",,,"0.0",",,7,0700","0.0",",,7,0700",,,,,"33.9",",,7","21.1",",,7","21.7",",,7,0700",,,,,,,,,,,,,,,,,,,,,,
"USC00315771","MONROE 2 SE, NC US","34.97984","-80.52344","164.6","2025-06-28",,,,,,,,,"35.6",",,7,0700",,,"0.0",",,7,0700","0.0",",,7,0700",,,,,"34.4",",,7","21.1",",,7","23.9",",,7,0700",,,,,,,,,,,,,,,,,,,,,,
"USC00315771","MONROE 2 SE, NC US","34.97984","-80.52344","164.6","2025-06-29",,,,,,,,,"0.0",",,7,0700",,,"0.0",",,7,0700","0.0",",,7,0700",,,,,"33.9",",,7","21.1",",,7","24.4",",,7,0700",,,,,,,,,,,,,,,,,,,,,,
"USC00315771","MONROE 2 SE, NC US","34.97984","-80.52344","164.6","2025-06-30",,,,,,,,,"0.0","T,,7,0700",,,"0.0",",,7,0700","0.0",",,7,0700",,,,,"33.9",",,7","22.2",",,7","23.9",",,7,0700",,,,,,,,,,,,,,,,,,,,,,
"US1SCYR0061","LAKE WYLIE 2.4 NNW, SC US","35.141532","-81.071804","182.6","2025-06-06",,,"    6",",,N","49.0",",,N",,,,,,,,,,,,,,,,,,,,,,,,,,,,,,,,,,,,,,,,,,
"US1SCYR0061","LAKE WYLIE 2.4 NNW, SC US","35.141532","-81.071804","182.6","2025-06-07",,,,,,,,,"4.6",",,N",,,,,,,,,,,,,,,,,,,,,,,,,,,,,,,,,,,,,,
"US1SCYR0061","LAKE WYLIE 2.4 NNW, SC US","35.141532","-81.071804","182.6","2025-06-08",,,,,,,,,"0.5",",,N",,,,,,,,,,,,,,,,,,,,,,,,,,,,,,,,,,,,,,
"US1SCYR0061","LAKE WYLIE 2.4 NNW, SC US","35.141532","-81.071804","182.6","2025-06-09",,,,,,,,,"3.3",",,N",,,,,,,,,,,,,,,,,,,,,,,,,,,,,,,,,,,,,,
"US1SCYR0061","LAKE WYLIE 2.4 NNW, SC US","35.141532","-81.071804","182.6","2025-06-10",,,,,,,,,"10.4",",,N",,,,,,,,,,,,,,,,,,,,,,,,,,,,,,,,,,,,,,
"US1SCYR0061","LAKE WYLIE 2.4 NNW, SC US","35.141532","-81.071804","182.6","2025-06-11",,,,,,,,,"0.3",",,N",,,,,,,,,,,,,,,,,,,,,,,,,,,,,,,,,,,,,,
"US1SCYR0061","LAKE WYLIE 2.4 NNW, SC US","35.141532","-81.071804","182.6","2025-06-13",,,"    2",",,N","25.4",",,N",,,,,,,,,,,,,,,,,,,,,,,,,,,,,,,,,,,,,,,,,,
"US1SCYR0061","LAKE WYLIE 2.4 NNW, SC US","35.141532","-81.071804","182.6","2025-06-14",,,,,,,,,"2.8",",,N",,,,,,,,,,,,,,,,,,,,,,,,,,,,,,,,,,,,,,
"US1SCYR0061","LAKE WYLIE 2.4 NNW, SC US","35.141532","-81.071804","182.6","2025-06-16",,,"    2",",,N","0.8",",,N",,,,,,,,,,,,,,,,,,,,,,,,,,,,,,,,,,,,,,,,,,
"US1SCYR0061","LAKE WYLIE 2.4 NNW, SC US","35.141532","-81.071804","182.6","2025-06-17",,,,,,,,,"8.4",",,N",,,,,,,,,,,,,,,,,,,,,,,,,,,,,,,,,,,,,,
"US1SCYR0061","LAKE WYLIE 2.4 NNW, SC US","35.141532","-81.071804","182.6","2025-06-18",,,,,,,,,"0.3",",,N",,,,,,,,,,,,,,,,,,,,,,,,,,,,,,,,,,,,,,
"US1SCYR0061","LAKE WYLIE 2.4 NNW, SC US","35.141532","-81.071804","182.6","2025-06-19",,,,,,,,,"0.0",",,N",,,"0.0",",,N",,,,,,,,,,,,,,,,,,,,,,,,,,,,,,,,,,
"US1SCYR0061","LAKE WYLIE 2.4 NNW, SC US","35.141532","-81.071804","182.6","2025-06-20",,,,,,,,,"0.0",",,N",,,"0.0",",,N",,,,,,,,,,,,,,,,,,,,,,,,,,,,,,,,,,
"US1SCYR0061","LAKE WYLIE 2.4 NNW, SC US","35.141532","-81.071804","182.6","2025-06-22",,,,,,,,,"0.0",",,N",,,"0.0",",,N",,,,,,,,,,,,,,,,,,,,,,,,,,,,,,,,,,
"US1SCYR0061","LAKE WYLIE 2.4 NNW, SC US","35.141532","-81.071804","182.6","2025-06-23",,,,,,,,,"0.0",",,N",,,"0.0",",,N",,,,,,,,,,,,,,,,,,,,,,,,,,,,,,,,,,
"US1SCYR0061","LAKE WYLIE 2.4 NNW, SC US","35.141532","-81.071804","182.6","2025-06-25",,,"    2",",,N","0.0",",,N",,,,,,,,,,,,,,,,,,,,,,,,,,,,,,,,,,,,,,,,,,
"US1SCYR0061","LAKE WYLIE 2.4 NNW, SC US","35.141532","-81.071804","182.6","2025-06-26",,,,,,,,,"8.6",",,N",,,,,,,,,,,,,,,,,,,,,,,,,,,,,,,,,,,,,,
"US1SCYR0061","LAKE WYLIE 2.4 NNW, SC US","35.141532","-81.071804","182.6","2025-06-27",,,,,,,,,"0.0",",,N",,,"0.0",",,N",,,,,,,,,,,,,,,,,,,,,,,,,,,,,,,,,,
"US1SCYR0061","LAKE WYLIE 2.4 NNW, SC US","35.141532","-81.071804","182.6","2025-06-28",,,,,,,,,"0.8",",,N",,,,,,,,,,,,,,,,,,,,,,,,,,,,,,,,,,,,,,
"US1SCYR0061","LAKE WYLIE 2.4 NNW, SC US","35.141532","-81.071804","182.6","2025-06-30",,,"    2",",,N","0.0",",,N",,,,,,,,,,,,,,,,,,,,,,,,,,,,,,,,,,,,,,,,,,
"US1NCCB0042","CONCORD 8.3 W, NC US","35.392","-80.7412","198.4","2025-06-01",,,,,,,,,"0.3",",,N",,,,,,,,,,,,,,,,,,,,,,,,,,,,,,,,,,,,,,
"US1NCCB0042","CONCORD 8.3 W, NC US","35.392","-80.7412","198.4","2025-06-02",,,,,,,,,"1.3",",,N",,,,,,,,,,,,,,,,,,,,,,,,,,,,,,,,,,,,,,
"US1NCCB0042","CONCORD 8.3 W, NC US","35.392","-80.7412","198.4","2025-06-03",,,,,,,,,"0.0",",,N",,,"0.0",",,N",,,,,,,,,,,,,,,,,,,,,,,,,,,,,,,,,,
"US1NCCB0042","CONCORD 8.3 W, NC US","35.392","-80.7412","198.4","2025-06-04",,,,,,,,,"0.0",",,N",,,"0.0",",,N",,,,,,,,,,,,,,,,,,,,,,,,,,,,,,,,,,
"US1NCCB0042","CONCORD 8.3 W, NC US","35.392","-80.7412","198.4","2025-06-05",,,,,,,,,"6.4",",,N",,,,,,,,,,,,,,,,,,,,,,,,,,,,,,,,,,,,,,
"US1NCCB0042","CONCORD 8.3 W, NC US","35.392","-80.7412","198.4","2025-06-06",,,,,,,,,"48.8",",,N",,,,,,,,,,,,,,,,,,,,,,,,,,,,,,,,,,,,,,
"US1NCCB0042","CONCORD 8.3 W, NC US","35.392","-80.7412","198.4","2025-06-07",,,,,,,,,"5.8",",,N",,,,,,,,,,,,,,,,,,,,,,,,,,,,,,,,,,,,,,
"US1NCCB0042","CONCORD 8.3 W, NC US","35.392","-80.7412","198.4","2025-06-08",,,,,,,,,"0.3",",,N",,,,,,,,,,,,,,,,,,,,,,,,,,,,,,,,,,,,,,
"US1NCCB0042","CONCORD 8.3 W, NC US","35.392","-80.7412","198.4","2025-06-09",,,,,,,,,"0.0",",,N",,,"0.0",",,N",,,,,,,,,,,,,,,,,,,,,,,,,,,,,,,,,,
"US1NCCB0042","CONCORD 8.3 W, NC US","35.392","-80.7412","198.4","2025-06-10",,,,,,,,,"17.5",",,N",,,,,,,,,,,,,,,,,,,,,,,,,,,,,,,,,,,,,,
"US1NCCB0042","CONCORD 8.3 W, NC US","35.392","-80.7412","198.4","2025-06-11",,,,,,,,,"5.6",",,N",,,,,,,,,,,,,,,,,,,,,,,,,,,,,,,,,,,,,,
"US1NCCB0042","CONCORD 8.3 W, NC US","35.392","-80.7412","198.4","2025-06-12",,,,,,,,,"0.0",",,N",,,"0.0",",,N",,,,,,,,,,,,,,,,,,,,,,,,,,,,,,,,,,
"US1NCCB0042","CONCORD 8.3 W, NC US","35.392","-80.7412","198.4","2025-06-13",,,,,,,,,"20.6",",,N",,,,,,,,,,,,,,,,,,,,,,,,,,,,,,,,,,,,,,
"US1NCCB0042","CONCORD 8.3 W, NC US","35.392","-80.7412","198.4","2025-06-14",,,,,,,,,"1.3",",,N",,,,,,,,,,,,,,,,,,,,,,,,,,,,,,,,,,,,,,
"US1NCCB0042","CONCORD 8.3 W, NC US","35.392","-80.7412","198.4","2025-06-15",,,,,,,,,"5.1",",,N",,,,,,,,,,,,,,,,,,,,,,,,,,,,,,,,,,,,,,
"US1NCCB0042","CONCORD 8.3 W, NC US","35.392","-80.7412","198.4","2025-06-16",,,,,,,,,"2.5",",,N",,,,,,,,,,,,,,,,,,,,,,,,,,,,,,,,,,,,,,
"US1NCCB0042","CONCORD 8.3 W, NC US","35.392","-80.7412","198.4","2025-06-17",,,,,,,,,"23.1",",,N",,,,,,,,,,,,,,,,,,,,,,,,,,,,,,,,,,,,,,
"US1NCCB0042","CONCORD 8.3 W, NC US","35.392","-80.7412","198.4","2025-06-18",,,,,,,,,"0.0","T,,N",,,,,,,,,,,,,,,,,,,,,,,,,,,,,,,,,,,,,,
"US1NCCB0042","CONCORD 8.3 W, NC US","35.392","-80.7412","198.4","2025-06-19",,,,,,,,,"0.0",",,N",,,"0.0",",,N",,,,,,,,,,,,,,,,,,,,,,,,,,,,,,,,,,
"US1NCCB0042","CONCORD 8.3 W, NC US","35.392","-80.7412","198.4","2025-06-20",,,,,,,,,"0.0",",,N",,,"0.0",",,N",,,,,,,,,,,,,,,,,,,,,,,,,,,,,,,,,,
"US1NCCB0042","CONCORD 8.3 W, NC US","35.392","-80.7412","198.4","2025-06-21",,,,,,,,,"0.0",",,N",,,"0.0",",,N",,,,,,,,,,,,,,,,,,,,,,,,,,,,,,,,,,
"US1NCCB0042","CONCORD 8.3 W, NC US","35.392","-80.7412","198.4","2025-06-22",,,,,,,,,"0.0",",,N",,,"0.0",",,N",,,,,,,,,,,,,,,,,,,,,,,,,,,,,,,,,,
"US1NCCB0042","CONCORD 8.3 W, NC US","35.392","-80.7412","198.4","2025-06-23",,,,,,,,,"0.0",",,N",,,"0.0",",,N",,,,,,,,,,,,,,,,,,,,,,,,,,,,,,,,,,
"US1NCCB0042","CONCORD 8.3 W, NC US","35.392","-80.7412","198.4","2025-06-24",,,,,,,,,"0.0",",,N",,,"0.0",",,N",,,,,,,,,,,,,,,,,,,,,,,,,,,,,,,,,,
"US1NCCB0042","CONCORD 8.3 W, NC US","35.392","-80.7412","198.4","2025-06-25",,,,,,,,,"0.0",",,N",,,"0.0",",,N",,,,,,,,,,,,,,,,,,,,,,,,,,,,,,,,,,
"US1NCCB0042","CONCORD 8.3 W, NC US","35.392","-80.7412","198.4","2025-06-26",,,,,,,,,"0.0",",,N",,,"0.0",",,N",,,,,,,,,,,,,,,,,,,,,,,,,,,,,,,,,,
"US1NCCB0042","CONCORD 8.3 W, NC US","35.392","-80.7412","198.4","2025-06-27",,,,,,,,,"0.0",",,N",,,"0.0",",,N",,,,,,,,,,,,,,,,,,,,,,,,,,,,,,,,,,
"US1NCCB0042","CONCORD 8.3 W, NC US","35.392","-80.7412","198.4","2025-06-28",,,,,,,,,"1.0",",,N",,,,,,,,,,,,,,,,,,,,,,,,,,,,,,,,,,,,,,
"US1NCCB0042","CONCORD 8.3 W, NC US","35.392","-80.7412","198.4","2025-06-29",,,,,,,,,"15.5",",,N",,,,,,,,,,,,,,,,,,,,,,,,,,,,,,,,,,,,,,
"US1NCCB0042","CONCORD 8.3 W, NC US","35.392","-80.7412","198.4","2025-06-30",,,,,,,,,"17.3",",,N",,,,,,,,,,,,,,,,,,,,,,,,,,,,,,,,,,,,,,
"US1SCLN0010","INDIAN LAND 4.7 S, SC US","34.935203","-80.841296","174.7","2025-06-01",,,,,,,,,"0.0",",,N",,,"0.0",",,N",,,,,,,,,,,,,,,,,,,,,,,,,,,,,,,,,,
"US1SCLN0010","INDIAN LAND 4.7 S, SC US","34.935203","-80.841296","174.7","2025-06-02",,,,,,,,,"0.0",",,N",,,"0.0",",,N",,,,,,,,,,,,,,,,,,,,,,,,,,,,,,,,,,
"US1SCLN0010","INDIAN LAND 4.7 S, SC US","34.935203","-80.841296","174.7","2025-06-03",,,,,,,,,"0.0",",,N",,,"0.0",",,N",,,,,,,,,,,,,,,,,,,,,,,,,,,,,,,,,,
"US1SCLN0010","INDIAN LAND 4.7 S, SC US","34.935203","-80.841296","174.7","2025-06-04",,,,,,,,,"0.0",",,N",,,"0.0",",,N",,,,,,,,,,,,,,,,,,,,,,,,,,,,,,,,,,
"US1SCLN0010","INDIAN LAND 4.7 S, SC US","34.935203","-80.841296","174.7","2025-06-05",,,,,,,,,"15.2",",,N",,,,,,,,,,,,,,,,,,,,,,,,,,,,,,,,,,,,,,
"US1SCLN0010","INDIAN LAND 4.7 S, SC US","34.935203","-80.841296","174.7","2025-06-06",,,,,,,,,"3.3",",,N",,,,,,,,,,,,,,,,,,,,,,,,,,,,,,,,,,,,,,
"US1SCLN0010","INDIAN LAND 4.7 S, SC US","34.935203","-80.841296","174.7","2025-06-07",,,,,,,,,"0.0",",,N",,,"0.0",",,N",,,,,,,,,,,,,,,,,,,,,,,,,,,,,,,,,,
"US1SCLN0010","INDIAN LAND 4.7 S, SC US","34.935203","-80.841296","174.7","2025-06-09",,,,,,,,,"0.0",",,N",,,"0.0",",,N",,,,,,,,,,,,,,,,,,,,,,,,,,,,,,,,,,
"US1SCLN0010","INDIAN LAND 4.7 S, SC US","34.935203","-80.841296","174.7","2025-06-10",,,,,,,,,"16.5",",,N",,,,,,,,,,,,,,,,,,,,,,,,,,,,,,,,,,,,,,
"US1SCLN0010","INDIAN LAND 4.7 S, SC US","34.935203","-80.841296","174.7","2025-06-13",,,,,,,,,"15.2",",,N",,,,,,,,,,,,,,,,,,,,,,,,,,,,,,,,,,,,,,
"US1SCLN0010","INDIAN LAND 4.7 S, SC US","34.935203","-80.841296","174.7","2025-06-14",,,,,,,,,"0.0",",,N",,,"0.0",",,N",,,,,,,,,,,,,,,,,,,,,,,,,,,,,,,,,,
"US1SCLN0010","INDIAN LAND 4.7 S, SC US","34.935203","-80.841296","174.7","2025-06-15",,,,,,,,,"0.0",",,N",,,"0.0",",,N",,,,,,,,,,,,,,,,,,,,,,,,,,,,,,,,,,
"US1SCLN0010","INDIAN LAND 4.7 S, SC US","34.935203","-80.841296","174.7","2025-06-16",,,,,,,,,"0.0",",,N",,,"0.0",",,N",,,,,,,,,,,,,,,,,,,,,,,,,,,,,,,,,,
"US1SCLN0010","INDIAN LAND 4.7 S, SC US","34.935203","-80.841296","174.7","2025-06-17",,,,,,,,,"0.5",",,N",,,,,,,,,,,,,,,,,,,,,,,,,,,,,,,,,,,,,,
"US1SCLN0010","INDIAN LAND 4.7 S, SC US","34.935203","-80.841296","174.7","2025-06-18",,,,,,,,,"0.0",",,N",,,"0.0",",,N",,,,,,,,,,,,,,,,,,,,,,,,,,,,,,,,,,
"US1SCLN0010","INDIAN LAND 4.7 S, SC US","34.935203","-80.841296","174.7","2025-06-19",,,,,,,,,"0.0","T,,N",,,,,,,,,,,,,,,,,,,,,,,,,,,,,,,,,,,,,,
"US1SCLN0010","INDIAN LAND 4.7 S, SC US","34.935203","-80.841296","174.7","2025-06-20",,,,,,,,,"0.0",",,N",,,"0.0",",,N",,,,,,,,,,,,,,,,,,,,,,,,,,,,,,,,,,
"US1SCLN0010","INDIAN LAND 4.7 S, SC US","34.935203","-80.841296","174.7","2025-06-21",,,,,,,,,"0.0",",,N",,,"0.0",",,N",,,,,,,,,,,,,,,,,,,,,,,,,,,,,,,,,,
"US1SCLN0010","INDIAN LAND 4.7 S, SC US","34.935203","-80.841296","174.7","2025-06-22",,,,,,,,,"0.0",",,N",,,"0.0",",,N",,,,,,,,,,,,,,,,,,,,,,,,,,,,,,,,,,
"US1SCLN0010","INDIAN LAND 4.7 S, SC US","34.935203","-80.841296","174.7","2025-06-23",,,,,,,,,"0.0",",,N",,,"0.0",",,N",,,,,,,,,,,,,,,,,,,,,,,,,,,,,,,,,,
"US1SCLN0010","INDIAN LAND 4.7 S, SC US","34.935203","-80.841296","174.7","2025-06-24",,,,,,,,,"0.0",",,N",,,"0.0",",,N",,,,,,,,,,,,,,,,,,,,,,,,,,,,,,,,,,
"US1SCLN0010","INDIAN LAND 4.7 S, SC US","34.935203","-80.841296","174.7","2025-06-25",,,,,,,,,"0.0",",,N",,,"0.0",",,N",,,,,,,,,,,,,,,,,,,,,,,,,,,,,,,,,,
"US1SCLN0010","INDIAN LAND 4.7 S, SC US","34.935203","-80.841296","174.7","2025-06-26",,,,,,,,,"8.4",",,N",,,,,,,,,,,,,,,,,,,,,,,,,,,,,,,,,,,,,,
"US1SCLN0010","INDIAN LAND 4.7 S, SC US","34.935203","-80.841296","174.7","2025-06-27",,,,,,,,,"0.0",",,N",,,"0.0",",,N",,,,,,,,,,,,,,,,,,,,,,,,,,,,,,,,,,
"US1SCLN0010","INDIAN LAND 4.7 S, SC US","34.935203","-80.841296","174.7","2025-06-28",,,,,,,,,"24.9",",,N",,,,,,,,,,,,,,,,,,,,,,,,,,,,,,,,,,,,,,
"US1SCLN0010","INDIAN LAND 4.7 S, SC US","34.935203","-80.841296","174.7","2025-06-29",,,,,,,,,"0.0",",,N",,,"0.0",",,N",,,,,,,,,,,,,,,,,,,,,,,,,,,,,,,,,,
"US1SCLN0010","INDIAN LAND 4.7 S, SC US","34.935203","-80.841296","174.7","2025-06-30",,,,,,,,,"0.0",",,N",,,"0.0",",,N",,,,,,,,,,,,,,,,,,,,,,,,,,,,,,,,,,
"US1SCYR0100","YORK 5.3 SSE, SC US","34.92065","-81.2128","206.0","2025-06-01",,,,,,,,,"0.0","T,,N",,,,,,,,,,,,,,,,,,,,,,,,,,,,,,,,,,,,,,
"US1SCYR0100","YORK 5.3 SSE, SC US","34.92065","-81.2128","206.0","2025-06-02",,,,,,,,,"0.0",",,N",,,"0.0",",,N",,,,,,,,,,,,,,,,,,,,,,,,,,,,,,,,,,
"US1SCYR0100","YORK 5.3 SSE, SC US","34.92065","-81.2128","206.0","2025-06-03",,,,,,,,,"0.0",",,N",,,"0.0",",,N",,,,,,,,,,,,,,,,,,,,,,,,,,,,,,,,,,
"US1SCYR0100","YORK 5.3 SSE, SC US","34.92065","-81.2128","206.0","2025-06-04",,,,,,,,,"0.0",",,N",,,"0.0",",,N",,,,,,,,,,,,,,,,,,,,,,,,,,,,,,,,,,
"US1SCYR0100","YORK 5.3 SSE, SC US","34.92065","-81.2128","206.0","2025-06-05",,,,,,,,,"23.4",",,N",,,,,,,,,,,,,,,,,,,,,,,,,,,,,,,,,,,,,,
"US1SCYR0100","YORK 5.3 SSE, SC US","34.92065","-81.2128","206.0","2025-06-06",,,,,,,,,"6.6",",,N",,,,,,,,,,,,,,,,,,,,,,,,,,,,,,,,,,,,,,
"US1SCYR0100","YORK 5.3 SSE, SC US","34.92065","-81.2128","206.0","2025-06-07",,,,,,,,,"18.3",",,N",,,,,,,,,,,,,,,,,,,,,,,,,,,,,,,,,,,,,,
"US1SCYR0100","YORK 5.3 SSE, SC US","34.92065","-81.2128","206.0","2025-06-08",,,,,,,,,"0.5",",,N",,,,,,,,,,,,,,,,,,,,,,,,,,,,,,,,,,,,,,
"US1SCYR0100","YORK 5.3 SSE, SC US","34.92065","-81.2128","206.0","2025-06-09",,,,,,,,,"0.0",",,N",,,"0.0",",,N",,,,,,,,,,,,,,,,,,,,,,,,,,,,,,,,,,
"US1SCYR0100","YORK 5.3 SSE, SC US","34.92065","-81.2128","206.0","2025-06-10",,,,,,,,,"23.9",",,N",,,,,,,,,,,,,,,,,,,,,,,,,,,,,,,,,,,,,,
"US1SCYR0100","YORK 5.3 SSE, SC US","34.92065","-81.2128","206.0","2025-06-11",,,,,,,,,"0.0",",,N",,,"0.0",",,N",,,,,,,,,,,,,,,,,,,,,,,,,,,,,,,,,,
"US1SCYR0100","YORK 5.3 SSE, SC US","34.92065","-81.2128","206.0","2025-06-12",,,,,,,,,"0.0",",,N",,,"0.0",",,N",,,,,,,,,,,,,,,,,,,,,,,,,,,,,,,,,,
"US1SCYR0100","YORK 5.3 SSE, SC US","34.92065","-81.2128","206.0","2025-06-13",,,,,,,,,"17.5",",,N",,,,,,,,,,,,,,,,,,,,,,,,,,,,,,,,,,,,,,
"US1SCYR0100","YORK 5.3 SSE, SC US","34.92065","-81.2128","206.0","2025-06-14",,,,,,,,,"18.3",",,N",,,,,,,,,,,,,,,,,,,,,,,,,,,,,,,,,,,,,,
"US1SCYR0100","YORK 5.3 SSE, SC US","34.92065","-81.2128","206.0","2025-06-15",,,,,,,,,"0.0",",,N",,,"0.0",",,N",,,,,,,,,,,,,,,,,,,,,,,,,,,,,,,,,,
"US1SCYR0100","YORK 5.3 SSE, SC US","34.92065","-81.2128","206.0","2025-06-16",,,,,,,,,"0.0",",,N",,,"0.0",",,N",,,,,,,,,,,,,,,,,,,,,,,,,,,,,,,,,,
"US1SCYR0100","YORK 5.3 SSE, SC US","34.92065","-81.2128","206.0","2025-06-17",,,,,,,,,"3.8",",,N",,,,,,,,,,,,,,,,,,,,,,,,,,,,,,,,,,,,,,
"US1SCYR0100","YORK 5.3 SSE, SC US","34.92065","-81.2128","206.0","2025-06-18",,,,,,,,,"2.0",",,N",,,,,,,,,,,,,,,,,,,,,,,,,,,,,,,,,,,,,,
"US1SCYR0100","YORK 5.3 SSE, SC US","34.92065","-81.2128","206.0","2025-06-19",,,,,,,,,"0.0",",,N",,,"0.0",",,N",,,,,,,,,,,,,,,,,,,,,,,,,,,,,,,,,,
"US1SCYR0100","YORK 5.3 SSE, SC US","34.92065","-81.2128","206.0","2025-06-20",,,,,,,,,"0.0",",,N",,,"0.0",",,N",,,,,,,,,,,,,,,,,,,,,,,,,,,,,,,,,,
"US1SCYR0100","YORK 5.3 SSE, SC US","34.92065","-81.2128","206.0","2025-06-21",,,,,,,,,"0.0",",,N",,,"0.0",",,N",,,,,,,,,,,,,,,,,,,,,,,,,,,,,,,,,,
"US1SCYR0100","YORK 5.3 SSE, SC US","34.92065","-81.2128","206.0","2025-06-22",,,,,,,,,"0.0",",,N",,,"0.0",",,N",,,,,,,,,,,,,,,,,,,,,,,,,,,,,,,,,,
"US1SCYR0100","YORK 5.3 SSE, SC US","34.92065","-81.2128","206.0","2025-06-23",,,,,,,,,"0.0",",,N",,,"0.0",",,N",,,,,,,,,,,,,,,,,,,,,,,,,,,,,,,,,,
"US1SCYR0100","YORK 5.3 SSE, SC US","34.92065","-81.2128","206.0","2025-06-24",,,,,,,,,"0.0",",,N",,,"0.0",",,N",,,,,,,,,,,,,,,,,,,,,,,,,,,,,,,,,,
"US1SCYR0100","YORK 5.3 SSE, SC US","34.92065","-81.2128","206.0","2025-06-25",,,,,,,,,"0.0",",,N",,,"0.0",",,N",,,,,,,,,,,,,,,,,,,,,,,,,,,,,,,,,,
"US1SCYR0100","YORK 5.3 SSE, SC US","34.92065","-81.2128","206.0","2025-06-26",,,,,,,,,"19.3",",,N",,,,,,,,,,,,,,,,,,,,,,,,,,,,,,,,,,,,,,
"US1SCYR0100","YORK 5.3 SSE, SC US","34.92065","-81.2128","206.0","2025-06-27",,,,,,,,,"0.0",",,N",,,"0.0",",,N",,,,,,,,,,,,,,,,,,,,,,,,,,,,,,,,,,
"US1SCYR0100","YORK 5.3 SSE, SC US","34.92065","-81.2128","206.0","2025-06-28",,,,,,,,,"1.5",",,N",,,,,,,,,,,,,,,,,,,,,,,,,,,,,,,,,,,,,,
"US1SCYR0100","YORK 5.3 SSE, SC US","34.92065","-81.2128","206.0","2025-06-29",,,,,,,,,"0.5",",,N",,,,,,,,,,,,,,,,,,,,,,,,,,,,,,,,,,,,,,
"US1SCYR0100","YORK 5.3 SSE, SC US","34.92065","-81.2128","206.0","2025-06-30",,,,,,,,,"0.0",",,N",,,"0.0",",,N",,,,,,,,,,,,,,,,,,,,,,,,,,,,,,,,,,
"US1SCYR0068","TEGA CAY 1.0 WSW, SC US","35.02711","-81.03317","178.3","2025-06-01",,,,,,,,,"0.0",",,N",,,"0.0",",,N",,,,,,,,,,,,,,,,,,,,,,,,,,,,,,,,,,
"US1SCYR0068","TEGA CAY 1.0 WSW, SC US","35.02711","-81.03317","178.3","2025-06-02",,,,,,,,,"0.0",",,N",,,"0.0",",,N",,,,,,,,,,,,,,,,,,,,,,,,,,,,,,,,,,
"US1SCYR0068","TEGA CAY 1.0 WSW, SC US","35.02711","-81.03317","178.3","2025-06-03",,,,,,,,,"0.0",",,N",,,"0.0",",,N",,,,,,,,,,,,,,,,,,,,,,,,,,,,,,,,,,
"US1SCYR0068","TEGA CAY 1.0 WSW, SC US","35.02711","-81.03317","178.3","2025-06-04",,,,,,,,,"0.0",",,N",,,"0.0",",,N",,,,,,,,,,,,,,,,,,,,,,,,,,,,,,,,,,
"US1SCYR0068","TEGA CAY 1.0 WSW, SC US","35.02711","-81.03317","178.3","2025-06-05",,,,,,,,,"19.8",",,N",,,,,,,,,,,,,,,,,,,,,,,,,,,,,,,,,,,,,,
"US1SCYR0068","TEGA CAY 1.0 WSW, SC US","35.02711","-81.03317","178.3","2025-06-06",,,,,,,,,"8.1",",,N",,,,,,,,,,,,,,,,,,,,,,,,,,,,,,,,,,,,,,
"US1SCYR0068","TEGA CAY 1.0 WSW, SC US","35.02711","-81.03317","178.3","2025-06-07",,,,,,,,,"1.0",",,N",,,,,,,,,,,,,,,,,,,,,,,,,,,,,,,,,,,,,,
"US1SCYR0068","TEGA CAY 1.0 WSW, SC US","35.02711","-81.03317","178.3","2025-06-08",,,,,,,,,"0.0",",,N",,,"0.0",",,N",,,,,,,,,,,,,,,,,,,,,,,,,,,,,,,,,,
"US1SCYR0068","TEGA CAY 1.0 WSW, SC US","35.02711","-81.03317","178.3","2025-06-09",,,,,,,,,"0.0",",,N",,,"0.0",",,N",,,,,,,,,,,,,,,,,,,,,,,,,,,,,,,,,,
"US1SCYR0068","TEGA CAY 1.0 WSW, SC US","35.02711","-81.03317","178.3","2025-06-10",,,,,,,,,"13.5",",,N",,,,,,,,,,,,,,,,,,,,,,,,,,,,,,,,,,,,,,
"US1SCYR0068","TEGA CAY 1.0 WSW, SC US","35.02711","-81.03317","178.3","2025-06-11",,,,,,,,,"0.0",",,N",,,"0.0",",,N",,,,,,,,,,,,,,,,,,,,,,,,,,,,,,,,,,
"US1SCYR0068","TEGA CAY 1.0 WSW, SC US","35.02711","-81.03317","178.3","2025-06-12",,,,,,,,,"0.0",",,N",,,"0.0",",,N",,,,,,,,,,,,,,,,,,,,,,,,,,,,,,,,,,
"US1SCYR0068","TEGA CAY 1.0 WSW, SC US","35.02711","-81.03317","178.3","2025-06-13",,,,,,,,,"13.5",",,N",,,,,,,,,,,,,,,,,,,,,,,,,,,,,,,,,,,,,,
"US1SCYR0068","TEGA CAY 1.0 WSW, SC US","35.02711","-81.03317","178.3","2025-06-14",,,,,,,,,"0.5",",,N",,,,,,,,,,,,,,,,,,,,,,,,,,,,,,,,,,,,,,
"US1SCYR0068","TEGA CAY 1.0 WSW, SC US","35.02711","-81.03317","178.3","2025-06-15",,,,,,,,,"0.0",",,N",,,"0.0",",,N",,,,,,,,,,,,,,,,,,,,,,,,,,,,,,,,,,
"US1SCYR0068","TEGA CAY 1.0 WSW, SC US","35.02711","-81.03317","178.3","2025-06-16",,,,,,,,,"0.0",",,N",,,"0.0",",,N",,,,,,,,,,,,,,,,,,,,,,,,,,,,,,,,,,
"US1SCYR0068","TEGA CAY 1.0 WSW, SC US","35.02711","-81.03317","178.3","2025-06-17",,,,,,,,,"16.3",",,N",,,,,,,,,,,,,,,,,,,,,,,,,,,,,,,,,,,,,,
"US1SCYR0068","TEGA CAY 1.0 WSW, SC US","35.02711","-81.03317","178.3","2025-06-18",,,,,,,,,"0.0","T,,N",,,,,,,,,,,,,,,,,,,,,,,,,,,,,,,,,,,,,,
"US1SCYR0068","TEGA CAY 1.0 WSW, SC US","35.02711","-81.03317","178.3","2025-06-19",,,,,,,,,"0.0",",,N",,,"0.0",",,N",,,,,,,,,,,,,,,,,,,,,,,,,,,,,,,,,,
"US1SCYR0068","TEGA CAY 1.0 WSW, SC US","35.02711","-81.03317","178.3","2025-06-20",,,,,,,,,"0.0",",,N",,,"0.0",",,N",,,,,,,,,,,,,,,,,,,,,,,,,,,,,,,,,,
"US1SCYR0068","TEGA CAY 1.0 WSW, SC US","35.02711","-81.03317","178.3","2025-06-21",,,,,,,,,"0.0",",,N",,,"0.0",",,N",,,,,,,,,,,,,,,,,,,,,,,,,,,,,,,,,,
"US1SCYR0068","TEGA CAY 1.0 WSW, SC US","35.02711","-81.03317","178.3","2025-06-22",,,,,,,,,"0.0",",,N",,,"0.0",",,N",,,,,,,,,,,,,,,,,,,,,,,,,,,,,,,,,,
"US1SCYR0068","TEGA CAY 1.0 WSW, SC US","35.02711","-81.03317","178.3","2025-06-23",,,,,,,,,"0.0",",,N",,,"0.0",",,N",,,,,,,,,,,,,,,,,,,,,,,,,,,,,,,,,,
"US1SCYR0068","TEGA CAY 1.0 WSW, SC US","35.02711","-81.03317","178.3","2025-06-24",,,,,,,,,"0.0",",,N",,,"0.0",",,N",,,,,,,,,,,,,,,,,,,,,,,,,,,,,,,,,,
"US1SCYR0068","TEGA CAY 1.0 WSW, SC US","35.02711","-81.03317","178.3","2025-06-25",,,,,,,,,"0.0",",,N",,,"0.0",",,N",,,,,,,,,,,,,,,,,,,,,,,,,,,,,,,,,,
"US1SCYR0068","TEGA CAY 1.0 WSW, SC US","35.02711","-81.03317","178.3","2025-06-26",,,,,,,,,"39.6",",,N",,,,,,,,,,,,,,,,,,,,,,,,,,,,,,,,,,,,,,
"US1SCYR0068","TEGA CAY 1.0 WSW, SC US","35.02711","-81.03317","178.3","2025-06-27",,,,,,,,,"0.0",",,N",,,"0.0",",,N",,,,,,,,,,,,,,,,,,,,,,,,,,,,,,,,,,
"US1SCYR0068","TEGA CAY 1.0 WSW, SC US","35.02711","-81.03317","178.3","2025-06-28",,,,,,,,,"21.8",",,N",,,,,,,,,,,,,,,,,,,,,,,,,,,,,,,,,,,,,,
"US1SCYR0068","TEGA CAY 1.0 WSW, SC US","35.02711","-81.03317","178.3","2025-06-29",,,,,,,,,"7.6",",,N",,,,,,,,,,,,,,,,,,,,,,,,,,,,,,,,,,,,,,
"US1SCYR0068","TEGA CAY 1.0 WSW, SC US","35.02711","-81.03317","178.3","2025-06-30",,,,,,,,,"0.8",",,N",,,"0.0",",,N",,,,,,,,,,,,,,,,,,,,,,,,,,,,,,,,,,
"US1SCYR0101","CLOVER 1.1 NW, SC US","35.121638","-81.24314","240.5","2025-06-01",,,,,,,,,"0.0",",,N",,,"0.0",",,N",,,,,,,,,,,,,,,,,,,,,,,,,,,,,,,,,,
"US1SCYR0101","CLOVER 1.1 NW, SC US","35.121638","-81.24314","240.5","2025-06-02",,,,,,,,,"0.0",",,N",,,"0.0",",,N",,,,,,,,,,,,,,,,,,,,,,,,,,,,,,,,,,
"US1SCYR0101","CLOVER 1.1 NW, SC US","35.121638","-81.24314","240.5","2025-06-03",,,,,,,,,"0.0",",,N",,,"0.0",",,N",,,,,,,,,,,,,,,,,,,,,,,,,,,,,,,,,,
"US1SCYR0101","CLOVER 1.1 NW, SC US","35.121638","-81.24314","240.5","2025-06-04",,,,,,,,,"0.0",",,N",,,"0.0",",,N",,,,,,,,,,,,,,,,,,,,,,,,,,,,,,,,,,
"US1SCYR0101","CLOVER 1.1 NW, SC US","35.121638","-81.24314","240.5","2025-06-05",,,,,,,,,"25.4",",,N",,,,,,,,,,,,,,,,,,,,,,,,,,,,,,,,,,,,,,
"US1SCYR0101","CLOVER 1.1 NW, SC US","35.121638","-81.24314","240.5","2025-06-06",,,,,,,,,"10.9",",,N",,,,,,,,,,,,,,,,,,,,,,,,,,,,,,,,,,,,,,
"US1SCYR0101","CLOVER 1.1 NW, SC US","35.121638","-81.24314","240.5","2025-06-07",,,,,,,,,"8.1",",,N",,,,,,,,,,,,,,,,,,,,,,,,,,,,,,,,,,,,,,
"US1SCYR0101","CLOVER 1.1 NW, SC US","35.121638","-81.24314","240.5","2025-06-08",,,,,,,,,"0.8",",,N",,,,,,,,,,,,,,,,,,,,,,,,,,,,,,,,,,,,,,
"US1SCYR0101","CLOVER 1.1 NW, SC US","35.121638","-81.24314","240.5","2025-06-09",,,,,,,,,"1.3",",,N",,,,,,,,,,,,,,,,,,,,,,,,,,,,,,,,,,,,,,
"US1SCYR0101","CLOVER 1.1 NW, SC US","35.121638","-81.24314","240.5","2025-06-10",,,,,,,,,"11.4",",,N",,,,,,,,,,,,,,,,,,,,,,,,,,,,,,,,,,,,,,
"US1SCYR0101","CLOVER 1.1 NW, SC US","35.121638","-81.24314","240.5","2025-06-11",,,,,,,,,"0.0",",,N",,,"0.0",",,N",,,,,,,,,,,,,,,,,,,,,,,,,,,,,,,,,,
"US1SCYR0101","CLOVER 1.1 NW, SC US","35.121638","-81.24314","240.5","2025-06-12",,,,,,,,,"0.0",",,N",,,"0.0",",,N",,,,,,,,,,,,,,,,,,,,,,,,,,,,,,,,,,
"US1SCYR0101","CLOVER 1.1 NW, SC US","35.121638","-81.24314","240.5","2025-06-13",,,,,,,,,"18.8",",,N",,,,,,,,,,,,,,,,,,,,,,,,,,,,,,,,,,,,,,
"US1SCYR0101","CLOVER 1.1 NW, SC US","35.121638","-81.24314","240.5","2025-06-14",,,,,,,,,"12.7",",,N",,,,,,,,,,,,,,,,,,,,,,,,,,,,,,,,,,,,,,
"US1SCYR0101","CLOVER 1.1 NW, SC US","35.121638","-81.24314","240.5","2025-06-15",,,,,,,,,"0.0",",,N",,,"0.0",",,N",,,,,,,,,,,,,,,,,,,,,,,,,,,,,,,,,,
"US1SCYR0101","CLOVER 1.1 NW, SC US","35.121638","-81.24314","240.5","2025-06-16",,,,,,,,,"0.0",",,N",,,"0.0",",,N",,,,,,,,,,,,,,,,,,,,,,,,,,,,,,,,,,
"US1SCYR0101","CLOVER 1.1 NW, SC US","35.121638","-81.24314","240.5","2025-06-17",,,,,,,,,"17.8",",,N",,,,,,,,,,,,,,,,,,,,,,,,,,,,,,,,,,,,,,
"US1SCYR0101","CLOVER 1.1 NW, SC US","35.121638","-81.24314","240.5","2025-06-18",,,,,,,,,"0.8",",,N",,,,,,,,,,,,,,,,,,,,,,,,,,,,,,,,,,,,,,
"US1SCYR0101","CLOVER 1.1 NW, SC US","35.121638","-81.24314","240.5","2025-06-19",,,,,,,,,"0.0",",,N",,,"0.0",",,N",,,,,,,,,,,,,,,,,,,,,,,,,,,,,,,,,,
"US1SCYR0101","CLOVER 1.1 NW, SC US","35.121638","-81.24314","240.5","2025-06-20",,,,,,,,,"0.0",",,N",,,"0.0",",,N",,,,,,,,,,,,,,,,,,,,,,,,,,,,,,,,,,
"US1SCYR0101","CLOVER 1.1 NW, SC US","35.121638","-81.24314","240.5","2025-06-21",,,,,,,,,"0.0",",,N",,,"0.0",",,N",,,,,,,,,,,,,,,,,,,,,,,,,,,,,,,,,,
"US1SCYR0101","CLOVER 1.1 NW, SC US","35.121638","-81.24314","240.5","2025-06-22",,,,,,,,,"0.0",",,N",,,"0.0",",,N",,,,,,,,,,,,,,,,,,,,,,,,,,,,,,,,,,
"US1SCYR0101","CLOVER 1.1 NW, SC US","35.121638","-81.24314","240.5","2025-06-23",,,,,,,,,"0.0",",,N",,,"0.0",",,N",,,,,,,,,,,,,,,,,,,,,,,,,,,,,,,,,,
"US1SCYR0101","CLOVER 1.1 NW, SC US","35.121638","-81.24314","240.5","2025-06-24",,,,,,,,,"0.0",",,N",,,"0.0",",,N",,,,,,,,,,,,,,,,,,,,,,,,,,,,,,,,,,
"US1SCYR0101","CLOVER 1.1 NW, SC US","35.121638","-81.24314","240.5","2025-06-25",,,,,,,,,"0.0",",,N",,,"0.0",",,N",,,,,,,,,,,,,,,,,,,,,,,,,,,,,,,,,,
"US1SCYR0101","CLOVER 1.1 NW, SC US","35.121638","-81.24314","240.5","2025-06-26",,,,,,,,,"3.6",",,N",,,,,,,,,,,,,,,,,,,,,,,,,,,,,,,,,,,,,,
"US1SCYR0101","CLOVER 1.1 NW, SC US","35.121638","-81.24314","240.5","2025-06-27",,,,,,,,,"0.0",",,N",,,"0.0",",,N",,,,,,,,,,,,,,,,,,,,,,,,,,,,,,,,,,
"US1SCYR0101","CLOVER 1.1 NW, SC US","35.121638","-81.24314","240.5","2025-06-28",,,,,,,,,"2.0",",,N",,,,,,,,,,,,,,,,,,,,,,,,,,,,,,,,,,,,,,
"US1SCYR0101","CLOVER 1.1 NW, SC US","35.121638","-81.24314","240.5","2025-06-29",,,,,,,,,"3.3",",,N",,,,,,,,,,,,,,,,,,,,,,,,,,,,,,,,,,,,,,
"US1SCYR0101","CLOVER 1.1 NW, SC US","35.121638","-81.24314","240.5","2025-06-30",,,,,,,,,"0.0",",,N",,,"0.0",",,N",,,,,,,,,,,,,,,,,,,,,,,,,,,,,,,,,,
"US1SCYR0069","ROCK HILL 3.4 WNW, SC US","34.95677","-81.08519","203.3","2025-06-03",,,"    5",",,N","26.9",",,N",,,,,,,,,,,,,,,,,,,,,,,,,,,,,,,,,,,,,,,,,,
"US1SCYR0069","ROCK HILL 3.4 WNW, SC US","34.95677","-81.08519","203.3","2025-06-05",,,,,,,,,"14.0",",,N",,,,,,,,,,,,,,,,,,,,,,,,,,,,,,,,,,,,,,
"US1SCYR0069","ROCK HILL 3.4 WNW, SC US","34.95677","-81.08519","203.3","2025-06-06",,,,,,,,,"6.6",",,N",,,,,,,,,,,,,,,,,,,,,,,,,,,,,,,,,,,,,,
"US1SCYR0069","ROCK HILL 3.4 WNW, SC US","34.95677","-81.08519","203.3","2025-06-07",,,,,,,,,"10.2",",,N",,,,,,,,,,,,,,,,,,,,,,,,,,,,,,,,,,,,,,
"US1SCYR0069","ROCK HILL 3.4 WNW, SC US","34.95677","-81.08519","203.3","2025-06-08",,,,,,,,,"0.5",",,N",,,,,,,,,,,,,,,,,,,,,,,,,,,,,,,,,,,,,,
"US1SCYR0069","ROCK HILL 3.4 WNW, SC US","34.95677","-81.08519","203.3","2025-06-09",,,,,,,,,"0.0",",,N",,,"0.0",",,N",,,,,,,,,,,,,,,,,,,,,,,,,,,,,,,,,,
"US1SCYR0069","ROCK HILL 3.4 WNW, SC US","34.95677","-81.08519","203.3","2025-06-10",,,,,,,,,"39.9",",,N",,,,,,,,,,,,,,,,,,,,,,,,,,,,,,,,,,,,,,
"US1SCYR0069","ROCK HILL 3.4 WNW, SC US","34.95677","-81.08519","203.3","2025-06-13",,,,,,,,,"24.4",",,N",,,,,,,,,,,,,,,,,,,,,,,,,,,,,,,,,,,,,,
"US1SCYR0069","ROCK HILL 3.4 WNW, SC US","34.95677","-81.08519","203.3","2025-06-14",,,,,,,,,"6.6",",,N",,,,,,,,,,,,,,,,,,,,,,,,,,,,,,,,,,,,,,
"US1SCYR0069","ROCK HILL 3.4 WNW, SC US","34.95677","-81.08519","203.3","2025-06-16",,,,,,,,,"0.0",",,N",,,"0.0",",,N",,,,,,,,,,,,,,,,,,,,,,,,,,,,,,,,,,
"US1SCYR0069","ROCK HILL 3.4 WNW, SC US","34.95677","-81.08519","203.3","2025-06-17",,,,,,,,,"5.3",",,N",,,,,,,,,,,,,,,,,,,,,,,,,,,,,,,,,,,,,,
"US1SCYR0069","ROCK HILL 3.4 WNW, SC US","34.95677","-81.08519","203.3","2025-06-18",,,,,,,,,"0.8",",,N",,,,,,,,,,,,,,,,,,,,,,,,,,,,,,,,,,,,,,
"US1SCYR0069","ROCK HILL 3.4 WNW, SC US","34.95677","-81.08519","203.3","2025-06-19",,,,,,,,,"0.0",",,N",,,"0.0",",,N",,,,,,,,,,,,,,,,,,,,,,,,,,,,,,,,,,
"US1SCYR0069","ROCK HILL 3.4 WNW, SC US","34.95677","-81.08519","203.3","2025-06-22",,,,,,,,,"0.0",",,N",,,"0.0",",,N",,,,,,,,,,,,,,,,,,,,,,,,,,,,,,,,,,
"US1SCYR0069","ROCK HILL 3.4 WNW, SC US","34.95677","-81.08519","203.3","2025-06-25",,,,,,,,,"0.0",",,N",,,"0.0",",,N",,,,,,,,,,,,,,,,,,,,,,,,,,,,,,,,,,
"US1SCYR0069","ROCK HILL 3.4 WNW, SC US","34.95677","-81.08519","203.3","2025-06-26",,,,,,,,,"14.2",",,N",,,,,,,,,,,,,,,,,,,,,,,,,,,,,,,,,,,,,,
"US1SCYR0069","ROCK HILL 3.4 WNW, SC US","34.95677","-81.08519","203.3","2025-06-28",,,,,,,,,"0.5",",,N",,,,,,,,,,,,,,,,,,,,,,,,,,,,,,,,,,,,,,
"US1SCYR0069","ROCK HILL 3.4 WNW, SC US","34.95677","-81.08519","203.3","2025-06-29",,,,,,,,,"0.0",",,N",,,"0.0",",,N",,,,,,,,,,,,,,,,,,,,,,,,,,,,,,,,,,
"US1SCYR0069","ROCK HILL 3.4 WNW, SC US","34.95677","-81.08519","203.3","2025-06-30",,,,,,,,,"0.0",",,N",,,"0.0",",,N",,,,,,,,,,,,,,,,,,,,,,,,,,,,,,,,,,
"US1SCYR0062","ROCK HILL 1.9 ENE, SC US","34.953688","-80.999344","196.9","2025-06-05",,,,,,,,,"16.5",",,N",,,,,,,,,,,,,,,,,,,,,,,,,,,,,,,,,,,,,,
"US1SCYR0062","ROCK HILL 1.9 ENE, SC US","34.953688","-80.999344","196.9","2025-06-06",,,,,,,,,"4.1",",,N",,,,,,,,,,,,,,,,,,,,,,,,,,,,,,,,,,,,,,
"US1SCYR0062","ROCK HILL 1.9 ENE, SC US","34.953688","-80.999344","196.9","2025-06-10",,,,,,,,,"48.8",",,N",,,,,,,,,,,,,,,,,,,,,,,,,,,,,,,,,,,,,,
"US1SCYR0062","ROCK HILL 1.9 ENE, SC US","34.953688","-80.999344","196.9","2025-06-13",,,,,,,,,"34.3",",,N",,,,,,,,,,,,,,,,,,,,,,,,,,,,,,,,,,,,,,
"US1SCYR0062","ROCK HILL 1.9 ENE, SC US","34.953688","-80.999344","196.9","2025-06-14",,,,,,,,,"5.6",",,N",,,,,,,,,,,,,,,,,,,,,,,,,,,,,,,,,,,,,,
"US1SCYR0062","ROCK HILL 1.9 ENE, SC US","34.953688","-80.999344","196.9","2025-06-26",,,,,,,,,"15.7",",,N",,,,,,,,,,,,,,,,,,,,,,,,,,,,,,,,,,,,,,
"US1SCYR0064","FORT MILL 2.3 W, SC US","35.0025","-80.9834","210.6","2025-06-01",,,,,,,,,"0.0","T,,N",,,,,,,,,,,,,,,,,,,,,,,,,,,,,,,,,,,,,,
"US1SCYR0064","FORT MILL 2.3 W, SC US","35.0025","-80.9834","210.6","2025-06-02",,,,,,,,,"0.0",",,N",,,"0.0",",,N",,,,,,,,,,,,,,,,,,,,,,,,,,,,,,,,,,
"US1SCYR0064","FORT MILL 2.3 W, SC US","35.0025","-80.9834","210.6","2025-06-03",,,,,,,,,"0.0",",,N",,,"0.0",",,N",,,,,,,,,,,,,,,,,,,,,,,,,,,,,,,,,,
"US1SCYR0064","FORT MILL 2.3 W, SC US","35.0025","-80.9834","210.6","2025-06-04",,,,,,,,,"0.0",",,N",,,"0.0",",,N",,,,,,,,,,,,,,,,,,,,,,,,,,,,,,,,,,
"US1SCYR0064","FORT MILL 2.3 W, SC US","35.0025","-80.9834","210.6","2025-06-06",,,"    2",",,N","20.1",",,N",,,,,,,,,,,,,,,,,,,,,,,,,,,,,,,,,,,,,,,,,,
"US1SCYR0064","FORT MILL 2.3 W, SC US","35.0025","-80.9834","210.6","2025-06-07",,,,,,,,,"3.0",",,N",,,,,,,,,,,,,,,,,,,,,,,,,,,,,,,,,,,,,,
"US1SCYR0064","FORT MILL 2.3 W, SC US","35.0025","-80.9834","210.6","2025-06-08",,,,,,,,,"0.0","T,,N",,,,,,,,,,,,,,,,,,,,,,,,,,,,,,,,,,,,,,
"US1SCYR0064","FORT MILL 2.3 W, SC US","35.0025","-80.9834","210.6","2025-06-09",,,,,,,,,"0.0","T,,N",,,,,,,,,,,,,,,,,,,,,,,,,,,,,,,,,,,,,,
"US1SCYR0064","FORT MILL 2.3 W, SC US","35.0025","-80.9834","210.6","2025-06-10",,,,,,,,,"47.2",",,N",,,,,,,,,,,,,,,,,,,,,,,,,,,,,,,,,,,,,,
"US1SCYR0064","FORT MILL 2.3 W, SC US","35.0025","-80.9834","210.6","2025-06-11",,,,,,,,,"0.0",",,N",,,"0.0",",,N",,,,,,,,,,,,,,,,,,,,,,,,,,,,,,,,,,
"US1SCYR0064","FORT MILL 2.3 W, SC US","35.0025","-80.9834","210.6","2025-06-12",,,,,,,,,"0.0",",,N",,,"0.0",",,N",,,,,,,,,,,,,,,,,,,,,,,,,,,,,,,,,,
"US1SCYR0064","FORT MILL 2.3 W, SC US","35.0025","-80.9834","210.6","2025-06-13",,,,,,,,,"28.7",",,N",,,,,,,,,,,,,,,,,,,,,,,,,,,,,,,,,,,,,,
"US1SCYR0064","FORT MILL 2.3 W, SC US","35.0025","-80.9834","210.6","2025-06-14",,,,,,,,,"0.5",",,N",,,,,,,,,,,,,,,,,,,,,,,,,,,,,,,,,,,,,,
"US1SCYR0064","FORT MILL 2.3 W, SC US","35.0025","-80.9834","210.6","2025-06-15",,,,,,,,,"0.0",",,N",,,"0.0",",,N",,,,,,,,,,,,,,,,,,,,,,,,,,,,,,,,,,
"US1SCYR0064","FORT MILL 2.3 W, SC US","35.0025","-80.9834","210.6","2025-06-16",,,,,,,,,"0.0",",,N",,,"0.0",",,N",,,,,,,,,,,,,,,,,,,,,,,,,,,,,,,,,,
"US1SCYR0064","FORT MILL 2.3 W, SC US","35.0025","-80.9834","210.6","2025-06-17",,,,,,,,,"29.2",",,N",,,,,,,,,,,,,,,,,,,,,,,,,,,,,,,,,,,,,,
"US1SCYR0064","FORT MILL 2.3 W, SC US","35.0025","-80.9834","210.6","2025-06-18",,,,,,,,,"0.0","T,,N",,,,,,,,,,,,,,,,,,,,,,,,,,,,,,,,,,,,,,
"US1SCYR0064","FORT MILL 2.3 W, SC US","35.0025","-80.9834","210.6","2025-06-19",,,,,,,,,"0.0",",,N",,,"0.0",",,N",,,,,,,,,,,,,,,,,,,,,,,,,,,,,,,,,,
"US1SCYR0064","FORT MILL 2.3 W, SC US","35.0025","-80.9834","210.6","2025-06-20",,,,,,,,,"0.0",",,N",,,"0.0",",,N",,,,,,,,,,,,,,,,,,,,,,,,,,,,,,,,,,
"US1SCYR0064","FORT MILL 2.3 W, SC US","35.0025","-80.9834","210.6","2025-06-21",,,,,,,,,"0.0",",,N",,,"0.0",",,N",,,,,,,,,,,,,,,,,,,,,,,,,,,,,,,,,,
"US1SCYR0064","FORT MILL 2.3 W, SC US","35.0025","-80.9834","210.6","2025-06-22",,,,,,,,,"0.0",",,N",,,"0.0",",,N",,,,,,,,,,,,,,,,,,,,,,,,,,,,,,,,,,
"US1SCYR0064","FORT MILL 2.3 W, SC US","35.0025","-80.9834","210.6","2025-06-23",,,,,,,,,"0.0",",,N",,,"0.0",",,N",,,,,,,,,,,,,,,,,,,,,,,,,,,,,,,,,,
"US1SCYR0064","FORT MILL 2.3 W, SC US","35.0025","-80.9834","210.6","2025-06-24",,,,,,,,,"0.0",",,N",,,"0.0",",,N",,,,,,,,,,,,,,,,,,,,,,,,,,,,,,,,,,
"US1SCYR0064","FORT MILL 2.3 W, SC US","35.0025","-80.9834","210.6","2025-06-25",,,,,,,,,"0.0",",,N",,,"0.0",",,N",,,,,,,,,,,,,,,,,,,,,,,,,,,,,,,,,,
"US1SCYR0064","FORT MILL 2.3 W, SC US","35.0025","-80.9834","210.6","2025-06-26",,,,,,,,,"38.1",",,N",,,,,,,,,,,,,,,,,,,,,,,,,,,,,,,,,,,,,,
"US1SCYR0064","FORT MILL 2.3 W, SC US","35.0025","-80.9834","210.6","2025-06-27",,,,,,,,,"0.0",",,N",,,"0.0",",,N",,,,,,,,,,,,,,,,,,,,,,,,,,,,,,,,,,
"US1SCYR0064","FORT MILL 2.3 W, SC US","35.0025","-80.9834","210.6","2025-06-28",,,,,,,,,"8.1",",,N",,,,,,,,,,,,,,,,,,,,,,,,,,,,,,,,,,,,,,
"US1SCYR0064","FORT MILL 2.3 W, SC US","35.0025","-80.9834","210.6","2025-06-29",,,,,,,,,"17.8",",,N",,,,,,,,,,,,,,,,,,,,,,,,,,,,,,,,,,,,,,
"US1SCYR0064","FORT MILL 2.3 W, SC US","35.0025","-80.9834","210.6","2025-06-30",,,,,,,,,"0.8",",,N",,,,,,,,,,,,,,,,,,,,,,,,,,,,,,,,,,,,,,
"US1NCGS0067","BELMONT 5.3 S, NC US","35.17485","-81.024048","201.2","2025-06-02",,,,,,,,,"0.0","T,,N",,,,,,,,,,,,,,,,,,,,,,,,,,,,,,,,,,,,,,
"US1NCGS0067","BELMONT 5.3 S, NC US","35.17485","-81.024048","201.2","2025-06-03",,,,,,,,,"0.0",",,N",,,"0.0",",,N",,,,,,,,,,,,,,,,,,,,,,,,,,,,,,,,,,
"US1NCGS0067","BELMONT 5.3 S, NC US","35.17485","-81.024048","201.2","2025-06-04",,,,,,,,,"0.0",",,N",,,"0.0",",,N",,,,,,,,,,,,,,,,,,,,,,,,,,,,,,,,,,
"US1NCGS0067","BELMONT 5.3 S, NC US","35.17485","-81.024048","201.2","2025-06-05",,,,,,,,,"15.2",",,N",,,,,,,,,,,,,,,,,,,,,,,,,,,,,,,,,,,,,,
"US1NCGS0067","BELMONT 5.3 S, NC US","35.17485","-81.024048","201.2","2025-06-07",,,,,,,,,"1.8",",,N",,,,,,,,,,,,,,,,,,,,,,,,,,,,,,,,,,,,,,
"US1NCGS0067","BELMONT 5.3 S, NC US","35.17485","-81.024048","201.2","2025-06-08",,,,,,,,,"0.0",",,N",,,"0.0",",,N",,,,,,,,,,,,,,,,,,,,,,,,,,,,,,,,,,
"US1NCGS0067","BELMONT 5.3 S, NC US","35.17485","-81.024048","201.2","2025-06-09",,,,,,,,,"0.0","T,,N",,,,,,,,,,,,,,,,,,,,,,,,,,,,,,,,,,,,,,
"US1NCGS0067","BELMONT 5.3 S, NC US","35.17485","-81.024048","201.2","2025-06-10",,,,,,,,,"6.1",",,N",,,,,,,,,,,,,,,,,,,,,,,,,,,,,,,,,,,,,,
"US1NCGS0067","BELMONT 5.3 S, NC US","35.17485","-81.024048","201.2","2025-06-11",,,,,,,,,"0.0","T,,N",,,,,,,,,,,,,,,,,,,,,,,,,,,,,,,,,,,,,,
"US1NCGS0067","BELMONT 5.3 S, NC US","35.17485","-81.024048","201.2","2025-06-12",,,,,,,,,"0.0",",,N",,,"0.0",",,N",,,,,,,,,,,,,,,,,,,,,,,,,,,,,,,,,,
"US1NCGS0067","BELMONT 5.3 S, NC US","35.17485","-81.024048","201.2","2025-06-13",,,,,,,,,"46.5",",,N",,,,,,,,,,,,,,,,,,,,,,,,,,,,,,,,,,,,,,
"US1NCGS0067","BELMONT 5.3 S, NC US","35.17485","-81.024048","201.2","2025-06-15",,,,,,,,,"1.8",",,N",,,,,,,,,,,,,,,,,,,,,,,,,,,,,,,,,,,,,,
"US1NCGS0067","BELMONT 5.3 S, NC US","35.17485","-81.024048","201.2","2025-06-16",,,,,,,,,"4.3",",,N",,,,,,,,,,,,,,,,,,,,,,,,,,,,,,,,,,,,,,
"US1NCGS0067","BELMONT 5.3 S, NC US","35.17485","-81.024048","201.2","2025-06-17",,,,,,,,,"15.2",",,N",,,,,,,,,,,,,,,,,,,,,,,,,,,,,,,,,,,,,,
"US1NCGS0067","BELMONT 5.3 S, NC US","35.17485","-81.024048","201.2","2025-06-26",,,,,,,,,"23.9",",,N",,,,,,,,,,,,,,,,,,,,,,,,,,,,,,,,,,,,,,
"US1NCGS0068","STANLEY 1.9 SE, NC US","35.336767","-81.075315","233.5","2025-06-01",,,,,,,,,"0.0",",,N",,,"0.0",",,N",,,,,,,,,,,,,,,,,,,,,,,,,,,,,,,,,,
"US1NCGS0068","STANLEY 1.9 SE, NC US","35.336767","-81.075315","233.5","2025-06-02",,,,,,,,,"2.3",",,N",,,,,,,,,,,,,,,,,,,,,,,,,,,,,,,,,,,,,,
"US1NCGS0068","STANLEY 1.9 SE, NC US","35.336767","-81.075315","233.5","2025-06-03",,,,,,,,,"0.0",",,N",,,"0.0",",,N",,,,,,,,,,,,,,,,,,,,,,,,,,,,,,,,,,
"US1NCGS0068","STANLEY 1.9 SE, NC US","35.336767","-81.075315","233.5","2025-06-04",,,,,,,,,"0.0",",,N",,,"0.0",",,N",,,,,,,,,,,,,,,,,,,,,,,,,,,,,,,,,,
"US1NCGS0068","STANLEY 1.9 SE, NC US","35.336767","-81.075315","233.5","2025-06-06",,,"    2",",,N","37.1",",,N",,,,,,,,,,,,,,,,,,,,,,,,,,,,,,,,,,,,,,,,,,
"US1NCGS0068","STANLEY 1.9 SE, NC US","35.336767","-81.075315","233.5","2025-06-07",,,,,,,,,"3.0",",,N",,,,,,,,,,,,,,,,,,,,,,,,,,,,,,,,,,,,,,
"US1NCGS0068","STANLEY 1.9 SE, NC US","35.336767","-81.075315","233.5","2025-06-08",,,,,,,,,"0.8",",,N",,,,,,,,,,,,,,,,,,,,,,,,,,,,,,,,,,,,,,
"US1NCGS0068","STANLEY 1.9 SE, NC US","35.336767","-81.075315","233.5","2025-06-09",,,,,,,,,"0.5",",,N",,,,,,,,,,,,,,,,,,,,,,,,,,,,,,,,,,,,,,
"US1NCGS0068","STANLEY 1.9 SE, NC US","35.336767","-81.075315","233.5","2025-06-10",,,,,,,,,"7.4",",,N",,,,,,,,,,,,,,,,,,,,,,,,,,,,,,,,,,,,,,
"US1NCGS0068","STANLEY 1.9 SE, NC US","35.336767","-81.075315","233.5","2025-06-11",,,,,,,,,"0.0",",,N",,,"0.0",",,N",,,,,,,,,,,,,,,,,,,,,,,,,,,,,,,,,,
"US1NCGS0068","STANLEY 1.9 SE, NC US","35.336767","-81.075315","233.5","2025-06-12",,,,,,,,,"0.0",",,N",,,"0.0",",,N",,,,,,,,,,,,,,,,,,,,,,,,,,,,,,,,,,
"US1NCGS0068","STANLEY 1.9 SE, NC US","35.336767","-81.075315","233.5","2025-06-13",,,,,,,,,"22.4",",,N",,,,,,,,,,,,,,,,,,,,,,,,,,,,,,,,,,,,,,
"US1NCGS0068","STANLEY 1.9 SE, NC US","35.336767","-81.075315","233.5","2025-06-14",,,,,,,,,"4.8",",,N",,,,,,,,,,,,,,,,,,,,,,,,,,,,,,,,,,,,,,
"US1NCGS0068","STANLEY 1.9 SE, NC US","35.336767","-81.075315","233.5","2025-06-15",,,,,,,,,"7.4",",,N",,,,,,,,,,,,,,,,,,,,,,,,,,,,,,,,,,,,,,
"US1NCGS0068","STANLEY 1.9 SE, NC US","35.336767","-81.075315","233.5","2025-06-16",,,,,,,,,"0.0",",,N",,,"0.0",",,N",,,,,,,,,,,,,,,,,,,,,,,,,,,,,,,,,,
"US1NCGS0068","STANLEY 1.9 SE, NC US","35.336767","-81.075315","233.5","2025-06-17",,,,,,,,,"20.1",",,N",,,,,,,,,,,,,,,,,,,,,,,,,,,,,,,,,,,,,,
"US1NCGS0068","STANLEY 1.9 SE, NC US","35.336767","-81.075315","233.5","2025-06-18",,,,,,,,,"0.0",",,N",,,"0.0",",,N",,,,,,,,,,,,,,,,,,,,,,,,,,,,,,,,,,
"US1NCGS0068","STANLEY 1.9 SE, NC US","35.336767","-81.075315","233.5","2025-06-19",,,,,,,,,"0.0",",,N",,,"0.0",",,N",,,,,,,,,,,,,,,,,,,,,,,,,,,,,,,,,,
"US1NCGS0068","STANLEY 1.9 SE, NC US","35.336767","-81.075315","233.5","2025-06-20",,,,,,,,,"0.0",",,N",,,"0.0",",,N",,,,,,,,,,,,,,,,,,,,,,,,,,,,,,,,,,
"US1NCGS0068","STANLEY 1.9 SE, NC US","35.336767","-81.075315","233.5","2025-06-21",,,,,,,,,"0.0",",,N",,,"0.0",",,N",,,,,,,,,,,,,,,,,,,,,,,,,,,,,,,,,,
"US1NCGS0068","STANLEY 1.9 SE, NC US","35.336767","-81.075315","233.5","2025-06-22",,,,,,,,,"0.0",",,N",,,"0.0",",,N",,,,,,,,,,,,,,,,,,,,,,,,,,,,,,,,,,
"US1NCGS0068","STANLEY 1.9 SE, NC US","35.336767","-81.075315","233.5","2025-06-23",,,,,,,,,"0.0",",,N",,,"0.0",",,N",,,,,,,,,,,,,,,,,,,,,,,,,,,,,,,,,,
"US1NCGS0068","STANLEY 1.9 SE, NC US","35.336767","-81.075315","233.5","2025-06-24",,,,,,,,,"0.0",",,N",,,"0.0",",,N",,,,,,,,,,,,,,,,,,,,,,,,,,,,,,,,,,
"US1NCGS0068","STANLEY 1.9 SE, NC US","35.336767","-81.075315","233.5","2025-06-25",,,,,,,,,"0.0",",,N",,,"0.0",",,N",,,,,,,,,,,,,,,,,,,,,,,,,,,,,,,,,,
"US1NCGS0068","STANLEY 1.9 SE, NC US","35.336767","-81.075315","233.5","2025-06-26",,,,,,,,,"10.9",",,N",,,,,,,,,,,,,,,,,,,,,,,,,,,,,,,,,,,,,,
"US1SCYR0059","FORT MILL 4.7 SE, SC US","34.960402","-80.881616","178.3","2025-06-06",,,,,,,,,"22.4",",,N",,,,,,,,,,,,,,,,,,,,,,,,,,,,,,,,,,,,,,
"US1SCYR0059","FORT MILL 4.7 SE, SC US","34.960402","-80.881616","178.3","2025-06-07",,,,,,,,,"2.0",",,N",,,,,,,,,,,,,,,,,,,,,,,,,,,,,,,,,,,,,,
"US1SCYR0059","FORT MILL 4.7 SE, SC US","34.960402","-80.881616","178.3","2025-06-10",,,,,,,,,"40.6",",,N",,,,,,,,,,,,,,,,,,,,,,,,,,,,,,,,,,,,,,
"US1SCYR0059","FORT MILL 4.7 SE, SC US","34.960402","-80.881616","178.3","2025-06-13",,,,,,,,,"28.4",",,N",,,,,,,,,,,,,,,,,,,,,,,,,,,,,,,,,,,,,,
"US1SCYR0059","FORT MILL 4.7 SE, SC US","34.960402","-80.881616","178.3","2025-06-14",,,,,,,,,"3.6",",,N",,,,,,,,,,,,,,,,,,,,,,,,,,,,,,,,,,,,,,
"US1SCYR0059","FORT MILL 4.7 SE, SC US","34.960402","-80.881616","178.3","2025-06-17",,,,,,,,,"22.9",",,N",,,,,,,,,,,,,,,,,,,,,,,,,,,,,,,,,,,,,,
"US1SCYR0059","FORT MILL 4.7 SE, SC US","34.960402","-80.881616","178.3","2025-06-26",,,,,,,,,"8.4",",,N",,,,,,,,,,,,,,,,,,,,,,,,,,,,,,,,,,,,,,
"US1SCYR0059","FORT MILL 4.7 SE, SC US","34.960402","-80.881616","178.3","2025-06-28",,,,,,,,,"19.3",",,N",,,,,,,,,,,,,,,,,,,,,,,,,,,,,,,,,,,,,,
"US1NCCT0048","TERRELL 1.2 SE, NC US","35.579499","-80.9602","232.0","2025-06-01",,,,,,,,,"0.0","T,,N",,,,,,,,,,,,,,,,,,,,,,,,,,,,,,,,,,,,,,
"US1NCCT0048","TERRELL 1.2 SE, NC US","35.579499","-80.9602","232.0","2025-06-02",,,,,,,,,"0.0",",,N",,,"0.0",",,N",,,,,,,,,,,,,,,,,,,,,,,,,,,,,,,,,,
"US1NCCT0048","TERRELL 1.2 SE, NC US","35.579499","-80.9602","232.0","2025-06-03",,,,,,,,,"0.0",",,N",,,"0.0",",,N",,,,,,,,,,,,,,,,,,,,,,,,,,,,,,,,,,
"US1NCCT0048","TERRELL 1.2 SE, NC US","35.579499","-80.9602","232.0","2025-06-04",,,,,,,,,"0.0",",,N",,,"0.0",",,N",,,,,,,,,,,,,,,,,,,,,,,,,,,,,,,,,,
"US1NCCT0048","TERRELL 1.2 SE, NC US","35.579499","-80.9602","232.0","2025-06-05",,,,,,,,,"3.3",",,N",,,,,,,,,,,,,,,,,,,,,,,,,,,,,,,,,,,,,,
"US1NCCT0048","TERRELL 1.2 SE, NC US","35.579499","-80.9602","232.0","2025-06-06",,,,,,,,,"13.0",",,N",,,,,,,,,,,,,,,,,,,,,,,,,,,,,,,,,,,,,,
"US1NCCT0048","TERRELL 1.2 SE, NC US","35.579499","-80.9602","232.0","2025-06-07",,,,,,,,,"2.0",",,N",,,,,,,,,,,,,,,,,,,,,,,,,,,,,,,,,,,,,,
"US1NCCT0048","TERRELL 1.2 SE, NC US","35.579499","-80.9602","232.0","2025-06-08",,,,,,,,,"0.3",",,N",,,,,,,,,,,,,,,,,,,,,,,,,,,,,,,,,,,,,,
"US1NCCT0048","TERRELL 1.2 SE, NC US","35.579499","-80.9602","232.0","2025-06-09",,,,,,,,,"0.0",",,N",,,"0.0",",,N",,,,,,,,,,,,,,,,,,,,,,,,,,,,,,,,,,
"US1NCCT0048","TERRELL 1.2 SE, NC US","35.579499","-80.9602","232.0","2025-06-10",,,,,,,,,"5.8",",,N",,,,,,,,,,,,,,,,,,,,,,,,,,,,,,,,,,,,,,
"US1NCCT0048","TERRELL 1.2 SE, NC US","35.579499","-80.9602","232.0","2025-06-11",,,,,,,,,"6.6",",,N",,,,,,,,,,,,,,,,,,,,,,,,,,,,,,,,,,,,,,
"US1NCCT0048","TERRELL 1.2 SE, NC US","35.579499","-80.9602","232.0","2025-06-12",,,,,,,,,"0.0",",,N",,,"0.0",",,N",,,,,,,,,,,,,,,,,,,,,,,,,,,,,,,,,,
"US1NCCT0048","TERRELL 1.2 SE, NC US","35.579499","-80.9602","232.0","2025-06-17",,,"    5",",,N","120.1",",,N",,,,,,,,,,,,,,,,,,,,,,,,,,,,,,,,,,,,,,,,,,
"US1NCCT0048","TERRELL 1.2 SE, NC US","35.579499","-80.9602","232.0","2025-06-18",,,,,,,,,"0.0","T,,N",,,"0.0",",,N",,,,,,,,,,,,,,,,,,,,,,,,,,,,,,,,,,
"US1NCCT0048","TERRELL 1.2 SE, NC US","35.579499","-80.9602","232.0","2025-06-19",,,,,,,,,"0.0",",,N",,,"0.0",",,N",,,,,,,,,,,,,,,,,,,,,,,,,,,,,,,,,,
"US1NCCT0048","TERRELL 1.2 SE, NC US","35.579499","-80.9602","232.0","2025-06-20",,,,,,,,,"9.7",",,N",,,,,,,,,,,,,,,,,,,,,,,,,,,,,,,,,,,,,,
"US1NCCT0048","TERRELL 1.2 SE, NC US","35.579499","-80.9602","232.0","2025-06-21",,,,,,,,,"0.0",",,N",,,"0.0",",,N",,,,,,,,,,,,,,,,,,,,,,,,,,,,,,,,,,
"US1NCCT0048","TERRELL 1.2 SE, NC US","35.579499","-80.9602","232.0","2025-06-22",,,,,,,,,"0.0",",,N",,,"0.0",",,N",,,,,,,,,,,,,,,,,,,,,,,,,,,,,,,,,,
"US1NCCT0048","TERRELL 1.2 SE, NC US","35.579499","-80.9602","232.0","2025-06-23",,,,,,,,,"0.0",",,N",,,"0.0",",,N",,,,,,,,,,,,,,,,,,,,,,,,,,,,,,,,,,
"US1NCCT0048","TERRELL 1.2 SE, NC US","35.579499","-80.9602","232.0","2025-06-24",,,,,,,,,"0.0",",,N",,,"0.0",",,N",,,,,,,,,,,,,,,,,,,,,,,,,,,,,,,,,,
"US1NCCT0048","TERRELL 1.2 SE, NC US","35.579499","-80.9602","232.0","2025-06-25",,,,,,,,,"0.0",",,N",,,"0.0",",,N",,,,,,,,,,,,,,,,,,,,,,,,,,,,,,,,,,
"US1NCCT0048","TERRELL 1.2 SE, NC US","35.579499","-80.9602","232.0","2025-06-26",,,,,,,,,"0.0",",,N",,,"0.0",",,N",,,,,,,,,,,,,,,,,,,,,,,,,,,,,,,,,,
"US1NCCT0048","TERRELL 1.2 SE, NC US","35.579499","-80.9602","232.0","2025-06-27",,,,,,,,,"13.7",",,N",,,,,,,,,,,,,,,,,,,,,,,,,,,,,,,,,,,,,,
"US1NCCT0048","TERRELL 1.2 SE, NC US","35.579499","-80.9602","232.0","2025-06-28",,,,,,,,,"0.5",",,N",,,"0.0",",,N",,,,,,,,,,,,,,,,,,,,,,,,,,,,,,,,,,
"US1NCCT0048","TERRELL 1.2 SE, NC US","35.579499","-80.9602","232.0","2025-06-29",,,,,,,,,"26.4",",,N",,,,,,,,,,,,,,,,,,,,,,,,,,,,,,,,,,,,,,
"US1NCCT0048","TERRELL 1.2 SE, NC US","35.579499","-80.9602","232.0","2025-06-30",,,,,,,,,"0.0",",,N",,,"0.0",",,N",,,,,,,,,,,,,,,,,,,,,,,,,,,,,,,,,,
"US1SCYR0071","FORT MILL 4.6 NNE, SC US","35.069595","-80.917162","188.1","2025-06-01",,,,,,,,,"0.0",",,N",,,"0.0",",,N",,,,,,,,,,,,,,,,,,,,,,,,,,,,,,,,,,
"US1SCYR0071","FORT MILL 4.6 NNE, SC US","35.069595","-80.917162","188.1","2025-06-02",,,,,,,,,"0.0",",,N",,,"0.0",",,N",,,,,,,,,,,,,,,,,,,,,,,,,,,,,,,,,,
"US1SCYR0071","FORT MILL 4.6 NNE, SC US","35.069595","-80.917162","188.1","2025-06-03",,,,,,,,,"0.0",",,N",,,"0.0",",,N",,,,,,,,,,,,,,,,,,,,,,,,,,,,,,,,,,
"US1SCYR0071","FORT MILL 4.6 NNE, SC US","35.069595","-80.917162","188.1","2025-06-04",,,,,,,,,"0.0",",,N",,,"0.0",",,N",,,,,,,,,,,,,,,,,,,,,,,,,,,,,,,,,,
"US1SCYR0071","FORT MILL 4.6 NNE, SC US","35.069595","-80.917162","188.1","2025-06-05",,,,,,,,,"21.8",",,N",,,,,,,,,,,,,,,,,,,,,,,,,,,,,,,,,,,,,,
"US1SCYR0071","FORT MILL 4.6 NNE, SC US","35.069595","-80.917162","188.1","2025-06-06",,,,,,,,,"10.7",",,N",,,,,,,,,,,,,,,,,,,,,,,,,,,,,,,,,,,,,,
"US1SCYR0071","FORT MILL 4.6 NNE, SC US","35.069595","-80.917162","188.1","2025-06-07",,,,,,,,,"3.3",",,N",,,,,,,,,,,,,,,,,,,,,,,,,,,,,,,,,,,,,,
"US1SCYR0071","FORT MILL 4.6 NNE, SC US","35.069595","-80.917162","188.1","2025-06-08",,,,,,,,,"0.0","T,,N",,,,,,,,,,,,,,,,,,,,,,,,,,,,,,,,,,,,,,
"US1SCYR0071","FORT MILL 4.6 NNE, SC US","35.069595","-80.917162","188.1","2025-06-09",,,,,,,,,"0.0",",,N",,,"0.0",",,N",,,,,,,,,,,,,,,,,,,,,,,,,,,,,,,,,,
"US1SCYR0071","FORT MILL 4.6 NNE, SC US","35.069595","-80.917162","188.1","2025-06-10",,,,,,,,,"20.6",",,N",,,,,,,,,,,,,,,,,,,,,,,,,,,,,,,,,,,,,,
"US1SCYR0071","FORT MILL 4.6 NNE, SC US","35.069595","-80.917162","188.1","2025-06-11",,,,,,,,,"0.0",",,N",,,"0.0",",,N",,,,,,,,,,,,,,,,,,,,,,,,,,,,,,,,,,
"US1SCYR0071","FORT MILL 4.6 NNE, SC US","35.069595","-80.917162","188.1","2025-06-12",,,,,,,,,"0.0",",,N",,,"0.0",",,N",,,,,,,,,,,,,,,,,,,,,,,,,,,,,,,,,,
"US1SCYR0071","FORT MILL 4.6 NNE, SC US","35.069595","-80.917162","188.1","2025-06-13",,,,,,,,,"25.1",",,N",,,,,,,,,,,,,,,,,,,,,,,,,,,,,,,,,,,,,,
"US1SCYR0071","FORT MILL 4.6 NNE, SC US","35.069595","-80.917162","188.1","2025-06-14",,,,,,,,,"7.9",",,N",,,,,,,,,,,,,,,,,,,,,,,,,,,,,,,,,,,,,,
"US1SCYR0071","FORT MILL 4.6 NNE, SC US","35.069595","-80.917162","188.1","2025-06-15",,,,,,,,,"0.0",",,N",,,"0.0",",,N",,,,,,,,,,,,,,,,,,,,,,,,,,,,,,,,,,
"US1SCYR0071","FORT MILL 4.6 NNE, SC US","35.069595","-80.917162","188.1","2025-06-16",,,,,,,,,"0.0",",,N",,,"0.0",",,N",,,,,,,,,,,,,,,,,,,,,,,,,,,,,,,,,,
"US1SCYR0071","FORT MILL 4.6 NNE, SC US","35.069595","-80.917162","188.1","2025-06-17",,,,,,,,,"25.4",",,N",,,,,,,,,,,,,,,,,,,,,,,,,,,,,,,,,,,,,,
"US1SCYR0071","FORT MILL 4.6 NNE, SC US","35.069595","-80.917162","188.1","2025-06-18",,,,,,,,,"0.8",",,N",,,,,,,,,,,,,,,,,,,,,,,,,,,,,,,,,,,,,,
"US1SCYR0071","FORT MILL 4.6 NNE, SC US","35.069595","-80.917162","188.1","2025-06-19",,,,,,,,,"0.0",",,N",,,"0.0",",,N",,,,,,,,,,,,,,,,,,,,,,,,,,,,,,,,,,
"US1SCYR0071","FORT MILL 4.6 NNE, SC US","35.069595","-80.917162","188.1","2025-06-20",,,,,,,,,"0.0",",,N",,,"0.0",",,N",,,,,,,,,,,,,,,,,,,,,,,,,,,,,,,,,,
"US1SCYR0071","FORT MILL 4.6 NNE, SC US","35.069595","-80.917162","188.1","2025-06-21",,,,,,,,,"0.0",",,N",,,"0.0",",,N",,,,,,,,,,,,,,,,,,,,,,,,,,,,,,,,,,
"US1SCYR0071","FORT MILL 4.6 NNE, SC US","35.069595","-80.917162","188.1","2025-06-22",,,,,,,,,"0.0",",,N",,,"0.0",",,N",,,,,,,,,,,,,,,,,,,,,,,,,,,,,,,,,,
"US1SCYR0071","FORT MILL 4.6 NNE, SC US","35.069595","-80.917162","188.1","2025-06-23",,,,,,,,,"0.0",",,N",,,"0.0",",,N",,,,,,,,,,,,,,,,,,,,,,,,,,,,,,,,,,
"US1SCYR0071","FORT MILL 4.6 NNE, SC US","35.069595","-80.917162","188.1","2025-06-24",,,,,,,,,"0.0",",,N",,,"0.0",",,N",,,,,,,,,,,,,,,,,,,,,,,,,,,,,,,,,,
"US1SCYR0071","FORT MILL 4.6 NNE, SC US","35.069595","-80.917162","188.1","2025-06-25",,,,,,,,,"0.0",",,N",,,"0.0",",,N",,,,,,,,,,,,,,,,,,,,,,,,,,,,,,,,,,
"US1SCYR0071","FORT MILL 4.6 NNE, SC US","35.069595","-80.917162","188.1","2025-06-26",,,,,,,,,"23.4",",,N",,,,,,,,,,,,,,,,,,,,,,,,,,,,,,,,,,,,,,
"US1SCYR0071","FORT MILL 4.6 NNE, SC US","35.069595","-80.917162","188.1","2025-06-27",,,,,,,,,"0.0",",,N",,,"0.0",",,N",,,,,,,,,,,,,,,,,,,,,,,,,,,,,,,,,,
"US1SCYR0071","FORT MILL 4.6 NNE, SC US","35.069595","-80.917162","188.1","2025-06-28",,,,,,,,,"10.7",",,N",,,,,,,,,,,,,,,,,,,,,,,,,,,,,,,,,,,,,,
"US1SCYR0071","FORT MILL 4.6 NNE, SC US","35.069595","-80.917162","188.1","2025-06-29",,,,,,,,,"28.2",",,N",,,,,,,,,,,,,,,,,,,,,,,,,,,,,,,,,,,,,,
"US1SCYR0071","FORT MILL 4.6 NNE, SC US","35.069595","-80.917162","188.1","2025-06-30",,,,,,,,,"0.0",",,N",,,"0.0",",,N",,,,,,,,,,,,,,,,,,,,,,,,,,,,,,,,,,
"US1NCUN0021","WAXHAW 7.3 SSE, NC US","34.8260955810547","-80.6956558227539","185.6","2025-06-10",,,,,,,,,"3.8",",,N",,,,,,,,,,,,,,,,,,,,,,,,,,,,,,,,,,,,,,
"US1NCUN0021","WAXHAW 7.3 SSE, NC US","34.8260955810547","-80.6956558227539","185.6","2025-06-13",,,,,,,,,"0.0","T,,N",,,,,,,,,,,,,,,,,,,,,,,,,,,,,,,,,,,,,,
"US1NCUN0021","WAXHAW 7.3 SSE, NC US","34.8260955810547","-80.6956558227539","185.6","2025-06-14",,,,,,,,,"0.0","T,,N",,,,,,,,,,,,,,,,,,,,,,,,,,,,,,,,,,,,,,
"US1NCUN0021","WAXHAW 7.3 SSE, NC US","34.8260955810547","-80.6956558227539","185.6","2025-06-26",,,,,,,,,"5.1",",,N",,,,,,,,,,,,,,,,,,,,,,,,,,,,,,,,,,,,,,
"US1NCUN0021","WAXHAW 7.3 SSE, NC US","34.8260955810547","-80.6956558227539","185.6","2025-06-27",,,,,,,,,"0.0",",,N",,,"0.0",",,N",,,,,,,,,,,,,,,,,,,,,,,,,,,,,,,,,,
"US1NCUN0021","WAXHAW 7.3 SSE, NC US","34.8260955810547","-80.6956558227539","185.6","2025-06-30",,,,,,,,,"12.7",",,N",,,,,,,,,,,,,,,,,,,,,,,,,,,,,,,,,,,,,,
"US1SCYR0072","ROCK HILL 3.2 SSW, SC US","34.896411","-81.04937","182.9","2025-06-01",,,,,,,,,"0.5",",,N",,,,,,,,,,,,,,,,,,,,,,,,,,,,,,,,,,,,,,
"US1SCYR0072","ROCK HILL 3.2 SSW, SC US","34.896411","-81.04937","182.9","2025-06-02",,,,,,,,,"0.0",",,N",,,"0.0",",,N",,,,,,,,,,,,,,,,,,,,,,,,,,,,,,,,,,
"US1SCYR0072","ROCK HILL 3.2 SSW, SC US","34.896411","-81.04937","182.9","2025-06-03",,,,,,,,,"0.0",",,N",,,"0.0",",,N",,,,,,,,,,,,,,,,,,,,,,,,,,,,,,,,,,
"US1SCYR0072","ROCK HILL 3.2 SSW, SC US","34.896411","-81.04937","182.9","2025-06-04",,,,,,,,,"0.0",",,N",,,"0.0",",,N",,,,,,,,,,,,,,,,,,,,,,,,,,,,,,,,,,
"US1SCYR0072","ROCK HILL 3.2 SSW, SC US","34.896411","-81.04937","182.9","2025-06-05",,,,,,,,,"11.9",",,N",,,,,,,,,,,,,,,,,,,,,,,,,,,,,,,,,,,,,,
"US1SCYR0072","ROCK HILL 3.2 SSW, SC US","34.896411","-81.04937","182.9","2025-06-06",,,,,,,,,"2.8",",,N",,,,,,,,,,,,,,,,,,,,,,,,,,,,,,,,,,,,,,
"US1SCYR0072","ROCK HILL 3.2 SSW, SC US","34.896411","-81.04937","182.9","2025-06-07",,,,,,,,,"10.9",",,N",,,,,,,,,,,,,,,,,,,,,,,,,,,,,,,,,,,,,,
"US1SCYR0072","ROCK HILL 3.2 SSW, SC US","34.896411","-81.04937","182.9","2025-06-08",,,,,,,,,"0.8",",,N",,,,,,,,,,,,,,,,,,,,,,,,,,,,,,,,,,,,,,
"US1SCYR0072","ROCK HILL 3.2 SSW, SC US","34.896411","-81.04937","182.9","2025-06-09",,,,,,,,,"0.0",",,N",,,"0.0",",,N",,,,,,,,,,,,,,,,,,,,,,,,,,,,,,,,,,
"US1SCYR0072","ROCK HILL 3.2 SSW, SC US","34.896411","-81.04937","182.9","2025-06-10",,,,,,,,,"38.6",",,N",,,,,,,,,,,,,,,,,,,,,,,,,,,,,,,,,,,,,,
"US1SCYR0072","ROCK HILL 3.2 SSW, SC US","34.896411","-81.04937","182.9","2025-06-11",,,,,,,,,"0.0",",,N",,,"0.0",",,N",,,,,,,,,,,,,,,,,,,,,,,,,,,,,,,,,,
"US1SCYR0072","ROCK HILL 3.2 SSW, SC US","34.896411","-81.04937","182.9","2025-06-12",,,,,,,,,"0.0",",,N",,,"0.0",",,N",,,,,,,,,,,,,,,,,,,,,,,,,,,,,,,,,,
"US1SCYR0072","ROCK HILL 3.2 SSW, SC US","34.896411","-81.04937","182.9","2025-06-13",,,,,,,,,"27.4",",,N",,,,,,,,,,,,,,,,,,,,,,,,,,,,,,,,,,,,,,
"US1SCYR0072","ROCK HILL 3.2 SSW, SC US","34.896411","-81.04937","182.9","2025-06-14",,,,,,,,,"1.8",",,N",,,,,,,,,,,,,,,,,,,,,,,,,,,,,,,,,,,,,,
"US1SCYR0072","ROCK HILL 3.2 SSW, SC US","34.896411","-81.04937","182.9","2025-06-15",,,,,,,,,"0.3",",,N",,,,,,,,,,,,,,,,,,,,,,,,,,,,,,,,,,,,,,
"US1SCYR0072","ROCK HILL 3.2 SSW, SC US","34.896411","-81.04937","182.9","2025-06-16",,,,,,,,,"0.0",",,N",,,"0.0",",,N",,,,,,,,,,,,,,,,,,,,,,,,,,,,,,,,,,
"US1SCYR0072","ROCK HILL 3.2 SSW, SC US","34.896411","-81.04937","182.9","2025-06-17",,,,,,,,,"1.5",",,N",,,,,,,,,,,,,,,,,,,,,,,,,,,,,,,,,,,,,,
"US1SCYR0072","ROCK HILL 3.2 SSW, SC US","34.896411","-81.04937","182.9","2025-06-18",,,,,,,,,"1.5",",,N",,,,,,,,,,,,,,,,,,,,,,,,,,,,,,,,,,,,,,
"US1SCYR0072","ROCK HILL 3.2 SSW, SC US","34.896411","-81.04937","182.9","2025-06-19",,,,,,,,,"0.0",",,N",,,"0.0",",,N",,,,,,,,,,,,,,,,,,,,,,,,,,,,,,,,,,
"US1SCYR0072","ROCK HILL 3.2 SSW, SC US","34.896411","-81.04937","182.9","2025-06-20",,,,,,,,,"0.0",",,N",,,"0.0",",,N",,,,,,,,,,,,,,,,,,,,,,,,,,,,,,,,,,
"US1SCYR0072","ROCK HILL 3.2 SSW, SC US","34.896411","-81.04937","182.9","2025-06-21",,,,,,,,,"0.0",",,N",,,"0.0",",,N",,,,,,,,,,,,,,,,,,,,,,,,,,,,,,,,,,
"US1SCYR0072","ROCK HILL 3.2 SSW, SC US","34.896411","-81.04937","182.9","2025-06-22",,,,,,,,,"0.0",",,N",,,"0.0",",,N",,,,,,,,,,,,,,,,,,,,,,,,,,,,,,,,,,
"US1SCYR0072","ROCK HILL 3.2 SSW, SC US","34.896411","-81.04937","182.9","2025-06-23",,,,,,,,,"0.0",",,N",,,"0.0",",,N",,,,,,,,,,,,,,,,,,,,,,,,,,,,,,,,,,
"US1SCYR0072","ROCK HILL 3.2 SSW, SC US","34.896411","-81.04937","182.9","2025-06-24",,,,,,,,,"0.0",",,N",,,"0.0",",,N",,,,,,,,,,,,,,,,,,,,,,,,,,,,,,,,,,
"US1SCYR0072","ROCK HILL 3.2 SSW, SC US","34.896411","-81.04937","182.9","2025-06-25",,,,,,,,,"0.0",",,N",,,"0.0",",,N",,,,,,,,,,,,,,,,,,,,,,,,,,,,,,,,,,
"US1SCYR0072","ROCK HILL 3.2 SSW, SC US","34.896411","-81.04937","182.9","2025-06-26",,,,,,,,,"22.4",",,N",,,,,,,,,,,,,,,,,,,,,,,,,,,,,,,,,,,,,,
"US1SCYR0072","ROCK HILL 3.2 SSW, SC US","34.896411","-81.04937","182.9","2025-06-27",,,,,,,,,"0.0",",,N",,,"0.0",",,N",,,,,,,,,,,,,,,,,,,,,,,,,,,,,,,,,,
"US1SCYR0072","ROCK HILL 3.2 SSW, SC US","34.896411","-81.04937","182.9","2025-06-28",,,,,,,,,"0.0",",,N",,,"0.0",",,N",,,,,,,,,,,,,,,,,,,,,,,,,,,,,,,,,,
"US1SCYR0072","ROCK HILL 3.2 SSW, SC US","34.896411","-81.04937","182.9","2025-06-29",,,,,,,,,"0.0",",,N",,,"0.0",",,N",,,,,,,,,,,,,,,,,,,,,,,,,,,,,,,,,,
"US1SCYR0072","ROCK HILL 3.2 SSW, SC US","34.896411","-81.04937","182.9","2025-06-30",,,,,,,,,"0.0",",,N",,,"0.0",",,N",,,,,,,,,,,,,,,,,,,,,,,,,,,,,,,,,,
"US1NCUN0028","MONROE 7.1 SW, NC US","34.9148712158203","-80.6310348510742","211.2","2025-06-05",,,,,,,,,"6.4",",,N",,,,,,,,,,,,,,,,,,,,,,,,,,,,,,,,,,,,,,
"US1NCUN0028","MONROE 7.1 SW, NC US","34.9148712158203","-80.6310348510742","211.2","2025-06-06",,,,,,,,,"25.4",",,N",,,,,,,,,,,,,,,,,,,,,,,,,,,,,,,,,,,,,,
"US1NCUN0028","MONROE 7.1 SW, NC US","34.9148712158203","-80.6310348510742","211.2","2025-06-07",,,,,,,,,"1.3",",,N",,,,,,,,,,,,,,,,,,,,,,,,,,,,,,,,,,,,,,
"US1NCUN0028","MONROE 7.1 SW, NC US","34.9148712158203","-80.6310348510742","211.2","2025-06-10",,,,,,,,,"5.1",",,N",,,,,,,,,,,,,,,,,,,,,,,,,,,,,,,,,,,,,,
"US1NCUN0028","MONROE 7.1 SW, NC US","34.9148712158203","-80.6310348510742","211.2","2025-06-13",,,,,,,,,"3.3",",,N",,,,,,,,,,,,,,,,,,,,,,,,,,,,,,,,,,,,,,
"US1NCUN0028","MONROE 7.1 SW, NC US","34.9148712158203","-80.6310348510742","211.2","2025-06-14",,,,,,,,,"1.3",",,N",,,,,,,,,,,,,,,,,,,,,,,,,,,,,,,,,,,,,,
"US1NCUN0028","MONROE 7.1 SW, NC US","34.9148712158203","-80.6310348510742","211.2","2025-06-17",,,,,,,,,"2.8",",,N",,,,,,,,,,,,,,,,,,,,,,,,,,,,,,,,,,,,,,
"US1NCUN0028","MONROE 7.1 SW, NC US","34.9148712158203","-80.6310348510742","211.2","2025-06-18",,,,,,,,,"1.3",",,N",,,,,,,,,,,,,,,,,,,,,,,,,,,,,,,,,,,,,,
"US1NCUN0028","MONROE 7.1 SW, NC US","34.9148712158203","-80.6310348510742","211.2","2025-06-26",,,,,,,,,"20.8",",,N",,,,,,,,,,,,,,,,,,,,,,,,,,,,,,,,,,,,,,
"US1NCUN0028","MONROE 7.1 SW, NC US","34.9148712158203","-80.6310348510742","211.2","2025-06-28",,,,,,,,,"6.4",",,N",,,,,,,,,,,,,,,,,,,,,,,,,,,,,,,,,,,,,,
"US1NCUN0027","WEDDINGTON 1.9 WSW, NC US","35.024841","-80.771545","203.3","2025-06-01",,,,,,,,,"0.5",",,N",,,,,,,,,,,,,,,,,,,,,,,,,,,,,,,,,,,,,,
"US1NCUN0027","WEDDINGTON 1.9 WSW, NC US","35.024841","-80.771545","203.3","2025-06-02",,,,,,,,,"0.0",",,N",,,"0.0",",,N",,,,,,,,,,,,,,,,,,,,,,,,,,,,,,,,,,
"US1NCUN0027","WEDDINGTON 1.9 WSW, NC US","35.024841","-80.771545","203.3","2025-06-03",,,,,,,,,"0.0",",,N",,,"0.0",",,N",,,,,,,,,,,,,,,,,,,,,,,,,,,,,,,,,,
"US1NCUN0027","WEDDINGTON 1.9 WSW, NC US","35.024841","-80.771545","203.3","2025-06-04",,,,,,,,,"0.0",",,N",,,"0.0",",,N",,,,,,,,,,,,,,,,,,,,,,,,,,,,,,,,,,
"US1NCUN0027","WEDDINGTON 1.9 WSW, NC US","35.024841","-80.771545","203.3","2025-06-05",,,,,,,,,"9.7",",,N",,,,,,,,,,,,,,,,,,,,,,,,,,,,,,,,,,,,,,
"US1NCUN0027","WEDDINGTON 1.9 WSW, NC US","35.024841","-80.771545","203.3","2025-06-06",,,,,,,,,"5.8",",,N",,,,,,,,,,,,,,,,,,,,,,,,,,,,,,,,,,,,,,
"US1NCUN0027","WEDDINGTON 1.9 WSW, NC US","35.024841","-80.771545","203.3","2025-06-07",,,,,,,,,"1.5",",,N",,,,,,,,,,,,,,,,,,,,,,,,,,,,,,,,,,,,,,
"US1NCUN0027","WEDDINGTON 1.9 WSW, NC US","35.024841","-80.771545","203.3","2025-06-08",,,,,,,,,"0.5",",,N",,,,,,,,,,,,,,,,,,,,,,,,,,,,,,,,,,,,,,
"US1NCUN0027","WEDDINGTON 1.9 WSW, NC US","35.024841","-80.771545","203.3","2025-06-09",,,,,,,,,"0.0",",,N",,,"0.0",",,N",,,,,,,,,,,,,,,,,,,,,,,,,,,,,,,,,,
"US1NCUN0027","WEDDINGTON 1.9 WSW, NC US","35.024841","-80.771545","203.3","2025-06-10",,,,,,,,,"46.0",",,N",,,,,,,,,,,,,,,,,,,,,,,,,,,,,,,,,,,,,,
"US1NCUN0027","WEDDINGTON 1.9 WSW, NC US","35.024841","-80.771545","203.3","2025-06-11",,,,,,,,,"0.0",",,N",,,"0.0",",,N",,,,,,,,,,,,,,,,,,,,,,,,,,,,,,,,,,
"US1NCUN0027","WEDDINGTON 1.9 WSW, NC US","35.024841","-80.771545","203.3","2025-06-12",,,,,,,,,"0.0",",,N",,,"0.0",",,N",,,,,,,,,,,,,,,,,,,,,,,,,,,,,,,,,,
"US1NCUN0027","WEDDINGTON 1.9 WSW, NC US","35.024841","-80.771545","203.3","2025-06-13",,,,,,,,,"15.7",",,N",,,,,,,,,,,,,,,,,,,,,,,,,,,,,,,,,,,,,,
"US1NCUN0027","WEDDINGTON 1.9 WSW, NC US","35.024841","-80.771545","203.3","2025-06-14",,,,,,,,,"2.8",",,N",,,,,,,,,,,,,,,,,,,,,,,,,,,,,,,,,,,,,,
"US1NCUN0027","WEDDINGTON 1.9 WSW, NC US","35.024841","-80.771545","203.3","2025-06-15",,,,,,,,,"0.0",",,N",,,"0.0",",,N",,,,,,,,,,,,,,,,,,,,,,,,,,,,,,,,,,
"US1NCUN0027","WEDDINGTON 1.9 WSW, NC US","35.024841","-80.771545","203.3","2025-06-16",,,,,,,,,"0.0",",,N",,,"0.0",",,N",,,,,,,,,,,,,,,,,,,,,,,,,,,,,,,,,,
"US1NCUN0027","WEDDINGTON 1.9 WSW, NC US","35.024841","-80.771545","203.3","2025-06-17",,,,,,,,,"5.3",",,N",,,,,,,,,,,,,,,,,,,,,,,,,,,,,,,,,,,,,,
"US1NCUN0027","WEDDINGTON 1.9 WSW, NC US","35.024841","-80.771545","203.3","2025-06-18",,,,,,,,,"0.0",",,N",,,"0.0",",,N",,,,,,,,,,,,,,,,,,,,,,,,,,,,,,,,,,
"US1NCUN0027","WEDDINGTON 1.9 WSW, NC US","35.024841","-80.771545","203.3","2025-06-19",,,,,,,,,"0.0",",,N",,,"0.0",",,N",,,,,,,,,,,,,,,,,,,,,,,,,,,,,,,,,,
"US1NCUN0027","WEDDINGTON 1.9 WSW, NC US","35.024841","-80.771545","203.3","2025-06-20",,,,,,,,,"0.0",",,N",,,"0.0",",,N",,,,,,,,,,,,,,,,,,,,,,,,,,,,,,,,,,
"US1NCUN0027","WEDDINGTON 1.9 WSW, NC US","35.024841","-80.771545","203.3","2025-06-21",,,,,,,,,"0.0",",,N",,,"0.0",",,N",,,,,,,,,,,,,,,,,,,,,,,,,,,,,,,,,,
"US1NCUN0027","WEDDINGTON 1.9 WSW, NC US","35.024841","-80.771545","203.3","2025-06-22",,,,,,,,,"0.0",",,N",,,"0.0",",,N",,,,,,,,,,,,,,,,,,,,,,,,,,,,,,,,,,
"US1NCUN0027","WEDDINGTON 1.9 WSW, NC US","35.024841","-80.771545","203.3","2025-06-23",,,,,,,,,"0.0",",,N",,,"0.0",",,N",,,,,,,,,,,,,,,,,,,,,,,,,,,,,,,,,,
"US1NCUN0027","WEDDINGTON 1.9 WSW, NC US","35.024841","-80.771545","203.3","2025-06-24",,,,,,,,,"0.0",",,N",,,"0.0",",,N",,,,,,,,,,,,,,,,,,,,,,,,,,,,,,,,,,
"US1NCUN0027","WEDDINGTON 1.9 WSW, NC US","35.024841","-80.771545","203.3","2025-06-25",,,,,,,,,"0.0",",,N",,,"0.0",",,N",,,,,,,,,,,,,,,,,,,,,,,,,,,,,,,,,,
"US1NCUN0027","WEDDINGTON 1.9 WSW, NC US","35.024841","-80.771545","203.3","2025-06-26",,,,,,,,,"28.4",",,N",,,,,,,,,,,,,,,,,,,,,,,,,,,,,,,,,,,,,,
"US1NCUN0027","WEDDINGTON 1.9 WSW, NC US","35.024841","-80.771545","203.3","2025-06-27",,,,,,,,,"0.0",",,N",,,"0.0",",,N",,,,,,,,,,,,,,,,,,,,,,,,,,,,,,,,,,
"US1NCUN0027","WEDDINGTON 1.9 WSW, NC US","35.024841","-80.771545","203.3","2025-06-28",,,,,,,,,"6.4",",,N",,,,,,,,,,,,,,,,,,,,,,,,,,,,,,,,,,,,,,
"US1NCUN0027","WEDDINGTON 1.9 WSW, NC US","35.024841","-80.771545","203.3","2025-06-29",,,,,,,,,"0.0",",,N",,,"0.0",",,N",,,,,,,,,,,,,,,,,,,,,,,,,,,,,,,,,,
"US1NCUN0027","WEDDINGTON 1.9 WSW, NC US","35.024841","-80.771545","203.3","2025-06-30",,,,,,,,,"0.0",",,N",,,"0.0",",,N",,,,,,,,,,,,,,,,,,,,,,,,,,,,,,,,,,
"US1SCYR0078","FORT MILL 3.0 NW, SC US","35.035573","-80.982948","196.9","2025-06-01",,,,,,,,,"0.0",",,N",,,"0.0",",,N",,,,,,,,,,,,,,,,,,,,,,,,,,,,,,,,,,
"US1SCYR0078","FORT MILL 3.0 NW, SC US","35.035573","-80.982948","196.9","2025-06-02",,,,,,,,,"0.0",",,N",,,"0.0",",,N",,,,,,,,,,,,,,,,,,,,,,,,,,,,,,,,,,
"US1SCYR0078","FORT MILL 3.0 NW, SC US","35.035573","-80.982948","196.9","2025-06-03",,,,,,,,,"0.0",",,N",,,"0.0",",,N",,,,,,,,,,,,,,,,,,,,,,,,,,,,,,,,,,
"US1SCYR0078","FORT MILL 3.0 NW, SC US","35.035573","-80.982948","196.9","2025-06-04",,,,,,,,,"0.0",",,N",,,"0.0",",,N",,,,,,,,,,,,,,,,,,,,,,,,,,,,,,,,,,
"US1SCYR0078","FORT MILL 3.0 NW, SC US","35.035573","-80.982948","196.9","2025-06-05",,,,,,,,,"16.3",",,N",,,,,,,,,,,,,,,,,,,,,,,,,,,,,,,,,,,,,,
"US1SCYR0078","FORT MILL 3.0 NW, SC US","35.035573","-80.982948","196.9","2025-06-06",,,,,,,,,"7.4",",,N",,,,,,,,,,,,,,,,,,,,,,,,,,,,,,,,,,,,,,
"US1SCYR0078","FORT MILL 3.0 NW, SC US","35.035573","-80.982948","196.9","2025-06-07",,,,,,,,,"1.3",",,N",,,,,,,,,,,,,,,,,,,,,,,,,,,,,,,,,,,,,,
"US1SCYR0078","FORT MILL 3.0 NW, SC US","35.035573","-80.982948","196.9","2025-06-08",,,,,,,,,"0.0","T,,N",,,,,,,,,,,,,,,,,,,,,,,,,,,,,,,,,,,,,,
"US1SCYR0078","FORT MILL 3.0 NW, SC US","35.035573","-80.982948","196.9","2025-06-09",,,,,,,,,"0.0",",,N",,,"0.0",",,N",,,,,,,,,,,,,,,,,,,,,,,,,,,,,,,,,,
"US1SCYR0078","FORT MILL 3.0 NW, SC US","35.035573","-80.982948","196.9","2025-06-10",,,,,,,,,"31.8",",,N",,,,,,,,,,,,,,,,,,,,,,,,,,,,,,,,,,,,,,
"US1SCYR0078","FORT MILL 3.0 NW, SC US","35.035573","-80.982948","196.9","2025-06-11",,,,,,,,,"0.0",",,N",,,"0.0",",,N",,,,,,,,,,,,,,,,,,,,,,,,,,,,,,,,,,
"US1SCYR0078","FORT MILL 3.0 NW, SC US","35.035573","-80.982948","196.9","2025-06-12",,,,,,,,,"0.0",",,N",,,"0.0",",,N",,,,,,,,,,,,,,,,,,,,,,,,,,,,,,,,,,
"US1SCYR0078","FORT MILL 3.0 NW, SC US","35.035573","-80.982948","196.9","2025-06-13",,,,,,,,,"18.3",",,N",,,,,,,,,,,,,,,,,,,,,,,,,,,,,,,,,,,,,,
"US1SCYR0078","FORT MILL 3.0 NW, SC US","35.035573","-80.982948","196.9","2025-06-14",,,,,,,,,"1.3",",,N",,,,,,,,,,,,,,,,,,,,,,,,,,,,,,,,,,,,,,
"US1SCYR0078","FORT MILL 3.0 NW, SC US","35.035573","-80.982948","196.9","2025-06-15",,,,,,,,,"0.0",",,N",,,"0.0",",,N",,,,,,,,,,,,,,,,,,,,,,,,,,,,,,,,,,
"US1SCYR0078","FORT MILL 3.0 NW, SC US","35.035573","-80.982948","196.9","2025-06-16",,,,,,,,,"0.0",",,N",,,"0.0",",,N",,,,,,,,,,,,,,,,,,,,,,,,,,,,,,,,,,
"US1SCYR0078","FORT MILL 3.0 NW, SC US","35.035573","-80.982948","196.9","2025-06-17",,,,,,,,,"30.0",",,N",,,,,,,,,,,,,,,,,,,,,,,,,,,,,,,,,,,,,,
"US1SCYR0078","FORT MILL 3.0 NW, SC US","35.035573","-80.982948","196.9","2025-06-18",,,,,,,,,"0.5",",,N",,,,,,,,,,,,,,,,,,,,,,,,,,,,,,,,,,,,,,
"US1SCYR0078","FORT MILL 3.0 NW, SC US","35.035573","-80.982948","196.9","2025-06-19",,,,,,,,,"0.0",",,N",,,"0.0",",,N",,,,,,,,,,,,,,,,,,,,,,,,,,,,,,,,,,
"US1SCYR0078","FORT MILL 3.0 NW, SC US","35.035573","-80.982948","196.9","2025-06-20",,,,,,,,,"0.0",",,N",,,"0.0",",,N",,,,,,,,,,,,,,,,,,,,,,,,,,,,,,,,,,
"US1SCYR0078","FORT MILL 3.0 NW, SC US","35.035573","-80.982948","196.9","2025-06-21",,,,,,,,,"0.0",",,N",,,"0.0",",,N",,,,,,,,,,,,,,,,,,,,,,,,,,,,,,,,,,
"US1SCYR0078","FORT MILL 3.0 NW, SC US","35.035573","-80.982948","196.9","2025-06-22",,,,,,,,,"0.0",",,N",,,"0.0",",,N",,,,,,,,,,,,,,,,,,,,,,,,,,,,,,,,,,
"US1SCYR0078","FORT MILL 3.0 NW, SC US","35.035573","-80.982948","196.9","2025-06-23",,,,,,,,,"0.0",",,N",,,"0.0",",,N",,,,,,,,,,,,,,,,,,,,,,,,,,,,,,,,,,
"US1SCYR0078","FORT MILL 3.0 NW, SC US","35.035573","-80.982948","196.9","2025-06-24",,,,,,,,,"0.0",",,N",,,"0.0",",,N",,,,,,,,,,,,,,,,,,,,,,,,,,,,,,,,,,
"US1SCYR0078","FORT MILL 3.0 NW, SC US","35.035573","-80.982948","196.9","2025-06-25",,,,,,,,,"0.0",",,N",,,"0.0",",,N",,,,,,,,,,,,,,,,,,,,,,,,,,,,,,,,,,
"US1SCYR0078","FORT MILL 3.0 NW, SC US","35.035573","-80.982948","196.9","2025-06-26",,,,,,,,,"41.1",",,N",,,,,,,,,,,,,,,,,,,,,,,,,,,,,,,,,,,,,,
"US1SCYR0078","FORT MILL 3.0 NW, SC US","35.035573","-80.982948","196.9","2025-06-27",,,,,,,,,"0.0",",,N",,,"0.0",",,N",,,,,,,,,,,,,,,,,,,,,,,,,,,,,,,,,,
"US1SCYR0078","FORT MILL 3.0 NW, SC US","35.035573","-80.982948","196.9","2025-06-28",,,,,,,,,"31.5",",,N",,,,,,,,,,,,,,,,,,,,,,,,,,,,,,,,,,,,,,
"US1SCYR0078","FORT MILL 3.0 NW, SC US","35.035573","-80.982948","196.9","2025-06-29",,,,,,,,,"47.2",",,N",,,,,,,,,,,,,,,,,,,,,,,,,,,,,,,,,,,,,,
"US1SCYR0078","FORT MILL 3.0 NW, SC US","35.035573","-80.982948","196.9","2025-06-30",,,,,,,,,"1.8",",,N",,,,,,,,,,,,,,,,,,,,,,,,,,,,,,,,,,,,,,
"US1SCYR0073","FORT MILL 2.9 NE, SC US","35.03149","-80.9024","177.1","2025-06-01",,,,,,,,,"0.0",",,N",,,"0.0",",,N",,,,,,,,,,,,,,,,,,,,,,,,,,,,,,,,,,
"US1SCYR0073","FORT MILL 2.9 NE, SC US","35.03149","-80.9024","177.1","2025-06-02",,,,,,,,,"0.0",",,N",,,"0.0",",,N",,,,,,,,,,,,,,,,,,,,,,,,,,,,,,,,,,
"US1SCYR0073","FORT MILL 2.9 NE, SC US","35.03149","-80.9024","177.1","2025-06-03",,,,,,,,,"0.0",",,N",,,"0.0",",,N",,,,,,,,,,,,,,,,,,,,,,,,,,,,,,,,,,
"US1SCYR0073","FORT MILL 2.9 NE, SC US","35.03149","-80.9024","177.1","2025-06-04",,,,,,,,,"0.0",",,N",,,"0.0",",,N",,,,,,,,,,,,,,,,,,,,,,,,,,,,,,,,,,
"US1SCYR0073","FORT MILL 2.9 NE, SC US","35.03149","-80.9024","177.1","2025-06-05",,,,,,,,,"20.3",",,N",,,,,,,,,,,,,,,,,,,,,,,,,,,,,,,,,,,,,,
"US1SCYR0073","FORT MILL 2.9 NE, SC US","35.03149","-80.9024","177.1","2025-06-06",,,,,,,,,"9.4",",,N",,,,,,,,,,,,,,,,,,,,,,,,,,,,,,,,,,,,,,
"US1SCYR0073","FORT MILL 2.9 NE, SC US","35.03149","-80.9024","177.1","2025-06-07",,,,,,,,,"2.5",",,N",,,,,,,,,,,,,,,,,,,,,,,,,,,,,,,,,,,,,,
"US1SCYR0073","FORT MILL 2.9 NE, SC US","35.03149","-80.9024","177.1","2025-06-08",,,,,,,,,"0.0",",,N",,,"0.0",",,N",,,,,,,,,,,,,,,,,,,,,,,,,,,,,,,,,,
"US1SCYR0073","FORT MILL 2.9 NE, SC US","35.03149","-80.9024","177.1","2025-06-09",,,,,,,,,"0.0",",,N",,,"0.0",",,N",,,,,,,,,,,,,,,,,,,,,,,,,,,,,,,,,,
"US1SCYR0073","FORT MILL 2.9 NE, SC US","35.03149","-80.9024","177.1","2025-06-10",,,,,,,,,"35.6",",,N",,,"0.0",",,N",,,,,,,,,,,,,,,,,,,,,,,,,,,,,,,,,,
"US1SCYR0073","FORT MILL 2.9 NE, SC US","35.03149","-80.9024","177.1","2025-06-11",,,,,,,,,"0.0",",,N",,,"0.0",",,N",,,,,,,,,,,,,,,,,,,,,,,,,,,,,,,,,,
"US1SCYR0073","FORT MILL 2.9 NE, SC US","35.03149","-80.9024","177.1","2025-06-13",,,,,,,,,"2.8",",,N",,,,,,,,,,,,,,,,,,,,,,,,,,,,,,,,,,,,,,
"US1SCYR0073","FORT MILL 2.9 NE, SC US","35.03149","-80.9024","177.1","2025-06-14",,,,,,,,,"0.0","T,,N",,,,,,,,,,,,,,,,,,,,,,,,,,,,,,,,,,,,,,
"US1SCYR0073","FORT MILL 2.9 NE, SC US","35.03149","-80.9024","177.1","2025-06-15",,,,,,,,,"0.0",",,N",,,"0.0",",,N",,,,,,,,,,,,,,,,,,,,,,,,,,,,,,,,,,
"US1SCYR0073","FORT MILL 2.9 NE, SC US","35.03149","-80.9024","177.1","2025-06-16",,,,,,,,,"0.0",",,N",,,"0.0",",,N",,,,,,,,,,,,,,,,,,,,,,,,,,,,,,,,,,
"US1SCYR0073","FORT MILL 2.9 NE, SC US","35.03149","-80.9024","177.1","2025-06-17",,,,,,,,,"20.6",",,N",,,,,,,,,,,,,,,,,,,,,,,,,,,,,,,,,,,,,,
"US1SCYR0073","FORT MILL 2.9 NE, SC US","35.03149","-80.9024","177.1","2025-06-18",,,,,,,,,"0.5",",,N",,,,,,,,,,,,,,,,,,,,,,,,,,,,,,,,,,,,,,
"US1SCYR0073","FORT MILL 2.9 NE, SC US","35.03149","-80.9024","177.1","2025-06-19",,,,,,,,,"0.0",",,N",,,"0.0",",,N",,,,,,,,,,,,,,,,,,,,,,,,,,,,,,,,,,
"US1SCYR0073","FORT MILL 2.9 NE, SC US","35.03149","-80.9024","177.1","2025-06-20",,,,,,,,,"0.0",",,N",,,"0.0",",,N",,,,,,,,,,,,,,,,,,,,,,,,,,,,,,,,,,
"US1SCYR0073","FORT MILL 2.9 NE, SC US","35.03149","-80.9024","177.1","2025-06-21",,,,,,,,,"0.0",",,N",,,"0.0",",,N",,,,,,,,,,,,,,,,,,,,,,,,,,,,,,,,,,
"US1SCYR0073","FORT MILL 2.9 NE, SC US","35.03149","-80.9024","177.1","2025-06-22",,,,,,,,,"0.0",",,N",,,"0.0",",,N",,,,,,,,,,,,,,,,,,,,,,,,,,,,,,,,,,
"US1SCYR0073","FORT MILL 2.9 NE, SC US","35.03149","-80.9024","177.1","2025-06-23",,,,,,,,,"0.0",",,N",,,"0.0",",,N",,,,,,,,,,,,,,,,,,,,,,,,,,,,,,,,,,
"US1SCYR0073","FORT MILL 2.9 NE, SC US","35.03149","-80.9024","177.1","2025-06-24",,,,,,,,,"0.0",",,N",,,"0.0",",,N",,,,,,,,,,,,,,,,,,,,,,,,,,,,,,,,,,
"US1SCYR0073","FORT MILL 2.9 NE, SC US","35.03149","-80.9024","177.1","2025-06-25",,,,,,,,,"0.0",",,N",,,"0.0",",,N",,,,,,,,,,,,,,,,,,,,,,,,,,,,,,,,,,
"US1SCYR0073","FORT MILL 2.9 NE, SC US","35.03149","-80.9024","177.1","2025-06-26",,,,,,,,,"51.3",",,N",,,,,,,,,,,,,,,,,,,,,,,,,,,,,,,,,,,,,,
"US1SCYR0073","FORT MILL 2.9 NE, SC US","35.03149","-80.9024","177.1","2025-06-27",,,,,,,,,"0.0",",,N",,,"0.0",",,N",,,,,,,,,,,,,,,,,,,,,,,,,,,,,,,,,,
"US1SCYR0073","FORT MILL 2.9 NE, SC US","35.03149","-80.9024","177.1","2025-06-28",,,,,,,,,"28.2",",,N",,,,,,,,,,,,,,,,,,,,,,,,,,,,,,,,,,,,,,
"US1SCYR0073","FORT MILL 2.9 NE, SC US","35.03149","-80.9024","177.1","2025-06-29",,,,,,,,,"44.2",",,N",,,,,,,,,,,,,,,,,,,,,,,,,,,,,,,,,,,,,,
"US1SCYR0073","FORT MILL 2.9 NE, SC US","35.03149","-80.9024","177.1","2025-06-30",,,,,,,,,"0.0",",,N",,,"0.0",",,N",,,,,,,,,,,,,,,,,,,,,,,,,,,,,,,,,,
"US1NCRW0002","CHINA GROVE 4.4 W, NC US","35.563451","-80.658223","263.3","2025-06-06",,,,,,,,,"37.1",",,N",,,,,,,,,,,,,,,,,,,,,,,,,,,,,,,,,,,,,,
"US1NCRW0002","CHINA GROVE 4.4 W, NC US","35.563451","-80.658223","263.3","2025-06-07",,,,,,,,,"2.0",",,N",,,,,,,,,,,,,,,,,,,,,,,,,,,,,,,,,,,,,,
"US1NCRW0002","CHINA GROVE 4.4 W, NC US","35.563451","-80.658223","263.3","2025-06-10",,,,,,,,,"4.1",",,N",,,,,,,,,,,,,,,,,,,,,,,,,,,,,,,,,,,,,,
"US1NCRW0002","CHINA GROVE 4.4 W, NC US","35.563451","-80.658223","263.3","2025-06-12",,,,,,,,,"4.1",",,N",,,,,,,,,,,,,,,,,,,,,,,,,,,,,,,,,,,,,,
"US1NCRW0002","CHINA GROVE 4.4 W, NC US","35.563451","-80.658223","263.3","2025-06-13",,,,,,,,,"6.1",",,N",,,,,,,,,,,,,,,,,,,,,,,,,,,,,,,,,,,,,,
"US1NCRW0002","CHINA GROVE 4.4 W, NC US","35.563451","-80.658223","263.3","2025-06-14",,,,,,,,,"3.8",",,N",,,,,,,,,,,,,,,,,,,,,,,,,,,,,,,,,,,,,,
"US1NCRW0002","CHINA GROVE 4.4 W, NC US","35.563451","-80.658223","263.3","2025-06-15",,,,,,,,,"1.0",",,N",,,,,,,,,,,,,,,,,,,,,,,,,,,,,,,,,,,,,,
"US1NCRW0002","CHINA GROVE 4.4 W, NC US","35.563451","-80.658223","263.3","2025-06-16",,,,,,,,,"1.0",",,N",,,,,,,,,,,,,,,,,,,,,,,,,,,,,,,,,,,,,,
"US1NCRW0002","CHINA GROVE 4.4 W, NC US","35.563451","-80.658223","263.3","2025-06-20",,,,,,,,,"5.6",",,N",,,,,,,,,,,,,,,,,,,,,,,,,,,,,,,,,,,,,,
"US1NCRW0002","CHINA GROVE 4.4 W, NC US","35.563451","-80.658223","263.3","2025-06-27",,,,,,,,,"7.4",",,N",,,,,,,,,,,,,,,,,,,,,,,,,,,,,,,,,,,,,,
"US1NCRW0002","CHINA GROVE 4.4 W, NC US","35.563451","-80.658223","263.3","2025-06-28",,,,,,,,,"3.0",",,N",,,,,,,,,,,,,,,,,,,,,,,,,,,,,,,,,,,,,,
"US1NCRW0002","CHINA GROVE 4.4 W, NC US","35.563451","-80.658223","263.3","2025-06-30",,,,,,,,,"10.7",",,N",,,,,,,,,,,,,,,,,,,,,,,,,,,,,,,,,,,,,,
"US1NCMK0071","CHARLOTTE 5.8 E, NC US","35.190048","-80.731684","226.2","2025-06-06",,,,,,,,,"12.7",",,N",,,,,,,,,,,,,,,,,,,,,,,,,,,,,,,,,,,,,,
"US1NCMK0071","CHARLOTTE 5.8 E, NC US","35.190048","-80.731684","226.2","2025-06-10",,,,,,,,,"30.7",",,N",,,,,,,,,,,,,,,,,,,,,,,,,,,,,,,,,,,,,,
"US1NCMK0071","CHARLOTTE 5.8 E, NC US","35.190048","-80.731684","226.2","2025-06-14",,,,,,,,,"6.1",",,N",,,,,,,,,,,,,,,,,,,,,,,,,,,,,,,,,,,,,,
"US1NCMK0071","CHARLOTTE 5.8 E, NC US","35.190048","-80.731684","226.2","2025-06-16",,,,,,,,,"8.4",",,N",,,,,,,,,,,,,,,,,,,,,,,,,,,,,,,,,,,,,,
"US1NCMK0071","CHARLOTTE 5.8 E, NC US","35.190048","-80.731684","226.2","2025-06-17",,,,,,,,,"8.9",",,N",,,,,,,,,,,,,,,,,,,,,,,,,,,,,,,,,,,,,,
"US1NCMK0071","CHARLOTTE 5.8 E, NC US","35.190048","-80.731684","226.2","2025-06-26",,,,,,,,,"2.3",",,N",,,,,,,,,,,,,,,,,,,,,,,,,,,,,,,,,,,,,,
"US1NCMK0110","CHARLOTTE 6.5 SSW, NC US","35.13116","-80.86758","189.6","2025-06-02",,,,,,,,,"0.0","T,,N",,,,,,,,,,,,,,,,,,,,,,,,,,,,,,,,,,,,,,
"US1NCMK0110","CHARLOTTE 6.5 SSW, NC US","35.13116","-80.86758","189.6","2025-06-05",,,,,,,,,"20.3",",,N",,,,,,,,,,,,,,,,,,,,,,,,,,,,,,,,,,,,,,
"US1NCMK0110","CHARLOTTE 6.5 SSW, NC US","35.13116","-80.86758","189.6","2025-06-07",,,,,,,,,"2.8",",,N",,,,,,,,,,,,,,,,,,,,,,,,,,,,,,,,,,,,,,
"US1NCMK0110","CHARLOTTE 6.5 SSW, NC US","35.13116","-80.86758","189.6","2025-06-09",,,,,,,,,"4.3",",,N",,,,,,,,,,,,,,,,,,,,,,,,,,,,,,,,,,,,,,
"US1NCMK0110","CHARLOTTE 6.5 SSW, NC US","35.13116","-80.86758","189.6","2025-06-10",,,,,,,,,"17.5",",,N",,,,,,,,,,,,,,,,,,,,,,,,,,,,,,,,,,,,,,
"US1NCMK0110","CHARLOTTE 6.5 SSW, NC US","35.13116","-80.86758","189.6","2025-06-13",,,,,,,,,"55.9",",,N",,,,,,,,,,,,,,,,,,,,,,,,,,,,,,,,,,,,,,
"US1NCMK0110","CHARLOTTE 6.5 SSW, NC US","35.13116","-80.86758","189.6","2025-06-14",,,,,,,,,"3.8",",,N",,,"0.0",",,N","0.0",",,N",,,,,,,,,,,,,,,"0.0",",,N","0.0",",,N",,,,,,,,,,,,,,
"US1NCMK0110","CHARLOTTE 6.5 SSW, NC US","35.13116","-80.86758","189.6","2025-06-15",,,,,,,,,"0.3",",,N",,,,,,,,,,,,,,,,,,,,,,,,,,,,,,,,,,,,,,
"US1NCMK0110","CHARLOTTE 6.5 SSW, NC US","35.13116","-80.86758","189.6","2025-06-20",,,"    5",",,N","12.7",",,N",,,,,,,,,,,,,,,,,,,,,,,,,,,,,,,,,,,,,,,,,,
"US1NCMK0110","CHARLOTTE 6.5 SSW, NC US","35.13116","-80.86758","189.6","2025-06-26",,,,,,,,,"4.3",",,N",,,,,,,,,,,,,,,,,,,,,,,,,,,,,,,,,,,,,,
"US1NCMK0110","CHARLOTTE 6.5 SSW, NC US","35.13116","-80.86758","189.6","2025-06-27",,,,,,,,,"0.0","T,,N",,,,,,,,,,,,,,,,,,,,,,,,,,,,,,,,,,,,,,
"US1NCMK0110","CHARLOTTE 6.5 SSW, NC US","35.13116","-80.86758","189.6","2025-06-29",,,,,,,,,"0.0","T,,N",,,,,,,,,,,,,,,,,,,,,,,,,,,,,,,,,,,,,,
"US1NCMK0110","CHARLOTTE 6.5 SSW, NC US","35.13116","-80.86758","189.6","2025-06-30",,,,,,,,,"1.5",",,N",,,,,,,,,,,,,,,,,,,,,,,,,,,,,,,,,,,,,,
"US1SCYR0103","FORT MILL 0.6 WNW, SC US","35.0108396","-80.952323","194.2","2025-06-01",,,,,,,,,"0.3",",,N",,,,,,,,,,,,,,,,,,,,,,,,,,,,,,,,,,,,,,
"US1SCYR0103","FORT MILL 0.6 WNW, SC US","35.0108396","-80.952323","194.2","2025-06-02",,,,,,,,,"0.0",",,N",,,"0.0",",,N",,,,,,,,,,,,,,,,,,,,,,,,,,,,,,,,,,
"US1SCYR0103","FORT MILL 0.6 WNW, SC US","35.0108396","-80.952323","194.2","2025-06-03",,,,,,,,,"0.0",",,N",,,"0.0",",,N",,,,,,,,,,,,,,,,,,,,,,,,,,,,,,,,,,
"US1SCYR0103","FORT MILL 0.6 WNW, SC US","35.0108396","-80.952323","194.2","2025-06-04",,,,,,,,,"0.0",",,N",,,"0.0",",,N",,,,,,,,,,,,,,,,,,,,,,,,,,,,,,,,,,
"US1SCYR0103","FORT MILL 0.6 WNW, SC US","35.0108396","-80.952323","194.2","2025-06-05",,,,,,,,,"15.7",",,N",,,,,,,,,,,,,,,,,,,,,,,,,,,,,,,,,,,,,,
"US1SCYR0103","FORT MILL 0.6 WNW, SC US","35.0108396","-80.952323","194.2","2025-06-06",,,,,,,,,"4.3",",,N",,,,,,,,,,,,,,,,,,,,,,,,,,,,,,,,,,,,,,
"US1SCYR0103","FORT MILL 0.6 WNW, SC US","35.0108396","-80.952323","194.2","2025-06-07",,,,,,,,,"1.5",",,N",,,,,,,,,,,,,,,,,,,,,,,,,,,,,,,,,,,,,,
"US1SCYR0103","FORT MILL 0.6 WNW, SC US","35.0108396","-80.952323","194.2","2025-06-08",,,,,,,,,"0.0",",,N",,,"0.0",",,N",,,,,,,,,,,,,,,,,,,,,,,,,,,,,,,,,,
"US1SCYR0103","FORT MILL 0.6 WNW, SC US","35.0108396","-80.952323","194.2","2025-06-09",,,,,,,,,"0.0",",,N",,,"0.0",",,N",,,,,,,,,,,,,,,,,,,,,,,,,,,,,,,,,,
"US1SCYR0103","FORT MILL 0.6 WNW, SC US","35.0108396","-80.952323","194.2","2025-06-10",,,,,,,,,"35.8",",,N",,,,,,,,,,,,,,,,,,,,,,,,,,,,,,,,,,,,,,
"US1SCYR0103","FORT MILL 0.6 WNW, SC US","35.0108396","-80.952323","194.2","2025-06-11",,,,,,,,,"0.0",",,N",,,"0.0",",,N",,,,,,,,,,,,,,,,,,,,,,,,,,,,,,,,,,
"US1SCYR0103","FORT MILL 0.6 WNW, SC US","35.0108396","-80.952323","194.2","2025-06-12",,,,,,,,,"0.0",",,N",,,"0.0",",,N",,,,,,,,,,,,,,,,,,,,,,,,,,,,,,,,,,
"US1SCYR0103","FORT MILL 0.6 WNW, SC US","35.0108396","-80.952323","194.2","2025-06-13",,,,,,,,,"25.1",",,N",,,,,,,,,,,,,,,,,,,,,,,,,,,,,,,,,,,,,,
"US1SCYR0103","FORT MILL 0.6 WNW, SC US","35.0108396","-80.952323","194.2","2025-06-14",,,,,,,,,"2.0",",,N",,,,,,,,,,,,,,,,,,,,,,,,,,,,,,,,,,,,,,
"US1SCYR0103","FORT MILL 0.6 WNW, SC US","35.0108396","-80.952323","194.2","2025-06-15",,,,,,,,,"0.0","T,,N",,,,,,,,,,,,,,,,,,,,,,,,,,,,,,,,,,,,,,
"US1SCYR0103","FORT MILL 0.6 WNW, SC US","35.0108396","-80.952323","194.2","2025-06-16",,,,,,,,,"0.0",",,N",,,"0.0",",,N",,,,,,,,,,,,,,,,,,,,,,,,,,,,,,,,,,
"US1SCYR0103","FORT MILL 0.6 WNW, SC US","35.0108396","-80.952323","194.2","2025-06-17",,,,,,,,,"19.1",",,N",,,,,,,,,,,,,,,,,,,,,,,,,,,,,,,,,,,,,,
"US1SCYR0103","FORT MILL 0.6 WNW, SC US","35.0108396","-80.952323","194.2","2025-06-18",,,,,,,,,"0.5",",,N",,,,,,,,,,,,,,,,,,,,,,,,,,,,,,,,,,,,,,
"US1SCYR0103","FORT MILL 0.6 WNW, SC US","35.0108396","-80.952323","194.2","2025-06-19",,,,,,,,,"0.0",",,N",,,"0.0",",,N",,,,,,,,,,,,,,,,,,,,,,,,,,,,,,,,,,
"US1SCYR0103","FORT MILL 0.6 WNW, SC US","35.0108396","-80.952323","194.2","2025-06-20",,,,,,,,,"0.0",",,N",,,"0.0",",,N",,,,,,,,,,,,,,,,,,,,,,,,,,,,,,,,,,
"US1SCYR0103","FORT MILL 0.6 WNW, SC US","35.0108396","-80.952323","194.2","2025-06-21",,,,,,,,,"0.0",",,N",,,"0.0",",,N",,,,,,,,,,,,,,,,,,,,,,,,,,,,,,,,,,
"US1SCYR0103","FORT MILL 0.6 WNW, SC US","35.0108396","-80.952323","194.2","2025-06-22",,,,,,,,,"0.0",",,N",,,"0.0",",,N",,,,,,,,,,,,,,,,,,,,,,,,,,,,,,,,,,
"US1SCYR0103","FORT MILL 0.6 WNW, SC US","35.0108396","-80.952323","194.2","2025-06-23",,,,,,,,,"0.0",",,N",,,"0.0",",,N",,,,,,,,,,,,,,,,,,,,,,,,,,,,,,,,,,
"US1SCYR0103","FORT MILL 0.6 WNW, SC US","35.0108396","-80.952323","194.2","2025-06-24",,,,,,,,,"0.0",",,N",,,"0.0",",,N",,,,,,,,,,,,,,,,,,,,,,,,,,,,,,,,,,
"US1SCYR0103","FORT MILL 0.6 WNW, SC US","35.0108396","-80.952323","194.2","2025-06-25",,,,,,,,,"0.0",",,N",,,"0.0",",,N",,,,,,,,,,,,,,,,,,,,,,,,,,,,,,,,,,
"US1SCYR0103","FORT MILL 0.6 WNW, SC US","35.0108396","-80.952323","194.2","2025-06-26",,,,,,,,,"32.8",",,N",,,,,,,,,,,,,,,,,,,,,,,,,,,,,,,,,,,,,,
"US1SCYR0103","FORT MILL 0.6 WNW, SC US","35.0108396","-80.952323","194.2","2025-06-27",,,,,,,,,"0.0",",,N",,,"0.0",",,N",,,,,,,,,,,,,,,,,,,,,,,,,,,,,,,,,,
"US1SCYR0103","FORT MILL 0.6 WNW, SC US","35.0108396","-80.952323","194.2","2025-06-28",,,,,,,,,"12.7",",,N",,,,,,,,,,,,,,,,,,,,,,,,,,,,,,,,,,,,,,
"US1SCYR0103","FORT MILL 0.6 WNW, SC US","35.0108396","-80.952323","194.2","2025-06-29",,,,,,,,,"10.2",",,N",,,,,,,,,,,,,,,,,,,,,,,,,,,,,,,,,,,,,,
"US1SCYR0103","FORT MILL 0.6 WNW, SC US","35.0108396","-80.952323","194.2","2025-06-30",,,,,,,,,"0.3",",,N",,,,,,,,,,,,,,,,,,,,,,,,,,,,,,,,,,,,,,
"US1NCMK0115","CHARLOTTE 8.9 NW, NC US","35.275321","-80.959715","231.3","2025-06-01",,,,,,,,,"0.0",",,N",,,"0.0",",,N",,,,,,,,,,,,,,,,,,,,,,,,,,,,,,,,,,
"US1NCMK0115","CHARLOTTE 8.9 NW, NC US","35.275321","-80.959715","231.3","2025-06-02",,,,,,,,,"14.5",",,N",,,,,,,,,,,,,,,,,,,,,,,,,,,,,,,,,,,,,,
"US1NCMK0115","CHARLOTTE 8.9 NW, NC US","35.275321","-80.959715","231.3","2025-06-03",,,,,,,,,"0.0",",,N",,,"0.0",",,N",,,,,,,,,,,,,,,,,,,,,,,,,,,,,,,,,,
"US1NCMK0115","CHARLOTTE 8.9 NW, NC US","35.275321","-80.959715","231.3","2025-06-04",,,,,,,,,"0.0",",,N",,,"0.0",",,N",,,,,,,,,,,,,,,,,,,,,,,,,,,,,,,,,,
"US1NCMK0115","CHARLOTTE 8.9 NW, NC US","35.275321","-80.959715","231.3","2025-06-05",,,,,,,,,"16.3",",,N",,,,,,,,,,,,,,,,,,,,,,,,,,,,,,,,,,,,,,
"US1NCMK0115","CHARLOTTE 8.9 NW, NC US","35.275321","-80.959715","231.3","2025-06-06",,,,,,,,,"22.4",",,N",,,,,,,,,,,,,,,,,,,,,,,,,,,,,,,,,,,,,,
"US1NCMK0115","CHARLOTTE 8.9 NW, NC US","35.275321","-80.959715","231.3","2025-06-07",,,,,,,,,"3.0",",,N",,,,,,,,,,,,,,,,,,,,,,,,,,,,,,,,,,,,,,
"US1NCMK0115","CHARLOTTE 8.9 NW, NC US","35.275321","-80.959715","231.3","2025-06-08",,,,,,,,,"0.5",",,N",,,,,,,,,,,,,,,,,,,,,,,,,,,,,,,,,,,,,,
"US1NCMK0115","CHARLOTTE 8.9 NW, NC US","35.275321","-80.959715","231.3","2025-06-09",,,,,,,,,"0.0","T,,N",,,,,,,,,,,,,,,,,,,,,,,,,,,,,,,,,,,,,,
"US1NCMK0115","CHARLOTTE 8.9 NW, NC US","35.275321","-80.959715","231.3","2025-06-10",,,,,,,,,"3.3",",,N",,,,,,,,,,,,,,,,,,,,,,,,,,,,,,,,,,,,,,
"US1NCMK0115","CHARLOTTE 8.9 NW, NC US","35.275321","-80.959715","231.3","2025-06-11",,,,,,,,,"0.0",",,N",,,"0.0",",,N",,,,,,,,,,,,,,,,,,,,,,,,,,,,,,,,,,
"US1NCMK0115","CHARLOTTE 8.9 NW, NC US","35.275321","-80.959715","231.3","2025-06-12",,,,,,,,,"0.0",",,N",,,"0.0",",,N",,,,,,,,,,,,,,,,,,,,,,,,,,,,,,,,,,
"US1NCMK0115","CHARLOTTE 8.9 NW, NC US","35.275321","-80.959715","231.3","2025-06-13",,,,,,,,,"31.2",",,N",,,,,,,,,,,,,,,,,,,,,,,,,,,,,,,,,,,,,,
"US1NCMK0115","CHARLOTTE 8.9 NW, NC US","35.275321","-80.959715","231.3","2025-06-14",,,,,,,,,"2.5",",,N",,,,,,,,,,,,,,,,,,,,,,,,,,,,,,,,,,,,,,
"US1NCMK0115","CHARLOTTE 8.9 NW, NC US","35.275321","-80.959715","231.3","2025-06-15",,,,,,,,,"0.0",",,N",,,"0.0",",,N",,,,,,,,,,,,,,,,,,,,,,,,,,,,,,,,,,
"US1NCMK0115","CHARLOTTE 8.9 NW, NC US","35.275321","-80.959715","231.3","2025-06-16",,,,,,,,,"1.0",",,N",,,,,,,,,,,,,,,,,,,,,,,,,,,,,,,,,,,,,,
"US1NCMK0115","CHARLOTTE 8.9 NW, NC US","35.275321","-80.959715","231.3","2025-06-17",,,,,,,,,"17.5",",,N",,,,,,,,,,,,,,,,,,,,,,,,,,,,,,,,,,,,,,
"US1NCMK0115","CHARLOTTE 8.9 NW, NC US","35.275321","-80.959715","231.3","2025-06-18",,,,,,,,,"0.8",",,N",,,,,,,,,,,,,,,,,,,,,,,,,,,,,,,,,,,,,,
"US1NCMK0115","CHARLOTTE 8.9 NW, NC US","35.275321","-80.959715","231.3","2025-06-19",,,,,,,,,"0.0",",,N",,,"0.0",",,N",,,,,,,,,,,,,,,,,,,,,,,,,,,,,,,,,,
"US1NCMK0115","CHARLOTTE 8.9 NW, NC US","35.275321","-80.959715","231.3","2025-06-20",,,,,,,,,"0.0",",,N",,,"0.0",",,N",,,,,,,,,,,,,,,,,,,,,,,,,,,,,,,,,,
"US1NCMK0115","CHARLOTTE 8.9 NW, NC US","35.275321","-80.959715","231.3","2025-06-21",,,,,,,,,"0.0",",,N",,,"0.0",",,N",,,,,,,,,,,,,,,,,,,,,,,,,,,,,,,,,,
"US1NCMK0115","CHARLOTTE 8.9 NW, NC US","35.275321","-80.959715","231.3","2025-06-22",,,,,,,,,"0.0",",,N",,,"0.0",",,N",,,,,,,,,,,,,,,,,,,,,,,,,,,,,,,,,,
"US1NCMK0115","CHARLOTTE 8.9 NW, NC US","35.275321","-80.959715","231.3","2025-06-23",,,,,,,,,"0.0",",,N",,,"0.0",",,N",,,,,,,,,,,,,,,,,,,,,,,,,,,,,,,,,,
"US1NCMK0115","CHARLOTTE 8.9 NW, NC US","35.275321","-80.959715","231.3","2025-06-24",,,,,,,,,"0.0",",,N",,,"0.0",",,N",,,,,,,,,,,,,,,,,,,,,,,,,,,,,,,,,,
"US1NCMK0115","CHARLOTTE 8.9 NW, NC US","35.275321","-80.959715","231.3","2025-06-25",,,,,,,,,"0.0",",,N",,,"0.0",",,N",,,,,,,,,,,,,,,,,,,,,,,,,,,,,,,,,,
"US1NCMK0115","CHARLOTTE 8.9 NW, NC US","35.275321","-80.959715","231.3","2025-06-26",,,,,,,,,"4.6",",,N",,,,,,,,,,,,,,,,,,,,,,,,,,,,,,,,,,,,,,
"US1NCMK0115","CHARLOTTE 8.9 NW, NC US","35.275321","-80.959715","231.3","2025-06-27",,,,,,,,,"0.0",",,N",,,"0.0",",,N",,,,,,,,,,,,,,,,,,,,,,,,,,,,,,,,,,
"US1NCMK0115","CHARLOTTE 8.9 NW, NC US","35.275321","-80.959715","231.3","2025-06-28",,,,,,,,,"0.3",",,N",,,,,,,,,,,,,,,,,,,,,,,,,,,,,,,,,,,,,,
"US1NCMK0115","CHARLOTTE 8.9 NW, NC US","35.275321","-80.959715","231.3","2025-06-29",,,,,,,,,"0.0","T,,N",,,,,,,,,,,,,,,,,,,,,,,,,,,,,,,,,,,,,,
"US1NCMK0115","CHARLOTTE 8.9 NW, NC US","35.275321","-80.959715","231.3","2025-06-30",,,,,,,,,"0.0",",,N",,,"0.0",",,N",,,,,,,,,,,,,,,,,,,,,,,,,,,,,,,,,,
"US1NCMK0118","MINT HILL 3.7 NNE, NC US","35.22997","-80.64877","213.1","2025-06-02",,,,,,,,,"12.2",",,N",,,,,,,,,,,,,,,,,,,,,,,,,,,,,,,,,,,,,,
"US1NCMK0118","MINT HILL 3.7 NNE, NC US","35.22997","-80.64877","213.1","2025-06-07",,,,,,,,,"2.0",",,N",,,,,,,,,,,,,,,,,,,,,,,,,,,,,,,,,,,,,,
"US1NCMK0118","MINT HILL 3.7 NNE, NC US","35.22997","-80.64877","213.1","2025-06-11",,,,,,,,,"2.0",",,N",,,,,,,,,,,,,,,,,,,,,,,,,,,,,,,,,,,,,,
"US1NCMK0118","MINT HILL 3.7 NNE, NC US","35.22997","-80.64877","213.1","2025-06-13",,,,,,,,,"59.9",",,N",,,,,,,,,,,,,,,,,,,,,,,,,,,,,,,,,,,,,,
"US1NCMK0118","MINT HILL 3.7 NNE, NC US","35.22997","-80.64877","213.1","2025-06-14",,,,,,,,,"0.8",",,N",,,,,,,,,,,,,,,,,,,,,,,,,,,,,,,,,,,,,,
"US1NCMK0118","MINT HILL 3.7 NNE, NC US","35.22997","-80.64877","213.1","2025-06-17",,,,,,,,,"16.3",",,N",,,,,,,,,,,,,,,,,,,,,,,,,,,,,,,,,,,,,,
"US1NCUN0010","MONROE 9.2 N, NC US","35.1187","-80.51475","202.4","2025-06-01",,,,,,,,,"0.0",",,N",,,"0.0",",,N",,,,,,,,,,,,,,,,,,,,,,,,,,,,,,,,,,
"US1NCUN0010","MONROE 9.2 N, NC US","35.1187","-80.51475","202.4","2025-06-02",,,,,,,,,"4.1",",,N",,,,,,,,,,,,,,,,,,,,,,,,,,,,,,,,,,,,,,
"US1NCUN0010","MONROE 9.2 N, NC US","35.1187","-80.51475","202.4","2025-06-03",,,,,,,,,"0.0",",,N",,,"0.0",",,N",,,,,,,,,,,,,,,,,,,,,,,,,,,,,,,,,,
"US1NCUN0010","MONROE 9.2 N, NC US","35.1187","-80.51475","202.4","2025-06-04",,,,,,,,,"0.0",",,N",,,"0.0",",,N",,,,,,,,,,,,,,,,,,,,,,,,,,,,,,,,,,
"US1NCUN0010","MONROE 9.2 N, NC US","35.1187","-80.51475","202.4","2025-06-05",,,,,,,,,"5.6",",,N",,,,,,,,,,,,,,,,,,,,,,,,,,,,,,,,,,,,,,
"US1NCUN0010","MONROE 9.2 N, NC US","35.1187","-80.51475","202.4","2025-06-06",,,,,,,,,"16.8",",,N",,,,,,,,,,,,,,,,,,,,,,,,,,,,,,,,,,,,,,
"US1NCUN0010","MONROE 9.2 N, NC US","35.1187","-80.51475","202.4","2025-06-07",,,,,,,,,"1.3",",,N",,,,,,,,,,,,,,,,,,,,,,,,,,,,,,,,,,,,,,
"US1NCUN0010","MONROE 9.2 N, NC US","35.1187","-80.51475","202.4","2025-06-08",,,,,,,,,"0.0",",,N",,,"0.0",",,N",,,,,,,,,,,,,,,,,,,,,,,,,,,,,,,,,,
"US1NCUN0010","MONROE 9.2 N, NC US","35.1187","-80.51475","202.4","2025-06-09",,,,,,,,,"0.0",",,N",,,"0.0",",,N",,,,,,,,,,,,,,,,,,,,,,,,,,,,,,,,,,
"US1NCUN0010","MONROE 9.2 N, NC US","35.1187","-80.51475","202.4","2025-06-10",,,,,,,,,"26.7",",,N",,,,,,,,,,,,,,,,,,,,,,,,,,,,,,,,,,,,,,
"US1NCUN0010","MONROE 9.2 N, NC US","35.1187","-80.51475","202.4","2025-06-11",,,,,,,,,"0.0",",,N",,,"0.0",",,N",,,,,,,,,,,,,,,,,,,,,,,,,,,,,,,,,,
"US1NCUN0010","MONROE 9.2 N, NC US","35.1187","-80.51475","202.4","2025-06-12",,,,,,,,,"0.0",",,N",,,"0.0",",,N",,,,,,,,,,,,,,,,,,,,,,,,,,,,,,,,,,
"US1NCUN0010","MONROE 9.2 N, NC US","35.1187","-80.51475","202.4","2025-06-13",,,,,,,,,"47.8",",,N",,,,,,,,,,,,,,,,,,,,,,,,,,,,,,,,,,,,,,
"US1NCUN0010","MONROE 9.2 N, NC US","35.1187","-80.51475","202.4","2025-06-14",,,,,,,,,"12.2",",,N",,,,,,,,,,,,,,,,,,,,,,,,,,,,,,,,,,,,,,
"US1NCUN0010","MONROE 9.2 N, NC US","35.1187","-80.51475","202.4","2025-06-15",,,,,,,,,"0.0",",,N",,,"0.0",",,N",,,,,,,,,,,,,,,,,,,,,,,,,,,,,,,,,,
"US1NCUN0010","MONROE 9.2 N, NC US","35.1187","-80.51475","202.4","2025-06-16",,,,,,,,,"0.0",",,N",,,"0.0",",,N",,,,,,,,,,,,,,,,,,,,,,,,,,,,,,,,,,
"US1NCUN0010","MONROE 9.2 N, NC US","35.1187","-80.51475","202.4","2025-06-17",,,,,,,,,"4.6",",,N",,,,,,,,,,,,,,,,,,,,,,,,,,,,,,,,,,,,,,
"US1NCUN0010","MONROE 9.2 N, NC US","35.1187","-80.51475","202.4","2025-06-18",,,,,,,,,"0.0",",,N",,,"0.0",",,N",,,,,,,,,,,,,,,,,,,,,,,,,,,,,,,,,,
"US1NCUN0010","MONROE 9.2 N, NC US","35.1187","-80.51475","202.4","2025-06-19",,,,,,,,,"0.0",",,N",,,"0.0",",,N",,,,,,,,,,,,,,,,,,,,,,,,,,,,,,,,,,
"US1NCUN0010","MONROE 9.2 N, NC US","35.1187","-80.51475","202.4","2025-06-20",,,,,,,,,"0.0",",,N",,,"0.0",",,N",,,,,,,,,,,,,,,,,,,,,,,,,,,,,,,,,,
"US1NCUN0010","MONROE 9.2 N, NC US","35.1187","-80.51475","202.4","2025-06-21",,,,,,,,,"0.0",",,N",,,"0.0",",,N",,,,,,,,,,,,,,,,,,,,,,,,,,,,,,,,,,
"US1NCUN0010","MONROE 9.2 N, NC US","35.1187","-80.51475","202.4","2025-06-22",,,,,,,,,"0.0",",,N",,,"0.0",",,N",,,,,,,,,,,,,,,,,,,,,,,,,,,,,,,,,,
"US1NCUN0010","MONROE 9.2 N, NC US","35.1187","-80.51475","202.4","2025-06-23",,,,,,,,,"0.0",",,N",,,"0.0",",,N",,,,,,,,,,,,,,,,,,,,,,,,,,,,,,,,,,
"US1NCUN0010","MONROE 9.2 N, NC US","35.1187","-80.51475","202.4","2025-06-24",,,,,,,,,"0.0",",,N",,,"0.0",",,N",,,,,,,,,,,,,,,,,,,,,,,,,,,,,,,,,,
"US1NCUN0010","MONROE 9.2 N, NC US","35.1187","-80.51475","202.4","2025-06-25",,,,,,,,,"0.0",",,N",,,"0.0",",,N",,,,,,,,,,,,,,,,,,,,,,,,,,,,,,,,,,
"US1NCUN0010","MONROE 9.2 N, NC US","35.1187","-80.51475","202.4","2025-06-26",,,,,,,,,"13.7",",,N",,,,,,,,,,,,,,,,,,,,,,,,,,,,,,,,,,,,,,
"US1NCUN0010","MONROE 9.2 N, NC US","35.1187","-80.51475","202.4","2025-06-27",,,,,,,,,"0.0",",,N",,,"0.0",",,N",,,,,,,,,,,,,,,,,,,,,,,,,,,,,,,,,,
"US1NCUN0010","MONROE 9.2 N, NC US","35.1187","-80.51475","202.4","2025-06-28",,,,,,,,,"6.1",",,N",,,,,,,,,,,,,,,,,,,,,,,,,,,,,,,,,,,,,,
"US1NCUN0010","MONROE 9.2 N, NC US","35.1187","-80.51475","202.4","2025-06-29",,,,,,,,,"0.0",",,N",,,"0.0",",,N",,,,,,,,,,,,,,,,,,,,,,,,,,,,,,,,,,
"US1NCUN0010","MONROE 9.2 N, NC US","35.1187","-80.51475","202.4","2025-06-30",,,,,,,,,"0.0",",,N",,,"0.0",",,N",,,,,,,,,,,,,,,,,,,,,,,,,,,,,,,,,,
"US1NCUN0017","WAXHAW 4.1 ENE, NC US","34.944722","-80.674722","196.9","2025-06-01",,,,,,,,,"0.0",",,N",,,"0.0",",,N",,,,,,,,,,,,,,,,,,,,,,,,,,,,,,,,,,
"US1NCUN0017","WAXHAW 4.1 ENE, NC US","34.944722","-80.674722","196.9","2025-06-02",,,,,,,,,"0.0","T,,N",,,,,,,,,,,,,,,,,,,,,,,,,,,,,,,,,,,,,,
"US1NCUN0017","WAXHAW 4.1 ENE, NC US","34.944722","-80.674722","196.9","2025-06-03",,,,,,,,,"0.0",",,N",,,"0.0",",,N",,,,,,,,,,,,,,,,,,,,,,,,,,,,,,,,,,
"US1NCUN0017","WAXHAW 4.1 ENE, NC US","34.944722","-80.674722","196.9","2025-06-04",,,,,,,,,"0.0",",,N",,,"0.0",",,N",,,,,,,,,,,,,,,,,,,,,,,,,,,,,,,,,,
"US1NCUN0017","WAXHAW 4.1 ENE, NC US","34.944722","-80.674722","196.9","2025-06-05",,,,,,,,,"8.1",",,N",,,,,,,,,,,,,,,,,,,,,,,,,,,,,,,,,,,,,,
"US1NCUN0017","WAXHAW 4.1 ENE, NC US","34.944722","-80.674722","196.9","2025-06-06",,,,,,,,,"25.9",",,N",,,,,,,,,,,,,,,,,,,,,,,,,,,,,,,,,,,,,,
"US1NCUN0017","WAXHAW 4.1 ENE, NC US","34.944722","-80.674722","196.9","2025-06-07",,,,,,,,,"0.0","T,,N",,,,,,,,,,,,,,,,,,,,,,,,,,,,,,,,,,,,,,
"US1NCUN0017","WAXHAW 4.1 ENE, NC US","34.944722","-80.674722","196.9","2025-06-08",,,,,,,,,"0.0","T,,N",,,,,,,,,,,,,,,,,,,,,,,,,,,,,,,,,,,,,,
"US1NCUN0017","WAXHAW 4.1 ENE, NC US","34.944722","-80.674722","196.9","2025-06-09",,,,,,,,,"0.0",",,N",,,"0.0",",,N",,,,,,,,,,,,,,,,,,,,,,,,,,,,,,,,,,
"US1NCUN0017","WAXHAW 4.1 ENE, NC US","34.944722","-80.674722","196.9","2025-06-10",,,,,,,,,"5.8",",,N",,,,,,,,,,,,,,,,,,,,,,,,,,,,,,,,,,,,,,
"US1NCUN0017","WAXHAW 4.1 ENE, NC US","34.944722","-80.674722","196.9","2025-06-11",,,,,,,,,"0.0","T,,N",,,,,,,,,,,,,,,,,,,,,,,,,,,,,,,,,,,,,,
"US1NCUN0017","WAXHAW 4.1 ENE, NC US","34.944722","-80.674722","196.9","2025-06-12",,,,,,,,,"0.0",",,N",,,"0.0",",,N",,,,,,,,,,,,,,,,,,,,,,,,,,,,,,,,,,
"US1NCUN0017","WAXHAW 4.1 ENE, NC US","34.944722","-80.674722","196.9","2025-06-13",,,,,,,,,"9.1",",,N",,,,,,,,,,,,,,,,,,,,,,,,,,,,,,,,,,,,,,
"US1NCUN0017","WAXHAW 4.1 ENE, NC US","34.944722","-80.674722","196.9","2025-06-14",,,,,,,,,"1.0",",,N",,,,,,,,,,,,,,,,,,,,,,,,,,,,,,,,,,,,,,
"US1NCUN0017","WAXHAW 4.1 ENE, NC US","34.944722","-80.674722","196.9","2025-06-15",,,,,,,,,"0.0",",,N",,,"0.0",",,N",,,,,,,,,,,,,,,,,,,,,,,,,,,,,,,,,,
"US1NCUN0017","WAXHAW 4.1 ENE, NC US","34.944722","-80.674722","196.9","2025-06-16",,,,,,,,,"0.0",",,N",,,"0.0",",,N",,,,,,,,,,,,,,,,,,,,,,,,,,,,,,,,,,
"US1NCUN0017","WAXHAW 4.1 ENE, NC US","34.944722","-80.674722","196.9","2025-06-17",,,,,,,,,"7.6",",,N",,,,,,,,,,,,,,,,,,,,,,,,,,,,,,,,,,,,,,
"US1NCUN0017","WAXHAW 4.1 ENE, NC US","34.944722","-80.674722","196.9","2025-06-18",,,,,,,,,"0.8",",,N",,,,,,,,,,,,,,,,,,,,,,,,,,,,,,,,,,,,,,
"US1NCUN0017","WAXHAW 4.1 ENE, NC US","34.944722","-80.674722","196.9","2025-06-19",,,,,,,,,"0.0",",,N",,,"0.0",",,N",,,,,,,,,,,,,,,,,,,,,,,,,,,,,,,,,,
"US1NCUN0017","WAXHAW 4.1 ENE, NC US","34.944722","-80.674722","196.9","2025-06-20",,,,,,,,,"0.0",",,N",,,"0.0",",,N",,,,,,,,,,,,,,,,,,,,,,,,,,,,,,,,,,
"US1NCUN0017","WAXHAW 4.1 ENE, NC US","34.944722","-80.674722","196.9","2025-06-22",,,,,,,,,"0.0",",,N",,,"0.0",",,N",,,,,,,,,,,,,,,,,,,,,,,,,,,,,,,,,,
"US1NCUN0017","WAXHAW 4.1 ENE, NC US","34.944722","-80.674722","196.9","2025-06-23",,,,,,,,,"0.0",",,N",,,"0.0",",,N",,,,,,,,,,,,,,,,,,,,,,,,,,,,,,,,,,
"US1NCUN0017","WAXHAW 4.1 ENE, NC US","34.944722","-80.674722","196.9","2025-06-24",,,,,,,,,"0.0",",,N",,,"0.0",",,N",,,,,,,,,,,,,,,,,,,,,,,,,,,,,,,,,,
"US1NCUN0017","WAXHAW 4.1 ENE, NC US","34.944722","-80.674722","196.9","2025-06-25",,,,,,,,,"0.0",",,N",,,"0.0",",,N",,,,,,,,,,,,,,,,,,,,,,,,,,,,,,,,,,
"US1NCUN0017","WAXHAW 4.1 ENE, NC US","34.944722","-80.674722","196.9","2025-06-26",,,,,,,,,"26.2",",,N",,,,,,,,,,,,,,,,,,,,,,,,,,,,,,,,,,,,,,
"US1NCUN0017","WAXHAW 4.1 ENE, NC US","34.944722","-80.674722","196.9","2025-06-27",,,,,,,,,"0.0",",,N",,,"0.0",",,N",,,,,,,,,,,,,,,,,,,,,,,,,,,,,,,,,,
"US1NCUN0017","WAXHAW 4.1 ENE, NC US","34.944722","-80.674722","196.9","2025-06-28",,,,,,,,,"3.3",",,N",,,,,,,,,,,,,,,,,,,,,,,,,,,,,,,,,,,,,,
"US1NCUN0017","WAXHAW 4.1 ENE, NC US","34.944722","-80.674722","196.9","2025-06-29",,,,,,,,,"0.0",",,N",,,"0.0",",,N",,,,,,,,,,,,,,,,,,,,,,,,,,,,,,,,,,
"US1NCUN0017","WAXHAW 4.1 ENE, NC US","34.944722","-80.674722","196.9","2025-06-30",,,,,,,,,"6.1",",,N",,,,,,,,,,,,,,,,,,,,,,,,,,,,,,,,,,,,,,
"USC00384373","INDIAN LAND 5 SSE, SC US","34.93249","-80.82572","171.9","2025-06-02",,,,,,,,,"0.0",",,H,0700",,,"0.0",",,H,0700","0.0",",,H,0700",,,,,"28.3",",,H","15.6",",,H","18.3",",,H,0700",,,,,,,,,,,,,,,,,,,,,,
"USC00384373","INDIAN LAND 5 SSE, SC US","34.93249","-80.82572","171.9","2025-06-09",,,,,,,,,,,,,,,"0.0",",,H,0700",,,,,"33.3",",,H","8.9",",,H","31.7",",,H,0700",,,,,,,,,,,,,,,,,,,,,,
"USC00384373","INDIAN LAND 5 SSE, SC US","34.93249","-80.82572","171.9","2025-06-13",,,,,,,,,"15.2",",,H,0700",,,"0.0",",,H,0700","0.0",",,H,0700",,,,,"32.8",",,H","17.8",",,H","25.0",",,H,0700",,,,,,,,,,,,,,,,,,,,,,
"US1NCCB0020","MOUNT PLEASANT 0.3 SSE, NC US","35.398288","-80.434669","191.4","2025-06-01",,,,,,,,,"0.0",",,N",,,"0.0",",,N",,,,,,,,,,,,,,,,,,,,,,,,,,,,,,,,,,
"US1NCCB0020","MOUNT PLEASANT 0.3 SSE, NC US","35.398288","-80.434669","191.4","2025-06-04",,,"    3",",,N","0.0","T,,N",,,,,,,,,,,,,,,,,,,,,,,,,,,,,,,,,,,,,,,,,,
"US1NCCB0020","MOUNT PLEASANT 0.3 SSE, NC US","35.398288","-80.434669","191.4","2025-06-05",,,,,,,,,"90.2",",,N",,,,,,,,,,,,,,,,,,,,,,,,,,,,,,,,,,,,,,
"US1NCCB0020","MOUNT PLEASANT 0.3 SSE, NC US","35.398288","-80.434669","191.4","2025-06-08",,,"    3",",,N","21.1",",,N",,,,,,,,,,,,,,,,,,,,,,,,,,,,,,,,,,,,,,,,,,
"US1NCCB0020","MOUNT PLEASANT 0.3 SSE, NC US","35.398288","-80.434669","191.4","2025-06-09",,,,,,,,,"0.0",",,N",,,"0.0",",,N",,,,,,,,,,,,,,,,,,,,,,,,,,,,,,,,,,
"US1NCCB0020","MOUNT PLEASANT 0.3 SSE, NC US","35.398288","-80.434669","191.4","2025-06-10",,,,,,,,,"5.8",",,N",,,,,,,,,,,,,,,,,,,,,,,,,,,,,,,,,,,,,,
"US1NCCB0020","MOUNT PLEASANT 0.3 SSE, NC US","35.398288","-80.434669","191.4","2025-06-11",,,,,,,,,"11.9",",,N",,,,,,,,,,,,,,,,,,,,,,,,,,,,,,,,,,,,,,
"US1NCCB0020","MOUNT PLEASANT 0.3 SSE, NC US","35.398288","-80.434669","191.4","2025-06-12",,,,,,,,,"0.0",",,N",,,"0.0",",,N",,,,,,,,,,,,,,,,,,,,,,,,,,,,,,,,,,
"US1NCCB0020","MOUNT PLEASANT 0.3 SSE, NC US","35.398288","-80.434669","191.4","2025-06-13",,,,,,,,,"43.9",",,N",,,,,,,,,,,,,,,,,,,,,,,,,,,,,,,,,,,,,,
"US1NCCB0020","MOUNT PLEASANT 0.3 SSE, NC US","35.398288","-80.434669","191.4","2025-06-14",,,,,,,,,"5.6",",,N",,,,,,,,,,,,,,,,,,,,,,,,,,,,,,,,,,,,,,
"US1NCCB0020","MOUNT PLEASANT 0.3 SSE, NC US","35.398288","-80.434669","191.4","2025-06-15",,,,,,,,,"0.0",",,N",,,"0.0",",,N",,,,,,,,,,,,,,,,,,,,,,,,,,,,,,,,,,
"US1NCCB0020","MOUNT PLEASANT 0.3 SSE, NC US","35.398288","-80.434669","191.4","2025-06-16",,,,,,,,,"4.8",",,N",,,,,,,,,,,,,,,,,,,,,,,,,,,,,,,,,,,,,,
"US1NCCB0020","MOUNT PLEASANT 0.3 SSE, NC US","35.398288","-80.434669","191.4","2025-06-17",,,,,,,,,"48.8",",,N",,,,,,,,,,,,,,,,,,,,,,,,,,,,,,,,,,,,,,
"US1NCCB0020","MOUNT PLEASANT 0.3 SSE, NC US","35.398288","-80.434669","191.4","2025-06-23",,,"    5",",,N","0.0",",,N",,,,,,,,,,,,,,,,,,,,,,,,,,,,,,,,,,,,,,,,,,
"US1NCCB0020","MOUNT PLEASANT 0.3 SSE, NC US","35.398288","-80.434669","191.4","2025-06-24",,,,,,,,,"0.0",",,N",,,"0.0",",,N",,,,,,,,,,,,,,,,,,,,,,,,,,,,,,,,,,
"US1NCCB0020","MOUNT PLEASANT 0.3 SSE, NC US","35.398288","-80.434669","191.4","2025-06-25",,,,,,,,,"0.0",",,N",,,"0.0",",,N",,,,,,,,,,,,,,,,,,,,,,,,,,,,,,,,,,
"US1NCCB0020","MOUNT PLEASANT 0.3 SSE, NC US","35.398288","-80.434669","191.4","2025-06-26",,,,,,,,,"0.0",",,N",,,"0.0",",,N",,,,,,,,,,,,,,,,,,,,,,,,,,,,,,,,,,
"US1NCCB0020","MOUNT PLEASANT 0.3 SSE, NC US","35.398288","-80.434669","191.4","2025-06-27",,,,,,,,,"0.0",",,N",,,"0.0",",,N",,,,,,,,,,,,,,,,,,,,,,,,,,,,,,,,,,
"US1NCCB0020","MOUNT PLEASANT 0.3 SSE, NC US","35.398288","-80.434669","191.4","2025-06-28",,,,,,,,,"0.0",",,N",,,"0.0",",,N",,,,,,,,,,,,,,,,,,,,,,,,,,,,,,,,,,
"US1NCCB0020","MOUNT PLEASANT 0.3 SSE, NC US","35.398288","-80.434669","191.4","2025-06-29",,,,,,,,,"5.6",",,N",,,,,,,,,,,,,,,,,,,,,,,,,,,,,,,,,,,,,,
"US1NCCB0020","MOUNT PLEASANT 0.3 SSE, NC US","35.398288","-80.434669","191.4","2025-06-30",,,,,,,,,"0.3",",,N",,,,,,,,,,,,,,,,,,,,,,,,,,,,,,,,,,,,,,
"US1SCYR0088","CLOVER 2.8 ESE, SC US","35.09975","-81.17985","233.8","2025-06-05",,,"    5",",,N","19.1",",,N",,,,,,,,,,,,,,,,,,,,,,,,,,,,,,,,,,,,,,,,,,
"US1SCYR0088","CLOVER 2.8 ESE, SC US","35.09975","-81.17985","233.8","2025-06-06",,,,,,,,,"39.1",",,N",,,,,,,,,,,,,,,,,,,,,,,,,,,,,,,,,,,,,,
"US1SCYR0088","CLOVER 2.8 ESE, SC US","35.09975","-81.17985","233.8","2025-06-07",,,,,,,,,"8.4",",,N",,,,,,,,,,,,,,,,,,,,,,,,,,,,,,,,,,,,,,
"US1SCYR0088","CLOVER 2.8 ESE, SC US","35.09975","-81.17985","233.8","2025-06-08",,,,,,,,,"0.8",",,N",,,,,,,,,,,,,,,,,,,,,,,,,,,,,,,,,,,,,,
"US1SCYR0088","CLOVER 2.8 ESE, SC US","35.09975","-81.17985","233.8","2025-06-09",,,,,,,,,"0.0",",,N",,,"0.0",",,N",,,,,,,,,,,,,,,,,,,,,,,,,,,,,,,,,,
"US1SCYR0088","CLOVER 2.8 ESE, SC US","35.09975","-81.17985","233.8","2025-06-10",,,,,,,,,"21.6",",,N",,,,,,,,,,,,,,,,,,,,,,,,,,,,,,,,,,,,,,
"US1SCYR0088","CLOVER 2.8 ESE, SC US","35.09975","-81.17985","233.8","2025-06-11",,,,,,,,,"0.5",",,N",,,,,,,,,,,,,,,,,,,,,,,,,,,,,,,,,,,,,,
"US1SCYR0088","CLOVER 2.8 ESE, SC US","35.09975","-81.17985","233.8","2025-06-16",,,"    5",",,N","23.1",",,N",,,,,,,,,,,,,,,,,,,,,,,,,,,,,,,,,,,,,,,,,,
"US1SCYR0088","CLOVER 2.8 ESE, SC US","35.09975","-81.17985","233.8","2025-06-17",,,,,,,,,"12.4",",,N",,,,,,,,,,,,,,,,,,,,,,,,,,,,,,,,,,,,,,
"US1SCYR0088","CLOVER 2.8 ESE, SC US","35.09975","-81.17985","233.8","2025-06-18",,,,,,,,,"1.3",",,N",,,,,,,,,,,,,,,,,,,,,,,,,,,,,,,,,,,,,,
"US1SCYR0088","CLOVER 2.8 ESE, SC US","35.09975","-81.17985","233.8","2025-06-22",,,"    4",",,N","0.0",",,N",,,,,,,,,,,,,,,,,,,,,,,,,,,,,,,,,,,,,,,,,,
"US1SCYR0088","CLOVER 2.8 ESE, SC US","35.09975","-81.17985","233.8","2025-06-25",,,"    3",",,N","0.0",",,N",,,,,,,,,,,,,,,,,,,,,,,,,,,,,,,,,,,,,,,,,,
"US1SCYR0088","CLOVER 2.8 ESE, SC US","35.09975","-81.17985","233.8","2025-06-26",,,,,,,,,"10.9",",,N",,,,,,,,,,,,,,,,,,,,,,,,,,,,,,,,,,,,,,
"US1SCYR0088","CLOVER 2.8 ESE, SC US","35.09975","-81.17985","233.8","2025-06-27",,,,,,,,,"0.0",",,N",,,"0.0",",,N",,,,,,,,,,,,,,,,,,,,,,,,,,,,,,,,,,
"US1SCYR0088","CLOVER 2.8 ESE, SC US","35.09975","-81.17985","233.8","2025-06-28",,,,,,,,,"1.5",",,N",,,,,,,,,,,,,,,,,,,,,,,,,,,,,,,,,,,,,,
"US1SCYR0088","CLOVER 2.8 ESE, SC US","35.09975","-81.17985","233.8","2025-06-29",,,,,,,,,"11.9",",,N",,,,,,,,,,,,,,,,,,,,,,,,,,,,,,,,,,,,,,
"US1NCCB0026","CONCORD 3.4 NNE, NC US","35.4505","-80.564","193.2","2025-06-01",,,,,,,,,"0.0","T,,N",,,,,,,,,,,,,,,,,,,,,,,,,,,,,,,,,,,,,,
"US1NCCB0026","CONCORD 3.4 NNE, NC US","35.4505","-80.564","193.2","2025-06-02",,,,,,,,,"0.0",",,N",,,"0.0",",,N",,,,,,,,,,,,,,,,,,,,,,,,,,,,,,,,,,
"US1NCCB0026","CONCORD 3.4 NNE, NC US","35.4505","-80.564","193.2","2025-06-03",,,,,,,,,"0.0",",,N",,,"0.0",",,N",,,,,,,,,,,,,,,,,,,,,,,,,,,,,,,,,,
"US1NCCB0026","CONCORD 3.4 NNE, NC US","35.4505","-80.564","193.2","2025-06-04",,,,,,,,,"0.0",",,N",,,"0.0",",,N",,,,,,,,,,,,,,,,,,,,,,,,,,,,,,,,,,
"US1NCCB0026","CONCORD 3.4 NNE, NC US","35.4505","-80.564","193.2","2025-06-05",,,,,,,,,"6.1",",,N",,,,,,,,,,,,,,,,,,,,,,,,,,,,,,,,,,,,,,
"US1NCCB0026","CONCORD 3.4 NNE, NC US","35.4505","-80.564","193.2","2025-06-06",,,,,,,,,"94.2",",,N",,,,,,,,,,,,,,,,,,,,,,,,,,,,,,,,,,,,,,
"US1NCCB0026","CONCORD 3.4 NNE, NC US","35.4505","-80.564","193.2","2025-06-07",,,,,,,,,"1.8",",,N",,,,,,,,,,,,,,,,,,,,,,,,,,,,,,,,,,,,,,
"US1NCCB0026","CONCORD 3.4 NNE, NC US","35.4505","-80.564","193.2","2025-06-08",,,,,,,,,"0.0",",,N",,,"0.0",",,N",,,,,,,,,,,,,,,,,,,,,,,,,,,,,,,,,,
"US1NCCB0026","CONCORD 3.4 NNE, NC US","35.4505","-80.564","193.2","2025-06-09",,,,,,,,,"0.0",",,N",,,"0.0",",,N",,,,,,,,,,,,,,,,,,,,,,,,,,,,,,,,,,
"US1NCCB0026","CONCORD 3.4 NNE, NC US","35.4505","-80.564","193.2","2025-06-10",,,,,,,,,"16.3",",,N",,,,,,,,,,,,,,,,,,,,,,,,,,,,,,,,,,,,,,
"US1NCCB0026","CONCORD 3.4 NNE, NC US","35.4505","-80.564","193.2","2025-06-11",,,,,,,,,"23.1",",,N",,,,,,,,,,,,,,,,,,,,,,,,,,,,,,,,,,,,,,
"US1NCCB0026","CONCORD 3.4 NNE, NC US","35.4505","-80.564","193.2","2025-06-12",,,,,,,,,"0.0",",,N",,,"0.0",",,N",,,,,,,,,,,,,,,,,,,,,,,,,,,,,,,,,,
"US1NCCB0026","CONCORD 3.4 NNE, NC US","35.4505","-80.564","193.2","2025-06-13",,,,,,,,,"11.4",",,N",,,,,,,,,,,,,,,,,,,,,,,,,,,,,,,,,,,,,,
"US1NCCB0026","CONCORD 3.4 NNE, NC US","35.4505","-80.564","193.2","2025-06-14",,,,,,,,,"2.3",",,N",,,,,,,,,,,,,,,,,,,,,,,,,,,,,,,,,,,,,,
"US1NCCB0026","CONCORD 3.4 NNE, NC US","35.4505","-80.564","193.2","2025-06-15",,,,,,,,,"0.0",",,N",,,"0.0",",,N",,,,,,,,,,,,,,,,,,,,,,,,,,,,,,,,,,
"US1NCCB0026","CONCORD 3.4 NNE, NC US","35.4505","-80.564","193.2","2025-06-16",,,,,,,,,"0.3",",,N",,,,,,,,,,,,,,,,,,,,,,,,,,,,,,,,,,,,,,
"US1NCCB0026","CONCORD 3.4 NNE, NC US","35.4505","-80.564","193.2","2025-06-17",,,,,,,,,"42.2",",,N",,,,,,,,,,,,,,,,,,,,,,,,,,,,,,,,,,,,,,
"US1NCCB0026","CONCORD 3.4 NNE, NC US","35.4505","-80.564","193.2","2025-06-18",,,,,,,,,"0.0",",,N",,,"0.0",",,N",,,,,,,,,,,,,,,,,,,,,,,,,,,,,,,,,,
"US1NCCB0026","CONCORD 3.4 NNE, NC US","35.4505","-80.564","193.2","2025-06-19",,,,,,,,,"0.0",",,N",,,"0.0",",,N",,,,,,,,,,,,,,,,,,,,,,,,,,,,,,,,,,
"US1NCCB0026","CONCORD 3.4 NNE, NC US","35.4505","-80.564","193.2","2025-06-20",,,,,,,,,"0.0",",,N",,,"0.0",",,N",,,,,,,,,,,,,,,,,,,,,,,,,,,,,,,,,,
"US1NCCB0026","CONCORD 3.4 NNE, NC US","35.4505","-80.564","193.2","2025-06-21",,,,,,,,,"0.0",",,N",,,"0.0",",,N",,,,,,,,,,,,,,,,,,,,,,,,,,,,,,,,,,
"US1NCCB0026","CONCORD 3.4 NNE, NC US","35.4505","-80.564","193.2","2025-06-22",,,,,,,,,"0.0",",,N",,,"0.0",",,N",,,,,,,,,,,,,,,,,,,,,,,,,,,,,,,,,,
"US1NCCB0026","CONCORD 3.4 NNE, NC US","35.4505","-80.564","193.2","2025-06-23",,,,,,,,,"0.0",",,N",,,"0.0",",,N",,,,,,,,,,,,,,,,,,,,,,,,,,,,,,,,,,
"US1NCCB0026","CONCORD 3.4 NNE, NC US","35.4505","-80.564","193.2","2025-06-24",,,,,,,,,"0.0",",,N",,,"0.0",",,N",,,,,,,,,,,,,,,,,,,,,,,,,,,,,,,,,,
"US1NCCB0026","CONCORD 3.4 NNE, NC US","35.4505","-80.564","193.2","2025-06-25",,,,,,,,,"0.0",",,N",,,"0.0",",,N",,,,,,,,,,,,,,,,,,,,,,,,,,,,,,,,,,
"US1NCCB0026","CONCORD 3.4 NNE, NC US","35.4505","-80.564","193.2","2025-06-26",,,,,,,,,"0.0",",,N",,,"0.0",",,N",,,,,,,,,,,,,,,,,,,,,,,,,,,,,,,,,,
"US1NCCB0026","CONCORD 3.4 NNE, NC US","35.4505","-80.564","193.2","2025-06-27",,,,,,,,,"0.0","T,,N",,,,,,,,,,,,,,,,,,,,,,,,,,,,,,,,,,,,,,
"US1NCCB0026","CONCORD 3.4 NNE, NC US","35.4505","-80.564","193.2","2025-06-28",,,,,,,,,"0.0",",,N",,,"0.0",",,N",,,,,,,,,,,,,,,,,,,,,,,,,,,,,,,,,,
"US1NCCB0026","CONCORD 3.4 NNE, NC US","35.4505","-80.564","193.2","2025-06-29",,,,,,,,,"0.0","T,,N",,,,,,,,,,,,,,,,,,,,,,,,,,,,,,,,,,,,,,
"US1NCCB0026","CONCORD 3.4 NNE, NC US","35.4505","-80.564","193.2","2025-06-30",,,,,,,,,"0.0",",,N",,,"0.0",",,N",,,,,,,,,,,,,,,,,,,,,,,,,,,,,,,,,,
"US1NCCB0023","CONCORD 1.8 ENE, NC US","35.4135","-80.564","206.0","2025-06-01",,,,,,,,,"0.0","T,,N",,,,,,,,,,,,,,,,,,,,,,,,,,,,,,,,,,,,,,
"US1NCCB0023","CONCORD 1.8 ENE, NC US","35.4135","-80.564","206.0","2025-06-02",,,,,,,,,"0.0","T,,N",,,,,,,,,,,,,,,,,,,,,,,,,,,,,,,,,,,,,,
"US1NCCB0023","CONCORD 1.8 ENE, NC US","35.4135","-80.564","206.0","2025-06-03",,,,,,,,,"0.0",",,N",,,"0.0",",,N",,,,,,,,,,,,,,,,,,,,,,,,,,,,,,,,,,
"US1NCCB0023","CONCORD 1.8 ENE, NC US","35.4135","-80.564","206.0","2025-06-04",,,,,,,,,"0.0",",,N",,,"0.0",",,N",,,,,,,,,,,,,,,,,,,,,,,,,,,,,,,,,,
"US1NCCB0023","CONCORD 1.8 ENE, NC US","35.4135","-80.564","206.0","2025-06-05",,,,,,,,,"3.3",",,N",,,,,,,,,,,,,,,,,,,,,,,,,,,,,,,,,,,,,,
"US1NCCB0023","CONCORD 1.8 ENE, NC US","35.4135","-80.564","206.0","2025-06-06",,,,,,,,,"75.9",",,N",,,,,,,,,,,,,,,,,,,,,,,,,,,,,,,,,,,,,,
"US1NCCB0023","CONCORD 1.8 ENE, NC US","35.4135","-80.564","206.0","2025-06-07",,,,,,,,,"10.7",",,N",,,,,,,,,,,,,,,,,,,,,,,,,,,,,,,,,,,,,,
"US1NCCB0023","CONCORD 1.8 ENE, NC US","35.4135","-80.564","206.0","2025-06-08",,,,,,,,,"0.3",",,N",,,"0.0",",,N",,,,,,,,,,,,,,,,,,,,,,,,,,,,,,,,,,
"US1NCCB0023","CONCORD 1.8 ENE, NC US","35.4135","-80.564","206.0","2025-06-09",,,,,,,,,"0.0","T,,N",,,"0.0",",,N",,,,,,,,,,,,,,,,,,,,,,,,,,,,,,,,,,
"US1NCCB0023","CONCORD 1.8 ENE, NC US","35.4135","-80.564","206.0","2025-06-10",,,,,,,,,"11.9",",,N",,,,,,,,,,,,,,,,,,,,,,,,,,,,,,,,,,,,,,
"US1NCCB0023","CONCORD 1.8 ENE, NC US","35.4135","-80.564","206.0","2025-06-11",,,,,,,,,"5.1",",,N",,,,,,,,,,,,,,,,,,,,,,,,,,,,,,,,,,,,,,
"US1NCCB0023","CONCORD 1.8 ENE, NC US","35.4135","-80.564","206.0","2025-06-12",,,,,,,,,"0.0",",,N",,,"0.0",",,N",,,,,,,,,,,,,,,,,,,,,,,,,,,,,,,,,,
"US1NCCB0023","CONCORD 1.8 ENE, NC US","35.4135","-80.564","206.0","2025-06-13",,,,,,,,,"22.1",",,N",,,,,,,,,,,,,,,,,,,,,,,,,,,,,,,,,,,,,,
"US1NCCB0023","CONCORD 1.8 ENE, NC US","35.4135","-80.564","206.0","2025-06-14",,,,,,,,,"7.1",",,N",,,,,,,,,,,,,,,,,,,,,,,,,,,,,,,,,,,,,,
"US1NCCB0023","CONCORD 1.8 ENE, NC US","35.4135","-80.564","206.0","2025-06-15",,,,,,,,,"2.0",",,N",,,,,,,,,,,,,,,,,,,,,,,,,,,,,,,,,,,,,,
"US1NCCB0023","CONCORD 1.8 ENE, NC US","35.4135","-80.564","206.0","2025-06-16",,,,,,,,,"2.5",",,N",,,,,,,,,,,,,,,,,,,,,,,,,,,,,,,,,,,,,,
"US1NCCB0023","CONCORD 1.8 ENE, NC US","35.4135","-80.564","206.0","2025-06-17",,,,,,,,,"48.8",",,N",,,,,,,,,,,,,,,,,,,,,,,,,,,,,,,,,,,,,,
"US1NCCB0023","CONCORD 1.8 ENE, NC US","35.4135","-80.564","206.0","2025-06-18",,,,,,,,,"0.0",",,N",,,"0.0",",,N",,,,,,,,,,,,,,,,,,,,,,,,,,,,,,,,,,
"US1NCCB0023","CONCORD 1.8 ENE, NC US","35.4135","-80.564","206.0","2025-06-19",,,,,,,,,"0.0",",,N",,,"0.0",",,N",,,,,,,,,,,,,,,,,,,,,,,,,,,,,,,,,,
"US1NCCB0023","CONCORD 1.8 ENE, NC US","35.4135","-80.564","206.0","2025-06-20",,,,,,,,,"0.0",",,N",,,"0.0",",,N",,,,,,,,,,,,,,,,,,,,,,,,,,,,,,,,,,
"US1NCCB0023","CONCORD 1.8 ENE, NC US","35.4135","-80.564","206.0","2025-06-21",,,,,,,,,"0.0",",,N",,,"0.0",",,N",,,,,,,,,,,,,,,,,,,,,,,,,,,,,,,,,,
"US1NCCB0023","CONCORD 1.8 ENE, NC US","35.4135","-80.564","206.0","2025-06-22",,,,,,,,,"0.0",",,N",,,"0.0",",,N",,,,,,,,,,,,,,,,,,,,,,,,,,,,,,,,,,
"US1NCCB0023","CONCORD 1.8 ENE, NC US","35.4135","-80.564","206.0","2025-06-23",,,,,,,,,"0.0",",,N",,,"0.0",",,N",,,,,,,,,,,,,,,,,,,,,,,,,,,,,,,,,,
"US1NCCB0023","CONCORD 1.8 ENE, NC US","35.4135","-80.564","206.0","2025-06-24",,,,,,,,,"0.0",",,N",,,"0.0",",,N",,,,,,,,,,,,,,,,,,,,,,,,,,,,,,,,,,
"US1NCCB0023","CONCORD 1.8 ENE, NC US","35.4135","-80.564","206.0","2025-06-25",,,,,,,,,"0.0",",,N",,,"0.0",",,N",,,,,,,,,,,,,,,,,,,,,,,,,,,,,,,,,,
"US1NCCB0023","CONCORD 1.8 ENE, NC US","35.4135","-80.564","206.0","2025-06-26",,,,,,,,,"0.0",",,N",,,"0.0",",,N",,,,,,,,,,,,,,,,,,,,,,,,,,,,,,,,,,
"US1NCCB0023","CONCORD 1.8 ENE, NC US","35.4135","-80.564","206.0","2025-06-27",,,,,,,,,"0.0",",,N",,,"0.0",",,N",,,,,,,,,,,,,,,,,,,,,,,,,,,,,,,,,,
"US1NCCB0023","CONCORD 1.8 ENE, NC US","35.4135","-80.564","206.0","2025-06-28",,,,,,,,,"0.0","T,,N",,,"0.0",",,N",,,,,,,,,,,,,,,,,,,,,,,,,,,,,,,,,,
"US1NCCB0023","CONCORD 1.8 ENE, NC US","35.4135","-80.564","206.0","2025-06-29",,,,,,,,,"0.8",",,N",,,,,,,,,,,,,,,,,,,,,,,,,,,,,,,,,,,,,,
"US1NCCB0023","CONCORD 1.8 ENE, NC US","35.4135","-80.564","206.0","2025-06-30",,,,,,,,,"0.0",",,N",,,"0.0",",,N",,,,,,,,,,,,,,,,,,,,,,,,,,,,,,,,,,
"US1SCYR0003","LAKE WYLIE 2.3 SW, SC US","35.0842","-81.07748","199.3","2025-06-01",,,,,,,,,"0.0",",,N",,,"0.0",",,N",,,,,,,,,,,,,,,,,,,,,,,,,,,,,,,,,,
"US1SCYR0003","LAKE WYLIE 2.3 SW, SC US","35.0842","-81.07748","199.3","2025-06-02",,,,,,,,,"0.0",",,N",,,"0.0",",,N",,,,,,,,,,,,,,,,,,,,,,,,,,,,,,,,,,
"US1SCYR0003","LAKE WYLIE 2.3 SW, SC US","35.0842","-81.07748","199.3","2025-06-03",,,,,,,,,"0.0",",,N",,,"0.0",",,N",,,,,,,,,,,,,,,,,,,,,,,,,,,,,,,,,,
"US1SCYR0003","LAKE WYLIE 2.3 SW, SC US","35.0842","-81.07748","199.3","2025-06-04",,,,,,,,,"0.0",",,N",,,"0.0",",,N",,,,,,,,,,,,,,,,,,,,,,,,,,,,,,,,,,
"US1SCYR0003","LAKE WYLIE 2.3 SW, SC US","35.0842","-81.07748","199.3","2025-06-05",,,,,,,,,"14.7",",,N",,,,,,,,,,,,,,,,,,,,,,,,,,,,,,,,,,,,,,
"US1SCYR0003","LAKE WYLIE 2.3 SW, SC US","35.0842","-81.07748","199.3","2025-06-06",,,,,,,,,"19.3",",,N",,,,,,,,,,,,,,,,,,,,,,,,,,,,,,,,,,,,,,
"US1SCYR0003","LAKE WYLIE 2.3 SW, SC US","35.0842","-81.07748","199.3","2025-06-07",,,,,,,,,"10.2",",,N",,,,,,,,,,,,,,,,,,,,,,,,,,,,,,,,,,,,,,
"US1SCYR0003","LAKE WYLIE 2.3 SW, SC US","35.0842","-81.07748","199.3","2025-06-08",,,,,,,,,"0.3",",,N",,,"0.0",",,N",,,,,,,,,,,,,,,,,,,,,,,,,,,,,,,,,,
"US1SCYR0003","LAKE WYLIE 2.3 SW, SC US","35.0842","-81.07748","199.3","2025-06-09",,,,,,,,,"0.0",",,N",,,"0.0",",,N",,,,,,,,,,,,,,,,,,,,,,,,,,,,,,,,,,
"US1SCYR0003","LAKE WYLIE 2.3 SW, SC US","35.0842","-81.07748","199.3","2025-06-10",,,,,,,,,"9.7",",,N",,,,,,,,,,,,,,,,,,,,,,,,,,,,,,,,,,,,,,
"US1SCYR0003","LAKE WYLIE 2.3 SW, SC US","35.0842","-81.07748","199.3","2025-06-11",,,,,,,,,"0.0",",,N",,,"0.0",",,N",,,,,,,,,,,,,,,,,,,,,,,,,,,,,,,,,,
"US1SCYR0003","LAKE WYLIE 2.3 SW, SC US","35.0842","-81.07748","199.3","2025-06-12",,,,,,,,,"0.0",",,N",,,"0.0",",,N",,,,,,,,,,,,,,,,,,,,,,,,,,,,,,,,,,
"US1SCYR0003","LAKE WYLIE 2.3 SW, SC US","35.0842","-81.07748","199.3","2025-06-13",,,,,,,,,"19.1",",,N",,,,,,,,,,,,,,,,,,,,,,,,,,,,,,,,,,,,,,
"US1SCYR0003","LAKE WYLIE 2.3 SW, SC US","35.0842","-81.07748","199.3","2025-06-14",,,,,,,,,"9.1",",,N",,,,,,,,,,,,,,,,,,,,,,,,,,,,,,,,,,,,,,
"US1SCYR0003","LAKE WYLIE 2.3 SW, SC US","35.0842","-81.07748","199.3","2025-06-15",,,,,,,,,"0.0",",,N",,,"0.0",",,N",,,,,,,,,,,,,,,,,,,,,,,,,,,,,,,,,,
"US1SCYR0003","LAKE WYLIE 2.3 SW, SC US","35.0842","-81.07748","199.3","2025-06-16",,,,,,,,,"0.0",",,N",,,"0.0",",,N",,,,,,,,,,,,,,,,,,,,,,,,,,,,,,,,,,
"US1SCYR0003","LAKE WYLIE 2.3 SW, SC US","35.0842","-81.07748","199.3","2025-06-17",,,,,,,,,"4.3",",,N",,,,,,,,,,,,,,,,,,,,,,,,,,,,,,,,,,,,,,
"US1SCYR0003","LAKE WYLIE 2.3 SW, SC US","35.0842","-81.07748","199.3","2025-06-18",,,,,,,,,"0.0",",,N",,,"0.0",",,N",,,,,,,,,,,,,,,,,,,,,,,,,,,,,,,,,,
"US1SCYR0003","LAKE WYLIE 2.3 SW, SC US","35.0842","-81.07748","199.3","2025-06-19",,,,,,,,,"0.0",",,N",,,"0.0",",,N",,,,,,,,,,,,,,,,,,,,,,,,,,,,,,,,,,
"US1SCYR0003","LAKE WYLIE 2.3 SW, SC US","35.0842","-81.07748","199.3","2025-06-20",,,,,,,,,"0.0",",,N",,,"0.0",",,N",,,,,,,,,,,,,,,,,,,,,,,,,,,,,,,,,,
"US1SCYR0003","LAKE WYLIE 2.3 SW, SC US","35.0842","-81.07748","199.3","2025-06-21",,,,,,,,,"0.0",",,N",,,"0.0",",,N",,,,,,,,,,,,,,,,,,,,,,,,,,,,,,,,,,
"US1SCYR0003","LAKE WYLIE 2.3 SW, SC US","35.0842","-81.07748","199.3","2025-06-22",,,,,,,,,"0.0",",,N",,,"0.0",",,N",,,,,,,,,,,,,,,,,,,,,,,,,,,,,,,,,,
"US1SCYR0003","LAKE WYLIE 2.3 SW, SC US","35.0842","-81.07748","199.3","2025-06-23",,,,,,,,,"0.0",",,N",,,"0.0",",,N",,,,,,,,,,,,,,,,,,,,,,,,,,,,,,,,,,
"US1SCYR0003","LAKE WYLIE 2.3 SW, SC US","35.0842","-81.07748","199.3","2025-06-24",,,,,,,,,"0.0",",,N",,,"0.0",",,N",,,,,,,,,,,,,,,,,,,,,,,,,,,,,,,,,,
"US1SCYR0003","LAKE WYLIE 2.3 SW, SC US","35.0842","-81.07748","199.3","2025-06-25",,,,,,,,,"0.0",",,N",,,"0.0",",,N",,,,,,,,,,,,,,,,,,,,,,,,,,,,,,,,,,
"US1SCYR0003","LAKE WYLIE 2.3 SW, SC US","35.0842","-81.07748","199.3","2025-06-26",,,,,,,,,"25.4",",,N",,,,,,,,,,,,,,,,,,,,,,,,,,,,,,,,,,,,,,
"US1SCYR0003","LAKE WYLIE 2.3 SW, SC US","35.0842","-81.07748","199.3","2025-06-27",,,,,,,,,"0.0",",,N",,,"0.0",",,N",,,,,,,,,,,,,,,,,,,,,,,,,,,,,,,,,,
"US1SCYR0003","LAKE WYLIE 2.3 SW, SC US","35.0842","-81.07748","199.3","2025-06-28",,,,,,,,,"13.7",",,N",,,,,,,,,,,,,,,,,,,,,,,,,,,,,,,,,,,,,,
"US1SCYR0003","LAKE WYLIE 2.3 SW, SC US","35.0842","-81.07748","199.3","2025-06-29",,,,,,,,,"0.0",",,N",,,"0.0",",,N",,,,,,,,,,,,,,,,,,,,,,,,,,,,,,,,,,
"US1SCYR0003","LAKE WYLIE 2.3 SW, SC US","35.0842","-81.07748","199.3","2025-06-30",,,,,,,,,"0.0",",,N",,,"0.0",",,N",,,,,,,,,,,,,,,,,,,,,,,,,,,,,,,,,,
"US1SCYR0087","TEGA CAY 1.6 S, SC US","35.0115","-81.0169","190.5","2025-06-05",,,,,,,,,"14.7",",,N",,,,,,,,,,,,,,,,,,,,,,,,,,,,,,,,,,,,,,
"US1SCYR0087","TEGA CAY 1.6 S, SC US","35.0115","-81.0169","190.5","2025-06-06",,,,,,,,,"8.1",",,N",,,,,,,,,,,,,,,,,,,,,,,,,,,,,,,,,,,,,,
"US1SCYR0087","TEGA CAY 1.6 S, SC US","35.0115","-81.0169","190.5","2025-06-07",,,,,,,,,"15.2",",,N",,,,,,,,,,,,,,,,,,,,,,,,,,,,,,,,,,,,,,
"US1SCYR0087","TEGA CAY 1.6 S, SC US","35.0115","-81.0169","190.5","2025-06-10",,,,,,,,,"61.0",",,N",,,,,,,,,,,,,,,,,,,,,,,,,,,,,,,,,,,,,,
"USW00053872","MONROE AIRPORT, NC US","35.01467","-80.62414","204.4","2025-06-01","1.6",",,W",,,,," 1624",",,W","0.0",",,W",,,,,,,,,"21.7","H,,2","28.3",",,W","15.6",",,W",,,"   30",",,W","   20",",,W",,,,,"6.7",",,W","8.9",",,W",,,,,,,,,,
"USW00053872","MONROE AIRPORT, NC US","35.01467","-80.62414","204.4","2025-06-02","1.9",",,W",,,,," 0943",",,W","0.0",",,W",,,,,,,,,"20.6","H,,2","26.1",",,W","16.1",",,W",,,"   50",",,W","   40",",,W",,,,,"5.8",",,W","8.5",",,W",,,,,,,,,,
"USW00053872","MONROE AIRPORT, NC US","35.01467","-80.62414","204.4","2025-06-03","0.5",",,W",,,,," 1330",",,W","0.0",",,W",,,,,,,,,"21.4","H,,2","28.9",",,W","14.4",",,W",,,"   70",",,W","   60",",,W",,,,,"4.0",",,W","7.2",",,W",,,,,,,,,,
"USW00053872","MONROE AIRPORT, NC US","35.01467","-80.62414","204.4","2025-06-04","1.2",",,W",,,,," 1217",",,W","0.0","T,,W",,,,,,,,,"22.5","H,,2","28.3",",,W","17.8",",,W",,,"   60",",,W","   60",",,W",,,,,"4.0",",,W","6.7",",,W",,,,,,,,,,
"USW00053872","MONROE AIRPORT, NC US","35.01467","-80.62414","204.4","2025-06-05","1.7",",,W",,,,," 1807",",,W","18.5",",,W",,,,,,,,,"22.1","H,,2","25.6",",,W","19.4",",,W",,,"   10",",,W","   10",",,W",,,,,"5.4",",,W","6.7",",,W",,,,,,,,,,
"USW00053872","MONROE AIRPORT, NC US","35.01467","-80.62414","204.4","2025-06-06","1.9",",,W",,,,," 2243",",,W","0.5",",,W",,,,,,,,,"24.9","H,,2","31.7",",,W","18.9",",,W",,,"  260",",,W","  240",",,W",,,,,"7.2",",,W","9.8",",,W",,,,,,,,,,
"USW00053872","MONROE AIRPORT, NC US","35.01467","-80.62414","204.4","2025-06-07","3.8",",,W",,,,," 1215",",,W","0.3",",,W",,,,,,,,,"26.2","H,,2","32.2",",,W","20.0",",,W",,,"  240",",,W","  240",",,W",,,,,"7.6",",,W","11.6",",,W",,,,,,,,,,
"USW00053872","MONROE AIRPORT, NC US","35.01467","-80.62414","204.4","2025-06-08","5.0",",,W",,,,," 1044",",,W","0.0","T,,W",,,,,,,,,"24.9","H,,2","30.6",",,W","19.4",",,W",,,"  240",",,W","  230",",,W",,,,,"9.4",",,W","13.4",",,W",,,"    1",",,W",,,,,,
"USW00053872","MONROE AIRPORT, NC US","35.01467","-80.62414","204.4","2025-06-09","3.5",",,W",,,,," 1959",",,W","26.9",",,W",,,,,,,,,"25.3","H,,2","31.1",",,W","19.4",",,W",,,"  260",",,W","  270",",,W",,,,,"9.4",",,W","13.0",",,W",,,,,,,,,,
"USW00053872","MONROE AIRPORT, NC US","35.01467","-80.62414","204.4","2025-06-10","3.5",",,W",,,,," 0953",",,W","0.0",",,W",,,,,,,,,"24.1","H,,2","28.3",",,W","21.1",",,W",,,"  240",",,W","  230",",,W",,,,,"6.3",",,W","8.5",",,W",,,,,,,,,,
"USW00053872","MONROE AIRPORT, NC US","35.01467","-80.62414","204.4","2025-06-11","1.8",",,W",,,,," 0001",",,W","0.0",",,W",,,,,,,,,"25.1","H,,2","31.1",",,W","18.9",",,W",,,"  220",",,W","  220",",,W",,,,,"5.4",",,W","7.2",",,W",,,,,,,,,,
"USW00053872","MONROE AIRPORT, NC US","35.01467","-80.62414","204.4","2025-06-12","1.1",",,W",,,,," 1803",",,W","8.6",",,W",,,,,,,,,"25.4","H,,2","31.1",",,W","20.0",",,W",,,"  190",",,W","  190",",,W",,,,,"6.3",",,W","12.5",",,W",,,,,,,,,,
"USW00053872","MONROE AIRPORT, NC US","35.01467","-80.62414","204.4","2025-06-13","2.3",",,W",,,,," 1416",",,W","7.4",",,W",,,,,,,,,"24.8","H,,2","30.0",",,W","21.7",",,W",,,"  260",",,W","  260",",,W",,,,,"7.2",",,W","9.4",",,W",,,,,,,,,,
"USW00053872","MONROE AIRPORT, NC US","35.01467","-80.62414","204.4","2025-06-14","3.7",",,W",,,,," 1438",",,W","0.0","T,,W",,,,,,,,,"25.3","H,,2","30.0",",,W","22.2",",,W",,,"  230",",,W","  220",",,W",,,,,"6.3",",,W","8.9",",,W",,,,,,,,,,
"USW00053872","MONROE AIRPORT, NC US","35.01467","-80.62414","204.4","2025-06-15","4.2",",,W",,,,," 1538",",,W","0.0","T,,W",,,,,,,,,"25.9","H,,2","30.6",",,W","21.1",",,W",,,"  230",",,W","  200",",,W",,,,,"8.9",",,W","13.9",",,W",,,,,,,,,,
"USW00053872","MONROE AIRPORT, NC US","35.01467","-80.62414","204.4","2025-06-16","2.6",",,W",,,,," 1813",",,W","15.5",",,W",,,,,,,,,"26.1","H,,2","31.7",",,W","22.8",",,W",,,"  270",",,W","  270",",,W",,,,,"10.7",",,W","16.1",",,W",,,,,,,,,,
"USW00053872","MONROE AIRPORT, NC US","35.01467","-80.62414","204.4","2025-06-17","3.1",",,W",,,,," 1452",",,W","0.0","T,,W",,,,,,,,,"26.5","H,,2","32.2",",,W","22.2",",,W",,,"  220",",,W","  220",",,W",,,,,"6.7",",,W","10.7",",,W",,,,,,,,,,
"USW00053872","MONROE AIRPORT, NC US","35.01467","-80.62414","204.4","2025-06-18","5.0",",,W",,,,," 1202",",,W","0.0",",,W",,,,,,,,,"26.3","H,,2","31.7",",,W","21.1",",,W",,,"  230",",,W","  240",",,W",,,,,"9.8",",,W","13.0",",,W",,,,,,,,,,
"USW00053872","MONROE AIRPORT, NC US","35.01467","-80.62414","204.4","2025-06-19","5.1",",,W",,,,," 1344",",,W","0.0",",,W",,,,,,,,,"27.0","H,,2","32.2",",,W","22.8",",,W",,,"  220",",,W","  210",",,W",,,,,"9.8",",,W","13.9",",,W",,,,,,,,,,
"USW00053872","MONROE AIRPORT, NC US","35.01467","-80.62414","204.4","2025-06-20","1.7",",,W",,,,," 1123",",,W","0.0",",,W",,,,,,,,,"26.1","H,,2","31.1",",,W","21.1",",,W",,,"   30",",,W","   40",",,W",,,,,"5.8",",,W","7.6",",,W",,,,,,,,,,
"USW00053872","MONROE AIRPORT, NC US","35.01467","-80.62414","204.4","2025-06-21","1.0",",,W",,,,," 1059",",,W","0.0",",,W",,,,,,,,,"26.0","H,,2","33.3",",,W","19.4",",,W",,,"   40",",,W","   50",",,W",,,,,"4.0",",,W","6.3",",,W",,,,,,,,,,
"USW00053872","MONROE AIRPORT, NC US","35.01467","-80.62414","204.4","2025-06-22","1.1",",,W",,,,," 1050",",,W","0.0",",,W",,,,,,,,,"27.0","H,,2","34.4",",,W","20.6",",,W",,,"  230",",,W","  230",",,W",,,,,"3.1",",,W","4.9",",,W","    1",",,W",,,,,,,,
"USW00053872","MONROE AIRPORT, NC US","35.01467","-80.62414","204.4","2025-06-23","1.9",",,W",,,,," 1015",",,W","0.0",",,W",,,,,,,,,"28.2","H,,2","35.6",",,W","22.2",",,W",,,"  250",",,W","  260",",,W",,,,,"4.5",",,W","6.3",",,W",,,,,,,,,,
"USW00053872","MONROE AIRPORT, NC US","35.01467","-80.62414","204.4","2025-06-24","1.7",",,W",,,,," 1217",",,W","0.0",",,W",,,,,,,,,"29.6","H,,2","35.6",",,W","22.8",",,W",,,"   50",",,W","   60",",,W",,,,,"5.8",",,W","10.3",",,W",,,,,,,,,,
"USW00053872","MONROE AIRPORT, NC US","35.01467","-80.62414","204.4","2025-06-25","1.4",",,W",,,,," 1729",",,W","40.1",",,W",,,,,,,,,"29.6","H,,2","36.7",",,W","20.6",",,W",,,"  220",",,W","  220",",,W",,,,,"17.4",",,W","27.3",",,W",,,,,,,,,,
"USW00053872","MONROE AIRPORT, NC US","35.01467","-80.62414","204.4","2025-06-26","2.3",",,W",,,,," 1805",",,W","0.0",",,W",,,,,,,,,"25.7","H,,2","33.9",",,W","20.6",",,W",,,"  330",",,W","  320",",,W",,,,,"6.3",",,W","8.9",",,W",,,,,,,,,,
"USW00053872","MONROE AIRPORT, NC US","35.01467","-80.62414","204.4","2025-06-27","2.0",",,W",,,,," 1751",",,W","1.3",",,W",,,,,,,,,"26.4","H,,2","33.9",",,W","21.1",",,W",,,"  250",",,W","  240",",,W",,,,,"7.2",",,W","9.4",",,W",,,,,,,,,,
"USW00053872","MONROE AIRPORT, NC US","35.01467","-80.62414","204.4","2025-06-28","1.8",",,W",,,,," 1341",",,W","0.0",",,W",,,,,,,,,"26.2","H,,2","32.8",",,W","21.7",",,W",,,"  240",",,W","  190",",,W",,,,,"5.8",",,W","7.6",",,W",,,,,,,,,,
"USW00053872","MONROE AIRPORT, NC US","35.01467","-80.62414","204.4","2025-06-29","1.0",",,W",,,,," 1717",",,W","3.0",",,W",,,,,,,,,"26.6","H,,2","33.9",",,W","21.1",",,W",,,"  240",",,W","  240",",,W",,,,,"7.6",",,W","10.3",",,W",,,,,,,,,,
"USW00053872","MONROE AIRPORT, NC US","35.01467","-80.62414","204.4","2025-06-30","1.8",",,W",,,,," 2116",",,W","0.0","T,,W",,,,,,,,,"26.6","H,,2","32.2",",,W","22.8",",,W",,,"  230",",,W","  220",",,W",,,,,"9.4",",,W","13.0",",,W",,,,,,,,,,
"USW00053871","ROCK HILL YORK CO AIRPORT, SC US","34.9836","-81.05622","197.4","2025-06-01","1.7",",,W",,,,," 1414",",,W","0.0",",,W",,,,,,,,,"21.4","H,,2","27.8",",,W","14.4",",,W",,,"  230",",,W","  220",",,W",,,,,"6.7",",,W","8.9",",,W",,,,,,,,,,
"USW00053871","ROCK HILL YORK CO AIRPORT, SC US","34.9836","-81.05622","197.4","2025-06-02","0.7",",,W",,,,," 0910",",,W","0.0",",,W",,,,,,,,,"20.7","H,,2","26.1",",,W","15.0",",,W",,,"   20",",,W","   90",",,W",,,,,"4.0",",,W","6.3",",,W",,,,,,,,,,
"USW00053871","ROCK HILL YORK CO AIRPORT, SC US","34.9836","-81.05622","197.4","2025-06-03","0.9",",,W",,,,," 1359",",,W","0.0",",,W",,,,,,,,,"21.4","H,,2","29.4",",,W","14.4",",,W",,,"  140",",,W","  140",",,W",,,,,"3.6",",,W","5.8",",,W",,,,,,,,,,
"USW00053871","ROCK HILL YORK CO AIRPORT, SC US","34.9836","-81.05622","197.4","2025-06-04","0.9",",,W",,,,," 1427",",,W","0.0",",,W",,,,,,,,,"22.8","H,,2","28.3",",,W","18.9",",,W",,,"  140",",,W","  130",",,W",,,,,"3.6",",,W","5.8",",,W",,,,,,,,,,
"USW00053871","ROCK HILL YORK CO AIRPORT, SC US","34.9836","-81.05622","197.4","2025-06-05","1.7",",,W",,,,," 1151",",,W","18.5",",,W",,,,,,,,,"21.7","H,,2","23.9",",,W","19.4",",,W",,,"  330",",,W","   10",",,W",,,,,"5.4",",,W","7.2",",,W",,,,,,,,,,
"USW00053871","ROCK HILL YORK CO AIRPORT, SC US","34.9836","-81.05622","197.4","2025-06-06","1.9",",,W",,,,," 2149",",,W","6.1",",,W",,,,,,,,,"24.1","H,,2","31.1",",,W","17.8",",,W",,,"  290",",,W","  290",",,W",,,,,"6.7",",,W","12.1",",,W",,,,,,,,,,
"USW00053871","ROCK HILL YORK CO AIRPORT, SC US","34.9836","-81.05622","197.4","2025-06-07","3.3",",,W",,,,," 2055",",,W","0.3",",,W",,,,,,,,,"25.4","H,,2","31.7",",,W","19.4",",,W",,,"  250",",,W","  260",",,W",,,,,"7.2",",,W","9.8",",,W",,,,,,,,,,
"USW00053871","ROCK HILL YORK CO AIRPORT, SC US","34.9836","-81.05622","197.4","2025-06-08","4.0",",,W",,,,," 1546",",,W","0.0","T,,W",,,,,,,,,"24.3","H,,2","30.0",",,W","19.4",",,W",,,"  240",",,W","  250",",,W",,,,,"8.9",",,W","12.5",",,W",,,"    1",",,W",,,,,,
"USW00053871","ROCK HILL YORK CO AIRPORT, SC US","34.9836","-81.05622","197.4","2025-06-09","3.2",",,W",,,,," 1911",",,W","37.8",",,W",,,,,,,,,"24.9","H,,2","31.1",",,W","18.3",",,W",,,"  290",",,W","  290",",,W",,,,,"10.7",",,W","15.2",",,W",,,,,,,,,,
"USW00053871","ROCK HILL YORK CO AIRPORT, SC US","34.9836","-81.05622","197.4","2025-06-10","3.1",",,W",,,,," 1736",",,W","0.0",",,W",,,,,,,,,"23.7","H,,2","28.9",",,W","20.6",",,W",,,"  210",",,W","  210",",,W",,,,,"5.8",",,W","8.1",",,W",,,,,,,,,,
"USW00053871","ROCK HILL YORK CO AIRPORT, SC US","34.9836","-81.05622","197.4","2025-06-11","1.3",",,W",,,,," 0005",",,W","0.0",",,W",,,,,,,,,"24.8","H,,2","31.1",",,W","18.3",",,W",,,"  240",",,W","  240",",,W",,,,,"4.0",",,W","6.3",",,W",,,,,,,,,,
"USW00053871","ROCK HILL YORK CO AIRPORT, SC US","34.9836","-81.05622","197.4","2025-06-12","1.2",",,W",,,,," 1833",",,W","2.3",",,W",,,,,,,,,"25.0","H,,2","31.1",",,W","19.4",",,W",,,"  190",",,W","  190",",,W",,,,,"6.7",",,W","10.3",",,W",,,,,,,,,,
"USW00053871","ROCK HILL YORK CO AIRPORT, SC US","34.9836","-81.05622","197.4","2025-06-13","2.5",",,W",,,,," 1510",",,W","16.0",",,W",,,,,,,,,"24.4","H,,2","28.9",",,W","21.1",",,W",,,"  220",",,W","  230",",,W",,,,,"7.2",",,W","9.4",",,W",,,,,,,,,,
"USW00053871","ROCK HILL YORK CO AIRPORT, SC US","34.9836","-81.05622","197.4","2025-06-14","3.5",",,W",,,,," 1819",",,W","0.3",",,W",,,,,,,,,"25.1","H,,2","30.6",",,W","21.7",",,W",,,"  210",",,W","  200",",,W",,,,,"7.2",",,W","9.8",",,W",,,,,,,,,,
"USW00053871","ROCK HILL YORK CO AIRPORT, SC US","34.9836","-81.05622","197.4","2025-06-15","3.6",",,W",,,,," 1250",",,W","0.0",",,W",,,,,,,,,"25.5","H,,2","30.6",",,W","21.1",",,W",,,"  240",",,W","  240",",,W",,,,,"7.6",",,W","10.7",",,W",,,,,,,,,,
"USW00053871","ROCK HILL YORK CO AIRPORT, SC US","34.9836","-81.05622","197.4","2025-06-16","2.6",",,W",,,,," 1730",",,W","20.3",",,W",,,,,,,,,"25.7","H,,2","31.7",",,W","22.2",",,W",,,"  310",",,W","  250",",,W",,,,,"9.4",",,W","14.3",",,W",,,,,,,,,,
"USW00053871","ROCK HILL YORK CO AIRPORT, SC US","34.9836","-81.05622","197.4","2025-06-17","3.1",",,W",,,,," 2143",",,W","0.3",",,W",,,,,,,,,"26.3","H,,2","32.2",",,W","21.7",",,W",,,"  260",",,W","  250",",,W",,,,,"8.9",",,W","13.0",",,W",,,,,,,,,,
"USW00053871","ROCK HILL YORK CO AIRPORT, SC US","34.9836","-81.05622","197.4","2025-06-18","4.2",",,W",,,,," 1552",",,W","0.0",",,W",,,,,,,,,"25.6","H,,2","31.1",",,W","20.6",",,W",,,"  220",",,W","  210",",,W",,,,,"8.9",",,W","12.1",",,W",,,,,,,,,,
"USW00053871","ROCK HILL YORK CO AIRPORT, SC US","34.9836","-81.05622","197.4","2025-06-19","4.5",",,W",,,,," 1727",",,W","0.0",",,W",,,,,,,,,"26.4","H,,2","31.7",",,W","21.7",",,W",,,"  220",",,W","  240",",,W",,,,,"9.4",",,W","13.0",",,W",,,,,,,,,,
"USW00053871","ROCK HILL YORK CO AIRPORT, SC US","34.9836","-81.05622","197.4","2025-06-20","1.2",",,W",,,,," 1018",",,W","0.0",",,W",,,,,,,,,"25.8","H,,2","31.7",",,W","19.4",",,W",,,"   20",",,W","   30",",,W",,,,,"4.0",",,W","6.7",",,W",,,,,,,,,,
"USW00053871","ROCK HILL YORK CO AIRPORT, SC US","34.9836","-81.05622","197.4","2025-06-21","0.5",",,W",,,,," 1448",",,W","0.0",",,W",,,,,,,,,"25.5","H,,2","32.8",",,W","18.3",",,W",,,"  160",",,W","  160",",,W",,,,,"3.1",",,W","4.5",",,W",,,,,,,,,,
"USW00053871","ROCK HILL YORK CO AIRPORT, SC US","34.9836","-81.05622","197.4","2025-06-22","0.9",",,W",,,,," 1348",",,W","0.0",",,W",,,,,,,,,"26.9","H,,2","33.9",",,W","20.0",",,W",,,"  270",",,W","  280",",,W",,,,,"3.6",",,W","5.4",",,W","    1",",,W",,,,,,,,
"USW00053871","ROCK HILL YORK CO AIRPORT, SC US","34.9836","-81.05622","197.4","2025-06-23","1.7",",,W",,,,," 1046",",,W","0.0",",,W",,,,,,,,,"27.9","H,,2","35.0",",,W","21.7",",,W",,,"  220",",,W","  320",",,W",,,,,"3.6",",,W","5.8",",,W",,,,,,,,,,
"USW00053871","ROCK HILL YORK CO AIRPORT, SC US","34.9836","-81.05622","197.4","2025-06-24","1.0",",,W",,,,," 1334",",,W","0.0",",,W",,,,,,,,,"29.7","H,,2","36.7",",,W","22.8",",,W",,,"  130",",,W","  140",",,W",,,,,"3.6",",,W","6.3",",,W",,,,,,,,,,
"USW00053871","ROCK HILL YORK CO AIRPORT, SC US","34.9836","-81.05622","197.4","2025-06-25","2.2",",,W",,,,," 1750",",,W","20.6",",,W",,,,,,,,,"29.0","H,,2","37.2",",,W","20.6",",,W",,,"   10",",,W","   40",",,W",,,,,"13.0",",,W","21.5",",,W",,,,,,,,,,
"USW00053871","ROCK HILL YORK CO AIRPORT, SC US","34.9836","-81.05622","197.4","2025-06-26","1.8",",,W",,,,," 1716",",,W","0.0",",,W",,,,,,,,,"25.6","H,,2","33.9",",,W","20.0",",,W",,,"  340",",,W","  340",",,W",,,,,"7.2",",,W","10.3",",,W",,,,,,,,,,
"USW00053871","ROCK HILL YORK CO AIRPORT, SC US","34.9836","-81.05622","197.4","2025-06-27","1.7",",,W",,,,," 1746",",,W","0.0","T,,W",,,,,,,,,"26.7","H,,2","33.9",",,W","21.1",",,W",,,"  110",",,W","  120",",,W",,,,,"4.5",",,W","8.5",",,W",,,,,,,,,,
"USW00053871","ROCK HILL YORK CO AIRPORT, SC US","34.9836","-81.05622","197.4","2025-06-28","2.5",",,W",,,,," 1435",",,W","0.0",",,W",,,,,,,,,"26.9","H,,2","33.3",",,W","21.7",",,W",,,"  190",",,W","  200",",,W",,,,,"5.8",",,W","8.1",",,W",,,,,,,,,,
"USW00053871","ROCK HILL YORK CO AIRPORT, SC US","34.9836","-81.05622","197.4","2025-06-29","1.4",",,W",,,,," 1538",",,W","6.4",",,W",,,,,,,,,"25.8","H,,2","33.9",",,W","20.6",",,W",,,"   10",",,W","  140",",,W",,,,,"8.1",",,W","12.5",",,W",,,,,,,,,,
"USW00053871","ROCK HILL YORK CO AIRPORT, SC US","34.9836","-81.05622","197.4","2025-06-30","2.4",",,W",,,,," 2033",",,W","3.8",",,W",,,,,,,,,"26.7","H,,2","33.3",",,W","21.7",",,W",,,"  200",",,W","  170",",,W",,,,,"8.1",",,W","12.5",",,W",,,,,,,,,,
"USW00053870","GASTONIA MUNICIPAL AIRPORT, NC US","35.1968","-81.15552","241.5","2025-06-01","1.1",",,W",,,,," 1345",",,W","0.0","T,,W",,,,,,,,,"20.8","H,,2","27.8",",,W","13.9",",,W",,,"  230",",,W","  220",",,W",,,,,"4.5",",,W","8.5",",,W",,,,,,,,,,
"USW00053870","GASTONIA MUNICIPAL AIRPORT, NC US","35.1968","-81.15552","241.5","2025-06-02","1.6",",,W",,,,," 0839",",,W","0.0","T,,W",,,,,,,,,"20.3","H,,2","25.6",",,W","14.4",",,W",,,"   40",",,W","   50",",,W",,,,,"5.4",",,W","7.6",",,W",,,,,,,,,,
"USW00053870","GASTONIA MUNICIPAL AIRPORT, NC US","35.1968","-81.15552","241.5","2025-06-03","0.9",",,W",,,,," 1654",",,W","0.0",",,W",,,,,,,,,"21.1","H,,2","28.3",",,W","13.9",",,W",,,"  140",",,W","  110",",,W",,,,,"3.6",",,W","5.8",",,W",,,,,,,,,,
"USW00053870","GASTONIA MUNICIPAL AIRPORT, NC US","35.1968","-81.15552","241.5","2025-06-04","1.1",",,W",,,,," 1057",",,W","0.0",",,W",,,,,,,,,"22.4","H,,2","27.8",",,W","17.2",",,W",,,"   50",",,W","   50",",,W",,,,,"3.6",",,W","6.3",",,W",,,,,,,,,,
"USW00053870","GASTONIA MUNICIPAL AIRPORT, NC US","35.1968","-81.15552","241.5","2025-06-05","2.1",",,W",,,,," 1246",",,W","46.2",",,W",,,,,,,,,"21.3","H,,2","23.9",",,W","18.3",",,W",,,"   40",",,W","   20",",,W",,,,,"5.4",",,W","7.2",",,W",,,,,,,,,,
"USW00053870","GASTONIA MUNICIPAL AIRPORT, NC US","35.1968","-81.15552","241.5","2025-06-06","1.0",",,W",,,,," 1524",",,W","1.3",",,W",,,,,,,,,"24.1","H,,2","30.6",",,W","17.8",",,W",,,"  200",",,W","  200",",,W",,,,,"4.0",",,W","6.7",",,W",,,,,,,,,,
"USW00053870","GASTONIA MUNICIPAL AIRPORT, NC US","35.1968","-81.15552","241.5","2025-06-07","1.6",",,W",,,,," 2047",",,W","0.5",",,W",,,,,,,,,"25.1","H,,2","31.7",",,W","18.9",",,W",,,"  230",",,W","  250",",,W",,,,,"5.4",",,W","9.4",",,W",,,,,,,,,,
"USW00053870","GASTONIA MUNICIPAL AIRPORT, NC US","35.1968","-81.15552","241.5","2025-06-08","2.4",",,W",,,,," 1503",",,W","0.0","T,,W",,,,,,,,,"23.7","H,,2","30.0",",,W","18.9",",,W",,,"  200",",,W","  220",",,W",,,,,"5.8",",,W","9.4",",,W",,,"    1",",,W",,,,,,
"USW00053870","GASTONIA MUNICIPAL AIRPORT, NC US","35.1968","-81.15552","241.5","2025-06-09","1.7",",,W",,,,," 1114",",,W","3.6",",,W",,,,,,,,,"24.1","H,,2","30.0",",,W","17.8",",,W",,,"  210",",,W","  190",",,W",,,,,"5.4",",,W","8.5",",,W",,,,,,,,,,
"USW00053870","GASTONIA MUNICIPAL AIRPORT, NC US","35.1968","-81.15552","241.5","2025-06-10","1.6",",,W",,,,," 1249",",,W","0.0",",,W",,,,,,,,,"23.1","H,,2","28.3",",,W","19.4",",,W",,,"  200",",,W","  270",",,W",,,,,"4.0",",,W","7.2",",,W",,,,,,,,,,
"USW00053870","GASTONIA MUNICIPAL AIRPORT, NC US","35.1968","-81.15552","241.5","2025-06-11","0.9",",,W",,,,," 1022",",,W","0.0",",,W",,,,,,,,,"24.6","H,,2","31.1",",,W","18.3",",,W",,,"   40",",,W","   40",",,W",,,,,"4.0",",,W","6.3",",,W",,,,,,,,,,
"USW00053870","GASTONIA MUNICIPAL AIRPORT, NC US","35.1968","-81.15552","241.5","2025-06-12","0.9",",,W",,,,," 1810",",,W","25.1",",,W",,,,,,,,,"24.3","H,,2","30.6",",,W","18.9",",,W",,,"  110",",,W","  220",",,W",,,,,"5.4",",,W","8.9",",,W",,,,,,,,,,
"USW00053870","GASTONIA MUNICIPAL AIRPORT, NC US","35.1968","-81.15552","241.5","2025-06-13","1.4",",,W",,,,," 1338",",,W","26.2",",,W",,,,,,,,,"23.7","H,,2","28.3",",,W","20.6",",,W",,,"  200",",,W","  230",",,W",,,,,"4.0",",,W","7.6",",,W",,,,,,,,,,
"USW00053870","GASTONIA MUNICIPAL AIRPORT, NC US","35.1968","-81.15552","241.5","2025-06-14","2.5",",,W",,,,," 1758",",,W","2.3",",,W",,,,,,,,,"24.7","H,,2","29.4",",,W","21.1",",,W",,,"  190",",,W","  220",",,W",,,,,"5.4",",,W","8.1",",,W",,,,,,,,,,
"USW00053870","GASTONIA MUNICIPAL AIRPORT, NC US","35.1968","-81.15552","241.5","2025-06-15","1.8",",,W",,,,," 1333",",,W","8.9",",,W",,,,,,,,,"24.9","H,,2","30.0",",,W","20.6",",,W",,,"  240",",,W","  230",",,W",,,,,"5.4",",,W","8.9",",,W",,,,,,,,,,
"USW00053870","GASTONIA MUNICIPAL AIRPORT, NC US","35.1968","-81.15552","241.5","2025-06-16","1.4",",,W",,,,," 1622",",,W","13.5",",,W",,,,,,,,,"25.2","H,,2","31.1",",,W","21.7",",,W",,,"  200",",,W","  320",",,W",,,,,"5.4",",,W","11.2",",,W",,,,,,,,,,
"USW00053870","GASTONIA MUNICIPAL AIRPORT, NC US","35.1968","-81.15552","241.5","2025-06-17","2.0",",,W",,,,," 1411",",,W","0.0","T,,W",,,,,,,,,"25.8","H,,2","31.1",",,W","20.6",",,W",,,"  240",",,W","  240",",,W",,,,,"5.4",",,W","10.3",",,W",,,,,,,,,,
"USW00053870","GASTONIA MUNICIPAL AIRPORT, NC US","35.1968","-81.15552","241.5","2025-06-18","2.9",",,W",,,,," 0930",",,W","0.0",",,W",,,,,,,,,"25.1","H,,2","30.6",",,W","20.0",",,W",,,"  210",",,W","  180",",,W",,,,,"6.3",",,W","10.7",",,W",,,,,,,,,,
"USW00053870","GASTONIA MUNICIPAL AIRPORT, NC US","35.1968","-81.15552","241.5","2025-06-19","3.0",",,W",,,,," 1411",",,W","0.0",",,W",,,,,,,,,"25.9","H,,2","30.6",",,W","21.7",",,W",,,"  230",",,W","  210",",,W",,,,,"7.2",",,W","12.1",",,W",,,,,,,,,,
"USW00053870","GASTONIA MUNICIPAL AIRPORT, NC US","35.1968","-81.15552","241.5","2025-06-20","1.1",",,W",,,,," 1013",",,W","0.0",",,W",,,,,,,,,"25.3","H,,2","30.6",",,W","18.9",",,W",,,"   40",",,W","   30",",,W",,,,,"4.0",",,W","6.7",",,W",,,,,,,,,,
"USW00053870","GASTONIA MUNICIPAL AIRPORT, NC US","35.1968","-81.15552","241.5","2025-06-21","0.4",",,W",,,,," 1406",",,W","0.0",",,W",,,,,,,,,"25.1","H,,2","32.2",",,W","18.3",",,W",,,"  200",",,W","  210",",,W",,,,,"3.1",",,W","4.9",",,W",,,,,,,,,,
"USW00053870","GASTONIA MUNICIPAL AIRPORT, NC US","35.1968","-81.15552","241.5","2025-06-22","0.7",",,W",,,,," 1012",",,W","0.0",",,W",,,,,,,,,"26.7","H,,2","33.3",",,W","20.0",",,W",,,"  210",",,W","  340",",,W",,,,,"3.1",",,W","4.9",",,W","    1",",,W",,,,,,,,
"USW00053870","GASTONIA MUNICIPAL AIRPORT, NC US","35.1968","-81.15552","241.5","2025-06-23","0.5",",,W",,,,," 1418",",,W","0.0",",,W",,,,,,,,,"27.5","H,,2","35.0",",,W","21.1",",,W",,,"   90",",,W","   60",",,W",,,,,"3.1",",,W","4.5",",,W",,,,,,,,,,
"USW00053870","GASTONIA MUNICIPAL AIRPORT, NC US","35.1968","-81.15552","241.5","2025-06-24","1.2",",,W",,,,," 1207",",,W","0.0",",,W",,,,,,,,,"29.0","H,,2","35.6",",,W","22.2",",,W",,,"   30",",,W","   30",",,W",,,,,"5.8",",,W","7.2",",,W",,,,,,,,,,
"USW00053870","GASTONIA MUNICIPAL AIRPORT, NC US","35.1968","-81.15552","241.5","2025-06-25","1.3",",,W",,,,," 1725",",,W","2.3",",,W",,,,,,,,,"28.7","H,,2","35.6",",,W","21.1",",,W",,,"  320",",,W","  350",",,W",,,,,"6.3",",,W","13.0",",,W",,,,,,,,,,
"USW00053870","GASTONIA MUNICIPAL AIRPORT, NC US","35.1968","-81.15552","241.5","2025-06-26","1.4",",,W",,,,," 1659",",,W","0.0",",,W",,,,,,,,,"25.2","H,,2","32.8",",,W","19.4",",,W",,,"  350",",,W","  350",",,W",,,,,"6.3",",,W","11.2",",,W",,,,,,,,,,
"USW00053870","GASTONIA MUNICIPAL AIRPORT, NC US","35.1968","-81.15552","241.5","2025-06-27","1.0",",,W",,,,," 1823",",,W","0.5",",,W",,,,,,,,,"26.3","H,,2","33.3",",,W","20.0",",,W",,,"  170",",,W","  160",",,W",,,,,"6.7",",,W","9.8",",,W",,,,,,,,,,
"USW00053870","GASTONIA MUNICIPAL AIRPORT, NC US","35.1968","-81.15552","241.5","2025-06-28","1.1",",,W",,,,," 1830",",,W","0.0","T,,W",,,,,,,,,"26.7","H,,2","32.8",",,W","21.1",",,W",,,"   50",",,W","   40",",,W",,,,,"5.8",",,W","7.6",",,W",,,,,,,,,,
"USW00053870","GASTONIA MUNICIPAL AIRPORT, NC US","35.1968","-81.15552","241.5","2025-06-29","0.7",",,W",,,,," 1801",",,W","0.0",",,W",,,,,,,,,"26.2","H,,2","32.8",",,W","20.0",",,W",,,"  200",",,W","  190",",,W",,,,,"4.5",",,W","8.1",",,W",,,,,,,,,,
"USW00053870","GASTONIA MUNICIPAL AIRPORT, NC US","35.1968","-81.15552","241.5","2025-06-30","1.9",",,W",,,,," 2107",",,W","0.0",",,W",,,,,,,,,"26.6","H,,2","33.3",",,W","21.1",",,W",,,"  170",",,W","  170",",,W",,,,,"7.6",",,W","13.9",",,W",,,,,,,,,,
"US1NCMK0088","CHARLOTTE 7.1 S, NC US","35.095157","-80.831962","179.2","2025-06-01",,,,,,,,,"0.0",",,N",,,"0.0",",,N",,,,,,,,,,,,,,,,,,,,,,,,,,,,,,,,,,
"US1NCMK0088","CHARLOTTE 7.1 S, NC US","35.095157","-80.831962","179.2","2025-06-02",,,,,,,,,"0.0",",,N",,,"0.0",",,N",,,,,,,,,,,,,,,,,,,,,,,,,,,,,,,,,,
"US1NCMK0088","CHARLOTTE 7.1 S, NC US","35.095157","-80.831962","179.2","2025-06-03",,,,,,,,,"0.0",",,N",,,"0.0",",,N",,,,,,,,,,,,,,,,,,,,,,,,,,,,,,,,,,
"US1NCMK0088","CHARLOTTE 7.1 S, NC US","35.095157","-80.831962","179.2","2025-06-04",,,,,,,,,"0.0",",,N",,,"0.0",",,N",,,,,,,,,,,,,,,,,,,,,,,,,,,,,,,,,,
"US1NCMK0088","CHARLOTTE 7.1 S, NC US","35.095157","-80.831962","179.2","2025-06-05",,,,,,,,,"15.0",",,N",,,,,,,,,,,,,,,,,,,,,,,,,,,,,,,,,,,,,,
"US1NCMK0088","CHARLOTTE 7.1 S, NC US","35.095157","-80.831962","179.2","2025-06-06",,,,,,,,,"5.3",",,N",,,,,,,,,,,,,,,,,,,,,,,,,,,,,,,,,,,,,,
"US1NCMK0088","CHARLOTTE 7.1 S, NC US","35.095157","-80.831962","179.2","2025-06-07",,,,,,,,,"2.5",",,N",,,,,,,,,,,,,,,,,,,,,,,,,,,,,,,,,,,,,,
"US1NCMK0088","CHARLOTTE 7.1 S, NC US","35.095157","-80.831962","179.2","2025-06-09",,,,,,,,,"0.0",",,N",,,"0.0",",,N",,,,,,,,,,,,,,,,,,,,,,,,,,,,,,,,,,
"US1NCMK0088","CHARLOTTE 7.1 S, NC US","35.095157","-80.831962","179.2","2025-06-10",,,,,,,,,"19.1",",,N",,,,,,,,,,,,,,,,,,,,,,,,,,,,,,,,,,,,,,
"US1NCMK0088","CHARLOTTE 7.1 S, NC US","35.095157","-80.831962","179.2","2025-06-11",,,,,,,,,"0.0",",,N",,,"0.0",",,N",,,,,,,,,,,,,,,,,,,,,,,,,,,,,,,,,,
"US1NCMK0088","CHARLOTTE 7.1 S, NC US","35.095157","-80.831962","179.2","2025-06-12",,,,,,,,,"0.0",",,N",,,"0.0",",,N",,,,,,,,,,,,,,,,,,,,,,,,,,,,,,,,,,
"US1NCMK0088","CHARLOTTE 7.1 S, NC US","35.095157","-80.831962","179.2","2025-06-13",,,,,,,,,"27.4",",,N",,,,,,,,,,,,,,,,,,,,,,,,,,,,,,,,,,,,,,
"US1NCMK0088","CHARLOTTE 7.1 S, NC US","35.095157","-80.831962","179.2","2025-06-14",,,,,,,,,"7.9",",,N",,,,,,,,,,,,,,,,,,,,,,,,,,,,,,,,,,,,,,
"US1NCMK0088","CHARLOTTE 7.1 S, NC US","35.095157","-80.831962","179.2","2025-06-15",,,,,,,,,"0.0",",,N",,,"0.0",",,N",,,,,,,,,,,,,,,,,,,,,,,,,,,,,,,,,,
"US1NCMK0088","CHARLOTTE 7.1 S, NC US","35.095157","-80.831962","179.2","2025-06-16",,,,,,,,,"0.0",",,N",,,"0.0",",,N",,,,,,,,,,,,,,,,,,,,,,,,,,,,,,,,,,
"US1NCMK0088","CHARLOTTE 7.1 S, NC US","35.095157","-80.831962","179.2","2025-06-17",,,,,,,,,"13.7",",,N",,,,,,,,,,,,,,,,,,,,,,,,,,,,,,,,,,,,,,
"US1NCMK0088","CHARLOTTE 7.1 S, NC US","35.095157","-80.831962","179.2","2025-06-18",,,,,,,,,"0.0",",,N",,,"0.0",",,N",,,,,,,,,,,,,,,,,,,,,,,,,,,,,,,,,,
"US1NCMK0088","CHARLOTTE 7.1 S, NC US","35.095157","-80.831962","179.2","2025-06-19",,,,,,,,,"0.0",",,N",,,"0.0",",,N",,,,,,,,,,,,,,,,,,,,,,,,,,,,,,,,,,
"US1NCMK0088","CHARLOTTE 7.1 S, NC US","35.095157","-80.831962","179.2","2025-06-20",,,,,,,,,"0.0",",,N",,,"0.0",",,N",,,,,,,,,,,,,,,,,,,,,,,,,,,,,,,,,,
"US1NCMK0088","CHARLOTTE 7.1 S, NC US","35.095157","-80.831962","179.2","2025-06-21",,,,,,,,,"0.0",",,N",,,"0.0",",,N",,,,,,,,,,,,,,,,,,,,,,,,,,,,,,,,,,
"US1NCMK0088","CHARLOTTE 7.1 S, NC US","35.095157","-80.831962","179.2","2025-06-22",,,,,,,,,"0.0",",,N",,,"0.0",",,N",,,,,,,,,,,,,,,,,,,,,,,,,,,,,,,,,,
"US1NCMK0088","CHARLOTTE 7.1 S, NC US","35.095157","-80.831962","179.2","2025-06-23",,,,,,,,,"0.0",",,N",,,"0.0",",,N",,,,,,,,,,,,,,,,,,,,,,,,,,,,,,,,,,
"US1NCMK0088","CHARLOTTE 7.1 S, NC US","35.095157","-80.831962","179.2","2025-06-24",,,,,,,,,"0.0",",,N",,,"0.0",",,N",,,,,,,,,,,,,,,,,,,,,,,,,,,,,,,,,,
"US1NCMK0088","CHARLOTTE 7.1 S, NC US","35.095157","-80.831962","179.2","2025-06-25",,,,,,,,,"0.0",",,N",,,"0.0",",,N",,,,,,,,,,,,,,,,,,,,,,,,,,,,,,,,,,
"US1NCMK0088","CHARLOTTE 7.1 S, NC US","35.095157","-80.831962","179.2","2025-06-26",,,,,,,,,"10.2",",,N",,,,,,,,,,,,,,,,,,,,,,,,,,,,,,,,,,,,,,
"US1NCMK0088","CHARLOTTE 7.1 S, NC US","35.095157","-80.831962","179.2","2025-06-27",,,,,,,,,"0.0",",,N",,,"0.0",",,N",,,,,,,,,,,,,,,,,,,,,,,,,,,,,,,,,,
"US1NCMK0088","CHARLOTTE 7.1 S, NC US","35.095157","-80.831962","179.2","2025-06-28",,,,,,,,,"2.0",",,N",,,,,,,,,,,,,,,,,,,,,,,,,,,,,,,,,,,,,,
"US1NCMK0088","CHARLOTTE 7.1 S, NC US","35.095157","-80.831962","179.2","2025-06-29",,,,,,,,,"0.0",",,N",,,"0.0",",,N",,,,,,,,,,,,,,,,,,,,,,,,,,,,,,,,,,
"US1NCMK0088","CHARLOTTE 7.1 S, NC US","35.095157","-80.831962","179.2","2025-06-30",,,,,,,,,"0.0",",,N",,,"0.0",",,N",,,,,,,,,,,,,,,,,,,,,,,,,,,,,,,,,,
"US1NCMK0120","CHARLOTTE 4.1 SE, NC US","35.16219","-80.775802","223.7","2025-06-01",,,,,,,,,"0.0",",,N",,,"0.0",",,N",,,,,,,,,,,,,,,,,,,,,,,,,,,,,,,,,,
"US1NCMK0120","CHARLOTTE 4.1 SE, NC US","35.16219","-80.775802","223.7","2025-06-02",,,,,,,,,"0.3",",,N",,,,,,,,,,,,,,,,,,,,,,,,,,,,,,,,,,,,,,
"US1NCMK0120","CHARLOTTE 4.1 SE, NC US","35.16219","-80.775802","223.7","2025-06-03",,,,,,,,,"0.0",",,N",,,"0.0",",,N",,,,,,,,,,,,,,,,,,,,,,,,,,,,,,,,,,
"US1NCMK0120","CHARLOTTE 4.1 SE, NC US","35.16219","-80.775802","223.7","2025-06-04",,,,,,,,,"0.0",",,N",,,"0.0",",,N",,,,,,,,,,,,,,,,,,,,,,,,,,,,,,,,,,
"US1NCMK0120","CHARLOTTE 4.1 SE, NC US","35.16219","-80.775802","223.7","2025-06-05",,,,,,,,,"9.4",",,N",,,,,,,,,,,,,,,,,,,,,,,,,,,,,,,,,,,,,,
"US1NCMK0120","CHARLOTTE 4.1 SE, NC US","35.16219","-80.775802","223.7","2025-06-06",,,,,,,,,"4.1",",,N",,,,,,,,,,,,,,,,,,,,,,,,,,,,,,,,,,,,,,
"US1NCMK0120","CHARLOTTE 4.1 SE, NC US","35.16219","-80.775802","223.7","2025-06-07",,,,,,,,,"2.3",",,N",,,,,,,,,,,,,,,,,,,,,,,,,,,,,,,,,,,,,,
"US1NCMK0120","CHARLOTTE 4.1 SE, NC US","35.16219","-80.775802","223.7","2025-06-08",,,,,,,,,"0.0","T,,N",,,,,,,,,,,,,,,,,,,,,,,,,,,,,,,,,,,,,,
"US1NCMK0120","CHARLOTTE 4.1 SE, NC US","35.16219","-80.775802","223.7","2025-06-09",,,,,,,,,"7.4",",,N",,,,,,,,,,,,,,,,,,,,,,,,,,,,,,,,,,,,,,
"US1NCMK0120","CHARLOTTE 4.1 SE, NC US","35.16219","-80.775802","223.7","2025-06-10",,,,,,,,,"17.3",",,N",,,,,,,,,,,,,,,,,,,,,,,,,,,,,,,,,,,,,,
"US1NCMK0120","CHARLOTTE 4.1 SE, NC US","35.16219","-80.775802","223.7","2025-06-11",,,,,,,,,"0.0",",,N",,,"0.0",",,N",,,,,,,,,,,,,,,,,,,,,,,,,,,,,,,,,,
"US1NCMK0120","CHARLOTTE 4.1 SE, NC US","35.16219","-80.775802","223.7","2025-06-12",,,,,,,,,"0.0",",,N",,,"0.0",",,N",,,,,,,,,,,,,,,,,,,,,,,,,,,,,,,,,,
"US1NCMK0120","CHARLOTTE 4.1 SE, NC US","35.16219","-80.775802","223.7","2025-06-13",,,,,,,,,"81.8",",,N",,,,,,,,,,,,,,,,,,,,,,,,,,,,,,,,,,,,,,
"US1NCMK0120","CHARLOTTE 4.1 SE, NC US","35.16219","-80.775802","223.7","2025-06-14",,,,,,,,,"7.6",",,N",,,,,,,,,,,,,,,,,,,,,,,,,,,,,,,,,,,,,,
"US1NCMK0120","CHARLOTTE 4.1 SE, NC US","35.16219","-80.775802","223.7","2025-06-15",,,,,,,,,"0.0",",,N",,,"0.0",",,N",,,,,,,,,,,,,,,,,,,,,,,,,,,,,,,,,,
"US1NCMK0120","CHARLOTTE 4.1 SE, NC US","35.16219","-80.775802","223.7","2025-06-16",,,,,,,,,"0.0",",,N",,,"0.0",",,N",,,,,,,,,,,,,,,,,,,,,,,,,,,,,,,,,,
"US1NCMK0120","CHARLOTTE 4.1 SE, NC US","35.16219","-80.775802","223.7","2025-06-17",,,,,,,,,"21.6",",,N",,,,,,,,,,,,,,,,,,,,,,,,,,,,,,,,,,,,,,
"US1NCMK0120","CHARLOTTE 4.1 SE, NC US","35.16219","-80.775802","223.7","2025-06-18",,,,,,,,,"0.0","T,,N",,,,,,,,,,,,,,,,,,,,,,,,,,,,,,,,,,,,,,
"US1NCMK0120","CHARLOTTE 4.1 SE, NC US","35.16219","-80.775802","223.7","2025-06-19",,,,,,,,,"0.0",",,N",,,"0.0",",,N",,,,,,,,,,,,,,,,,,,,,,,,,,,,,,,,,,
"US1NCMK0120","CHARLOTTE 4.1 SE, NC US","35.16219","-80.775802","223.7","2025-06-20",,,,,,,,,"0.0",",,N",,,"0.0",",,N",,,,,,,,,,,,,,,,,,,,,,,,,,,,,,,,,,
"US1NCMK0120","CHARLOTTE 4.1 SE, NC US","35.16219","-80.775802","223.7","2025-06-21",,,,,,,,,"0.0",",,N",,,"0.0",",,N",,,,,,,,,,,,,,,,,,,,,,,,,,,,,,,,,,
"US1NCMK0120","CHARLOTTE 4.1 SE, NC US","35.16219","-80.775802","223.7","2025-06-22",,,,,,,,,"0.0",",,N",,,"0.0",",,N",,,,,,,,,,,,,,,,,,,,,,,,,,,,,,,,,,
"US1NCMK0120","CHARLOTTE 4.1 SE, NC US","35.16219","-80.775802","223.7","2025-06-23",,,,,,,,,"0.0",",,N",,,"0.0",",,N",,,,,,,,,,,,,,,,,,,,,,,,,,,,,,,,,,
"US1NCMK0120","CHARLOTTE 4.1 SE, NC US","35.16219","-80.775802","223.7","2025-06-24",,,,,,,,,"0.0",",,N",,,"0.0",",,N",,,,,,,,,,,,,,,,,,,,,,,,,,,,,,,,,,
"US1NCMK0120","CHARLOTTE 4.1 SE, NC US","35.16219","-80.775802","223.7","2025-06-25",,,,,,,,,"0.0",",,N",,,"0.0",",,N",,,,,,,,,,,,,,,,,,,,,,,,,,,,,,,,,,
"US1NCMK0120","CHARLOTTE 4.1 SE, NC US","35.16219","-80.775802","223.7","2025-06-26",,,,,,,,,"7.6",",,N",,,,,,,,,,,,,,,,,,,,,,,,,,,,,,,,,,,,,,
"US1NCMK0120","CHARLOTTE 4.1 SE, NC US","35.16219","-80.775802","223.7","2025-06-27",,,,,,,,,"0.0",",,N",,,"0.0",",,N",,,,,,,,,,,,,,,,,,,,,,,,,,,,,,,,,,
"US1NCMK0120","CHARLOTTE 4.1 SE, NC US","35.16219","-80.775802","223.7","2025-06-28",,,,,,,,,"0.5",",,N",,,,,,,,,,,,,,,,,,,,,,,,,,,,,,,,,,,,,,
"US1NCMK0120","CHARLOTTE 4.1 SE, NC US","35.16219","-80.775802","223.7","2025-06-29",,,,,,,,,"0.0","T,,N",,,,,,,,,,,,,,,,,,,,,,,,,,,,,,,,,,,,,,
"US1NCMK0120","CHARLOTTE 4.1 SE, NC US","35.16219","-80.775802","223.7","2025-06-30",,,,,,,,,"0.0",",,N",,,"0.0",",,N",,,,,,,,,,,,,,,,,,,,,,,,,,,,,,,,,,
"US1NCGS0008","GASTONIA 5.7 SE, NC US","35.230702","-81.09677","221.0","2025-06-09",,,"   15",",,N","96.3",",,N",,,,,,,,,,,,,,,,,,,,,,,,,,,,,,,,,,,,,,,,,,
"US1NCGS0008","GASTONIA 5.7 SE, NC US","35.230702","-81.09677","221.0","2025-06-10",,,,,,,,,"2.0",",,N",,,,,,,,,,,,,,,,,,,,,,,,,,,,,,,,,,,,,,
"US1NCGS0008","GASTONIA 5.7 SE, NC US","35.230702","-81.09677","221.0","2025-06-11",,,,,,,,,"0.0",",,N",,,"0.0",",,N",,,,,,,,,,,,,,,,,,,,,,,,,,,,,,,,,,
"US1NCGS0008","GASTONIA 5.7 SE, NC US","35.230702","-81.09677","221.0","2025-06-12",,,,,,,,,"0.0",",,N",,,"0.0",",,N",,,,,,,,,,,,,,,,,,,,,,,,,,,,,,,,,,
"US1NCGS0008","GASTONIA 5.7 SE, NC US","35.230702","-81.09677","221.0","2025-06-13",,,,,,,,,"58.7",",,N",,,,,,,,,,,,,,,,,,,,,,,,,,,,,,,,,,,,,,
"US1NCGS0008","GASTONIA 5.7 SE, NC US","35.230702","-81.09677","221.0","2025-06-14",,,,,,,,,"2.5",",,N",,,,,,,,,,,,,,,,,,,,,,,,,,,,,,,,,,,,,,
"US1NCGS0008","GASTONIA 5.7 SE, NC US","35.230702","-81.09677","221.0","2025-06-15",,,,,,,,,"0.0",",,N",,,"0.0",",,N",,,,,,,,,,,,,,,,,,,,,,,,,,,,,,,,,,
"US1NCGS0008","GASTONIA 5.7 SE, NC US","35.230702","-81.09677","221.0","2025-06-16",,,,,,,,,"54.9",",,N",,,,,,,,,,,,,,,,,,,,,,,,,,,,,,,,,,,,,,
"US1NCGS0008","GASTONIA 5.7 SE, NC US","35.230702","-81.09677","221.0","2025-06-17",,,,,,,,,"7.4",",,N",,,,,,,,,,,,,,,,,,,,,,,,,,,,,,,,,,,,,,
"US1NCGS0008","GASTONIA 5.7 SE, NC US","35.230702","-81.09677","221.0","2025-06-18",,,,,,,,,"0.0","T,,N",,,,,,,,,,,,,,,,,,,,,,,,,,,,,,,,,,,,,,
"US1NCGS0008","GASTONIA 5.7 SE, NC US","35.230702","-81.09677","221.0","2025-06-19",,,,,,,,,"0.0",",,N",,,"0.0",",,N",,,,,,,,,,,,,,,,,,,,,,,,,,,,,,,,,,
"US1NCGS0008","GASTONIA 5.7 SE, NC US","35.230702","-81.09677","221.0","2025-06-20",,,,,,,,,"0.0",",,N",,,"0.0",",,N",,,,,,,,,,,,,,,,,,,,,,,,,,,,,,,,,,
"US1NCGS0008","GASTONIA 5.7 SE, NC US","35.230702","-81.09677","221.0","2025-06-28",,,"    8",",,N","0.5",",,N",,,,,,,,,,,,,,,,,,,,,,,,,,,,,,,,,,,,,,,,,,
"US1NCGS0006","GASTONIA 3.9 ESE, NC US","35.25389","-81.12006","211.8","2025-06-01",,,,,,,,,"0.0",",,N",,,"0.0",",,N",,,,,,,,,,,,,,,,,,,,,,,,,,,,,,,,,,
"US1NCGS0006","GASTONIA 3.9 ESE, NC US","35.25389","-81.12006","211.8","2025-06-02",,,,,,,,,"6.4",",,N",,,,,,,,,,,,,,,,,,,,,,,,,,,,,,,,,,,,,,
"US1NCGS0006","GASTONIA 3.9 ESE, NC US","35.25389","-81.12006","211.8","2025-06-03",,,,,,,,,"0.0",",,N",,,"0.0",",,N",,,,,,,,,,,,,,,,,,,,,,,,,,,,,,,,,,
"US1NCGS0006","GASTONIA 3.9 ESE, NC US","35.25389","-81.12006","211.8","2025-06-04",,,,,,,,,"0.0",",,N",,,"0.0",",,N",,,,,,,,,,,,,,,,,,,,,,,,,,,,,,,,,,
"US1NCGS0006","GASTONIA 3.9 ESE, NC US","35.25389","-81.12006","211.8","2025-06-05",,,,,,,,,"27.7",",,N",,,,,,,,,,,,,,,,,,,,,,,,,,,,,,,,,,,,,,
"US1NCGS0006","GASTONIA 3.9 ESE, NC US","35.25389","-81.12006","211.8","2025-06-06",,,,,,,,,"22.9",",,N",,,,,,,,,,,,,,,,,,,,,,,,,,,,,,,,,,,,,,
"US1NCGS0006","GASTONIA 3.9 ESE, NC US","35.25389","-81.12006","211.8","2025-06-07",,,,,,,,,"2.3",",,N",,,,,,,,,,,,,,,,,,,,,,,,,,,,,,,,,,,,,,
"US1NCGS0006","GASTONIA 3.9 ESE, NC US","35.25389","-81.12006","211.8","2025-06-08",,,,,,,,,"0.5",",,N",,,,,,,,,,,,,,,,,,,,,,,,,,,,,,,,,,,,,,
"US1NCGS0006","GASTONIA 3.9 ESE, NC US","35.25389","-81.12006","211.8","2025-06-09",,,,,,,,,"0.0",",,N",,,"0.0",",,N",,,,,,,,,,,,,,,,,,,,,,,,,,,,,,,,,,
"US1NCGS0006","GASTONIA 3.9 ESE, NC US","35.25389","-81.12006","211.8","2025-06-10",,,,,,,,,"4.1",",,N",,,,,,,,,,,,,,,,,,,,,,,,,,,,,,,,,,,,,,
"US1NCGS0006","GASTONIA 3.9 ESE, NC US","35.25389","-81.12006","211.8","2025-06-11",,,,,,,,,"0.0",",,N",,,"0.0",",,N",,,,,,,,,,,,,,,,,,,,,,,,,,,,,,,,,,
"US1NCGS0006","GASTONIA 3.9 ESE, NC US","35.25389","-81.12006","211.8","2025-06-12",,,,,,,,,"0.0",",,N",,,"0.0",",,N",,,,,,,,,,,,,,,,,,,,,,,,,,,,,,,,,,
"US1NCGS0006","GASTONIA 3.9 ESE, NC US","35.25389","-81.12006","211.8","2025-06-13",,,,,,,,,"52.6",",,N",,,,,,,,,,,,,,,,,,,,,,,,,,,,,,,,,,,,,,
"US1NCGS0006","GASTONIA 3.9 ESE, NC US","35.25389","-81.12006","211.8","2025-06-14",,,,,,,,,"4.6",",,N",,,,,,,,,,,,,,,,,,,,,,,,,,,,,,,,,,,,,,
"US1NCGS0006","GASTONIA 3.9 ESE, NC US","35.25389","-81.12006","211.8","2025-06-15",,,,,,,,,"0.0",",,N",,,"0.0",",,N",,,,,,,,,,,,,,,,,,,,,,,,,,,,,,,,,,
"US1NCGS0006","GASTONIA 3.9 ESE, NC US","35.25389","-81.12006","211.8","2025-06-16",,,,,,,,,"12.2",",,N",,,,,,,,,,,,,,,,,,,,,,,,,,,,,,,,,,,,,,
"US1NCGS0006","GASTONIA 3.9 ESE, NC US","35.25389","-81.12006","211.8","2025-06-17",,,,,,,,,"10.4",",,N",,,,,,,,,,,,,,,,,,,,,,,,,,,,,,,,,,,,,,
"US1NCGS0006","GASTONIA 3.9 ESE, NC US","35.25389","-81.12006","211.8","2025-06-18",,,,,,,,,"1.0",",,N",,,,,,,,,,,,,,,,,,,,,,,,,,,,,,,,,,,,,,
"US1NCGS0006","GASTONIA 3.9 ESE, NC US","35.25389","-81.12006","211.8","2025-06-19",,,,,,,,,"0.0",",,N",,,"0.0",",,N",,,,,,,,,,,,,,,,,,,,,,,,,,,,,,,,,,
"US1NCGS0006","GASTONIA 3.9 ESE, NC US","35.25389","-81.12006","211.8","2025-06-20",,,,,,,,,"0.0",",,N",,,"0.0",",,N",,,,,,,,,,,,,,,,,,,,,,,,,,,,,,,,,,
"US1NCGS0006","GASTONIA 3.9 ESE, NC US","35.25389","-81.12006","211.8","2025-06-21",,,,,,,,,"0.0",",,N",,,"0.0",",,N",,,,,,,,,,,,,,,,,,,,,,,,,,,,,,,,,,
"US1NCGS0006","GASTONIA 3.9 ESE, NC US","35.25389","-81.12006","211.8","2025-06-22",,,,,,,,,"0.0",",,N",,,"0.0",",,N",,,,,,,,,,,,,,,,,,,,,,,,,,,,,,,,,,
"US1NCGS0006","GASTONIA 3.9 ESE, NC US","35.25389","-81.12006","211.8","2025-06-23",,,,,,,,,"0.0",",,N",,,"0.0",",,N",,,,,,,,,,,,,,,,,,,,,,,,,,,,,,,,,,
"US1NCGS0006","GASTONIA 3.9 ESE, NC US","35.25389","-81.12006","211.8","2025-06-24",,,,,,,,,"0.0",",,N",,,"0.0",",,N",,,,,,,,,,,,,,,,,,,,,,,,,,,,,,,,,,
"US1NCGS0006","GASTONIA 3.9 ESE, NC US","35.25389","-81.12006","211.8","2025-06-25",,,,,,,,,"0.0",",,N",,,"0.0",",,N",,,,,,,,,,,,,,,,,,,,,,,,,,,,,,,,,,
"US1NCGS0006","GASTONIA 3.9 ESE, NC US","35.25389","-81.12006","211.8","2025-06-26",,,,,,,,,"0.0",",,N",,,"0.0",",,N",,,,,,,,,,,,,,,,,,,,,,,,,,,,,,,,,,
"US1NCGS0006","GASTONIA 3.9 ESE, NC US","35.25389","-81.12006","211.8","2025-06-27",,,,,,,,,"0.0",",,N",,,"0.0",",,N",,,,,,,,,,,,,,,,,,,,,,,,,,,,,,,,,,
"US1NCGS0006","GASTONIA 3.9 ESE, NC US","35.25389","-81.12006","211.8","2025-06-28",,,,,,,,,"0.8",",,N",,,,,,,,,,,,,,,,,,,,,,,,,,,,,,,,,,,,,,
"US1NCGS0006","GASTONIA 3.9 ESE, NC US","35.25389","-81.12006","211.8","2025-06-29",,,,,,,,,"0.0",",,N",,,"0.0",",,N",,,,,,,,,,,,,,,,,,,,,,,,,,,,,,,,,,
"US1NCGS0006","GASTONIA 3.9 ESE, NC US","35.25389","-81.12006","211.8","2025-06-30",,,,,,,,,"0.0",",,N",,,"0.0",",,N",,,,,,,,,,,,,,,,,,,,,,,,,,,,,,,,,,
"US1SCYR0091","NEWPORT 2.9 NW, SC US","35.013072","-81.143893","208.5","2025-06-01",,,,,,,,,"0.0",",,N",,,"0.0",",,N",,,,,,,,,,,,,,,,,,,,,,,,,,,,,,,,,,
"US1SCYR0091","NEWPORT 2.9 NW, SC US","35.013072","-81.143893","208.5","2025-06-02",,,,,,,,,"0.0",",,N",,,"0.0",",,N",,,,,,,,,,,,,,,,,,,,,,,,,,,,,,,,,,
"US1SCYR0091","NEWPORT 2.9 NW, SC US","35.013072","-81.143893","208.5","2025-06-03",,,,,,,,,"0.0",",,N",,,"0.0",",,N",,,,,,,,,,,,,,,,,,,,,,,,,,,,,,,,,,
"US1SCYR0091","NEWPORT 2.9 NW, SC US","35.013072","-81.143893","208.5","2025-06-04",,,,,,,,,"0.0",",,N",,,"0.0",",,N",,,,,,,,,,,,,,,,,,,,,,,,,,,,,,,,,,
"US1SCYR0091","NEWPORT 2.9 NW, SC US","35.013072","-81.143893","208.5","2025-06-05",,,,,,,,,"17.3",",,N",,,,,,,,,,,,,,,,,,,,,,,,,,,,,,,,,,,,,,
"US1SCYR0091","NEWPORT 2.9 NW, SC US","35.013072","-81.143893","208.5","2025-06-06",,,,,,,,,"16.3",",,N",,,,,,,,,,,,,,,,,,,,,,,,,,,,,,,,,,,,,,
"US1SCYR0091","NEWPORT 2.9 NW, SC US","35.013072","-81.143893","208.5","2025-06-07",,,,,,,,,"6.4",",,N",,,,,,,,,,,,,,,,,,,,,,,,,,,,,,,,,,,,,,
"US1SCYR0091","NEWPORT 2.9 NW, SC US","35.013072","-81.143893","208.5","2025-06-08",,,,,,,,,"0.0",",,N",,,"0.0",",,N",,,,,,,,,,,,,,,,,,,,,,,,,,,,,,,,,,
"US1SCYR0091","NEWPORT 2.9 NW, SC US","35.013072","-81.143893","208.5","2025-06-09",,,,,,,,,"0.0",",,N",,,"0.0",",,N",,,,,,,,,,,,,,,,,,,,,,,,,,,,,,,,,,
"US1SCYR0091","NEWPORT 2.9 NW, SC US","35.013072","-81.143893","208.5","2025-06-10",,,,,,,,,"0.0",",,N",,,"0.0",",,N",,,,,,,,,,,,,,,,,,,,,,,,,,,,,,,,,,
"US1SCYR0091","NEWPORT 2.9 NW, SC US","35.013072","-81.143893","208.5","2025-06-11",,,,,,,,,"0.0",",,N",,,"0.0",",,N",,,,,,,,,,,,,,,,,,,,,,,,,,,,,,,,,,
"US1SCYR0091","NEWPORT 2.9 NW, SC US","35.013072","-81.143893","208.5","2025-06-12",,,,,,,,,"0.0",",,N",,,"0.0",",,N",,,,,,,,,,,,,,,,,,,,,,,,,,,,,,,,,,
"US1SCYR0091","NEWPORT 2.9 NW, SC US","35.013072","-81.143893","208.5","2025-06-13",,,,,,,,,"14.0",",,N",,,,,,,,,,,,,,,,,,,,,,,,,,,,,,,,,,,,,,
"US1SCYR0091","NEWPORT 2.9 NW, SC US","35.013072","-81.143893","208.5","2025-06-14",,,,,,,,,"1.5",",,N",,,,,,,,,,,,,,,,,,,,,,,,,,,,,,,,,,,,,,
"US1SCYR0091","NEWPORT 2.9 NW, SC US","35.013072","-81.143893","208.5","2025-06-15",,,,,,,,,"0.0",",,N",,,"0.0",",,N",,,,,,,,,,,,,,,,,,,,,,,,,,,,,,,,,,
"US1SCYR0091","NEWPORT 2.9 NW, SC US","35.013072","-81.143893","208.5","2025-06-16",,,,,,,,,"0.0",",,N",,,"0.0",",,N",,,,,,,,,,,,,,,,,,,,,,,,,,,,,,,,,,
"US1SCYR0091","NEWPORT 2.9 NW, SC US","35.013072","-81.143893","208.5","2025-06-17",,,,,,,,,"0.0",",,N",,,"0.0",",,N",,,,,,,,,,,,,,,,,,,,,,,,,,,,,,,,,,
"US1SCYR0091","NEWPORT 2.9 NW, SC US","35.013072","-81.143893","208.5","2025-06-18",,,,,,,,,"0.8",",,N",,,,,,,,,,,,,,,,,,,,,,,,,,,,,,,,,,,,,,
"US1SCYR0091","NEWPORT 2.9 NW, SC US","35.013072","-81.143893","208.5","2025-06-19",,,,,,,,,"0.0",",,N",,,"0.0",",,N",,,,,,,,,,,,,,,,,,,,,,,,,,,,,,,,,,
"US1SCYR0091","NEWPORT 2.9 NW, SC US","35.013072","-81.143893","208.5","2025-06-20",,,,,,,,,"0.0",",,N",,,"0.0",",,N",,,,,,,,,,,,,,,,,,,,,,,,,,,,,,,,,,
"US1SCYR0091","NEWPORT 2.9 NW, SC US","35.013072","-81.143893","208.5","2025-06-21",,,,,,,,,"0.0",",,N",,,"0.0",",,N",,,,,,,,,,,,,,,,,,,,,,,,,,,,,,,,,,
"US1SCYR0091","NEWPORT 2.9 NW, SC US","35.013072","-81.143893","208.5","2025-06-22",,,,,,,,,"0.0",",,N",,,"0.0",",,N",,,,,,,,,,,,,,,,,,,,,,,,,,,,,,,,,,
"US1SCYR0091","NEWPORT 2.9 NW, SC US","35.013072","-81.143893","208.5","2025-06-23",,,,,,,,,"0.0",",,N",,,"0.0",",,N",,,,,,,,,,,,,,,,,,,,,,,,,,,,,,,,,,
"US1SCYR0091","NEWPORT 2.9 NW, SC US","35.013072","-81.143893","208.5","2025-06-24",,,,,,,,,"0.0",",,N",,,"0.0",",,N",,,,,,,,,,,,,,,,,,,,,,,,,,,,,,,,,,
"US1SCYR0091","NEWPORT 2.9 NW, SC US","35.013072","-81.143893","208.5","2025-06-25",,,,,,,,,"0.0",",,N",,,"0.0",",,N",,,,,,,,,,,,,,,,,,,,,,,,,,,,,,,,,,
"US1SCYR0091","NEWPORT 2.9 NW, SC US","35.013072","-81.143893","208.5","2025-06-26",,,,,,,,,"13.2",",,N",,,,,,,,,,,,,,,,,,,,,,,,,,,,,,,,,,,,,,
"US1SCYR0091","NEWPORT 2.9 NW, SC US","35.013072","-81.143893","208.5","2025-06-27",,,,,,,,,"0.0",",,N",,,"0.0",",,N",,,,,,,,,,,,,,,,,,,,,,,,,,,,,,,,,,
"US1SCYR0091","NEWPORT 2.9 NW, SC US","35.013072","-81.143893","208.5","2025-06-28",,,,,,,,,"2.0",",,N",,,,,,,,,,,,,,,,,,,,,,,,,,,,,,,,,,,,,,
"US1SCYR0091","NEWPORT 2.9 NW, SC US","35.013072","-81.143893","208.5","2025-06-29",,,,,,,,,"0.0",",,N",,,"0.0",",,N",,,,,,,,,,,,,,,,,,,,,,,,,,,,,,,,,,
"US1SCYR0091","NEWPORT 2.9 NW, SC US","35.013072","-81.143893","208.5","2025-06-30",,,,,,,,,"0.0",",,N",,,"0.0",",,N",,,,,,,,,,,,,,,,,,,,,,,,,,,,,,,,,,
"US1NCUN0045","HEMBY BRIDGE 2.2 SSE, NC US","35.090836","-80.610339","183.2","2025-06-01",,,,,,,,,"0.0",",,N",,,"0.0",",,N",,,,,,,,,,,,,,,,,,,,,,,,,,,,,,,,,,
"US1NCUN0045","HEMBY BRIDGE 2.2 SSE, NC US","35.090836","-80.610339","183.2","2025-06-02",,,,,,,,,"0.0",",,N",,,"0.0",",,N",,,,,,,,,,,,,,,,,,,,,,,,,,,,,,,,,,
"US1NCUN0045","HEMBY BRIDGE 2.2 SSE, NC US","35.090836","-80.610339","183.2","2025-06-03",,,,,,,,,"0.0",",,N",,,"0.0",",,N",,,,,,,,,,,,,,,,,,,,,,,,,,,,,,,,,,
"US1NCUN0045","HEMBY BRIDGE 2.2 SSE, NC US","35.090836","-80.610339","183.2","2025-06-04",,,,,,,,,"0.0",",,N",,,"0.0",",,N",,,,,,,,,,,,,,,,,,,,,,,,,,,,,,,,,,
"US1NCUN0045","HEMBY BRIDGE 2.2 SSE, NC US","35.090836","-80.610339","183.2","2025-06-05",,,,,,,,,"5.3",",,N",,,,,,,,,,,,,,,,,,,,,,,,,,,,,,,,,,,,,,
"US1NCUN0045","HEMBY BRIDGE 2.2 SSE, NC US","35.090836","-80.610339","183.2","2025-06-06",,,,,,,,,"12.4",",,N",,,,,,,,,,,,,,,,,,,,,,,,,,,,,,,,,,,,,,
"US1NCUN0045","HEMBY BRIDGE 2.2 SSE, NC US","35.090836","-80.610339","183.2","2025-06-07",,,,,,,,,"1.5",",,N",,,,,,,,,,,,,,,,,,,,,,,,,,,,,,,,,,,,,,
"US1NCUN0045","HEMBY BRIDGE 2.2 SSE, NC US","35.090836","-80.610339","183.2","2025-06-08",,,,,,,,,"0.0",",,N",,,"0.0",",,N",,,,,,,,,,,,,,,,,,,,,,,,,,,,,,,,,,
"US1NCUN0045","HEMBY BRIDGE 2.2 SSE, NC US","35.090836","-80.610339","183.2","2025-06-09",,,,,,,,,"7.1",",,N",,,,,,,,,,,,,,,,,,,,,,,,,,,,,,,,,,,,,,
"US1NCUN0045","HEMBY BRIDGE 2.2 SSE, NC US","35.090836","-80.610339","183.2","2025-06-10",,,,,,,,,"25.9",",,N",,,,,,,,,,,,,,,,,,,,,,,,,,,,,,,,,,,,,,
"US1NCUN0045","HEMBY BRIDGE 2.2 SSE, NC US","35.090836","-80.610339","183.2","2025-06-11",,,,,,,,,"0.0",",,N",,,"0.0",",,N",,,,,,,,,,,,,,,,,,,,,,,,,,,,,,,,,,
"US1NCUN0045","HEMBY BRIDGE 2.2 SSE, NC US","35.090836","-80.610339","183.2","2025-06-12",,,,,,,,,"0.0",",,N",,,"0.0",",,N",,,,,,,,,,,,,,,,,,,,,,,,,,,,,,,,,,
"US1NCUN0045","HEMBY BRIDGE 2.2 SSE, NC US","35.090836","-80.610339","183.2","2025-06-13",,,,,,,,,"7.6",",,N",,,,,,,,,,,,,,,,,,,,,,,,,,,,,,,,,,,,,,
"US1NCUN0045","HEMBY BRIDGE 2.2 SSE, NC US","35.090836","-80.610339","183.2","2025-06-14",,,,,,,,,"12.4",",,N",,,,,,,,,,,,,,,,,,,,,,,,,,,,,,,,,,,,,,
"US1NCUN0045","HEMBY BRIDGE 2.2 SSE, NC US","35.090836","-80.610339","183.2","2025-06-15",,,,,,,,,"0.0",",,N",,,"0.0",",,N",,,,,,,,,,,,,,,,,,,,,,,,,,,,,,,,,,
"US1NCUN0045","HEMBY BRIDGE 2.2 SSE, NC US","35.090836","-80.610339","183.2","2025-06-16",,,,,,,,,"0.0",",,N",,,"0.0",",,N",,,,,,,,,,,,,,,,,,,,,,,,,,,,,,,,,,
"US1NCUN0045","HEMBY BRIDGE 2.2 SSE, NC US","35.090836","-80.610339","183.2","2025-06-17",,,,,,,,,"1.5",",,N",,,,,,,,,,,,,,,,,,,,,,,,,,,,,,,,,,,,,,
"US1NCUN0045","HEMBY BRIDGE 2.2 SSE, NC US","35.090836","-80.610339","183.2","2025-06-18",,,,,,,,,"0.0",",,N",,,"0.0",",,N",,,,,,,,,,,,,,,,,,,,,,,,,,,,,,,,,,
"US1NCUN0045","HEMBY BRIDGE 2.2 SSE, NC US","35.090836","-80.610339","183.2","2025-06-19",,,,,,,,,"0.0",",,N",,,"0.0",",,N",,,,,,,,,,,,,,,,,,,,,,,,,,,,,,,,,,
"US1NCUN0045","HEMBY BRIDGE 2.2 SSE, NC US","35.090836","-80.610339","183.2","2025-06-20",,,,,,,,,"0.0",",,N",,,"0.0",",,N",,,,,,,,,,,,,,,,,,,,,,,,,,,,,,,,,,
"US1NCUN0045","HEMBY BRIDGE 2.2 SSE, NC US","35.090836","-80.610339","183.2","2025-06-21",,,,,,,,,"0.0",",,N",,,"0.0",",,N",,,,,,,,,,,,,,,,,,,,,,,,,,,,,,,,,,
"US1NCUN0045","HEMBY BRIDGE 2.2 SSE, NC US","35.090836","-80.610339","183.2","2025-06-22",,,,,,,,,"0.0",",,N",,,"0.0",",,N",,,,,,,,,,,,,,,,,,,,,,,,,,,,,,,,,,
"US1NCUN0045","HEMBY BRIDGE 2.2 SSE, NC US","35.090836","-80.610339","183.2","2025-06-23",,,,,,,,,"0.0",",,N",,,"0.0",",,N",,,,,,,,,,,,,,,,,,,,,,,,,,,,,,,,,,
"US1NCUN0045","HEMBY BRIDGE 2.2 SSE, NC US","35.090836","-80.610339","183.2","2025-06-24",,,,,,,,,"0.0",",,N",,,"0.0",",,N",,,,,,,,,,,,,,,,,,,,,,,,,,,,,,,,,,
"US1NCUN0045","HEMBY BRIDGE 2.2 SSE, NC US","35.090836","-80.610339","183.2","2025-06-25",,,,,,,,,"0.0",",,N",,,"0.0",",,N",,,,,,,,,,,,,,,,,,,,,,,,,,,,,,,,,,
"US1NCUN0045","HEMBY BRIDGE 2.2 SSE, NC US","35.090836","-80.610339","183.2","2025-06-26",,,,,,,,,"16.0",",,N",,,,,,,,,,,,,,,,,,,,,,,,,,,,,,,,,,,,,,
"US1NCUN0045","HEMBY BRIDGE 2.2 SSE, NC US","35.090836","-80.610339","183.2","2025-06-27",,,,,,,,,"0.0",",,N",,,"0.0",",,N",,,,,,,,,,,,,,,,,,,,,,,,,,,,,,,,,,
"US1NCUN0045","HEMBY BRIDGE 2.2 SSE, NC US","35.090836","-80.610339","183.2","2025-06-28",,,,,,,,,"1.0",",,N",,,,,,,,,,,,,,,,,,,,,,,,,,,,,,,,,,,,,,
"US1NCUN0045","HEMBY BRIDGE 2.2 SSE, NC US","35.090836","-80.610339","183.2","2025-06-29",,,,,,,,,"0.0","T,,N",,,,,,,,,,,,,,,,,,,,,,,,,,,,,,,,,,,,,,
"US1NCUN0045","HEMBY BRIDGE 2.2 SSE, NC US","35.090836","-80.610339","183.2","2025-06-30",,,,,,,,,"18.8",",,N",,,,,,,,,,,,,,,,,,,,,,,,,,,,,,,,,,,,,,
"US1SCYR0013","TEGA CAY 1.6 ESE, SC US","35.027142","-80.991596","172.5","2025-06-01",,,,,,,,,"0.0",",,N",,,"0.0",",,N",,,,,,,,,,,,,,,,,,,,,,,,,,,,,,,,,,
"US1SCYR0013","TEGA CAY 1.6 ESE, SC US","35.027142","-80.991596","172.5","2025-06-02",,,,,,,,,"0.0",",,N",,,"0.0",",,N",,,,,,,,,,,,,,,,,,,,,,,,,,,,,,,,,,
"US1SCYR0013","TEGA CAY 1.6 ESE, SC US","35.027142","-80.991596","172.5","2025-06-03",,,,,,,,,"0.0",",,N",,,"0.0",",,N",,,,,,,,,,,,,,,,,,,,,,,,,,,,,,,,,,
"US1SCYR0013","TEGA CAY 1.6 ESE, SC US","35.027142","-80.991596","172.5","2025-06-04",,,,,,,,,"0.0",",,N",,,"0.0",",,N",,,,,,,,,,,,,,,,,,,,,,,,,,,,,,,,,,
"US1SCYR0013","TEGA CAY 1.6 ESE, SC US","35.027142","-80.991596","172.5","2025-06-05",,,,,,,,,"16.8",",,N",,,,,,,,,,,,,,,,,,,,,,,,,,,,,,,,,,,,,,
"US1SCYR0013","TEGA CAY 1.6 ESE, SC US","35.027142","-80.991596","172.5","2025-06-06",,,,,,,,,"7.6",",,N",,,,,,,,,,,,,,,,,,,,,,,,,,,,,,,,,,,,,,
"US1SCYR0013","TEGA CAY 1.6 ESE, SC US","35.027142","-80.991596","172.5","2025-06-07",,,,,,,,,"1.3",",,N",,,,,,,,,,,,,,,,,,,,,,,,,,,,,,,,,,,,,,
"US1SCYR0013","TEGA CAY 1.6 ESE, SC US","35.027142","-80.991596","172.5","2025-06-08",,,,,,,,,"0.0","T,,N",,,,,,,,,,,,,,,,,,,,,,,,,,,,,,,,,,,,,,
"US1SCYR0013","TEGA CAY 1.6 ESE, SC US","35.027142","-80.991596","172.5","2025-06-09",,,,,,,,,"0.0",",,N",,,"0.0",",,N",,,,,,,,,,,,,,,,,,,,,,,,,,,,,,,,,,
"US1SCYR0013","TEGA CAY 1.6 ESE, SC US","35.027142","-80.991596","172.5","2025-06-10",,,,,,,,,"32.8",",,N",,,,,,,,,,,,,,,,,,,,,,,,,,,,,,,,,,,,,,
"US1SCYR0013","TEGA CAY 1.6 ESE, SC US","35.027142","-80.991596","172.5","2025-06-11",,,,,,,,,"0.0",",,N",,,"0.0",",,N",,,,,,,,,,,,,,,,,,,,,,,,,,,,,,,,,,
"US1SCYR0013","TEGA CAY 1.6 ESE, SC US","35.027142","-80.991596","172.5","2025-06-12",,,,,,,,,"0.0",",,N",,,"0.0",",,N",,,,,,,,,,,,,,,,,,,,,,,,,,,,,,,,,,
"US1SCYR0013","TEGA CAY 1.6 ESE, SC US","35.027142","-80.991596","172.5","2025-06-13",,,,,,,,,"18.5",",,N",,,,,,,,,,,,,,,,,,,,,,,,,,,,,,,,,,,,,,
"US1SCYR0013","TEGA CAY 1.6 ESE, SC US","35.027142","-80.991596","172.5","2025-06-14",,,,,,,,,"2.5",",,N",,,,,,,,,,,,,,,,,,,,,,,,,,,,,,,,,,,,,,
"US1SCYR0013","TEGA CAY 1.6 ESE, SC US","35.027142","-80.991596","172.5","2025-06-15",,,,,,,,,"0.0",",,N",,,"0.0",",,N",,,,,,,,,,,,,,,,,,,,,,,,,,,,,,,,,,
"US1SCYR0013","TEGA CAY 1.6 ESE, SC US","35.027142","-80.991596","172.5","2025-06-16",,,,,,,,,"0.0",",,N",,,"0.0",",,N",,,,,,,,,,,,,,,,,,,,,,,,,,,,,,,,,,
"US1SCYR0013","TEGA CAY 1.6 ESE, SC US","35.027142","-80.991596","172.5","2025-06-17",,,,,,,,,"21.8",",,N",,,,,,,,,,,,,,,,,,,,,,,,,,,,,,,,,,,,,,
"US1SCYR0013","TEGA CAY 1.6 ESE, SC US","35.027142","-80.991596","172.5","2025-06-18",,,,,,,,,"0.3",",,N",,,,,,,,,,,,,,,,,,,,,,,,,,,,,,,,,,,,,,
"US1SCYR0013","TEGA CAY 1.6 ESE, SC US","35.027142","-80.991596","172.5","2025-06-19",,,,,,,,,"0.0",",,N",,,"0.0",",,N",,,,,,,,,,,,,,,,,,,,,,,,,,,,,,,,,,
"US1SCYR0013","TEGA CAY 1.6 ESE, SC US","35.027142","-80.991596","172.5","2025-06-20",,,,,,,,,"0.0",",,N",,,"0.0",",,N",,,,,,,,,,,,,,,,,,,,,,,,,,,,,,,,,,
"US1SCYR0013","TEGA CAY 1.6 ESE, SC US","35.027142","-80.991596","172.5","2025-06-21",,,,,,,,,"0.0",",,N",,,"0.0",",,N",,,,,,,,,,,,,,,,,,,,,,,,,,,,,,,,,,
"US1SCYR0013","TEGA CAY 1.6 ESE, SC US","35.027142","-80.991596","172.5","2025-06-22",,,,,,,,,"0.0",",,N",,,"0.0",",,N",,,,,,,,,,,,,,,,,,,,,,,,,,,,,,,,,,
"US1SCYR0013","TEGA CAY 1.6 ESE, SC US","35.027142","-80.991596","172.5","2025-06-23",,,,,,,,,"0.0",",,N",,,"0.0",",,N",,,,,,,,,,,,,,,,,,,,,,,,,,,,,,,,,,
"US1SCYR0013","TEGA CAY 1.6 ESE, SC US","35.027142","-80.991596","172.5","2025-06-24",,,,,,,,,"0.0",",,N",,,"0.0",",,N",,,,,,,,,,,,,,,,,,,,,,,,,,,,,,,,,,
"US1SCYR0013","TEGA CAY 1.6 ESE, SC US","35.027142","-80.991596","172.5","2025-06-25",,,,,,,,,"0.0",",,N",,,"0.0",",,N",,,,,,,,,,,,,,,,,,,,,,,,,,,,,,,,,,
"US1SCYR0013","TEGA CAY 1.6 ESE, SC US","35.027142","-80.991596","172.5","2025-06-26",,,,,,,,,"39.1",",,N",,,,,,,,,,,,,,,,,,,,,,,,,,,,,,,,,,,,,,
"US1SCYR0013","TEGA CAY 1.6 ESE, SC US","35.027142","-80.991596","172.5","2025-06-27",,,,,,,,,"0.0",",,N",,,"0.0",",,N",,,,,,,,,,,,,,,,,,,,,,,,,,,,,,,,,,
"US1SCYR0013","TEGA CAY 1.6 ESE, SC US","35.027142","-80.991596","172.5","2025-06-28",,,,,,,,,"8.4",",,N",,,,,,,,,,,,,,,,,,,,,,,,,,,,,,,,,,,,,,
"US1SCYR0013","TEGA CAY 1.6 ESE, SC US","35.027142","-80.991596","172.5","2025-06-29",,,,,,,,,"40.9",",,N",,,,,,,,,,,,,,,,,,,,,,,,,,,,,,,,,,,,,,
"US1SCYR0013","TEGA CAY 1.6 ESE, SC US","35.027142","-80.991596","172.5","2025-06-30",,,,,,,,,"1.0",",,N",,,,,,,,,,,,,,,,,,,,,,,,,,,,,,,,,,,,,,
"US1NCLN0025","DENVER 6.4 S, NC US","35.440826","-81.021294","228.3","2025-06-01",,,,,,,,,"0.0",",,N",,,"0.0",",,N",,,,,,,,,,,,,,,,,,,,,,,,,,,,,,,,,,
"US1NCLN0025","DENVER 6.4 S, NC US","35.440826","-81.021294","228.3","2025-06-02",,,,,,,,,"0.0",",,N",,,"0.0",",,N",,,,,,,,,,,,,,,,,,,,,,,,,,,,,,,,,,
"US1NCLN0025","DENVER 6.4 S, NC US","35.440826","-81.021294","228.3","2025-06-03",,,,,,,,,"0.0",",,N",,,"0.0",",,N",,,,,,,,,,,,,,,,,,,,,,,,,,,,,,,,,,
"US1NCLN0025","DENVER 6.4 S, NC US","35.440826","-81.021294","228.3","2025-06-04",,,,,,,,,"0.0",",,N",,,"0.0",",,N",,,,,,,,,,,,,,,,,,,,,,,,,,,,,,,,,,
"US1NCLN0025","DENVER 6.4 S, NC US","35.440826","-81.021294","228.3","2025-06-05",,,,,,,,,"9.4",",,N",,,,,,,,,,,,,,,,,,,,,,,,,,,,,,,,,,,,,,
"US1NCLN0025","DENVER 6.4 S, NC US","35.440826","-81.021294","228.3","2025-06-06",,,,,,,,,"36.8",",,N",,,,,,,,,,,,,,,,,,,,,,,,,,,,,,,,,,,,,,
"US1NCLN0025","DENVER 6.4 S, NC US","35.440826","-81.021294","228.3","2025-06-07",,,,,,,,,"4.8",",,N",,,,,,,,,,,,,,,,,,,,,,,,,,,,,,,,,,,,,,
"US1NCLN0025","DENVER 6.4 S, NC US","35.440826","-81.021294","228.3","2025-06-08",,,,,,,,,"0.3",",,N",,,,,,,,,,,,,,,,,,,,,,,,,,,,,,,,,,,,,,
"US1NCLN0025","DENVER 6.4 S, NC US","35.440826","-81.021294","228.3","2025-06-09",,,,,,,,,"0.0",",,N",,,"0.0",",,N",,,,,,,,,,,,,,,,,,,,,,,,,,,,,,,,,,
"US1NCLN0025","DENVER 6.4 S, NC US","35.440826","-81.021294","228.3","2025-06-10",,,,,,,,,"9.9",",,N",,,,,,,,,,,,,,,,,,,,,,,,,,,,,,,,,,,,,,
"US1NCLN0025","DENVER 6.4 S, NC US","35.440826","-81.021294","228.3","2025-06-11",,,,,,,,,"0.0",",,N",,,"0.0",",,N",,,,,,,,,,,,,,,,,,,,,,,,,,,,,,,,,,
"US1NCLN0025","DENVER 6.4 S, NC US","35.440826","-81.021294","228.3","2025-06-12",,,,,,,,,"0.0",",,N",,,"0.0",",,N",,,,,,,,,,,,,,,,,,,,,,,,,,,,,,,,,,
"US1NCLN0025","DENVER 6.4 S, NC US","35.440826","-81.021294","228.3","2025-06-13",,,,,,,,,"9.1",",,N",,,,,,,,,,,,,,,,,,,,,,,,,,,,,,,,,,,,,,
"US1NCLN0025","DENVER 6.4 S, NC US","35.440826","-81.021294","228.3","2025-06-14",,,,,,,,,"8.9",",,N",,,,,,,,,,,,,,,,,,,,,,,,,,,,,,,,,,,,,,
"US1NCLN0025","DENVER 6.4 S, NC US","35.440826","-81.021294","228.3","2025-06-15",,,,,,,,,"4.3",",,N",,,,,,,,,,,,,,,,,,,,,,,,,,,,,,,,,,,,,,
"US1NCLN0025","DENVER 6.4 S, NC US","35.440826","-81.021294","228.3","2025-06-17",,,,,,,,,"34.3",",,N",,,,,,,,,,,,,,,,,,,,,,,,,,,,,,,,,,,,,,
"US1NCLN0025","DENVER 6.4 S, NC US","35.440826","-81.021294","228.3","2025-06-18",,,,,,,,,"0.0",",,N",,,"0.0",",,N",,,,,,,,,,,,,,,,,,,,,,,,,,,,,,,,,,
"US1NCLN0025","DENVER 6.4 S, NC US","35.440826","-81.021294","228.3","2025-06-19",,,,,,,,,"0.0",",,N",,,"0.0",",,N",,,,,,,,,,,,,,,,,,,,,,,,,,,,,,,,,,
"US1NCLN0025","DENVER 6.4 S, NC US","35.440826","-81.021294","228.3","2025-06-20",,,,,,,,,"3.0",",,N",,,,,,,,,,,,,,,,,,,,,,,,,,,,,,,,,,,,,,
"US1NCLN0025","DENVER 6.4 S, NC US","35.440826","-81.021294","228.3","2025-06-21",,,,,,,,,"0.0",",,N",,,"0.0",",,N",,,,,,,,,,,,,,,,,,,,,,,,,,,,,,,,,,
"US1NCLN0025","DENVER 6.4 S, NC US","35.440826","-81.021294","228.3","2025-06-22",,,,,,,,,"0.0",",,N",,,"0.0",",,N",,,,,,,,,,,,,,,,,,,,,,,,,,,,,,,,,,
"US1NCLN0025","DENVER 6.4 S, NC US","35.440826","-81.021294","228.3","2025-06-23",,,,,,,,,"0.0",",,N",,,"0.0",",,N",,,,,,,,,,,,,,,,,,,,,,,,,,,,,,,,,,
"US1NCLN0025","DENVER 6.4 S, NC US","35.440826","-81.021294","228.3","2025-06-24",,,,,,,,,"0.0",",,N",,,"0.0",",,N",,,,,,,,,,,,,,,,,,,,,,,,,,,,,,,,,,
"US1NCLN0025","DENVER 6.4 S, NC US","35.440826","-81.021294","228.3","2025-06-25",,,,,,,,,"0.0",",,N",,,"0.0",",,N",,,,,,,,,,,,,,,,,,,,,,,,,,,,,,,,,,
"US1NCLN0025","DENVER 6.4 S, NC US","35.440826","-81.021294","228.3","2025-06-26",,,,,,,,,"1.3",",,N",,,"0.0",",,N",,,,,,,,,,,,,,,,,,,,,,,,,,,,,,,,,,
"US1NCLN0025","DENVER 6.4 S, NC US","35.440826","-81.021294","228.3","2025-06-27",,,,,,,,,"1.3",",,N",,,"0.0",",,N",,,,,,,,,,,,,,,,,,,,,,,,,,,,,,,,,,
"US1NCLN0025","DENVER 6.4 S, NC US","35.440826","-81.021294","228.3","2025-06-28",,,,,,,,,"0.8",",,N",,,,,,,,,,,,,,,,,,,,,,,,,,,,,,,,,,,,,,
"US1NCLN0025","DENVER 6.4 S, NC US","35.440826","-81.021294","228.3","2025-06-29",,,,,,,,,"0.0",",,N",,,"0.0",",,N",,,,,,,,,,,,,,,,,,,,,,,,,,,,,,,,,,
"US1NCLN0025","DENVER 6.4 S, NC US","35.440826","-81.021294","228.3","2025-06-30",,,,,,,,,"0.0",",,N",,,"0.0",",,N",,,,,,,,,,,,,,,,,,,,,,,,,,,,,,,,,,
"US1NCRW0023","ENOCHVILLE 0.4 S, NC US","35.514581","-80.667026","255.1","2025-06-10",,,,,,,,,"3.6",",,N",,,,,,,,,,,,,,,,,,,,,,,,,,,,,,,,,,,,,,
"US1NCRW0023","ENOCHVILLE 0.4 S, NC US","35.514581","-80.667026","255.1","2025-06-11",,,,,,,,,"5.1",",,N",,,,,,,,,,,,,,,,,,,,,,,,,,,,,,,,,,,,,,
"US1NCRW0023","ENOCHVILLE 0.4 S, NC US","35.514581","-80.667026","255.1","2025-06-13",,,,,,,,,"10.7",",,N",,,,,,,,,,,,,,,,,,,,,,,,,,,,,,,,,,,,,,
"US1NCRW0023","ENOCHVILLE 0.4 S, NC US","35.514581","-80.667026","255.1","2025-06-14",,,,,,,,,"3.8",",,N",,,,,,,,,,,,,,,,,,,,,,,,,,,,,,,,,,,,,,
"US1NCRW0023","ENOCHVILLE 0.4 S, NC US","35.514581","-80.667026","255.1","2025-06-15",,,,,,,,,"0.8",",,N",,,,,,,,,,,,,,,,,,,,,,,,,,,,,,,,,,,,,,
"US1NCRW0023","ENOCHVILLE 0.4 S, NC US","35.514581","-80.667026","255.1","2025-06-16",,,,,,,,,"0.0","T,,N",,,,,,,,,,,,,,,,,,,,,,,,,,,,,,,,,,,,,,
"US1NCRW0023","ENOCHVILLE 0.4 S, NC US","35.514581","-80.667026","255.1","2025-06-17",,,,,,,,,"18.5",",,N",,,,,,,,,,,,,,,,,,,,,,,,,,,,,,,,,,,,,,
"US1NCRW0023","ENOCHVILLE 0.4 S, NC US","35.514581","-80.667026","255.1","2025-06-18",,,,,,,,,"0.3",",,N",,,,,,,,,,,,,,,,,,,,,,,,,,,,,,,,,,,,,,
"US1NCRW0023","ENOCHVILLE 0.4 S, NC US","35.514581","-80.667026","255.1","2025-06-19",,,,,,,,,"0.0",",,N",,,"0.0",",,N",,,,,,,,,,,,,,,,,,,,,,,,,,,,,,,,,,
"US1NCRW0023","ENOCHVILLE 0.4 S, NC US","35.514581","-80.667026","255.1","2025-06-20",,,,,,,,,"0.0",",,N",,,"0.0",",,N",,,,,,,,,,,,,,,,,,,,,,,,,,,,,,,,,,
"US1NCRW0023","ENOCHVILLE 0.4 S, NC US","35.514581","-80.667026","255.1","2025-06-21",,,,,,,,,"0.0",",,N",,,"0.0",",,N",,,,,,,,,,,,,,,,,,,,,,,,,,,,,,,,,,
"US1NCRW0023","ENOCHVILLE 0.4 S, NC US","35.514581","-80.667026","255.1","2025-06-22",,,,,,,,,"0.0",",,N",,,"0.0",",,N",,,,,,,,,,,,,,,,,,,,,,,,,,,,,,,,,,
"US1NCRW0023","ENOCHVILLE 0.4 S, NC US","35.514581","-80.667026","255.1","2025-06-23",,,,,,,,,"0.0",",,N",,,"0.0",",,N",,,,,,,,,,,,,,,,,,,,,,,,,,,,,,,,,,
"US1NCRW0023","ENOCHVILLE 0.4 S, NC US","35.514581","-80.667026","255.1","2025-06-24",,,,,,,,,"0.0",",,N",,,"0.0",",,N",,,,,,,,,,,,,,,,,,,,,,,,,,,,,,,,,,
"US1NCRW0023","ENOCHVILLE 0.4 S, NC US","35.514581","-80.667026","255.1","2025-06-25",,,,,,,,,"0.0",",,N",,,"0.0",",,N",,,,,,,,,,,,,,,,,,,,,,,,,,,,,,,,,,
"US1NCRW0023","ENOCHVILLE 0.4 S, NC US","35.514581","-80.667026","255.1","2025-06-26",,,,,,,,,"0.0",",,N",,,"0.0",",,N",,,,,,,,,,,,,,,,,,,,,,,,,,,,,,,,,,
"US1NCRW0023","ENOCHVILLE 0.4 S, NC US","35.514581","-80.667026","255.1","2025-06-27",,,,,,,,,"15.2",",,N",,,,,,,,,,,,,,,,,,,,,,,,,,,,,,,,,,,,,,
"US1NCRW0023","ENOCHVILLE 0.4 S, NC US","35.514581","-80.667026","255.1","2025-06-28",,,,,,,,,"20.8",",,N",,,,,,,,,,,,,,,,,,,,,,,,,,,,,,,,,,,,,,
"US1NCRW0023","ENOCHVILLE 0.4 S, NC US","35.514581","-80.667026","255.1","2025-06-30",,,,,,,,,"46.7",",,N",,,,,,,,,,,,,,,,,,,,,,,,,,,,,,,,,,,,,,
"US1SCYR0010","YORK 1.8 ESE, SC US","34.989941","-81.204847","216.7","2025-06-03",,,"    4",",,N","16.5",",,N",,,,,,,,,,,,,,,,,,,,,,,,,,,,,,,,,,,,,,,,,,
"US1SCYR0010","YORK 1.8 ESE, SC US","34.989941","-81.204847","216.7","2025-06-04",,,,,,,,,"0.0",",,N",,,"0.0",",,N",,,,,,,,,,,,,,,,,,,,,,,,,,,,,,,,,,
"US1SCYR0010","YORK 1.8 ESE, SC US","34.989941","-81.204847","216.7","2025-06-05",,,,,,,,,"21.6",",,N",,,,,,,,,,,,,,,,,,,,,,,,,,,,,,,,,,,,,,
"US1SCYR0010","YORK 1.8 ESE, SC US","34.989941","-81.204847","216.7","2025-06-11",,,"    6",",,N","53.3",",,N",,,,,,,,,,,,,,,,,,,,,,,,,,,,,,,,,,,,,,,,,,
"US1SCYR0010","YORK 1.8 ESE, SC US","34.989941","-81.204847","216.7","2025-06-12",,,,,,,,,"0.0",",,N",,,"0.0",",,N",,,,,,,,,,,,,,,,,,,,,,,,,,,,,,,,,,
"US1SCYR0010","YORK 1.8 ESE, SC US","34.989941","-81.204847","216.7","2025-06-13",,,,,,,,,"20.3",",,N",,,,,,,,,,,,,,,,,,,,,,,,,,,,,,,,,,,,,,
"US1SCYR0010","YORK 1.8 ESE, SC US","34.989941","-81.204847","216.7","2025-06-17",,,"    4",",,N","20.3",",,N",,,,,,,,,,,,,,,,,,,,,,,,,,,,,,,,,,,,,,,,,,
"US1SCYR0010","YORK 1.8 ESE, SC US","34.989941","-81.204847","216.7","2025-06-18",,,,,,,,,"0.0",",,N",,,"0.0",",,N",,,,,,,,,,,,,,,,,,,,,,,,,,,,,,,,,,
"US1SCYR0010","YORK 1.8 ESE, SC US","34.989941","-81.204847","216.7","2025-06-20",,,,,,,,,"0.0",",,N",,,"0.0",",,N",,,,,,,,,,,,,,,,,,,,,,,,,,,,,,,,,,
"US1SCYR0098","ROCK HILL 5.3 NW, SC US","34.9966","-81.0899","199.6","2025-06-07",,,"    9",",,N","29.2",",,N",,,,,,,,,,,,,,,,,,,,,,,,,,,,,,,,,,,,,,,,,,
"US1SCYR0098","ROCK HILL 5.3 NW, SC US","34.9966","-81.0899","199.6","2025-06-08",,,,,,,,,"0.0","T,,N",,,"0.0",",,N",,,,,,,,,,,,,,,,,,,,,,,,,,,,,,,,,,
"US1SCYR0098","ROCK HILL 5.3 NW, SC US","34.9966","-81.0899","199.6","2025-06-09",,,,,,,,,"0.0",",,N",,,"0.0",",,N",,,,,,,,,,,,,,,,,,,,,,,,,,,,,,,,,,
"US1SCYR0098","ROCK HILL 5.3 NW, SC US","34.9966","-81.0899","199.6","2025-06-10",,,,,,,,,"32.8",",,N",,,,,,,,,,,,,,,,,,,,,,,,,,,,,,,,,,,,,,
"US1SCYR0098","ROCK HILL 5.3 NW, SC US","34.9966","-81.0899","199.6","2025-06-13",,,,,,,,,"21.3",",,N",,,,,,,,,,,,,,,,,,,,,,,,,,,,,,,,,,,,,,
"US1SCYR0098","ROCK HILL 5.3 NW, SC US","34.9966","-81.0899","199.6","2025-06-14",,,,,,,,,"4.3",",,N",,,"0.0",",,N",,,,,,,,,,,,,,,,,,,,,,,,,,,,,,,,,,
"US1SCYR0098","ROCK HILL 5.3 NW, SC US","34.9966","-81.0899","199.6","2025-06-17",,,,,,,,,"13.7",",,N",,,,,,,,,,,,,,,,,,,,,,,,,,,,,,,,,,,,,,
"US1SCYR0098","ROCK HILL 5.3 NW, SC US","34.9966","-81.0899","199.6","2025-06-18",,,,,,,,,"0.8",",,N",,,,,,,,,,,,,,,,,,,,,,,,,,,,,,,,,,,,,,
"US1SCYR0098","ROCK HILL 5.3 NW, SC US","34.9966","-81.0899","199.6","2025-06-26",,,,,,,,,"14.7",",,N",,,,,,,,,,,,,,,,,,,,,,,,,,,,,,,,,,,,,,
"US1SCYR0098","ROCK HILL 5.3 NW, SC US","34.9966","-81.0899","199.6","2025-06-28",,,,,,,,,"1.8",",,N",,,,,,,,,,,,,,,,,,,,,,,,,,,,,,,,,,,,,,
"US1SCYR0098","ROCK HILL 5.3 NW, SC US","34.9966","-81.0899","199.6","2025-06-29",,,,,,,,,"1.5",",,N",,,,,,,,,,,,,,,,,,,,,,,,,,,,,,,,,,,,,,
"US1SCYR0098","ROCK HILL 5.3 NW, SC US","34.9966","-81.0899","199.6","2025-06-30",,,,,,,,,"8.9",",,N",,,,,,,,,,,,,,,,,,,,,,,,,,,,,,,,,,,,,,
"US1NCIR0021","MOORESVILLE 1.3 WSW, NC US","35.568733","-80.832221","249.3","2025-06-01",,,,,,,,,"0.0",",,N",,,"0.0",",,N",,,,,,,,,,,,,,,,,,,,,,,,,,,,,,,,,,
"US1NCIR0021","MOORESVILLE 1.3 WSW, NC US","35.568733","-80.832221","249.3","2025-06-03",,,,,,,,,"0.0",",,N",,,"0.0",",,N",,,,,,,,,,,,,,,,,,,,,,,,,,,,,,,,,,
"US1NCIR0021","MOORESVILLE 1.3 WSW, NC US","35.568733","-80.832221","249.3","2025-06-04",,,,,,,,,"0.0",",,N",,,"0.0",",,N",,,,,,,,,,,,,,,,,,,,,,,,,,,,,,,,,,
"US1NCIR0021","MOORESVILLE 1.3 WSW, NC US","35.568733","-80.832221","249.3","2025-06-05",,,,,,,,,"10.7",",,N",,,,,,,,,,,,,,,,,,,,,,,,,,,,,,,,,,,,,,
"US1NCIR0021","MOORESVILLE 1.3 WSW, NC US","35.568733","-80.832221","249.3","2025-06-06",,,,,,,,,"21.8",",,N",,,,,,,,,,,,,,,,,,,,,,,,,,,,,,,,,,,,,,
"US1NCIR0021","MOORESVILLE 1.3 WSW, NC US","35.568733","-80.832221","249.3","2025-06-11",,,,,,,,,"0.0",",,N",,,"0.0",",,N",,,,,,,,,,,,,,,,,,,,,,,,,,,,,,,,,,
"US1NCIR0021","MOORESVILLE 1.3 WSW, NC US","35.568733","-80.832221","249.3","2025-06-15",,,,,,,,,"0.0",",,N",,,"0.0",",,N",,,,,,,,,,,,,,,,,,,,,,,,,,,,,,,,,,
"US1NCIR0021","MOORESVILLE 1.3 WSW, NC US","35.568733","-80.832221","249.3","2025-06-17",,,,,,,,,"30.7",",,N",,,,,,,,,,,,,,,,,,,,,,,,,,,,,,,,,,,,,,
"US1NCIR0021","MOORESVILLE 1.3 WSW, NC US","35.568733","-80.832221","249.3","2025-06-20",,,,,,,,,"3.6",",,N",,,"0.0",",,N",,,,,,,,,,,,,,,,,,,,,,,,,,,,,,,,,,
"US1NCIR0021","MOORESVILLE 1.3 WSW, NC US","35.568733","-80.832221","249.3","2025-06-21",,,,,,,,,"0.0",",,N",,,"0.0",",,N",,,,,,,,,,,,,,,,,,,,,,,,,,,,,,,,,,
"US1NCIR0021","MOORESVILLE 1.3 WSW, NC US","35.568733","-80.832221","249.3","2025-06-22",,,,,,,,,"0.0",",,N",,,"0.0",",,N",,,,,,,,,,,,,,,,,,,,,,,,,,,,,,,,,,
"US1NCIR0021","MOORESVILLE 1.3 WSW, NC US","35.568733","-80.832221","249.3","2025-06-26",,,,,,,,,"0.0",",,N",,,"0.0",",,N",,,,,,,,,,,,,,,,,,,,,,,,,,,,,,,,,,
"US1NCMK0050","CHARLOTTE 5.8 SE, NC US","35.132808","-80.768398","189.3","2025-06-01",,,,,,,,,"0.0",",,N",,,"0.0",",,N",,,,,,,,,,,,,,,,,,,,,,,,,,,,,,,,,,
"US1NCMK0050","CHARLOTTE 5.8 SE, NC US","35.132808","-80.768398","189.3","2025-06-02",,,,,,,,,"0.0",",,N",,,"0.0",",,N",,,,,,,,,,,,,,,,,,,,,,,,,,,,,,,,,,
"US1NCMK0050","CHARLOTTE 5.8 SE, NC US","35.132808","-80.768398","189.3","2025-06-03",,,,,,,,,"0.0",",,N",,,"0.0",",,N",,,,,,,,,,,,,,,,,,,,,,,,,,,,,,,,,,
"US1NCMK0050","CHARLOTTE 5.8 SE, NC US","35.132808","-80.768398","189.3","2025-06-05",,,,,,,,,"8.9",",,N",,,,,,,,,,,,,,,,,,,,,,,,,,,,,,,,,,,,,,
"US1NCMK0050","CHARLOTTE 5.8 SE, NC US","35.132808","-80.768398","189.3","2025-06-07",,,,,,,,,"2.0",",,N",,,,,,,,,,,,,,,,,,,,,,,,,,,,,,,,,,,,,,
"US1NCMK0050","CHARLOTTE 5.8 SE, NC US","35.132808","-80.768398","189.3","2025-06-08",,,,,,,,,"0.0",",,N",,,"0.0",",,N",,,,,,,,,,,,,,,,,,,,,,,,,,,,,,,,,,
"US1NCMK0050","CHARLOTTE 5.8 SE, NC US","35.132808","-80.768398","189.3","2025-06-09",,,,,,,,,"5.1",",,N",,,,,,,,,,,,,,,,,,,,,,,,,,,,,,,,,,,,,,
"US1NCMK0050","CHARLOTTE 5.8 SE, NC US","35.132808","-80.768398","189.3","2025-06-10",,,,,,,,,"13.0",",,N",,,,,,,,,,,,,,,,,,,,,,,,,,,,,,,,,,,,,,
"US1NCMK0050","CHARLOTTE 5.8 SE, NC US","35.132808","-80.768398","189.3","2025-06-11",,,,,,,,,"0.0",",,N",,,"0.0",",,N",,,,,,,,,,,,,,,,,,,,,,,,,,,,,,,,,,
"US1NCMK0050","CHARLOTTE 5.8 SE, NC US","35.132808","-80.768398","189.3","2025-06-12",,,,,,,,,"0.0",",,N",,,"0.0",",,N",,,,,,,,,,,,,,,,,,,,,,,,,,,,,,,,,,
"US1NCMK0050","CHARLOTTE 5.8 SE, NC US","35.132808","-80.768398","189.3","2025-06-13",,,,,,,,,"32.8",",,N",,,,,,,,,,,,,,,,,,,,,,,,,,,,,,,,,,,,,,
"US1NCMK0050","CHARLOTTE 5.8 SE, NC US","35.132808","-80.768398","189.3","2025-06-14",,,,,,,,,"1.5",",,N",,,,,,,,,,,,,,,,,,,,,,,,,,,,,,,,,,,,,,
"US1NCMK0050","CHARLOTTE 5.8 SE, NC US","35.132808","-80.768398","189.3","2025-06-15",,,,,,,,,"0.0",",,N",,,"0.0",",,N",,,,,,,,,,,,,,,,,,,,,,,,,,,,,,,,,,
"US1NCMK0050","CHARLOTTE 5.8 SE, NC US","35.132808","-80.768398","189.3","2025-06-16",,,,,,,,,"5.8",",,N",,,,,,,,,,,,,,,,,,,,,,,,,,,,,,,,,,,,,,
"US1NCMK0050","CHARLOTTE 5.8 SE, NC US","35.132808","-80.768398","189.3","2025-06-17",,,,,,,,,"9.9",",,N",,,,,,,,,,,,,,,,,,,,,,,,,,,,,,,,,,,,,,
"US1NCMK0050","CHARLOTTE 5.8 SE, NC US","35.132808","-80.768398","189.3","2025-06-18",,,,,,,,,"0.0",",,N",,,,,,,,,,,,,,,,,,,,,,,,,,,,,,,,,,,,,,
"US1NCMK0050","CHARLOTTE 5.8 SE, NC US","35.132808","-80.768398","189.3","2025-06-19",,,,,,,,,"0.0",",,N",,,"0.0",",,N",,,,,,,,,,,,,,,,,,,,,,,,,,,,,,,,,,
"US1NCMK0050","CHARLOTTE 5.8 SE, NC US","35.132808","-80.768398","189.3","2025-06-20",,,,,,,,,"0.0",",,N",,,"0.0",",,N",,,,,,,,,,,,,,,,,,,,,,,,,,,,,,,,,,
"US1NCMK0050","CHARLOTTE 5.8 SE, NC US","35.132808","-80.768398","189.3","2025-06-21",,,,,,,,,"0.0",",,N",,,"0.0",",,N",,,,,,,,,,,,,,,,,,,,,,,,,,,,,,,,,,
"US1NCMK0050","CHARLOTTE 5.8 SE, NC US","35.132808","-80.768398","189.3","2025-06-23",,,,,,,,,"0.0",",,N",,,"0.0",",,N",,,,,,,,,,,,,,,,,,,,,,,,,,,,,,,,,,
"US1NCMK0050","CHARLOTTE 5.8 SE, NC US","35.132808","-80.768398","189.3","2025-06-24",,,,,,,,,"0.0",",,N",,,"0.0",",,N",,,,,,,,,,,,,,,,,,,,,,,,,,,,,,,,,,
"US1NCMK0050","CHARLOTTE 5.8 SE, NC US","35.132808","-80.768398","189.3","2025-06-25",,,,,,,,,"0.0",",,N",,,"0.0",",,N",,,,,,,,,,,,,,,,,,,,,,,,,,,,,,,,,,
"US1NCMK0050","CHARLOTTE 5.8 SE, NC US","35.132808","-80.768398","189.3","2025-06-26",,,,,,,,,"7.1",",,N",,,,,,,,,,,,,,,,,,,,,,,,,,,,,,,,,,,,,,
"US1NCMK0050","CHARLOTTE 5.8 SE, NC US","35.132808","-80.768398","189.3","2025-06-27",,,,,,,,,"0.0",",,N",,,"0.0",",,N",,,,,,,,,,,,,,,,,,,,,,,,,,,,,,,,,,
"US1NCMK0050","CHARLOTTE 5.8 SE, NC US","35.132808","-80.768398","189.3","2025-06-28",,,,,,,,,"15.5",",,N",,,,,,,,,,,,,,,,,,,,,,,,,,,,,,,,,,,,,,
"US1NCMK0050","CHARLOTTE 5.8 SE, NC US","35.132808","-80.768398","189.3","2025-06-30",,,,,,,,,"0.5",",,N",,,,,,,,,,,,,,,,,,,,,,,,,,,,,,,,,,,,,,
"US1NCMK0053","CHARLOTTE 7.0 ENE, NC US","35.2365","-80.7197","227.1","2025-06-01",,,,,,,,,"0.0",",,N",,,"0.0",",,N",,,,,,,,,,,,,,,,,,,,,,,,,,,,,,,,,,
"US1NCMK0053","CHARLOTTE 7.0 ENE, NC US","35.2365","-80.7197","227.1","2025-06-02",,,,,,,,,"3.8",",,N",,,,,,,,,,,,,,,,,,,,,,,,,,,,,,,,,,,,,,
"US1NCMK0053","CHARLOTTE 7.0 ENE, NC US","35.2365","-80.7197","227.1","2025-06-03",,,,,,,,,"0.0","T,,N",,,"0.0",",,N",,,,,,,,,,,,,,,,,,,,,,,,,,,,,,,,,,
"US1NCMK0053","CHARLOTTE 7.0 ENE, NC US","35.2365","-80.7197","227.1","2025-06-04",,,,,,,,,"0.0",",,N",,,"0.0",",,N",,,,,,,,,,,,,,,,,,,,,,,,,,,,,,,,,,
"US1NCMK0053","CHARLOTTE 7.0 ENE, NC US","35.2365","-80.7197","227.1","2025-06-05",,,,,,,,,"6.9",",,N",,,,,,,,,,,,,,,,,,,,,,,,,,,,,,,,,,,,,,
"US1NCMK0053","CHARLOTTE 7.0 ENE, NC US","35.2365","-80.7197","227.1","2025-06-06",,,,,,,,,"15.2",",,N",,,,,,,,,,,,,,,,,,,,,,,,,,,,,,,,,,,,,,
"US1NCMK0053","CHARLOTTE 7.0 ENE, NC US","35.2365","-80.7197","227.1","2025-06-07",,,,,,,,,"2.5",",,N",,,,,,,,,,,,,,,,,,,,,,,,,,,,,,,,,,,,,,
"US1NCMK0053","CHARLOTTE 7.0 ENE, NC US","35.2365","-80.7197","227.1","2025-06-08",,,,,,,,,"0.5",",,N",,,,,,,,,,,,,,,,,,,,,,,,,,,,,,,,,,,,,,
"US1NCMK0053","CHARLOTTE 7.0 ENE, NC US","35.2365","-80.7197","227.1","2025-06-09",,,,,,,,,"0.0",",,N",,,"0.0",",,N",,,,,,,,,,,,,,,,,,,,,,,,,,,,,,,,,,
"US1NCMK0053","CHARLOTTE 7.0 ENE, NC US","35.2365","-80.7197","227.1","2025-06-10",,,,,,,,,"25.9",",,N",,,,,,,,,,,,,,,,,,,,,,,,,,,,,,,,,,,,,,
"US1NCMK0053","CHARLOTTE 7.0 ENE, NC US","35.2365","-80.7197","227.1","2025-06-11",,,,,,,,,"1.0",",,N",,,,,,,,,,,,,,,,,,,,,,,,,,,,,,,,,,,,,,
"US1NCMK0053","CHARLOTTE 7.0 ENE, NC US","35.2365","-80.7197","227.1","2025-06-12",,,,,,,,,"0.0",",,N",,,"0.0",",,N",,,,,,,,,,,,,,,,,,,,,,,,,,,,,,,,,,
"US1NCMK0053","CHARLOTTE 7.0 ENE, NC US","35.2365","-80.7197","227.1","2025-06-13",,,,,,,,,"72.4",",,N",,,,,,,,,,,,,,,,,,,,,,,,,,,,,,,,,,,,,,
"US1NCMK0053","CHARLOTTE 7.0 ENE, NC US","35.2365","-80.7197","227.1","2025-06-14",,,,,,,,,"3.0",",,N",,,,,,,,,,,,,,,,,,,,,,,,,,,,,,,,,,,,,,
"US1NCMK0053","CHARLOTTE 7.0 ENE, NC US","35.2365","-80.7197","227.1","2025-06-15",,,,,,,,,"0.0",",,N",,,"0.0",",,N",,,,,,,,,,,,,,,,,,,,,,,,,,,,,,,,,,
"US1NCMK0053","CHARLOTTE 7.0 ENE, NC US","35.2365","-80.7197","227.1","2025-06-16",,,,,,,,,"0.0",",,N",,,"0.0",",,N",,,,,,,,,,,,,,,,,,,,,,,,,,,,,,,,,,
"US1NCMK0053","CHARLOTTE 7.0 ENE, NC US","35.2365","-80.7197","227.1","2025-06-17",,,,,,,,,"9.7",",,N",,,,,,,,,,,,,,,,,,,,,,,,,,,,,,,,,,,,,,
"US1NCMK0053","CHARLOTTE 7.0 ENE, NC US","35.2365","-80.7197","227.1","2025-06-18",,,,,,,,,"0.8",",,N",,,,,,,,,,,,,,,,,,,,,,,,,,,,,,,,,,,,,,
"US1NCMK0053","CHARLOTTE 7.0 ENE, NC US","35.2365","-80.7197","227.1","2025-06-19",,,,,,,,,"0.0",",,N",,,"0.0",",,N",,,,,,,,,,,,,,,,,,,,,,,,,,,,,,,,,,
"US1NCMK0053","CHARLOTTE 7.0 ENE, NC US","35.2365","-80.7197","227.1","2025-06-20",,,,,,,,,"0.0",",,N",,,"0.0",",,N",,,,,,,,,,,,,,,,,,,,,,,,,,,,,,,,,,
"US1NCMK0053","CHARLOTTE 7.0 ENE, NC US","35.2365","-80.7197","227.1","2025-06-21",,,,,,,,,"0.0",",,N",,,"0.0",",,N",,,,,,,,,,,,,,,,,,,,,,,,,,,,,,,,,,
"US1NCMK0053","CHARLOTTE 7.0 ENE, NC US","35.2365","-80.7197","227.1","2025-06-22",,,,,,,,,"0.0",",,N",,,"0.0",",,N",,,,,,,,,,,,,,,,,,,,,,,,,,,,,,,,,,
"US1NCMK0053","CHARLOTTE 7.0 ENE, NC US","35.2365","-80.7197","227.1","2025-06-23",,,,,,,,,"0.0",",,N",,,"0.0",",,N",,,,,,,,,,,,,,,,,,,,,,,,,,,,,,,,,,
"US1NCMK0053","CHARLOTTE 7.0 ENE, NC US","35.2365","-80.7197","227.1","2025-06-24",,,,,,,,,"0.0",",,N",,,"0.0",",,N",,,,,,,,,,,,,,,,,,,,,,,,,,,,,,,,,,
"US1NCMK0053","CHARLOTTE 7.0 ENE, NC US","35.2365","-80.7197","227.1","2025-06-25",,,,,,,,,"0.0",",,N",,,"0.0",",,N",,,,,,,,,,,,,,,,,,,,,,,,,,,,,,,,,,
"US1NCMK0053","CHARLOTTE 7.0 ENE, NC US","35.2365","-80.7197","227.1","2025-06-26",,,,,,,,,"2.0",",,N",,,,,,,,,,,,,,,,,,,,,,,,,,,,,,,,,,,,,,
"US1NCMK0053","CHARLOTTE 7.0 ENE, NC US","35.2365","-80.7197","227.1","2025-06-27",,,,,,,,,"0.0",",,N",,,"0.0",",,N",,,,,,,,,,,,,,,,,,,,,,,,,,,,,,,,,,
"US1NCMK0053","CHARLOTTE 7.0 ENE, NC US","35.2365","-80.7197","227.1","2025-06-28",,,,,,,,,"0.0",",,N",,,"0.0",",,N",,,,,,,,,,,,,,,,,,,,,,,,,,,,,,,,,,
"US1NCMK0053","CHARLOTTE 7.0 ENE, NC US","35.2365","-80.7197","227.1","2025-06-29",,,,,,,,,"0.0",",,N",,,"0.0",",,N",,,,,,,,,,,,,,,,,,,,,,,,,,,,,,,,,,
"US1NCMK0053","CHARLOTTE 7.0 ENE, NC US","35.2365","-80.7197","227.1","2025-06-30",,,,,,,,,"0.0",",,N",,,"0.0",",,N",,,,,,,,,,,,,,,,,,,,,,,,,,,,,,,,,,
"US1SCYR0006","YORK 6.3 E, SC US","34.984468","-81.125352","204.2","2025-06-01",,,,,,,,,"0.0",",,N",,,"0.0",",,N",,,,,,,,,,,,,,,,,,,,,,,,,,,,,,,,,,
"US1SCYR0006","YORK 6.3 E, SC US","34.984468","-81.125352","204.2","2025-06-02",,,,,,,,,"0.0",",,N",,,"0.0",",,N",,,,,,,,,,,,,,,,,,,,,,,,,,,,,,,,,,
"US1SCYR0006","YORK 6.3 E, SC US","34.984468","-81.125352","204.2","2025-06-03",,,,,,,,,"0.0",",,N",,,"0.0",",,N",,,,,,,,,,,,,,,,,,,,,,,,,,,,,,,,,,
"US1SCYR0006","YORK 6.3 E, SC US","34.984468","-81.125352","204.2","2025-06-04",,,,,,,,,"0.0",",,N",,,"0.0",",,N",,,,,,,,,,,,,,,,,,,,,,,,,,,,,,,,,,
"US1SCYR0006","YORK 6.3 E, SC US","34.984468","-81.125352","204.2","2025-06-05",,,,,,,,,"15.7",",,N",,,,,,,,,,,,,,,,,,,,,,,,,,,,,,,,,,,,,,
"US1SCYR0006","YORK 6.3 E, SC US","34.984468","-81.125352","204.2","2025-06-06",,,,,,,,,"13.0",",,N",,,,,,,,,,,,,,,,,,,,,,,,,,,,,,,,,,,,,,
"US1SCYR0006","YORK 6.3 E, SC US","34.984468","-81.125352","204.2","2025-06-07",,,,,,,,,"10.4",",,N",,,,,,,,,,,,,,,,,,,,,,,,,,,,,,,,,,,,,,
"US1SCYR0006","YORK 6.3 E, SC US","34.984468","-81.125352","204.2","2025-06-08",,,,,,,,,"0.0","T,,N",,,,,,,,,,,,,,,,,,,,,,,,,,,,,,,,,,,,,,
"US1SCYR0006","YORK 6.3 E, SC US","34.984468","-81.125352","204.2","2025-06-09",,,,,,,,,"0.0",",,N",,,"0.0",",,N",,,,,,,,,,,,,,,,,,,,,,,,,,,,,,,,,,
"US1SCYR0006","YORK 6.3 E, SC US","34.984468","-81.125352","204.2","2025-06-10",,,,,,,,,"30.2",",,N",,,,,,,,,,,,,,,,,,,,,,,,,,,,,,,,,,,,,,
"US1SCYR0006","YORK 6.3 E, SC US","34.984468","-81.125352","204.2","2025-06-23",,,"   12",",,N","27.9",",,N",,,,,,,,,,,,,,,,,,,,,,,,,,,,,,,,,,,,,,,,,,
"US1SCYR0006","YORK 6.3 E, SC US","34.984468","-81.125352","204.2","2025-06-24",,,,,,,,,"0.0",",,N",,,"0.0",",,N",,,,,,,,,,,,,,,,,,,,,,,,,,,,,,,,,,
"US1SCYR0006","YORK 6.3 E, SC US","34.984468","-81.125352","204.2","2025-06-25",,,,,,,,,"0.0",",,N",,,"0.0",",,N",,,,,,,,,,,,,,,,,,,,,,,,,,,,,,,,,,
"US1SCYR0006","YORK 6.3 E, SC US","34.984468","-81.125352","204.2","2025-06-26",,,,,,,,,"7.6",",,N",,,,,,,,,,,,,,,,,,,,,,,,,,,,,,,,,,,,,,
"US1SCYR0006","YORK 6.3 E, SC US","34.984468","-81.125352","204.2","2025-06-27",,,,,,,,,"0.0",",,N",,,"0.0",",,N",,,,,,,,,,,,,,,,,,,,,,,,,,,,,,,,,,
"US1SCYR0006","YORK 6.3 E, SC US","34.984468","-81.125352","204.2","2025-06-28",,,,,,,,,"0.0",",,N",,,"0.0",",,N",,,,,,,,,,,,,,,,,,,,,,,,,,,,,,,,,,
"US1SCYR0006","YORK 6.3 E, SC US","34.984468","-81.125352","204.2","2025-06-29",,,,,,,,,"0.0",",,N",,,"0.0",",,N",,,,,,,,,,,,,,,,,,,,,,,,,,,,,,,,,,
"US1SCYR0006","YORK 6.3 E, SC US","34.984468","-81.125352","204.2","2025-06-30",,,,,,,,,"2.0",",,N",,,,,,,,,,,,,,,,,,,,,,,,,,,,,,,,,,,,,,
"US1SCYR0007","ROCK HILL 4.1 WNW, SC US","34.967638","-81.092578","201.2","2025-06-01",,,,,,,,,"0.0",",,N",,,"0.0",",,N",,,,,,,,,,,,,,,,,,,,,,,,,,,,,,,,,,
"US1SCYR0007","ROCK HILL 4.1 WNW, SC US","34.967638","-81.092578","201.2","2025-06-02",,,,,,,,,"0.0",",,N",,,"0.0",",,N",,,,,,,,,,,,,,,,,,,,,,,,,,,,,,,,,,
"US1SCYR0007","ROCK HILL 4.1 WNW, SC US","34.967638","-81.092578","201.2","2025-06-03",,,,,,,,,"0.0",",,N",,,"0.0",",,N",,,,,,,,,,,,,,,,,,,,,,,,,,,,,,,,,,
"US1SCYR0007","ROCK HILL 4.1 WNW, SC US","34.967638","-81.092578","201.2","2025-06-04",,,,,,,,,"0.0",",,N",,,"0.0",",,N",,,,,,,,,,,,,,,,,,,,,,,,,,,,,,,,,,
"US1SCYR0007","ROCK HILL 4.1 WNW, SC US","34.967638","-81.092578","201.2","2025-06-05",,,,,,,,,"10.2",",,N",,,,,,,,,,,,,,,,,,,,,,,,,,,,,,,,,,,,,,
"US1SCYR0007","ROCK HILL 4.1 WNW, SC US","34.967638","-81.092578","201.2","2025-06-06",,,,,,,,,"9.1",",,N",,,,,,,,,,,,,,,,,,,,,,,,,,,,,,,,,,,,,,
"US1SCYR0007","ROCK HILL 4.1 WNW, SC US","34.967638","-81.092578","201.2","2025-06-07",,,,,,,,,"9.4",",,N",,,,,,,,,,,,,,,,,,,,,,,,,,,,,,,,,,,,,,
"US1SCYR0007","ROCK HILL 4.1 WNW, SC US","34.967638","-81.092578","201.2","2025-06-08",,,,,,,,,"10.2",",,N",,,,,,,,,,,,,,,,,,,,,,,,,,,,,,,,,,,,,,
"US1SCYR0007","ROCK HILL 4.1 WNW, SC US","34.967638","-81.092578","201.2","2025-06-09",,,,,,,,,"0.0",",,N",,,"0.0",",,N",,,,,,,,,,,,,,,,,,,,,,,,,,,,,,,,,,
"US1SCYR0007","ROCK HILL 4.1 WNW, SC US","34.967638","-81.092578","201.2","2025-06-10",,,,,,,,,"40.6",",,N",,,,,,,,,,,,,,,,,,,,,,,,,,,,,,,,,,,,,,
"US1SCYR0007","ROCK HILL 4.1 WNW, SC US","34.967638","-81.092578","201.2","2025-06-12",,,,,,,,,"0.0",",,N",,,"0.0",",,N",,,,,,,,,,,,,,,,,,,,,,,,,,,,,,,,,,
"US1SCYR0007","ROCK HILL 4.1 WNW, SC US","34.967638","-81.092578","201.2","2025-06-13",,,,,,,,,,,,,"0.0",",,N",,,,,,,,,,,,,,,,,,,,,,,,,,,,,,,,,,
"US1SCYR0007","ROCK HILL 4.1 WNW, SC US","34.967638","-81.092578","201.2","2025-06-16",,,,,,,,,"0.0",",,N",,,"0.0",",,N",,,,,,,,,,,,,,,,,,,,,,,,,,,,,,,,,,
"US1SCYR0007","ROCK HILL 4.1 WNW, SC US","34.967638","-81.092578","201.2","2025-06-17",,,,,,,,,"10.2",",,N",,,,,,,,,,,,,,,,,,,,,,,,,,,,,,,,,,,,,,
"US1SCYR0007","ROCK HILL 4.1 WNW, SC US","34.967638","-81.092578","201.2","2025-06-18",,,,,,,,,"0.0",",,N",,,"0.0",",,N",,,,,,,,,,,,,,,,,,,,,,,,,,,,,,,,,,
"US1SCYR0007","ROCK HILL 4.1 WNW, SC US","34.967638","-81.092578","201.2","2025-06-19",,,,,,,,,"0.0",",,N",,,"0.0",",,N",,,,,,,,,,,,,,,,,,,,,,,,,,,,,,,,,,
"US1SCYR0007","ROCK HILL 4.1 WNW, SC US","34.967638","-81.092578","201.2","2025-06-20",,,,,,,,,"0.0",",,N",,,"0.0",",,N",,,,,,,,,,,,,,,,,,,,,,,,,,,,,,,,,,
"US1SCYR0007","ROCK HILL 4.1 WNW, SC US","34.967638","-81.092578","201.2","2025-06-21",,,,,,,,,"0.0",",,N",,,"0.0",",,N",,,,,,,,,,,,,,,,,,,,,,,,,,,,,,,,,,
"US1SCYR0007","ROCK HILL 4.1 WNW, SC US","34.967638","-81.092578","201.2","2025-06-22",,,,,,,,,"0.0",",,N",,,"0.0",",,N",,,,,,,,,,,,,,,,,,,,,,,,,,,,,,,,,,
"US1SCYR0007","ROCK HILL 4.1 WNW, SC US","34.967638","-81.092578","201.2","2025-06-23",,,,,,,,,"0.0",",,N",,,"0.0",",,N",,,,,,,,,,,,,,,,,,,,,,,,,,,,,,,,,,
"US1SCYR0007","ROCK HILL 4.1 WNW, SC US","34.967638","-81.092578","201.2","2025-06-24",,,,,,,,,"0.0",",,N",,,"0.0",",,N",,,,,,,,,,,,,,,,,,,,,,,,,,,,,,,,,,
"US1SCYR0007","ROCK HILL 4.1 WNW, SC US","34.967638","-81.092578","201.2","2025-06-25",,,,,,,,,"0.0",",,N",,,"0.0",",,N",,,,,,,,,,,,,,,,,,,,,,,,,,,,,,,,,,
"US1SCYR0007","ROCK HILL 4.1 WNW, SC US","34.967638","-81.092578","201.2","2025-06-26",,,,,,,,,"10.2",",,N",,,,,,,,,,,,,,,,,,,,,,,,,,,,,,,,,,,,,,
"US1SCYR0007","ROCK HILL 4.1 WNW, SC US","34.967638","-81.092578","201.2","2025-06-27",,,,,,,,,"0.0",",,N",,,"0.0",",,N",,,,,,,,,,,,,,,,,,,,,,,,,,,,,,,,,,
"US1SCYR0007","ROCK HILL 4.1 WNW, SC US","34.967638","-81.092578","201.2","2025-06-28",,,,,,,,,"0.0",",,N",,,"0.0",",,N",,,,,,,,,,,,,,,,,,,,,,,,,,,,,,,,,,
"US1SCYR0007","ROCK HILL 4.1 WNW, SC US","34.967638","-81.092578","201.2","2025-06-29",,,,,,,,,"0.0",",,N",,,"0.0",",,N",,,,,,,,,,,,,,,,,,,,,,,,,,,,,,,,,,
"US1SCYR0007","ROCK HILL 4.1 WNW, SC US","34.967638","-81.092578","201.2","2025-06-30",,,,,,,,,"8.9",",,N",,,,,,,,,,,,,,,,,,,,,,,,,,,,,,,,,,,,,,
"US1NCUN0034","WAXHAW 5.1 S, NC US","34.85003","-80.7475","173.1","2025-06-01",,,,,,,,,"0.0",",,N",,,"0.0",",,N",,,,,,,,,,,,,,,,,,,,,,,,,,,,,,,,,,
"US1NCUN0034","WAXHAW 5.1 S, NC US","34.85003","-80.7475","173.1","2025-06-02",,,,,,,,,"0.0",",,N",,,"0.0",",,N",,,,,,,,,,,,,,,,,,,,,,,,,,,,,,,,,,
"US1NCUN0034","WAXHAW 5.1 S, NC US","34.85003","-80.7475","173.1","2025-06-03",,,,,,,,,"0.0",",,N",,,"0.0",",,N",,,,,,,,,,,,,,,,,,,,,,,,,,,,,,,,,,
"US1NCUN0034","WAXHAW 5.1 S, NC US","34.85003","-80.7475","173.1","2025-06-04",,,,,,,,,"0.0",",,N",,,"0.0",",,N",,,,,,,,,,,,,,,,,,,,,,,,,,,,,,,,,,
"US1NCUN0034","WAXHAW 5.1 S, NC US","34.85003","-80.7475","173.1","2025-06-05",,,,,,,,,"27.9",",,N",,,,,,,,,,,,,,,,,,,,,,,,,,,,,,,,,,,,,,
"US1NCUN0034","WAXHAW 5.1 S, NC US","34.85003","-80.7475","173.1","2025-06-06",,,,,,,,,"4.8",",,N",,,,,,,,,,,,,,,,,,,,,,,,,,,,,,,,,,,,,,
"US1NCUN0034","WAXHAW 5.1 S, NC US","34.85003","-80.7475","173.1","2025-06-07",,,,,,,,,"0.8",",,N",,,,,,,,,,,,,,,,,,,,,,,,,,,,,,,,,,,,,,
"US1NCUN0034","WAXHAW 5.1 S, NC US","34.85003","-80.7475","173.1","2025-06-08",,,,,,,,,"0.8",",,N",,,,,,,,,,,,,,,,,,,,,,,,,,,,,,,,,,,,,,
"US1NCUN0034","WAXHAW 5.1 S, NC US","34.85003","-80.7475","173.1","2025-06-09",,,,,,,,,"0.0",",,N",,,"0.0",",,N",,,,,,,,,,,,,,,,,,,,,,,,,,,,,,,,,,
"US1NCUN0034","WAXHAW 5.1 S, NC US","34.85003","-80.7475","173.1","2025-06-10",,,,,,,,,"3.8",",,N",,,,,,,,,,,,,,,,,,,,,,,,,,,,,,,,,,,,,,
"US1NCUN0034","WAXHAW 5.1 S, NC US","34.85003","-80.7475","173.1","2025-06-11",,,,,,,,,"0.5",",,N",,,,,,,,,,,,,,,,,,,,,,,,,,,,,,,,,,,,,,
"US1NCUN0034","WAXHAW 5.1 S, NC US","34.85003","-80.7475","173.1","2025-06-12",,,,,,,,,"0.0",",,N",,,"0.0",",,N",,,,,,,,,,,,,,,,,,,,,,,,,,,,,,,,,,
"US1NCUN0034","WAXHAW 5.1 S, NC US","34.85003","-80.7475","173.1","2025-06-13",,,,,,,,,"1.0",",,N",,,,,,,,,,,,,,,,,,,,,,,,,,,,,,,,,,,,,,
"US1NCUN0034","WAXHAW 5.1 S, NC US","34.85003","-80.7475","173.1","2025-06-14",,,,,,,,,"0.5",",,N",,,,,,,,,,,,,,,,,,,,,,,,,,,,,,,,,,,,,,
"US1NCUN0034","WAXHAW 5.1 S, NC US","34.85003","-80.7475","173.1","2025-06-15",,,,,,,,,"0.0",",,N",,,"0.0",",,N",,,,,,,,,,,,,,,,,,,,,,,,,,,,,,,,,,
"US1NCUN0034","WAXHAW 5.1 S, NC US","34.85003","-80.7475","173.1","2025-06-16",,,,,,,,,"0.0",",,N",,,"0.0",",,N",,,,,,,,,,,,,,,,,,,,,,,,,,,,,,,,,,
"US1NCUN0034","WAXHAW 5.1 S, NC US","34.85003","-80.7475","173.1","2025-06-17",,,,,,,,,"0.0",",,N",,,"0.0",",,N",,,,,,,,,,,,,,,,,,,,,,,,,,,,,,,,,,
"US1NCUN0034","WAXHAW 5.1 S, NC US","34.85003","-80.7475","173.1","2025-06-18",,,,,,,,,"1.3",",,N",,,,,,,,,,,,,,,,,,,,,,,,,,,,,,,,,,,,,,
"US1NCUN0034","WAXHAW 5.1 S, NC US","34.85003","-80.7475","173.1","2025-06-19",,,,,,,,,"0.0",",,N",,,"0.0",",,N",,,,,,,,,,,,,,,,,,,,,,,,,,,,,,,,,,
"US1NCUN0034","WAXHAW 5.1 S, NC US","34.85003","-80.7475","173.1","2025-06-20",,,,,,,,,"0.0",",,N",,,"0.0",",,N",,,,,,,,,,,,,,,,,,,,,,,,,,,,,,,,,,
"US1NCUN0034","WAXHAW 5.1 S, NC US","34.85003","-80.7475","173.1","2025-06-21",,,,,,,,,"0.0",",,N",,,"0.0",",,N",,,,,,,,,,,,,,,,,,,,,,,,,,,,,,,,,,
"US1NCUN0034","WAXHAW 5.1 S, NC US","34.85003","-80.7475","173.1","2025-06-22",,,,,,,,,"0.0",",,N",,,"0.0",",,N",,,,,,,,,,,,,,,,,,,,,,,,,,,,,,,,,,
"US1NCUN0034","WAXHAW 5.1 S, NC US","34.85003","-80.7475","173.1","2025-06-23",,,,,,,,,"0.0",",,N",,,"0.0",",,N",,,,,,,,,,,,,,,,,,,,,,,,,,,,,,,,,,
"US1NCUN0034","WAXHAW 5.1 S, NC US","34.85003","-80.7475","173.1","2025-06-24",,,,,,,,,"0.0",",,N",,,"0.0",",,N",,,,,,,,,,,,,,,,,,,,,,,,,,,,,,,,,,
"US1NCUN0034","WAXHAW 5.1 S, NC US","34.85003","-80.7475","173.1","2025-06-25",,,,,,,,,"0.0",",,N",,,"0.0",",,N",,,,,,,,,,,,,,,,,,,,,,,,,,,,,,,,,,
"US1NCUN0034","WAXHAW 5.1 S, NC US","34.85003","-80.7475","173.1","2025-06-26",,,,,,,,,"6.6",",,N",,,,,,,,,,,,,,,,,,,,,,,,,,,,,,,,,,,,,,
"US1NCUN0034","WAXHAW 5.1 S, NC US","34.85003","-80.7475","173.1","2025-06-27",,,,,,,,,"0.0",",,N",,,"0.0",",,N",,,,,,,,,,,,,,,,,,,,,,,,,,,,,,,,,,
"US1NCUN0034","WAXHAW 5.1 S, NC US","34.85003","-80.7475","173.1","2025-06-28",,,,,,,,,"7.9",",,N",,,,,,,,,,,,,,,,,,,,,,,,,,,,,,,,,,,,,,
"US1NCUN0034","WAXHAW 5.1 S, NC US","34.85003","-80.7475","173.1","2025-06-29",,,,,,,,,"0.0",",,N",,,"0.0",",,N",,,,,,,,,,,,,,,,,,,,,,,,,,,,,,,,,,
"US1NCUN0034","WAXHAW 5.1 S, NC US","34.85003","-80.7475","173.1","2025-06-30",,,,,,,,,"5.6",",,N",,,,,,,,,,,,,,,,,,,,,,,,,,,,,,,,,,,,,,
"US1NCMK0109","HUNTERSVILLE 0.7 SSE, NC US","35.406341","-80.840443","247.2","2025-06-01",,,,,,,,,"0.0","T,,N",,,,,,,,,,,,,,,,,,,,,,,,,,,,,,,,,,,,,,
"US1NCMK0109","HUNTERSVILLE 0.7 SSE, NC US","35.406341","-80.840443","247.2","2025-06-02",,,,,,,,,"1.8",",,N",,,,,,,,,,,,,,,,,,,,,,,,,,,,,,,,,,,,,,
"US1NCMK0109","HUNTERSVILLE 0.7 SSE, NC US","35.406341","-80.840443","247.2","2025-06-03",,,,,,,,,"0.0",",,N",,,"0.0",",,N",,,,,,,,,,,,,,,,,,,,,,,,,,,,,,,,,,
"US1NCMK0109","HUNTERSVILLE 0.7 SSE, NC US","35.406341","-80.840443","247.2","2025-06-04",,,,,,,,,"0.0",",,N",,,"0.0",",,N",,,,,,,,,,,,,,,,,,,,,,,,,,,,,,,,,,
"US1NCMK0109","HUNTERSVILLE 0.7 SSE, NC US","35.406341","-80.840443","247.2","2025-06-05",,,,,,,,,"2.8",",,N",,,,,,,,,,,,,,,,,,,,,,,,,,,,,,,,,,,,,,
"US1NCMK0109","HUNTERSVILLE 0.7 SSE, NC US","35.406341","-80.840443","247.2","2025-06-06",,,,,,,,,"47.0",",,N",,,,,,,,,,,,,,,,,,,,,,,,,,,,,,,,,,,,,,
"US1NCMK0109","HUNTERSVILLE 0.7 SSE, NC US","35.406341","-80.840443","247.2","2025-06-07",,,,,,,,,"4.8",",,N",,,,,,,,,,,,,,,,,,,,,,,,,,,,,,,,,,,,,,
"US1NCMK0109","HUNTERSVILLE 0.7 SSE, NC US","35.406341","-80.840443","247.2","2025-06-08",,,,,,,,,"0.5",",,N",,,,,,,,,,,,,,,,,,,,,,,,,,,,,,,,,,,,,,
"US1NCMK0109","HUNTERSVILLE 0.7 SSE, NC US","35.406341","-80.840443","247.2","2025-06-10",,,"    2",",,N","8.9",",,N",,,,,,,,,"0.0",",,N",,,,,,,,,,,,,,,"0.0",",,N",,,,,,,,,,,,,,,,
"US1NCMK0109","HUNTERSVILLE 0.7 SSE, NC US","35.406341","-80.840443","247.2","2025-06-11",,,,,,,,,"1.0",",,N",,,,,,,,,,,,,,,,,,,,,,,,,,,,,,,,,,,,,,
"US1NCMK0109","HUNTERSVILLE 0.7 SSE, NC US","35.406341","-80.840443","247.2","2025-06-12",,,,,,,,,"0.0",",,N",,,"0.0",",,N",,,,,,,,,,,,,,,,,,,,,,,,,,,,,,,,,,
"US1NCMK0109","HUNTERSVILLE 0.7 SSE, NC US","35.406341","-80.840443","247.2","2025-06-13",,,,,,,,,"35.3",",,N",,,,,,,,,,,,,,,,,,,,,,,,,,,,,,,,,,,,,,
"US1NCMK0109","HUNTERSVILLE 0.7 SSE, NC US","35.406341","-80.840443","247.2","2025-06-14",,,,,,,,,"2.3",",,N",,,,,,,,,,,,,,,,,,,,,,,,,,,,,,,,,,,,,,
"US1NCMK0109","HUNTERSVILLE 0.7 SSE, NC US","35.406341","-80.840443","247.2","2025-06-15",,,,,,,,,"7.9",",,N",,,,,,,,,,,,,,,,,,,,,,,,,,,,,,,,,,,,,,
"US1NCMK0109","HUNTERSVILLE 0.7 SSE, NC US","35.406341","-80.840443","247.2","2025-06-17",,,,,,,,,"32.5",",,N",,,,,,,,,,,,,,,,,,,,,,,,,,,,,,,,,,,,,,
"US1NCMK0109","HUNTERSVILLE 0.7 SSE, NC US","35.406341","-80.840443","247.2","2025-06-18",,,,,,,,,"0.5",",,N",,,,,,,,,,,,,,,,,,,,,,,,,,,,,,,,,,,,,,
"US1NCMK0109","HUNTERSVILLE 0.7 SSE, NC US","35.406341","-80.840443","247.2","2025-06-19",,,,,,,,,"0.0",",,N",,,"0.0",",,N",,,,,,,,,,,,,,,,,,,,,,,,,,,,,,,,,,
"US1NCMK0109","HUNTERSVILLE 0.7 SSE, NC US","35.406341","-80.840443","247.2","2025-06-20",,,,,,,,,"0.0",",,N",,,"0.0",",,N",,,,,,,,,,,,,,,,,,,,,,,,,,,,,,,,,,
"US1NCMK0109","HUNTERSVILLE 0.7 SSE, NC US","35.406341","-80.840443","247.2","2025-06-21",,,,,,,,,"0.0",",,N",,,"0.0",",,N",,,,,,,,,,,,,,,,,,,,,,,,,,,,,,,,,,
"US1NCMK0109","HUNTERSVILLE 0.7 SSE, NC US","35.406341","-80.840443","247.2","2025-06-22",,,,,,,,,"0.0",",,N",,,"0.0",",,N",,,,,,,,,,,,,,,,,,,,,,,,,,,,,,,,,,
"US1NCMK0109","HUNTERSVILLE 0.7 SSE, NC US","35.406341","-80.840443","247.2","2025-06-23",,,,,,,,,"0.0",",,N",,,"0.0",",,N",,,,,,,,,,,,,,,,,,,,,,,,,,,,,,,,,,
"US1NCMK0109","HUNTERSVILLE 0.7 SSE, NC US","35.406341","-80.840443","247.2","2025-06-24",,,,,,,,,"0.0",",,N",,,"0.0",",,N",,,,,,,,,,,,,,,,,,,,,,,,,,,,,,,,,,
"US1NCMK0109","HUNTERSVILLE 0.7 SSE, NC US","35.406341","-80.840443","247.2","2025-06-25",,,,,,,,,"0.0",",,N",,,"0.0",",,N",,,,,,,,,,,,,,,,,,,,,,,,,,,,,,,,,,
"US1NCMK0109","HUNTERSVILLE 0.7 SSE, NC US","35.406341","-80.840443","247.2","2025-06-26",,,,,,,,,"0.0",",,N",,,"0.0",",,N",,,,,,,,,,,,,,,,,,,,,,,,,,,,,,,,,,
"US1NCMK0109","HUNTERSVILLE 0.7 SSE, NC US","35.406341","-80.840443","247.2","2025-06-27",,,,,,,,,"1.0",",,N",,,,,,,,,,,,,,,,,,,,,,,,,,,,,,,,,,,,,,
"US1NCMK0109","HUNTERSVILLE 0.7 SSE, NC US","35.406341","-80.840443","247.2","2025-06-29",,,,,,,,,"17.5",",,N",,,,,,,,,,,,,,,,,,,,,,,,,,,,,,,,,,,,,,
"US1NCMK0109","HUNTERSVILLE 0.7 SSE, NC US","35.406341","-80.840443","247.2","2025-06-30",,,,,,,,,"45.7",",,N",,,,,,,,,,,,,,,,,,,,,,,,,,,,,,,,,,,,,,
"US1NCUN0039","WAXHAW 2.8 NE, NC US","34.949564","-80.703607","186.2","2025-06-01",,,,,,,,,"0.0",",,N",,,"0.0",",,N",,,,,,,,,,,,,,,,,,,,,,,,,,,,,,,,,,
"US1NCUN0039","WAXHAW 2.8 NE, NC US","34.949564","-80.703607","186.2","2025-06-02",,,,,,,,,"0.0",",,N",,,"0.0",",,N",,,,,,,,,,,,,,,,,,,,,,,,,,,,,,,,,,
"US1NCUN0039","WAXHAW 2.8 NE, NC US","34.949564","-80.703607","186.2","2025-06-03",,,,,,,,,"0.0",",,N",,,"0.0",",,N",,,,,,,,,,,,,,,,,,,,,,,,,,,,,,,,,,
"US1NCUN0039","WAXHAW 2.8 NE, NC US","34.949564","-80.703607","186.2","2025-06-04",,,,,,,,,"0.0",",,N",,,"0.0",",,N",,,,,,,,,,,,,,,,,,,,,,,,,,,,,,,,,,
"US1NCUN0039","WAXHAW 2.8 NE, NC US","34.949564","-80.703607","186.2","2025-06-05",,,,,,,,,"8.6",",,N",,,,,,,,,,,,,,,,,,,,,,,,,,,,,,,,,,,,,,
"US1NCUN0039","WAXHAW 2.8 NE, NC US","34.949564","-80.703607","186.2","2025-06-06",,,,,,,,,"31.2",",,N",,,,,,,,,,,,,,,,,,,,,,,,,,,,,,,,,,,,,,
"US1NCUN0039","WAXHAW 2.8 NE, NC US","34.949564","-80.703607","186.2","2025-06-07",,,,,,,,,"0.8",",,N",,,,,,,,,,,,,,,,,,,,,,,,,,,,,,,,,,,,,,
"US1NCUN0039","WAXHAW 2.8 NE, NC US","34.949564","-80.703607","186.2","2025-06-08",,,,,,,,,"0.5",",,N",,,,,,,,,,,,,,,,,,,,,,,,,,,,,,,,,,,,,,
"US1NCUN0039","WAXHAW 2.8 NE, NC US","34.949564","-80.703607","186.2","2025-06-09",,,,,,,,,"0.0",",,N",,,"0.0",",,N",,,,,,,,,,,,,,,,,,,,,,,,,,,,,,,,,,
"US1NCUN0039","WAXHAW 2.8 NE, NC US","34.949564","-80.703607","186.2","2025-06-10",,,,,,,,,"7.9",",,N",,,,,,,,,,,,,,,,,,,,,,,,,,,,,,,,,,,,,,
"US1NCUN0039","WAXHAW 2.8 NE, NC US","34.949564","-80.703607","186.2","2025-06-11",,,,,,,,,"0.0",",,N",,,"0.0",",,N",,,,,,,,,,,,,,,,,,,,,,,,,,,,,,,,,,
"US1NCUN0039","WAXHAW 2.8 NE, NC US","34.949564","-80.703607","186.2","2025-06-12",,,,,,,,,"0.0",",,N",,,"0.0",",,N",,,,,,,,,,,,,,,,,,,,,,,,,,,,,,,,,,
"US1NCUN0039","WAXHAW 2.8 NE, NC US","34.949564","-80.703607","186.2","2025-06-13",,,,,,,,,"9.7",",,N",,,,,,,,,,,,,,,,,,,,,,,,,,,,,,,,,,,,,,
"US1NCUN0039","WAXHAW 2.8 NE, NC US","34.949564","-80.703607","186.2","2025-06-14",,,,,,,,,"0.8",",,N",,,,,,,,,,,,,,,,,,,,,,,,,,,,,,,,,,,,,,
"US1NCUN0039","WAXHAW 2.8 NE, NC US","34.949564","-80.703607","186.2","2025-06-15",,,,,,,,,"0.0",",,N",,,"0.0",",,N",,,,,,,,,,,,,,,,,,,,,,,,,,,,,,,,,,
"US1NCUN0039","WAXHAW 2.8 NE, NC US","34.949564","-80.703607","186.2","2025-06-16",,,,,,,,,"0.0",",,N",,,"0.0",",,N",,,,,,,,,,,,,,,,,,,,,,,,,,,,,,,,,,
"US1NCUN0039","WAXHAW 2.8 NE, NC US","34.949564","-80.703607","186.2","2025-06-17",,,,,,,,,"5.8",",,N",,,,,,,,,,,,,,,,,,,,,,,,,,,,,,,,,,,,,,
"US1NCUN0039","WAXHAW 2.8 NE, NC US","34.949564","-80.703607","186.2","2025-06-18",,,,,,,,,"0.8",",,N",,,,,,,,,,,,,,,,,,,,,,,,,,,,,,,,,,,,,,
"US1NCUN0039","WAXHAW 2.8 NE, NC US","34.949564","-80.703607","186.2","2025-06-19",,,,,,,,,"0.0",",,N",,,"0.0",",,N",,,,,,,,,,,,,,,,,,,,,,,,,,,,,,,,,,
"US1NCUN0039","WAXHAW 2.8 NE, NC US","34.949564","-80.703607","186.2","2025-06-20",,,,,,,,,"0.0",",,N",,,"0.0",",,N",,,,,,,,,,,,,,,,,,,,,,,,,,,,,,,,,,
"US1NCUN0039","WAXHAW 2.8 NE, NC US","34.949564","-80.703607","186.2","2025-06-21",,,,,,,,,"0.0",",,N",,,"0.0",",,N",,,,,,,,,,,,,,,,,,,,,,,,,,,,,,,,,,
"US1NCUN0039","WAXHAW 2.8 NE, NC US","34.949564","-80.703607","186.2","2025-06-22",,,,,,,,,"0.0",",,N",,,"0.0",",,N",,,,,,,,,,,,,,,,,,,,,,,,,,,,,,,,,,
"US1NCUN0039","WAXHAW 2.8 NE, NC US","34.949564","-80.703607","186.2","2025-06-23",,,,,,,,,"0.0",",,N",,,"0.0",",,N",,,,,,,,,,,,,,,,,,,,,,,,,,,,,,,,,,
"US1NCUN0039","WAXHAW 2.8 NE, NC US","34.949564","-80.703607","186.2","2025-06-24",,,,,,,,,"0.0",",,N",,,"0.0",",,N",,,,,,,,,,,,,,,,,,,,,,,,,,,,,,,,,,
"US1NCUN0039","WAXHAW 2.8 NE, NC US","34.949564","-80.703607","186.2","2025-06-25",,,,,,,,,"0.0",",,N",,,"0.0",",,N",,,,,,,,,,,,,,,,,,,,,,,,,,,,,,,,,,
"US1NCUN0039","WAXHAW 2.8 NE, NC US","34.949564","-80.703607","186.2","2025-06-26",,,,,,,,,"15.7",",,N",,,,,,,,,,,,,,,,,,,,,,,,,,,,,,,,,,,,,,
"US1NCUN0039","WAXHAW 2.8 NE, NC US","34.949564","-80.703607","186.2","2025-06-27",,,,,,,,,"0.0",",,N",,,"0.0",",,N",,,,,,,,,,,,,,,,,,,,,,,,,,,,,,,,,,
"US1NCUN0039","WAXHAW 2.8 NE, NC US","34.949564","-80.703607","186.2","2025-06-28",,,,,,,,,"21.3",",,N",,,,,,,,,,,,,,,,,,,,,,,,,,,,,,,,,,,,,,
"US1NCUN0039","WAXHAW 2.8 NE, NC US","34.949564","-80.703607","186.2","2025-06-29",,,,,,,,,"0.0",",,N",,,"0.0",",,N",,,,,,,,,,,,,,,,,,,,,,,,,,,,,,,,,,
"US1NCUN0039","WAXHAW 2.8 NE, NC US","34.949564","-80.703607","186.2","2025-06-30",,,,,,,,,"11.7",",,N",,,,,,,,,,,,,,,,,,,,,,,,,,,,,,,,,,,,,,
"US1NCMK0070","HUNTERSVILLE 2.8 SSW, NC US","35.381278","-80.872283","241.7","2025-06-05",,,,,,,,,"27.9",",,N",,,,,,,,,,,,,,,,,,,,,,,,,,,,,,,,,,,,,,
"US1NCMK0070","HUNTERSVILLE 2.8 SSW, NC US","35.381278","-80.872283","241.7","2025-06-06",,,,,,,,,"8.9",",,N",,,,,,,,,,,,,,,,,,,,,,,,,,,,,,,,,,,,,,
"US1NCMK0070","HUNTERSVILLE 2.8 SSW, NC US","35.381278","-80.872283","241.7","2025-06-07",,,,,,,,,"4.6",",,N",,,,,,,,,,,,,,,,,,,,,,,,,,,,,,,,,,,,,,
"US1NCMK0070","HUNTERSVILLE 2.8 SSW, NC US","35.381278","-80.872283","241.7","2025-06-10",,,,,,,,,"13.5",",,N",,,,,,,,,,,,,,,,,,,,,,,,,,,,,,,,,,,,,,
"US1NCMK0070","HUNTERSVILLE 2.8 SSW, NC US","35.381278","-80.872283","241.7","2025-06-11",,,,,,,,,"0.8",",,N",,,,,,,,,,,,,,,,,,,,,,,,,,,,,,,,,,,,,,
"US1NCMK0070","HUNTERSVILLE 2.8 SSW, NC US","35.381278","-80.872283","241.7","2025-06-12",,,,,,,,,"0.0",",,N",,,"0.0",",,N",,,,,,,,,,,,,,,,,,,,,,,,,,,,,,,,,,
"US1NCMK0070","HUNTERSVILLE 2.8 SSW, NC US","35.381278","-80.872283","241.7","2025-06-13",,,,,,,,,"22.9",",,N",,,,,,,,,,,,,,,,,,,,,,,,,,,,,,,,,,,,,,
"US1NCMK0070","HUNTERSVILLE 2.8 SSW, NC US","35.381278","-80.872283","241.7","2025-06-15",,,"    2",",,N","20.3",",,N",,,,,,,,,,,,,,,,,,,,,,,,,,,,,,,,,,,,,,,,,,
"US1NCMK0070","HUNTERSVILLE 2.8 SSW, NC US","35.381278","-80.872283","241.7","2025-06-17",,,,,,,,,"19.1",",,N",,,,,,,,,,,,,,,,,,,,,,,,,,,,,,,,,,,,,,
"US1NCMK0070","HUNTERSVILLE 2.8 SSW, NC US","35.381278","-80.872283","241.7","2025-06-18",,,,,,,,,"0.0",",,N",,,"0.0",",,N",,,,,,,,,,,,,,,,,,,,,,,,,,,,,,,,,,
"US1NCMK0070","HUNTERSVILLE 2.8 SSW, NC US","35.381278","-80.872283","241.7","2025-06-21",,,,,,,,,"0.0",",,N",,,"0.0",",,N",,,,,,,,,,,,,,,,,,,,,,,,,,,,,,,,,,
"US1NCMK0070","HUNTERSVILLE 2.8 SSW, NC US","35.381278","-80.872283","241.7","2025-06-22",,,,,,,,,"0.0",",,N",,,"0.0",",,N",,,,,,,,,,,,,,,,,,,,,,,,,,,,,,,,,,
"US1NCMK0070","HUNTERSVILLE 2.8 SSW, NC US","35.381278","-80.872283","241.7","2025-06-23",,,,,,,,,"0.0",",,N",,,"0.0",",,N",,,,,,,,,,,,,,,,,,,,,,,,,,,,,,,,,,
"US1NCMK0070","HUNTERSVILLE 2.8 SSW, NC US","35.381278","-80.872283","241.7","2025-06-24",,,,,,,,,"0.0",",,N",,,"0.0",",,N",,,,,,,,,,,,,,,,,,,,,,,,,,,,,,,,,,
"US1NCMK0070","HUNTERSVILLE 2.8 SSW, NC US","35.381278","-80.872283","241.7","2025-06-25",,,,,,,,,"0.0",",,N",,,"0.0",",,N",,,,,,,,,,,,,,,,,,,,,,,,,,,,,,,,,,
"US1NCMK0070","HUNTERSVILLE 2.8 SSW, NC US","35.381278","-80.872283","241.7","2025-06-26",,,,,,,,,"0.0",",,N",,,"0.0",",,N",,,,,,,,,,,,,,,,,,,,,,,,,,,,,,,,,,
"US1NCMK0070","HUNTERSVILLE 2.8 SSW, NC US","35.381278","-80.872283","241.7","2025-06-27",,,,,,,,,"2.0",",,N",,,,,,,,,,,,,,,,,,,,,,,,,,,,,,,,,,,,,,
"US1NCMK0070","HUNTERSVILLE 2.8 SSW, NC US","35.381278","-80.872283","241.7","2025-06-28",,,,,,,,,"0.8",",,N",,,,,,,,,,,,,,,,,,,,,,,,,,,,,,,,,,,,,,
"US1NCMK0070","HUNTERSVILLE 2.8 SSW, NC US","35.381278","-80.872283","241.7","2025-06-29",,,,,,,,,"7.1",",,N",,,,,,,,,,,,,,,,,,,,,,,,,,,,,,,,,,,,,,
"US1NCGS0021","GASTONIA 1.8 SSE, NC US","35.2282485961914","-81.1598205566406","226.2","2025-06-01",,,,,,,,,"0.0",",,N",,,"0.0",",,N",,,,,,,,,,,,,,,,,,,,,,,,,,,,,,,,,,
"US1NCGS0021","GASTONIA 1.8 SSE, NC US","35.2282485961914","-81.1598205566406","226.2","2025-06-02",,,,,,,,,"0.0",",,N",,,"0.0",",,N",,,,,,,,,,,,,,,,,,,,,,,,,,,,,,,,,,
"US1NCGS0021","GASTONIA 1.8 SSE, NC US","35.2282485961914","-81.1598205566406","226.2","2025-06-03",,,,,,,,,"0.0",",,N",,,"0.0",",,N",,,,,,,,,,,,,,,,,,,,,,,,,,,,,,,,,,
"US1NCGS0021","GASTONIA 1.8 SSE, NC US","35.2282485961914","-81.1598205566406","226.2","2025-06-04",,,,,,,,,"0.0",",,N",,,"0.0",",,N",,,,,,,,,,,,,,,,,,,,,,,,,,,,,,,,,,
"US1NCGS0021","GASTONIA 1.8 SSE, NC US","35.2282485961914","-81.1598205566406","226.2","2025-06-05",,,,,,,,,"30.2",",,N",,,,,,,,,,,,,,,,,,,,,,,,,,,,,,,,,,,,,,
"US1NCGS0021","GASTONIA 1.8 SSE, NC US","35.2282485961914","-81.1598205566406","226.2","2025-06-06",,,,,,,,,"27.9",",,N",,,,,,,,,,,,,,,,,,,,,,,,,,,,,,,,,,,,,,
"US1NCGS0021","GASTONIA 1.8 SSE, NC US","35.2282485961914","-81.1598205566406","226.2","2025-06-07",,,,,,,,,"0.8",",,N",,,,,,,,,,,,,,,,,,,,,,,,,,,,,,,,,,,,,,
"US1NCGS0021","GASTONIA 1.8 SSE, NC US","35.2282485961914","-81.1598205566406","226.2","2025-06-08",,,,,,,,,"0.0",",,N",,,"0.0",",,N",,,,,,,,,,,,,,,,,,,,,,,,,,,,,,,,,,
"US1NCGS0021","GASTONIA 1.8 SSE, NC US","35.2282485961914","-81.1598205566406","226.2","2025-06-09",,,,,,,,,"0.0",",,N",,,"0.0",",,N",,,,,,,,,,,,,,,,,,,,,,,,,,,,,,,,,,
"US1NCGS0021","GASTONIA 1.8 SSE, NC US","35.2282485961914","-81.1598205566406","226.2","2025-06-10",,,,,,,,,"2.5",",,N",,,,,,,,,,,,,,,,,,,,,,,,,,,,,,,,,,,,,,
"US1NCGS0021","GASTONIA 1.8 SSE, NC US","35.2282485961914","-81.1598205566406","226.2","2025-06-11",,,,,,,,,"0.0",",,N",,,"0.0",",,N",,,,,,,,,,,,,,,,,,,,,,,,,,,,,,,,,,
"US1NCGS0021","GASTONIA 1.8 SSE, NC US","35.2282485961914","-81.1598205566406","226.2","2025-06-12",,,,,,,,,"0.0",",,N",,,"0.0",",,N",,,,,,,,,,,,,,,,,,,,,,,,,,,,,,,,,,
"US1NCGS0021","GASTONIA 1.8 SSE, NC US","35.2282485961914","-81.1598205566406","226.2","2025-06-13",,,,,,,,,"55.9",",,N",,,,,,,,,,,,,,,,,,,,,,,,,,,,,,,,,,,,,,
"US1NCGS0021","GASTONIA 1.8 SSE, NC US","35.2282485961914","-81.1598205566406","226.2","2025-06-14",,,,,,,,,"7.9",",,N",,,,,,,,,,,,,,,,,,,,,,,,,,,,,,,,,,,,,,
"US1NCGS0021","GASTONIA 1.8 SSE, NC US","35.2282485961914","-81.1598205566406","226.2","2025-06-15",,,,,,,,,"0.0",",,N",,,"0.0",",,N",,,,,,,,,,,,,,,,,,,,,,,,,,,,,,,,,,
"US1NCGS0021","GASTONIA 1.8 SSE, NC US","35.2282485961914","-81.1598205566406","226.2","2025-06-16",,,,,,,,,"41.9",",,N",,,,,,,,,,,,,,,,,,,,,,,,,,,,,,,,,,,,,,
"US1NCGS0021","GASTONIA 1.8 SSE, NC US","35.2282485961914","-81.1598205566406","226.2","2025-06-17",,,,,,,,,"6.4",",,N",,,,,,,,,,,,,,,,,,,,,,,,,,,,,,,,,,,,,,
"US1NCGS0021","GASTONIA 1.8 SSE, NC US","35.2282485961914","-81.1598205566406","226.2","2025-06-18",,,,,,,,,"0.0",",,N",,,"0.0",",,N",,,,,,,,,,,,,,,,,,,,,,,,,,,,,,,,,,
"US1NCGS0021","GASTONIA 1.8 SSE, NC US","35.2282485961914","-81.1598205566406","226.2","2025-06-19",,,,,,,,,"0.0",",,N",,,"0.0",",,N",,,,,,,,,,,,,,,,,,,,,,,,,,,,,,,,,,
"US1NCGS0021","GASTONIA 1.8 SSE, NC US","35.2282485961914","-81.1598205566406","226.2","2025-06-20",,,,,,,,,"0.0",",,N",,,"0.0",",,N",,,,,,,,,,,,,,,,,,,,,,,,,,,,,,,,,,
"US1NCGS0021","GASTONIA 1.8 SSE, NC US","35.2282485961914","-81.1598205566406","226.2","2025-06-30",,,,,,,,,"0.0",",,N",,,"0.0",",,N",,,,,,,,,,,,,,,,,,,,,,,,,,,,,,,,,,
"US1NCMK0068","HUNTERSVILLE 2.0 W, NC US","35.417665","-80.880048","228.0","2025-06-01",,,,,,,,,"0.3",",,N",,,,,,,,,,,,,,,,,,,,,,,,,,,,,,,,,,,,,,
"US1NCMK0068","HUNTERSVILLE 2.0 W, NC US","35.417665","-80.880048","228.0","2025-06-05",,,,,,,,,"9.1",",,N",,,,,,,,,,,,,,,,,,,,,,,,,,,,,,,,,,,,,,
"US1NCMK0068","HUNTERSVILLE 2.0 W, NC US","35.417665","-80.880048","228.0","2025-06-06",,,,,,,,,"31.5",",,N",,,,,,,,,,,,,,,,,,,,,,,,,,,,,,,,,,,,,,
"US1NCMK0068","HUNTERSVILLE 2.0 W, NC US","35.417665","-80.880048","228.0","2025-06-07",,,,,,,,,"3.6",",,N",,,,,,,,,,,,,,,,,,,,,,,,,,,,,,,,,,,,,,
"US1NCMK0068","HUNTERSVILLE 2.0 W, NC US","35.417665","-80.880048","228.0","2025-06-08",,,,,,,,,"0.3",",,N",,,,,,,,,,,,,,,,,,,,,,,,,,,,,,,,,,,,,,
"US1NCMK0068","HUNTERSVILLE 2.0 W, NC US","35.417665","-80.880048","228.0","2025-06-09",,,,,,,,,"0.3",",,N",,,,,,,,,,,,,,,,,,,,,,,,,,,,,,,,,,,,,,
"US1NCMK0068","HUNTERSVILLE 2.0 W, NC US","35.417665","-80.880048","228.0","2025-06-10",,,,,,,,,"4.6",",,N",,,,,,,,,,,,,,,,,,,,,,,,,,,,,,,,,,,,,,
"US1NCMK0068","HUNTERSVILLE 2.0 W, NC US","35.417665","-80.880048","228.0","2025-06-11",,,,,,,,,"1.3",",,N",,,,,,,,,,,,,,,,,,,,,,,,,,,,,,,,,,,,,,
"US1NCMK0068","HUNTERSVILLE 2.0 W, NC US","35.417665","-80.880048","228.0","2025-06-18",,,"    7",",,N","88.4",",,N",,,,,,,,,,,,,,,,,,,,,,,,,,,,,,,,,,,,,,,,,,
"US1NCMK0068","HUNTERSVILLE 2.0 W, NC US","35.417665","-80.880048","228.0","2025-06-19",,,,,,,,,"0.0","T,,N",,,,,,,,,,,,,,,,,,,,,,,,,,,,,,,,,,,,,,
"US1NCMK0068","HUNTERSVILLE 2.0 W, NC US","35.417665","-80.880048","228.0","2025-06-28",,,,,,,,,"0.8",",,N",,,,,,,,,,,,,,,,,,,,,,,,,,,,,,,,,,,,,,
"US1NCMK0068","HUNTERSVILLE 2.0 W, NC US","35.417665","-80.880048","228.0","2025-06-29",,,,,,,,,"1.8",",,N",,,,,,,,,,,,,,,,,,,,,,,,,,,,,,,,,,,,,,
"US1NCMK0068","HUNTERSVILLE 2.0 W, NC US","35.417665","-80.880048","228.0","2025-06-30",,,,,,,,,"5.6",",,N",,,,,,,,,,,,,,,,,,,,,,,,,,,,,,,,,,,,,,
"US1NCUN0041","MONROE 6.4 WNW, NC US","35.0359","-80.6376","195.1","2025-06-01",,,,,,,,,"0.0",",,N",,,"0.0",",,N",,,,,,,,,,,,,,,,,,,,,,,,,,,,,,,,,,
"US1NCUN0041","MONROE 6.4 WNW, NC US","35.0359","-80.6376","195.1","2025-06-02",,,,,,,,,"0.0",",,N",,,"0.0",",,N",,,,,,,,,,,,,,,,,,,,,,,,,,,,,,,,,,
"US1NCUN0041","MONROE 6.4 WNW, NC US","35.0359","-80.6376","195.1","2025-06-03",,,,,,,,,"0.0",",,N",,,"0.0",",,N",,,,,,,,,,,,,,,,,,,,,,,,,,,,,,,,,,
"US1NCUN0041","MONROE 6.4 WNW, NC US","35.0359","-80.6376","195.1","2025-06-04",,,,,,,,,"0.0",",,N",,,"0.0",",,N",,,,,,,,,,,,,,,,,,,,,,,,,,,,,,,,,,
"US1NCUN0041","MONROE 6.4 WNW, NC US","35.0359","-80.6376","195.1","2025-06-05",,,,,,,,,"6.1",",,N",,,,,,,,,,,,,,,,,,,,,,,,,,,,,,,,,,,,,,
"US1NCUN0041","MONROE 6.4 WNW, NC US","35.0359","-80.6376","195.1","2025-06-06",,,,,,,,,"17.3",",,N",,,,,,,,,,,,,,,,,,,,,,,,,,,,,,,,,,,,,,
"US1NCUN0041","MONROE 6.4 WNW, NC US","35.0359","-80.6376","195.1","2025-06-07",,,,,,,,,"0.8",",,N",,,,,,,,,,,,,,,,,,,,,,,,,,,,,,,,,,,,,,
"US1NCUN0041","MONROE 6.4 WNW, NC US","35.0359","-80.6376","195.1","2025-06-08",,,,,,,,,"0.0","T,,N",,,,,,,,,,,,,,,,,,,,,,,,,,,,,,,,,,,,,,
"US1NCUN0041","MONROE 6.4 WNW, NC US","35.0359","-80.6376","195.1","2025-06-09",,,,,,,,,"0.0",",,N",,,"0.0",",,N",,,,,,,,,,,,,,,,,,,,,,,,,,,,,,,,,,
"US1NCUN0041","MONROE 6.4 WNW, NC US","35.0359","-80.6376","195.1","2025-06-10",,,,,,,,,"43.9",",,N",,,,,,,,,,,,,,,,,,,,,,,,,,,,,,,,,,,,,,
"US1NCUN0041","MONROE 6.4 WNW, NC US","35.0359","-80.6376","195.1","2025-06-11",,,,,,,,,"0.0",",,N",,,"0.0",",,N",,,,,,,,,,,,,,,,,,,,,,,,,,,,,,,,,,
"US1NCUN0041","MONROE 6.4 WNW, NC US","35.0359","-80.6376","195.1","2025-06-12",,,,,,,,,"0.0",",,N",,,"0.0",",,N",,,,,,,,,,,,,,,,,,,,,,,,,,,,,,,,,,
"US1NCUN0041","MONROE 6.4 WNW, NC US","35.0359","-80.6376","195.1","2025-06-13",,,,,,,,,"14.5",",,N",,,,,,,,,,,,,,,,,,,,,,,,,,,,,,,,,,,,,,
"US1NCUN0041","MONROE 6.4 WNW, NC US","35.0359","-80.6376","195.1","2025-06-14",,,,,,,,,"0.5",",,N",,,,,,,,,,,,,,,,,,,,,,,,,,,,,,,,,,,,,,
"US1NCUN0041","MONROE 6.4 WNW, NC US","35.0359","-80.6376","195.1","2025-06-15",,,,,,,,,"0.0",",,N",,,"0.0",",,N",,,,,,,,,,,,,,,,,,,,,,,,,,,,,,,,,,
"US1NCUN0041","MONROE 6.4 WNW, NC US","35.0359","-80.6376","195.1","2025-06-16",,,,,,,,,"0.0","T,,N",,,,,,,,,,,,,,,,,,,,,,,,,,,,,,,,,,,,,,
"US1NCUN0041","MONROE 6.4 WNW, NC US","35.0359","-80.6376","195.1","2025-06-17",,,,,,,,,"11.4",",,N",,,,,,,,,,,,,,,,,,,,,,,,,,,,,,,,,,,,,,
"US1NCUN0041","MONROE 6.4 WNW, NC US","35.0359","-80.6376","195.1","2025-06-18",,,,,,,,,"0.3",",,N",,,,,,,,,,,,,,,,,,,,,,,,,,,,,,,,,,,,,,
"US1NCUN0041","MONROE 6.4 WNW, NC US","35.0359","-80.6376","195.1","2025-06-19",,,,,,,,,"0.0",",,N",,,"0.0",",,N",,,,,,,,,,,,,,,,,,,,,,,,,,,,,,,,,,
"US1NCUN0041","MONROE 6.4 WNW, NC US","35.0359","-80.6376","195.1","2025-06-20",,,,,,,,,"0.0",",,N",,,"0.0",",,N",,,,,,,,,,,,,,,,,,,,,,,,,,,,,,,,,,
"US1NCUN0041","MONROE 6.4 WNW, NC US","35.0359","-80.6376","195.1","2025-06-21",,,,,,,,,"0.0",",,N",,,"0.0",",,N",,,,,,,,,,,,,,,,,,,,,,,,,,,,,,,,,,
"US1NCUN0041","MONROE 6.4 WNW, NC US","35.0359","-80.6376","195.1","2025-06-22",,,,,,,,,"0.0",",,N",,,"0.0",",,N",,,,,,,,,,,,,,,,,,,,,,,,,,,,,,,,,,
"US1NCUN0041","MONROE 6.4 WNW, NC US","35.0359","-80.6376","195.1","2025-06-23",,,,,,,,,"0.0",",,N",,,"0.0",",,N",,,,,,,,,,,,,,,,,,,,,,,,,,,,,,,,,,
"US1NCUN0041","MONROE 6.4 WNW, NC US","35.0359","-80.6376","195.1","2025-06-24",,,,,,,,,"0.0",",,N",,,"0.0",",,N",,,,,,,,,,,,,,,,,,,,,,,,,,,,,,,,,,
"US1NCUN0041","MONROE 6.4 WNW, NC US","35.0359","-80.6376","195.1","2025-06-25",,,,,,,,,"0.0",",,N",,,"0.0",",,N",,,,,,,,,,,,,,,,,,,,,,,,,,,,,,,,,,
"US1NCUN0041","MONROE 6.4 WNW, NC US","35.0359","-80.6376","195.1","2025-06-26",,,,,,,,,"38.4",",,N",,,,,,,,,,,,,,,,,,,,,,,,,,,,,,,,,,,,,,
"US1NCUN0041","MONROE 6.4 WNW, NC US","35.0359","-80.6376","195.1","2025-06-27",,,,,,,,,"0.0",",,N",,,"0.0",",,N",,,,,,,,,,,,,,,,,,,,,,,,,,,,,,,,,,
"US1NCUN0041","MONROE 6.4 WNW, NC US","35.0359","-80.6376","195.1","2025-06-28",,,,,,,,,"0.8",",,N",,,,,,,,,,,,,,,,,,,,,,,,,,,,,,,,,,,,,,
"US1NCUN0041","MONROE 6.4 WNW, NC US","35.0359","-80.6376","195.1","2025-06-29",,,,,,,,,"0.0",",,N",,,"0.0",",,N",,,,,,,,,,,,,,,,,,,,,,,,,,,,,,,,,,
"US1NCUN0041","MONROE 6.4 WNW, NC US","35.0359","-80.6376","195.1","2025-06-30",,,,,,,,,"7.4",",,N",,,,,,,,,,,,,,,,,,,,,,,,,,,,,,,,,,,,,,
"US1NCMK0108","HUNTERSVILLE 3.3 SE, NC US","35.380278","-80.805278","241.7","2025-06-02",,,,,,,,,"9.7",",,N",,,,,,,,,,,,,,,,,,,,,,,,,,,,,,,,,,,,,,
"US1NCMK0108","HUNTERSVILLE 3.3 SE, NC US","35.380278","-80.805278","241.7","2025-06-05",,,,,,,,,"4.6",",,N",,,,,,,,,,,,,,,,,,,,,,,,,,,,,,,,,,,,,,
"US1NCMK0108","HUNTERSVILLE 3.3 SE, NC US","35.380278","-80.805278","241.7","2025-06-06",,,,,,,,,"45.2",",,N",,,,,,,,,,,,,,,,,,,,,,,,,,,,,,,,,,,,,,
"US1NCMK0108","HUNTERSVILLE 3.3 SE, NC US","35.380278","-80.805278","241.7","2025-06-07",,,,,,,,,"3.8",",,N",,,,,,,,,,,,,,,,,,,,,,,,,,,,,,,,,,,,,,
"US1NCMK0108","HUNTERSVILLE 3.3 SE, NC US","35.380278","-80.805278","241.7","2025-06-09",,,,,,,,,"0.8",",,N",,,,,,,,,,,,,,,,,,,,,,,,,,,,,,,,,,,,,,
"US1NCMK0108","HUNTERSVILLE 3.3 SE, NC US","35.380278","-80.805278","241.7","2025-06-10",,,,,,,,,"11.4",",,N",,,,,,,,,,,,,,,,,,,,,,,,,,,,,,,,,,,,,,
"US1NCMK0108","HUNTERSVILLE 3.3 SE, NC US","35.380278","-80.805278","241.7","2025-06-11",,,,,,,,,"4.6",",,N",,,,,,,,,,,,,,,,,,,,,,,,,,,,,,,,,,,,,,
"US1NCMK0108","HUNTERSVILLE 3.3 SE, NC US","35.380278","-80.805278","241.7","2025-06-13",,,,,,,,,"33.0",",,N",,,,,,,,,,,,,,,,,,,,,,,,,,,,,,,,,,,,,,
"US1NCMK0108","HUNTERSVILLE 3.3 SE, NC US","35.380278","-80.805278","241.7","2025-06-14",,,,,,,,,"2.5",",,N",,,,,,,,,,,,,,,,,,,,,,,,,,,,,,,,,,,,,,
"US1NCMK0108","HUNTERSVILLE 3.3 SE, NC US","35.380278","-80.805278","241.7","2025-06-15",,,,,,,,,"8.4",",,N",,,,,,,,,,,,,,,,,,,,,,,,,,,,,,,,,,,,,,
"US1NCMK0108","HUNTERSVILLE 3.3 SE, NC US","35.380278","-80.805278","241.7","2025-06-16",,,,,,,,,"6.1",",,N",,,,,,,,,,,,,,,,,,,,,,,,,,,,,,,,,,,,,,
"US1NCMK0108","HUNTERSVILLE 3.3 SE, NC US","35.380278","-80.805278","241.7","2025-06-17",,,,,,,,,"22.1",",,N",,,,,,,,,,,,,,,,,,,,,,,,,,,,,,,,,,,,,,
"US1NCMK0108","HUNTERSVILLE 3.3 SE, NC US","35.380278","-80.805278","241.7","2025-06-28",,,,,,,,,"2.8",",,N",,,,,,,,,,,,,,,,,,,,,,,,,,,,,,,,,,,,,,
"US1NCMK0108","HUNTERSVILLE 3.3 SE, NC US","35.380278","-80.805278","241.7","2025-06-29",,,,,,,,,"39.4",",,N",,,,,,,,,,,,,,,,,,,,,,,,,,,,,,,,,,,,,,
"US1NCMK0108","HUNTERSVILLE 3.3 SE, NC US","35.380278","-80.805278","241.7","2025-06-30",,,,,,,,,"64.8",",,N",,,,,,,,,,,,,,,,,,,,,,,,,,,,,,,,,,,,,,
